CASE_ID,ACCIDENT_YEAR,PROC_DATE,JURIS,COLLISION_DATE,COLLISION_TIME,OFFICER_ID,REPORTING_DISTRICT,DAY_OF_WEEK,CHP_SHIFT,POPULATION,CNTY_CITY_LOC,SPECIAL_COND,BEAT_TYPE,CHP_BEAT_TYPE,CITY_DIVISION_LAPD,CHP_BEAT_CLASS,BEAT_NUMBER,PRIMARY_RD,SECONDARY_RD,DISTANCE,DIRECTION,INTERSECTION,WEATHER_1,WEATHER_2,STATE_HWY_IND,CALTRANS_COUNTY,CALTRANS_DISTRICT,STATE_ROUTE,ROUTE_SUFFIX,POSTMILE_PREFIX,POSTMILE,LOCATION_TYPE,RAMP_INTERSECTION,SIDE_OF_HWY,TOW_AWAY,COLLISION_SEVERITY,NUMBER_KILLED,NUMBER_INJURED,PARTY_COUNT,PRIMARY_COLL_FACTOR,PCF_CODE_OF_VIOL,PCF_VIOL_CATEGORY,PCF_VIOLATION,PCF_VIOL_SUBSECTION,HIT_AND_RUN,TYPE_OF_COLLISION,MVIW,PED_ACTION,ROAD_SURFACE,ROAD_COND_1,ROAD_COND_2,LIGHTING,CONTROL_DEVICE,CHP_ROAD_TYPE,PEDESTRIAN_ACCIDENT,BICYCLE_ACCIDENT,MOTORCYCLE_ACCIDENT,TRUCK_ACCIDENT,NOT_PRIVATE_PROPERTY,ALCOHOL_INVOLVED,STWD_VEHTYPE_AT_FAULT,CHP_VEHTYPE_AT_FAULT,COUNT_SEVERE_INJ,COUNT_VISIBLE_INJ,COUNT_COMPLAINT_PAIN,COUNT_PED_KILLED,COUNT_PED_INJURED,COUNT_BICYCLIST_KILLED,COUNT_BICYCLIST_INJURED,COUNT_MC_KILLED,COUNT_MC_INJURED,PRIMARY_RAMP,SECONDARY_RAMP,LATITUDE,LONGITUDE,COUNTY,CITY,POINT_X,POINT_Y
6990558,2015,2017-01-09,9360,2015-07-06,1430,015434,,1,2,9,4900,0,1,3,,1,041,"RT 12","DUNBAR RD",528.00,W,N,A,-,Y,SON,4,12,-,-,28.780,H,-,E,Y,2,0,1,1,A,-,08,22107,,N,F,A,A,A,H,-,A,D,0,,,,,Y,,D,22,1,0,0,0,0,0,0,0,0,"- ","- ",38.392049999999998,-122.52992999999999,SONOMA,UNINCORPORATED,-122.52935251,38.391642930000003
7037218,2015,2015-09-02,4905,2015-07-24,1540,SR394,10606,5,5,6,4905,0,0,0,,0,006,"TOWNVIEW AV","TOWNVIEW LN",0.00,,Y,A,-,N,,,,,,,,,,Y,4,0,1,2,A,-,12,22450,A,M,D,C,A,A,H,-,A,A,0,,,,,Y,,A,01,0,0,1,0,0,0,0,0,0,"- ","- ",,,SONOMA,"SANTA ROSA",-122.68587991,38.435229909999997
7088776,2015,2015-10-13,4905,2015-08-16,1752,SR5959,10602,7,5,6,4905,0,0,0,,0,002,"MENDOCINO AV","RIDGWAY AV",100.00,S,N,A,-,N,,,,,,,,,,N,3,0,4,2,A,-,03,22350,,N,C,C,A,A,H,-,A,A,0,,,,,Y,,A,01,0,1,3,0,0,0,0,0,0,"- ","- ",,,SONOMA,"SANTA ROSA",-122.7175867,38.449895359999999
7117545,2015,2015-12-10,4905,2015-08-15,0714,SR8906,10609,6,5,6,4905,0,0,0,,0,009,"3RD ST","D ST",20.00,W,N,A,-,N,,,,,,,,,,N,4,0,2,2,A,-,03,22350,,N,C,C,A,A,H,-,A,A,0,,,,,Y,,A,01,0,0,2,0,0,0,0,0,0,"- ","- ",,,SONOMA,"SANTA ROSA",-122.71184048000001,38.44036251
8017451,2016,2016-04-19,4908,2016-04-09,0308,2676,3,6,5,5,4908,0,0,0,,0,002,"PETALUMA BL NORTH","CRYSTAL LN",0.00,,Y,C,-,N,,,,,,,,,,Y,3,0,1,1,A,-,01,23152,A,N,A,J,A,B,H,-,C,D,0,,,,,Y,Y,A,01,0,1,0,0,0,0,0,0,0,"- ","- ",,,SONOMA,PETALUMA,-122.61789987,38.227289890000002
8026357,2016,2016-04-25,4903,2016-04-16,1733,1448,2,6,5,3,4903,0,0,0,,0,,"HEALDSBURG AV","GRANT ST",7.00,E,N,A,-,N,,,,,,,,,,Y,4,0,2,2,A,-,08,22107,,N,A,C,A,A,H,-,A,A,0,,,,,Y,,A,01,0,0,2,0,0,0,0,0,0,"- ","- ",,,SONOMA,HEALDSBURG,-122.87196,38.615850000000002
94905841,2025,2025-10-28,9360,2025-10-16,1723,024625,,4,2,9,4900,0,2,4,,2,056,"STONY POINT ROAD","MILLBRAE AVENUE",0.00,,Y,A,-,N,,,,,,,,,,Y,3,0,2,2,A,-,09,21802,A,N,D,C,A,A,H,-,A,A,0,,,,,Y,,A,07,0,1,1,0,0,0,0,0,0,"- ","- ",38.369529724121094,-122.74143981933594,SONOMA,UNINCORPORATED,-122.74138641357422,38.369503021240234
94990210,2025,2025-12-29,9325,2025-12-19,1200,024629,,5,1,9,4900,0,2,4,,2,054,"ARNOLD DR","SPERRING RD",7920.00,N,N,C,-,Y,,,,,,,,,,Y,4,0,1,2,A,-,09,21804,A,N,D,C,A,B,H,-,A,D,0,,,,,Y,,A,08,0,0,1,0,0,0,0,0,0,"- ","- ",38.280319213867188,-122.49153137207031,SONOMA,UNINCORPORATED,-122.49142456054688,38.297931671142578
91796655,2022,2022-06-16,9325,2022-06-13,0820,015176,,1,1,9,4900,0,1,3,,1,063,SR-12,"W. THOMSON AVE.",50.00,E,N,A,-,Y,SON,,12,,,35.468,H,,R,N,4,0,1,2,A,-,03,22350,,N,C,C,A,A,H,-,A,A,0,,,,,Y,,A,01,0,0,1,0,0,0,0,0,0,"- ","- ",38.309429168701172,-122.47914123535156,SONOMA,UNINCORPORATED,-122.47921752929688,38.309402465820312
94388690,2024,2024-09-10,9360,2024-08-29,1450,019359,,4,2,6,4905,0,1,3,,1,051,"SR-12 E/B","GORDON LANE",630.00,E,N,A,-,Y,SON,,12," ",R,17.228,H,,R,Y,3,0,2,3,A,-,03,22350,,N,C,C,A,A,H,-,A,D,0,,,,,Y,,A,08,0,1,1,0,0,0,0,0,0,"- ","- ",38.434558868408203,-122.69394683837891,SONOMA,"SANTA ROSA",-122.69394683837891,38.434551239013672
94417542,2024,2024-10-03,9360,2024-09-19,2330,023940,,4,3,2,4907,0,1,3,,1,053,SR-116,"STONY POINT RD",1857.00,W,N,A,-,Y,SON,,116," "," ",33.219,H,,R,Y,3,0,1,1,A,-,01,23152,A,N,F,A,A,A,H,-,D,D,0,,,,,Y,Y,A,07,0,1,0,0,0,0,0,0,0,"- ","- ",38.336750030517578,-122.74433898925781,SONOMA,SONOMA,-122.74436950683594,38.336711883544922
94437124,2024,2024-10-18,9360,2024-10-05,1247,024011,,6,1,2,4907,0,3,5,,2,004,"E RAILROAD AVE","OLD REDWOOD HWY",0.00,,Y,A,-,N,,,,,,,,,,Y,3,0,3,3,A,-,09,21802,A,N,D,C,A,A,H,-,A,A,0,,,,,Y,,A,07,0,1,2,0,0,0,0,0,0,"- ","- ",38.314350128173828,-122.69445037841797,SONOMA,SONOMA,-122.96298217773438,38.427989959716797
94464846,2024,2024-11-11,9360,2024-11-01,2110,023444,,5,2,5,4908,0,1,2,,1,060,"US 101 NB",SR-116,845.00,S,N,C,-,Y,SON,,101," "," ",3.481,H,,R,Y,4,0,1,1,A,-,08,22107,,N,E,I,A,B,H,-,C,D,0,,,,,Y,,A,01,0,0,1,0,0,0,0,0,0,"- ","- ",38.230880737304688,-122.61665344238281,SONOMA,PETALUMA,-122.61663055419922,38.230888366699219
94486356,2024,2024-11-27,9325,2024-11-20,1140,017538,,3,1,9,4900,0,2,4,,1,055,"NAPA RD.","DEVITA DR",982.00,W,N,C,-,N,,,,,,,,,,Y,3,0,1,1,A,-,03,22350,,N,E,J,A,B,H,-,A,D,0,,,,Y,Y,,G,27,0,1,0,0,0,0,0,0,0,"- ","- ",38.264778137207031,-122.40796661376953,SONOMA,UNINCORPORATED,,
82026412,2023,2023-03-23,4908,2023-01-21,"751 ",3383,6,6,5,5,4908,0,0,0,,0,003,"PETALUMA BL NORTH","JESSIE LN",756.00,N,N,A,-,N,,,,,,,,,,Y,3,0,1,1,A,-,03,22350,,N,F,A,A,B,G,-,A,D,0,,,,,Y,,D,23,0,1,0,0,0,0,0,0,0,"- ","- ",38.253551483154297,-122.65000152587891,SONOMA,PETALUMA,-122.65170288085938,38.255115509033203
82026430,2023,2023-03-23,4908,2023-03-05,1330,3557,15,7,5,5,4908,0,0,0,,0,001,"LAKEVILLE HW","SOUTH MCDOWELL BL",120.00,E,N,B,-,Y,SON,,116," "," ",36.067,H,,R,Y,4,0,1,3,A,-,03,22350,,N,C,C,A,A,H,-,A,A,0,,,,,Y,,A,01,0,0,1,0,0,0,0,0,0,"- ","- ",38.23419189453125,-122.59998321533203,SONOMA,PETALUMA,-122.59996032714844,38.234066009521484
82109093,2023,2023-07-04,4905,2023-04-28,2311,1060541,,5,5,6,4905,0,0,0,,0,002,"PACIFIC AV","HUMBOLDT ST",108.00,W,N,A,-,N,,,,,,,,,,Y,3,0,1,2,A,-,01,23152,A,N,C,E,A,A,H,-,C,D,0,,,,,Y,Y,D,22,0,1,0,0,0,0,0,0,0,"- ","- ",,,SONOMA,"SANTA ROSA",-122.71479034423828,38.453296661376953
82286442,2023,2024-01-15,4905,2023-12-18,1844,1060473,,1,5,6,4905,0,0,0,,0,005,"OCCIDENTAL RD","STONY POINT RD",30.00,W,N,C,-,N,,,,,,,,,,N,4,0,1,2,A,-,12,21453,A,F,D,C,A,B,H,-,C,A,0,,,,,Y,,A,01,0,0,1,0,0,0,0,0,0,"- ","- ",,,SONOMA,"SANTA ROSA",-122.7420654296875,38.431770324707031
91668378,2021,2022-01-03,9360,2021-12-17,1600,022257,,5,2,6,4905,0,2,4,,1,046,"BENNETT VALLEY ROAD","GRANGE ROAD",0.00,,Y,A,-,N,,,,,,,,,,Y,3,0,1,2,A,-,12,22450,A,N,D,C,A,A,H,-,A,D,0,,,,,Y,,A,01,0,1,0,0,0,0,0,0,0,"- ","- ",38.398521423339844,-122.63710021972656,SONOMA,"SANTA ROSA",-122.63710784912109,38.39849853515625
91757696,2022,2022-05-09,9360,2022-04-17,1855,020386,,7,2,9,4900,0,3,5,,2,005,"SCENIC AVE","LANGNER AVE",0.00,,Y,A,-,N,,,,,,,,,,Y,4,0,3,2,A,-,12,22450,A,N,D,C,A,A,H,-,A,A,0,,,,,Y,,A,01,0,0,3,0,0,0,0,0,0,"- ","- ",38.376251220703125,-122.72528839111328,SONOMA,UNINCORPORATED,-122.72528839111328,38.376270294189453
8614991,2018,2018-05-03,4901,2018-04-17,1529,049,,2,5,2,4901,0,0,0,,0,,"N WASHINGTON ST","2ND ST",0.00,,Y,A,-,N,,,,,,,,,,Y,3,0,1,2,A,-,17,21208,A,N,D,C,A,A,H,-,A,D,0,,,,,Y,,A,07,0,1,0,0,0,0,0,0,0,"- ","- ",38.805759429931641,-123.01976013183594,SONOMA,CLOVERDALE,-123.01998138427734,38.805450439453125
8620808,2018,2018-05-21,4908,2018-05-02,1150,2747,10,3,5,5,4908,0,0,0,,0,004,"NORTH MCDOWELL BL","LYNCH CREEK WY",627.00,S,N,A,-,N,,,,,,,,,,N,4,0,1,2,A,-,09,21804,A,N,D,C,A,A,H,-,A,D,0,,,,,Y,,A,01,0,0,1,0,0,0,0,0,0,"- ","- ",38.253120422363281,-122.63262939453125,SONOMA,PETALUMA,-122.63101959228516,38.252063751220703
8631161,2018,2018-06-07,4908,2018-05-29,1543,1543,2,2,5,5,4908,0,0,0,,0,002,"LAKEVILLE ST","EAST D ST",0.00,,Y,A,-,N,,,,,,,,,,Y,4,0,1,2,A,-,09,21801,A,N,D,C,A,A,H,-,A,A,0,,,,,Y,,A,01,0,0,1,0,0,0,0,0,0,"- ","- ",38.236930847167969,-122.63397216796875,SONOMA,PETALUMA,-122.63400268554688,38.236961364746094
8657565,2018,2018-08-15,4905,2018-06-21,2020,SR394,10603,4,5,6,4905,0,0,0,,0,003,"STEELE LN","COMSTOCK  MIDDLE SCHOOL",120.00,E,N,A,-,N,,,,,,,,,,Y,3,0,2,4,A,-,01,23152,A,N,D,C,A,A,G,-,B,A,0,,,,,Y,Y,D,22,0,1,1,0,0,0,0,0,0,"- ","- ",,,SONOMA,"SANTA ROSA",-122.74599456787109,38.459751129150391
9676002,2023,2024-04-08,4903,2023-11-02,1625,1572,3,4,5,3,4903,0,0,0,,0,00R,"VINE ST","W MATHESON ST",0.00,,Y,A,-,N,,,,,,,,,,N,4,0,1,2,A,-,09,21800,,N,E,J,A,A,H,-,B,D,0,,Y,,,Y,,A,07,0,0,1,0,0,0,1,0,0,"- ","- ",38.608390808105469,-122.87297821044922,SONOMA,HEALDSBURG,-122.87252044677734,38.609981536865234
81926723,2022,2022-11-28,4905,2022-11-12,2049,1060550,,6,5,6,4905,0,0,0,,0,,"STONY POINT RD","GIFFEN AV",0.00,,Y,A,-,N,,,,,,,,,,Y,3,0,3,2,A,-,09,21801,A,N,A,C,A,A,H,-,C,A,0,,,,,Y,,A,01,0,2,1,0,0,0,0,0,0,"- ","- ",,,SONOMA,"SANTA ROSA",-122.74018096923828,38.418109893798828
6768927,2015,2015-05-05,9360,2015-04-12,1500,018859,,7,2,9,4900,0,2,4,,1,038,"OCCIDINTAL RD","FACENDINI LN",528.00,W,N,A,-,N,,,,,,,,,,Y,4,0,1,1,A,-,08,22107,,N,E,I,A,A,H,-,A,D,0,,,,,Y,,A,01,0,0,1,0,0,0,0,0,0,"- ","- ",38.407910000000001,-122.93516,SONOMA,UNINCORPORATED,-122.93615028000001,38.408201269999999
6771132,2014,2015-02-09,4905,2014-12-15,0905,SR493,10603,1,5,6,4905,0,0,0,,0,003,"GUERNEVILLE RD","RIDLEY AV",0.00,,Y,C,-,N,,,,,,,,,,Y,3,0,1,2,A,-,09,21801,A,N,D,C,A,B,H,-,A,A,0,,,,,Y,,A,01,0,1,0,0,0,0,0,0,0,"- ","- ",,,SONOMA,"SANTA ROSA",-122.74625994,38.452549980000001
6832881,2015,2016-09-07,9360,2015-02-10,1115,013513,,2,1,9,4900,0,1,2,,2,030,"RT 101","FULTON RD",1692.00,S,N,B,-,Y,SON,4,101,-,-,29.680,H,-,N,N,4,0,1,2,A,-,07,21658,A,N,B,C,A,A,H,-,A,D,1,,,,,Y,,A,01,0,0,1,0,0,0,0,0,0,"- ","- ",38.503430000000002,-122.76552,SONOMA,UNINCORPORATED,-122.81176796,38.550691870000001
6836030,2015,2015-03-12,4905,2015-02-09,1718,SR8703,10603,1,5,6,4905,0,0,0,,0,003,"MARLOW RD","YUMA DR",45.00,S,N,A,-,N,,,,,,,,,,N,3,0,5,2,A,-,03,22350,,N,C,C,A,A,H,-,A,D,0,,,Y,,Y,,C,02,0,1,4,0,0,0,0,0,1,"- ","- ",,,SONOMA,"SANTA ROSA",-122.75125,38.460854599999998
8328928,2017,2017-03-27,4902,2017-03-12,1500,341,,7,5,2,4902,0,0,0,,0,,"EAST COTATI AV","MATTEI RD",231.00,W,N,A,-,N,,,,,,,,,,N,4,0,1,2,A,-,11,21954,A,N,D,G,A,A,H,-,A,A,0,,Y,,,Y,,A,01,0,0,1,0,0,0,1,0,0,"- ","- ",,,SONOMA,COTATI,-122.70286871,38.32718852
8532068,2017,2018-01-22,4905,2017-12-18,1757,486,,1,5,6,4905,0,0,0,,0,003,"FULTON RD","PINER HIGH SCHOOL",10.00,S,N,A,-,N,,,,,,,,,,Y,4,0,3,4,A,-,03,22350,,N,C,C,A,A,H,-,C,A,0,,,,,Y,,A,01,0,0,3,0,0,0,0,0,0,"- ","- ",,,SONOMA,"SANTA ROSA",,
92412988,2024,2024-06-12,9360,2024-06-04,1802,023360,,2,2,9,4900,0,2,4,,1,032,"4TH ST","CHURCH ST",0.00,,Y,A,-,N,,,,,,,,,,N,4,0,1,2,A,-,12,22450,A,N,D,C,A,A,H,-,A,A,0,,,,,Y,,M,94,0,0,1,0,0,0,0,0,0,"- ","- ",38.503189086914062,-122.99878692626953,SONOMA,UNINCORPORATED,-122.99880981445312,38.503177642822266
6420494,2014,2015-11-12,9325,2014-02-28,1810,19181,,5,2,9,4900,0,1,3,,1,063,"RT 12","SIESTA WY",1056.00,E,N,B,-,Y,SON,4,12,-,-,35.730,H,-,E,N,3,0,1,1,A,-,01,21200,5,N,H,G,A,B,H,-,D,D,0,,Y,,,Y,Y,L,04,0,1,0,0,0,0,1,0,0,"- ","- ",38.306069999999998,-122.47802,SONOMA,UNINCORPORATED,-122.47773024,38.305761859999997
6447653,2014,2016-04-12,9350,2014-04-02,1745,017978,,3,2,9,4900,0,1,3,,2,237,"RT 37","SONOMA/ SOLANO CO LINE",50.00,W,N,A,-,Y,SON,4,37,-,R,6.240,H,-,W,Y,3,0,1,4,A,-,03,22350,,N,C,C,A,A,H,-,A,D,0,,,,,Y,,A,01,0,1,0,0,0,0,0,0,0,"- ","- ",38.143859999999997,-122.35344000000001,SONOMA,UNINCORPORATED,-122.40705626,38.155685980000001
6549822,2014,2014-08-01,4905,2014-05-20,1728,SR383,10609,2,5,6,4905,0,0,0,,0,009,"MENDOCINO AV","7TH ST",0.00,,Y,A,-,N,,,,,,,,,,Y,3,0,3,2,A,-,09,21801,A,N,A,C,A,A,H,-,A,A,0,,,,,Y,,A,01,0,1,2,0,0,0,0,0,0,"- ","- ",,,SONOMA,"SANTA ROSA",-122.71568987000001,38.442739940000003
6579782,2014,2016-05-28,9360,2014-07-16,0755,015034,,3,1,6,4905,0,1,2,,2,040,"RT 101","BAKER AV",1056.00,S,N,A,B,Y,SON,4,101,-,-,18.300,H,-,N,N,4,0,1,3,A,-,03,22350,,N,C,C,A,A,H,-,A,D,1,,,,,Y,,A,01,0,0,1,0,0,0,0,0,0,"- ","- ",38.418100000000003,-122.7158,SONOMA,"SANTA ROSA",-122.71591569,38.411835519999997
6579791,2014,2016-05-28,9360,2014-07-20,1435,018196,,7,2,9,4900,0,1,2,,2,050,"RT 101","OLD REDWOOD HWY",7920.00,N,N,A,-,Y,SON,4,101,-,-,9.080,H,-,S,N,3,0,3,2,A,-,03,22350,,N,C,D,A,A,H,-,A,D,1,,,,,Y,,A,01,0,2,1,0,0,0,0,0,0,"- ","- ",38.287120000000002,-122.68977,SONOMA,UNINCORPORATED,-122.68868191,38.286346219999999
91153872,2019,2019-12-27,9360,2019-12-20,1710,018828,,5,2,9,4900,0,3,5,,2,004,"TODD ROAD",US-101,150.00,E,N,B,-,Y,,,,,,,,,,N,4,0,1,2,A,-,03,22350,,N,C,C,A,A,H,-,C,D,0,,,,,Y,,A,08,0,0,1,0,0,0,0,0,0,"- ","- ",38.387149810791016,-122.71549987792969,SONOMA,UNINCORPORATED,-122.71595764160156,38.386329650878906
91869734,2022,2022-09-21,9360,2022-09-12,1640,020828,,1,2,4,4904,0,1,2,,2,050,"US-101 N/B","GOLF COURSE DR",150.00,N,N,A,-,Y,SON,,101,,,14.933,H,,R,Y,4,0,1,3,A,-,03,22350,,N,C,C,A,A,H,-,A,D,0,,,,,Y,,A,07,0,0,1,0,0,0,0,0,0,"- ","- ",38.363761901855469,-122.71257019042969,SONOMA,"ROHNERT PARK",-122.71261596679688,38.363761901855469
92227295,2023,2023-11-03,9360,2023-10-16,"955 ",023438,,1,1,9,4900,0,2,4,,1,054,"BODEGA AVE","KING RD",687.00,W,N,A,-,N,,,,,,,,,,Y,3,0,1,1,A,-,08,22107,,N,E,9,A,A,H,-,A,D,0,,,,,Y,,A,01,0,1,0,0,0,0,0,0,0,"- ","- ",38.2623291015625,-122.7174072265625,SONOMA,UNINCORPORATED,-122.71720123291016,38.262306213378906
92229831,2023,2023-11-07,9360,2023-10-27,1255,022241,,5,1,6,4905,0,1,2,,2,040,"US-101 N/B","9TH STREET",416.00,S,N,A,-,Y,SON,,101," "," ",20.408,H,,R,Y,4,0,1,3,A,-,03,22350,,N,C,C,A,A,H,-,A,D,0,,,,,Y,,D,22,0,0,1,0,0,0,0,0,0,"- ","- ",38.441360473632812,-122.72071075439453,SONOMA,"SANTA ROSA",-122.72072601318359,38.441352844238281
92383639,2024,2024-05-07,9360,2024-04-27,1534,021195,,6,2,9,4900,0,1,3,,1,061,SR-1,"TIMBER COVE RD",1584.00,S,N,A,-,Y,SON,,1," "," ",35.174,H,,R,Y,4,0,1,1,A,-,08,22107,,N,E,I,A,A,H,-,A,D,0,,,,,Y,,A,01,0,0,1,0,0,0,0,0,0,"- ","- ",38.531551361083984,-123.26972198486328,SONOMA,UNINCORPORATED,-123.269775390625,38.531501770019531
92394846,2024,2024-05-21,9360,2024-05-08,"800 ",016524,,3,1,9,4900,0,1,2,,2,030,"US-101 S/B","MENDOCINO AVE",100.00,S,N,A,-,Y,SON,,101," "," ",22.777,H,,L,N,4,0,1,2,A,-,03,22350,,N,C,C,A,A,H,-,A,D,0,,,,,Y,,A,01,0,0,1,0,0,0,0,0,0,"- ","- ",38.474128723144531,-122.73103332519531,SONOMA,UNINCORPORATED,-122.73101043701172,38.474136352539062
90613926,2017,2017-12-11,9360,2017-12-02,2113,021195,,6,2,9,4900,0,3,5,,2,003,"GRATON RD","HARRISON GRADE RD",23.00,E,N,C,-,N,,,,,,,,,,Y,3,0,1,1,A,-,08,22107,,N,E,I,A,B,H,-,D,D,0,,,,,Y,Y,A,01,0,1,0,0,0,0,0,0,0,"- ","- ",38.416699999999999,-122.93777,SONOMA,UNINCORPORATED,-122.93788028,38.416637590000001
90679566,2018,2018-03-12,9360,2018-02-28,0530,011631,,3,3,9,4900,0,1,3,,1,053,"SR-116 (GRAVENSTEIN HIGHWAY SOUTH)","SPARKES ROAD",0.00,,Y,A,-,Y,,,116,,,,,,,Y,4,0,2,2,A,-,09,21802,A,N,D,C,A,A,H,-,C,D,0,,,,,Y,,A,01,0,0,2,0,0,0,0,0,0,"- ","- ",38.383670806884766,-122.81095123291016,SONOMA,UNINCORPORATED,-122.8109130859375,38.383731842041016
90801561,2018,2018-08-30,9325,2018-08-28,2218,020776,,2,3,9,4900,0,1,3,,1,063,"SR-12 E/B","MONTEREY AVE",146.00,E,N,A,-,Y,,,12,,,,,,E,Y,3,0,2,1,A,-,01,23152,A,N,E,I,A,A,H,-,C,D,0,,,,,Y,Y,D,22,0,2,0,0,0,0,0,0,0,"- ","- ",38.315380096435547,-122.48246002197266,SONOMA,UNINCORPORATED,-122.48236846923828,38.315441131591797
90825119,2018,2018-10-01,9360,2018-09-16,0850,020386,,7,1,9,4900,0,2,4,,1,024,"MARK WEST SPRINGS RD","CROSS CREEK RD",1584.00,W,N,A,-,N,,,,,,,,,,N,3,0,1,1,A,-,08,22107,,N,F,A,A,A,H,-,A,D,0,,Y,,,Y,,L,04,0,1,0,0,0,0,1,0,0,"- ","- ",38.506389617919922,-122.72442626953125,SONOMA,UNINCORPORATED,-122.72500610351562,38.506187438964844
91104612,2019,2019-10-24,9360,2019-10-16,2111,022063,,3,2,9,4900,0,3,5,,2,003,"EASTSIDE RD","STEVE OLSON LANE",1426.00,S,N,A,-,N,,,,,,,,,,Y,3,0,1,1,A,-,01,23152,A,N,F,I,A,A,H,-,D,D,0,,,,,Y,Y,A,07,0,1,0,0,0,0,0,0,0,"- ","- ",38.500709533691406,-122.86579132080078,SONOMA,UNINCORPORATED,-122.86566925048828,38.500934600830078
91129779,2019,2019-11-26,9360,2019-11-21,0735,015434,,4,1,9,4900,0,1,2,,1,060,"US 101 N/B","E. WASHINGTON ST",5280.00,N,N,A,-,Y,,,,,,,,,,Y,4,0,1,3,A,-,03,22350,,N,C,C,A,A,H,-,A,D,0,,,,,Y,,A,01,0,0,1,0,0,0,0,0,0,"- ","- ",38.255298614501953,-122.643798828125,SONOMA,UNINCORPORATED,-122.64300537109375,38.254871368408203
90436220,2017,2017-04-18,9360,2017-04-13,0640,013838,,4,1,6,4905,0,1,2,,2,040,"US-101 S/B","COLLEGE AVE",528.00,N,N,C,-,Y,,,101,,,,,,S,N,4,0,1,2,A,-,03,22350,,N,B,C,A,A,H,-,A,D,0,,,,,Y,,A,01,0,0,1,0,0,0,0,0,0,"- ","- ",38.448070000000001,-122.72553000000001,SONOMA,"SANTA ROSA",-122.72552824,38.448070819999998
90445212,2017,2017-04-28,9360,2017-04-21,0705,019824,,5,1,5,4908,0,1,2,,1,060,"US-101 N/B","OLD REDWOOD HWY",1056.00,S,N,A,-,Y,,,101,,,,,,N,Y,4,0,1,2,B,-,22,,,N,B,C,A,A,H,-,A,D,0,,,,,Y,,A,07,0,0,1,0,0,0,0,0,0,"- ","- ",38.270110000000003,-122.66721,SONOMA,PETALUMA,-122.66724221,38.27007132
90445287,2017,2017-04-28,9350,2017-04-20,1713,020979,,4,2,9,4900,0,1,3,,2,137,"SR-37 E/B",SR-121,194.00,W,N,A,-,Y,,,37,,,,,,E,N,4,0,2,4,A,-,07,21658,A,N,B,C,A,A,H,-,A,A,0,,,,,Y,,A,08,0,0,2,0,0,0,0,0,0,"- ","- ",38.150570000000002,-122.45001999999999,SONOMA,UNINCORPORATED,-122.45000835,38.15054748
90487437,2017,2017-06-26,9360,2017-06-17,2108,020853,,6,2,9,4900,0,2,4,,1,024,"MARK WEST SPRINGS RD","REDWOOD HILL ROAD",10.00,E,N,A,-,Y,,,,,,,,,,Y,4,0,3,2,A,-,05,21460,A,N,B,C,A,A,H,-,D,D,0,,,,,Y,,A,07,0,0,3,0,0,0,0,0,0,"- ","- ",38.521340000000002,-122.71791,SONOMA,UNINCORPORATED,-122.71844,38.521349999999998
90536947,2017,2017-08-30,9360,2017-08-28,2210,020285,,1,3,5,4908,0,1,2,,1,060,"US-101 S/B","CORONA AVE",1056.00,N,N,A,-,Y,,,101,,,,,,S,Y,4,0,1,2,A,-,03,22350,,N,C,C,A,A,H,-,C,D,0,,,,,Y,,A,01,0,0,1,0,0,0,0,0,0,"- ","- ",38.264609999999998,-122.66086,SONOMA,PETALUMA,-122.66082759,38.264667600000003
90548181,2017,2017-09-14,9360,2017-09-13,0740,014455,,3,1,9,4900,0,1,2,,2,030,"US-101 S/B","SHILOH RD. O/C",1600.00,N,N,B,C,Y,,,,,,,,,,N,4,0,1,4,A,-,03,22350,,N,C,C,A,B,H,-,A,D,0,,,,,Y,,A,01,0,0,1,0,0,0,0,0,0,"- ","- ",38.529440000000001,-122.79349999999999,SONOMA,UNINCORPORATED,-122.79351858,38.529386780000003
84376195,2024,2024-08-30,4905,2024-07-27,1030,1060555,,6,5,6,4905,0,0,0,,0,003,"APPLETREE DR","FULTON RD",0.00,,Y,B,-,N,,,,,,,,,,Y,2,0,2,3,A,-,03,22350,,N,D,C,A,A,D,-,A,A,0,,,,,Y,,-,"- ",1,1,0,0,0,0,0,0,0,"- ","- ",,,SONOMA,"SANTA ROSA",-122.76966094970703,38.454921722412109
90185038,2016,2016-05-23,9360,2016-05-16,0150,020565,,1,3,9,4900,0,2,4,,1,032,"RIVER RD","CANYON TWO RD",1584.00,E,N,A,-,N,,,,,,,,,,Y,3,0,1,1,A,-,01,23152,A,N,E,I,A,A,H,-,D,D,0,,,,,Y,Y,A,01,0,1,0,0,0,0,0,0,0,"- ","- ",38.519880000000001,-122.97308,SONOMA,UNINCORPORATED,-122.97284916,38.519834950000003
90196125,2016,2016-06-07,9360,2016-05-18,1704,018828,,3,2,6,4905,0,1,2,,2,040,"US-101 N/B","HEARN AVE",528.00,N,N,A,-,Y,,,101,,,,,,N,Y,2,0,2,2,A,-,07,21658,A,N,C,C,A,A,H,-,A,D,0,,,Y,,Y,,C,02,1,0,1,0,0,0,0,0,1,"- ","- ",38.416119999999999,-122.71588,SONOMA,"SANTA ROSA",-122.71587426000001,38.416119989999999