CASE_ID,ACCIDENT_YEAR,PROC_DATE,JURIS,COLLISION_DATE,COLLISION_TIME,OFFICER_ID,REPORTING_DISTRICT,DAY_OF_WEEK,CHP_SHIFT,POPULATION,CNTY_CITY_LOC,SPECIAL_COND,BEAT_TYPE,CHP_BEAT_TYPE,CITY_DIVISION_LAPD,CHP_BEAT_CLASS,BEAT_NUMBER,PRIMARY_RD,SECONDARY_RD,DISTANCE,DIRECTION,INTERSECTION,WEATHER_1,WEATHER_2,STATE_HWY_IND,CALTRANS_COUNTY,CALTRANS_DISTRICT,STATE_ROUTE,ROUTE_SUFFIX,POSTMILE_PREFIX,POSTMILE,LOCATION_TYPE,RAMP_INTERSECTION,SIDE_OF_HWY,TOW_AWAY,COLLISION_SEVERITY,NUMBER_KILLED,NUMBER_INJURED,PARTY_COUNT,PRIMARY_COLL_FACTOR,PCF_CODE_OF_VIOL,PCF_VIOL_CATEGORY,PCF_VIOLATION,PCF_VIOL_SUBSECTION,HIT_AND_RUN,TYPE_OF_COLLISION,MVIW,PED_ACTION,ROAD_SURFACE,ROAD_COND_1,ROAD_COND_2,LIGHTING,CONTROL_DEVICE,CHP_ROAD_TYPE,PEDESTRIAN_ACCIDENT,BICYCLE_ACCIDENT,MOTORCYCLE_ACCIDENT,TRUCK_ACCIDENT,NOT_PRIVATE_PROPERTY,ALCOHOL_INVOLVED,STWD_VEHTYPE_AT_FAULT,CHP_VEHTYPE_AT_FAULT,COUNT_SEVERE_INJ,COUNT_VISIBLE_INJ,COUNT_COMPLAINT_PAIN,COUNT_PED_KILLED,COUNT_PED_INJURED,COUNT_BICYCLIST_KILLED,COUNT_BICYCLIST_INJURED,COUNT_MC_KILLED,COUNT_MC_INJURED,PRIMARY_RAMP,SECONDARY_RAMP,LATITUDE,LONGITUDE,COUNTY,CITY,POINT_X,POINT_Y
8362009,2017,2018-04-17,4906,2017-04-15,0619,465,4906,6,5,2,4906,0,0,0,,0,,"RT 116","PALM AV",385.00,N,N,A,-,Y,SON,4,116,-,R,27.200,H,-,W,N,4,0,3,2,A,-,07,21658,A,N,C,E,A,A,H,-,B,A,0,,,,,Y,,A,01,0,0,3,0,0,0,0,0,0,"- ","- ",38.396929999999998,-122.82028,SONOMA,SEBASTOPOL,-122.8205351,38.397290259999998
6452828,2014,2016-04-12,9350,2014-04-16,1830,016836,,3,2,9,4900,0,1,3,,2,137,"RT 37","RT 121",2000.00,W,N,A,-,Y,SON,4,37,-,-,3.520,H,-,E,N,4,0,1,2,A,-,07,21658,A,N,B,C,A,A,H,-,A,D,0,,,Y,,Y,,A,01,0,0,1,0,0,0,0,0,1,"- ","- ",38.146160000000002,-122.45614,SONOMA,UNINCORPORATED,-122.45475150999999,38.147126299999996
6526961,2014,2014-07-18,4905,2014-04-07,1454,SR341,10606,1,5,6,4905,0,0,0,,0,006,"YULUPA AV","CREEKSIDE DR",95.00,S,N,A,-,N,,,,,,,,,,Y,4,0,1,4,A,-,03,22350,,N,C,C,A,A,H,-,A,D,0,,,,,Y,,A,01,0,0,1,0,0,0,0,0,0,"- ","- ",,,SONOMA,"SANTA ROSA",-122.66833414,38.432679090000001
6627212,2014,2016-01-15,9360,2014-09-09,1730,013268,,2,2,9,4900,0,2,4,,1,047,"LAKEVILLE RD","RT 37",5808.00,N,N,A,-,N,,,,,,,,,,Y,3,0,2,4,A,-,03,22350,,N,C,C,A,A,H,-,A,D,0,,,,,Y,,A,01,0,2,0,0,0,0,0,0,0,"- ","- ",38.147959999999998,-122.48674,SONOMA,UNINCORPORATED,-122.47631,38.140059999999998
6705899,2014,2015-01-08,9360,2014-11-05,1545,020160,,3,2,9,4900,0,2,4,,2,056,"STONY POINT RD","WEST SIERRA RD",73.00,N,N,A,-,N,,,,,,,,,,N,4,0,1,2,A,-,03,22350,,N,C,C,A,A,D,-,A,D,0,,,,,Y,,A,01,0,0,1,0,0,0,0,0,0,"- ","- ",38.325290000000003,-122.73576,SONOMA,UNINCORPORATED,-122.73582317,38.325423319999999
6712920,2014,2016-06-18,4905,2014-10-02,1804,SR489,1060,4,5,6,4905,0,0,0,,0,004,"RT 12","ACACIA LN",500.00,W,N,A,-,Y,SON,4,12,-,-,19.110,H,-,E,N,4,0,1,2,A,-,03,22350,,N,C,C,A,A,D,-,A,D,0,,,,,Y,,A,01,0,0,1,0,0,0,0,0,0,"- ","- ",,,SONOMA,"SANTA ROSA",-122.66958465,38.461833390000002
6821008,2015,2015-03-09,9360,2015-02-07,1745,018196,,6,2,9,4900,0,2,4,,1,042,"PETALUMA HILL RD","ALAN DR",0.00,,Y,B,-,N,,,,,,,,,,N,4,0,1,2,A,-,09,21801,A,N,D,C,A,A,H,-,A,A,0,,,,,Y,,A,01,0,0,1,0,0,0,0,0,0,"- ","- ",38.326270000000001,-122.66678,SONOMA,UNINCORPORATED,-122.66670999999999,38.326219979999998
92164805,2023,2023-09-07,9360,2023-08-23,1745,019359,,3,2,9,4900,0,3,5,,2,002,"GEYSERVILLE AVE","BANTI LANE",0.00,,Y,A,-,N,,,,,,,,,,N,2,0,1,2,A,-,05,21460,A,N,D,2,A,A,H,-,A,D,0,,,Y,,Y,,A,07,1,0,0,0,0,0,0,0,1,"- ","- ",38.697978973388672,-122.89006042480469,SONOMA,UNINCORPORATED,-122.89006042480469,38.697948455810547
92260080,2023,2023-12-12,9360,2023-12-04,1748,021540,,1,2,9,4900,0,1,2,,2,030,"US-101 S/B","STEELE LN",1000.00,N,N,A,-,Y,SON,,101," "," ",21.988,H,,L,N,4,0,1,2,A,-,03,22350,,N,C,C,A,A,H,-,D,D,0,,,,,Y,,A,01,0,0,1,0,0,0,0,0,0,"- ","- ",38.463310241699219,-122.72660064697266,SONOMA,UNINCORPORATED,-122.72663879394531,38.463306427001953
92302641,2024,2024-02-01,9360,2024-01-23,"850 ",016660,,2,1,9,4900,0,3,5,,2,001,"W DRY CREEK RD","WESTSIDE RD",4752.00,N,N,B,-,N,,,,,,,,,,Y,2,0,1,1,A,-,08,22107,,N,E,I,A,A,H,-,A,D,0,,,,,Y,,A,07,1,0,0,0,0,0,0,0,0,"- ","- ",38.614570617675781,-122.89350128173828,SONOMA,UNINCORPORATED,-122.89363098144531,38.614559173583984
92307653,2023,2024-02-07,9325,2023-12-16,2300,023241,,6,3,9,4900,0,1,3,,1,063,SR-12,"BOYES BLVD",0.00,,Y,A,-,Y,SON,,12," "," ",35.111,H,,R,Y,4,0,1,2,A,-,01,23152,A,M,A,C,A,A,H,-,C,A,0,,,,,Y,Y,A,01,0,0,1,0,0,0,0,0,0,"- ","- ",38.313899993896484,-122.4815673828125,SONOMA,UNINCORPORATED,-122.48155975341797,38.313899993896484
92382361,2024,2024-05-06,9360,2024-04-26,"610 ",019794,,5,1,9,4900,0,2,4,,1,032,"RIVER RD","BISORDI LN",250.00,W,N,A,-,N,,,,,,,,,,Y,4,0,1,2,A,-,03,22350,,N,C,C,A,A,H,-,A,D,0,,,Y,,Y,,A,01,0,0,1,0,0,0,0,0,1,"- ","- ",38.494350433349609,-122.78462219238281,SONOMA,UNINCORPORATED,-122.77999114990234,38.49615478515625
6431704,2014,2014-06-30,4905,2014-03-04,1502,SR292,10301,2,5,6,4905,0,0,0,,0,001,"RANGE AV","GUERNEVILLE RD",100.00,S,N,A,-,N,,,,,,,,,,,3,0,1,2,D,-,00,,,N,G,B,F,A,H,-,A,A,0,Y,,,,Y,,-,"- ",0,1,0,0,1,0,0,0,0,"- ","- ",,,SONOMA,"SANTA ROSA",-122.7325735,38.458665340000003
90923219,2019,2019-02-11,9360,2019-02-03,0415,020853,,7,3,9,4900,0,2,4,,1,054,"VALLEY FORD RD","WALKER RD",300.00,E,N,C,-,N,,,,,,,,,,Y,2,0,1,1,A,-,01,23152,A,N,E,I,A,B,H,-,C,D,0,,,,,Y,Y,D,22,1,0,0,0,0,0,0,0,0,"- ","- ",38.287609100341797,-122.80104827880859,SONOMA,UNINCORPORATED,-122.80081176757812,38.286865234375
90936363,2019,2019-02-28,9350,2019-02-20,0940,017729,,3,1,9,4900,0,1,3,,2,237,"SR-37 E/B",SR-121,1056.00,E,N,A,-,Y,,,37,,,,,,E,Y,3,0,2,2,C,-,18,,,N,E,J,A,A,H,-,A,D,0,,,,,Y,,-,"- ",0,1,1,0,0,0,0,0,0,"- ","- ",38.152309417724609,-122.44522094726562,SONOMA,UNINCORPORATED,-122.44522857666016,38.152336120605469
90938363,2019,2019-03-06,9360,2019-02-20,1930,019083,,3,2,9,4900,0,1,3,,1,061,SR-1,"REEF CAMPGROUND",1584.00,S,N,A,-,Y,,,1,,,,,,,Y,2,0,1,1,A,-,08,22107,,N,E,I,A,A,H,-,D,D,0,,,,,Y,,A,01,1,0,0,0,0,0,0,0,0,"- ","- ",38.504180908203125,-123.22068786621094,SONOMA,UNINCORPORATED,-123.220703125,38.504158020019531
90993101,2019,2019-05-21,9360,2019-05-16,0930,015434,,4,1,9,4900,0,1,3,,1,013,"STATE ROUTE 116","MONTE CRISTO AVE",300.00,E,N,C,-,Y,,,116,,,,,,,Y,4,0,1,1,A,-,03,22350,,N,E,I,A,B,H,-,A,D,0,,,,,Y,,A,01,0,0,1,0,0,0,0,0,0,"- ","- ",38.475120544433594,-123.01812744140625,SONOMA,UNINCORPORATED,-123.01811981201172,38.475162506103516
90994108,2019,2019-05-22,9360,2019-05-16,0825,020266,,4,1,6,4905,0,1,2,,2,040,"US-101 SB","HEARN AVE",900.00,S,N,C,-,Y,,,101,,,,,,S,N,4,0,1,2,A,-,03,22350,,N,C,C,A,B,H,-,A,D,0,,,,,Y,,A,07,0,0,1,0,0,0,0,0,0,"- ","- ",38.407379150390625,-122.71621704101562,SONOMA,"SANTA ROSA",-122.7161865234375,38.407379150390625
91069810,2019,2019-09-09,9325,2019-09-01,2015,021324,,7,2,9,4900,0,1,3,,1,063,SR-12,"SIESTA WAY",155.00,E,N,A,-,Y,,,12,,,,,,,Y,4,0,1,2,A,-,05,21460,,N,D,C,A,A,H,-,C,D,0,,,Y,,Y,,C,02,0,0,1,0,0,0,0,0,1,"- ","- ",38.308101654052734,-122.47846984863281,SONOMA,UNINCORPORATED,-122.47845458984375,38.30810546875
90728638,2018,2018-05-17,9360,2018-05-12,2000,020839,,6,2,9,4900,0,3,5,,2,005,"MOORLAND AVE","NEWMARK DR.",10.00,N,N,A,-,N,,,,,,,,,,Y,3,0,1,1,A,-,08,22107,,N,E,I,A,A,H,-,B,D,0,,,,,Y,,A,08,0,1,0,0,0,0,0,0,0,"- ","- ",38.395679473876953,-122.71862030029297,SONOMA,UNINCORPORATED,-122.71855926513672,38.395618438720703
90757050,2018,2018-06-27,9360,2018-06-19,1330,013440,,2,1,9,4900,0,1,3,,1,037,SR-116,"GREEN VALLEY RD",0.00,,Y,A,-,Y,,,116,,,,,,,N,3,0,1,2,A,-,09,21802,A,N,D,C,A,A,H,-,A,C,0,,,,,Y,,A,07,0,1,0,0,0,0,0,0,0,"- ","- ",38.445831298828125,-122.86679077148438,SONOMA,UNINCORPORATED,-122.86672210693359,38.445842742919922
90813006,2018,2018-09-14,9360,2018-09-05,1530,018828,,3,2,6,4905,0,1,2,,2,040,"US-101 S/B","STEELE LANE",950.00,S,N,A,-,Y,,,101,,,,,,S,Y,4,0,1,3,A,-,04,21703,,N,C,C,A,A,H,-,A,D,0,,,,Y,Y,,F,26,0,0,1,0,0,0,0,0,0,"- ","- ",38.457191467285156,-122.72618103027344,SONOMA,"SANTA ROSA",-122.72615051269531,38.457191467285156
90843169,2018,2018-10-24,9360,2018-10-15,1150,020803,,1,1,9,4900,0,1,3,,1,061,SR-1,"LEEWARD SPUR",860.00,N,N,A,-,Y,,,1,,,,,,,N,2,0,1,2,A,-,03,22350,,N,C,G,A,A,H,-,A,D,0,,Y,,,Y,,-,99,1,0,0,0,0,0,1,0,0,"- ","- ",38.738540649414062,-123.48787689208984,SONOMA,UNINCORPORATED,-123.48786926269531,38.738559722900391
90886222,2018,2018-12-19,9360,2018-12-17,1717,020386,,1,2,9,4900,0,1,2,,2,030,"US-101 S/B","HOPPER AVE",4224.00,N,N,B,-,Y,,,101,,,,,,S,Y,4,0,2,2,A,-,03,22350,,N,C,C,A,A,H,-,D,D,0,,,,,Y,,A,01,0,0,2,0,0,0,0,0,0,"- ","- ",38.488059997558594,-122.74494171142578,SONOMA,UNINCORPORATED,-122.74496459960938,38.488029479980469
90910483,2019,2019-01-24,9350,2019-01-22,1325,019000,,2,1,9,4900,0,1,3,,2,237,"SR-37 W/B","TUBBS ISLAND ROAD",200.00,E,N,A,-,Y,,,37,,,,,,W,Y,3,0,2,3,A,-,03,22350,,N,C,C,A,A,H,-,A,D,0,,,,,Y,,D,22,0,2,0,0,0,0,0,0,0,"- ","- ",38.153751373291016,-122.43419647216797,SONOMA,UNINCORPORATED,-122.43418884277344,38.153671264648438
90683997,2018,2018-03-19,9325,2018-03-08,1025,017659,,4,1,9,4900,0,2,4,,1,055,"NAPA RD","5TH ST EAST",0.00,,Y,A,-,N,,,,,,,,,,N,3,0,1,2,A,-,09,21800,A,N,B,G,A,A,H,-,A,D,0,,Y,,,Y,,A,01,0,1,0,0,0,0,1,0,0,"- ","- ",38.274288177490234,-122.45011138916016,SONOMA,UNINCORPORATED,-122.45018768310547,38.274608612060547
90689146,2018,2018-03-26,9350,2018-03-24,1720,021099,,6,2,9,4900,0,1,3,,2,137,"SR-37 E/B",SR-121,1320.00,W,N,B,-,Y,,,37,,,,,,E,Y,3,0,1,2,A,-,04,21703,,N,C,C,A,A,H,-,A,D,0,,,,,Y,,A,01,0,1,0,0,0,0,0,0,0,"- ","- ",38.148139953613281,-122.45333862304688,SONOMA,UNINCORPORATED,-122.45336151123047,38.148170471191406
90692352,2018,2018-03-29,9360,2018-03-21,1215,013440,,3,1,9,4900,0,3,5,,2,005,"LYNCH RD",SR-116,700.00,W,N,B,C,N,,,,,,,,,,N,3,0,1,1,A,-,08,22107,,N,E,I,A,B,H,-,A,D,0,,,,,Y,,A,01,0,1,0,0,0,0,0,0,0,"- ","- ",38.388729095458984,-122.81771087646484,SONOMA,UNINCORPORATED,,
90703089,2018,2018-04-11,9360,2018-04-04,1310,016524,,3,1,9,4900,0,2,4,,1,032,"RIVER RD.","OLIVET RD",4224.00,E,N,B,-,N,,,,,,,,,,Y,3,0,1,1,A,-,08,22107,,N,F,I,A,A,H,-,A,D,0,,,,,Y,,A,01,0,1,0,0,0,0,0,0,0,"- ","- ",38.488918304443359,-122.80628967285156,SONOMA,UNINCORPORATED,-122.80658721923828,38.488864898681641
90710118,2018,2018-04-23,9360,2018-04-15,1505,015420,,7,2,9,4900,0,2,4,,1,024,"PORTER CREEK RD","POSTWOOD LN",3696.00,E,N,B,C,N,,,,,,,,,,Y,3,0,1,1,A,-,03,22350,,N,E,I,A,B,H,-,A,D,0,,,,,Y,,A,01,0,1,0,0,0,0,0,0,0,"- ","- ",38.549480438232422,-122.66918182373047,SONOMA,UNINCORPORATED,-122.67017364501953,38.549674987792969
90710624,2018,2018-04-23,9360,2018-04-16,1550,018667,,1,2,6,4905,0,1,2,,2,040,"US-101 NB TO COLLEGE AVE","COLLEGE AVE",55.00,S,N,C,-,Y,,,101,,,,R,,N,Y,4,0,2,2,A,-,03,22350,,N,C,C,A,B,H,-,A,A,0,,,,,Y,,A,01,0,0,2,0,0,0,0,0,0,"- ","- ",38.445560455322266,-122.72322082519531,SONOMA,"SANTA ROSA",-122.72322082519531,38.445560455322266
90538149,2017,2017-08-31,9360,2017-08-28,1657,018196,,1,2,6,4905,0,1,2,,2,030,"US-101 N/B","MENDOCINO AVE",50.00,N,N,A,-,Y,,,101,,,,,,N,Y,3,0,4,3,A,-,03,22350,,N,C,C,A,A,H,-,A,D,0,,,,,Y,,A,01,0,1,3,0,0,0,0,0,0,"- ","- ",38.474800000000002,-122.73108000000001,SONOMA,"SANTA ROSA",-122.7310679,38.474805289999999
90546067,2017,2017-09-12,9360,2017-09-01,1518,019862,,5,2,9,4900,0,3,5,,2,004,"SANTA ROSA AVE","SMITH PL",10.00,S,N,A,-,N,,,,,,,,,,Y,3,0,2,3,A,-,03,22350,,N,C,C,A,A,H,-,A,D,0,,,,,Y,,D,22,0,1,1,0,0,0,0,0,0,"- ","- ",38.383969999999998,-122.71356,SONOMA,UNINCORPORATED,-122.71355939999999,38.383132529999997
90579151,2017,2017-10-26,9360,2017-10-20,1505,015034,,5,2,9,4900,0,2,4,,1,044,"ADOBE RD","OLD REDWOOD HWY",15.00,S,N,A,-,N,,,,,,,,,,N,4,0,1,2,A,-,03,22350,,N,C,C,A,A,H,-,A,A,0,,,,,Y,,A,01,0,0,1,0,0,0,0,0,0,"- ","- ",38.299669999999999,-122.67348,SONOMA,UNINCORPORATED,-122.67357,38.299529999999997
90659958,2018,2018-02-13,9360,2018-01-31,1640,015812,,3,2,6,4905,0,1,2,,2,040,"US-101 N/B","HEARN AVENUE (O/C)",2112.00,S,N,A,-,Y,,,101,,,,,,N,Y,2,0,1,3,A,-,03,22350,,N,C,C,A,A,H,-,A,D,0,,,Y,,Y,,C,02,1,0,0,0,0,0,0,0,1,"- ","- ",38.409580230712891,-122.71595764160156,SONOMA,"SANTA ROSA",-122.71593475341797,38.409580230712891
90671547,2018,2018-02-28,9360,2018-02-23,1340,018828,,5,1,9,4900,0,2,4,,1,043,"OLD REDWOOD HWY","ELY ROAD NORTH",0.00,,Y,A,-,N,,,,,,,,,,N,4,0,1,2,A,-,01,23152,A,N,C,C,A,A,H,-,A,D,0,,,,,Y,Y,A,07,0,0,1,0,0,0,0,0,0,"- ","- ",38.283920288085938,-122.66748809814453,SONOMA,UNINCORPORATED,-122.66751098632812,38.283851623535156
90672261,2018,2018-02-28,9325,2018-02-22,0855,017659,,4,1,9,4900,0,1,3,,1,063,SR-12,"W. THOMSON AVE",0.00,,Y,A,-,Y,,,12,,,,,,,N,4,0,1,2,A,-,03,22350,,N,C,C,A,A,H,-,A,D,0,,,,,Y,,D,22,0,0,1,0,0,0,0,0,0,"- ","- ",38.30950927734375,-122.47940063476562,SONOMA,UNINCORPORATED,-122.479248046875,38.309589385986328
90090384,2015,2016-01-07,9360,2015-12-21,0540,014773,,1,3,9,4900,0,1,2,,2,050,"US 101 N/B","PEPPER RD",1056.00,N,N,B,C,Y,,,,,,,,,,Y,3,0,2,3,A,-,03,22350,,N,E,I,A,B,H,-,D,D,0,,,,,Y,,A,01,0,1,1,0,0,0,0,0,0,"- ","- ",38.288420000000002,-122.69101999999999,SONOMA,UNINCORPORATED,,
90119630,2016,2016-02-22,9360,2016-02-16,0830,011932,9360,2,1,2,4902,0,1,2,,2,050,"US-101 N/B","SR-116 (GRAVENTSEIN HWY)",76.00,S,N,A,-,Y,,,101,,,,,,N,N,4,0,1,3,A,-,04,21703,,N,C,C,A,A,H,-,A,D,0,,,,,Y,,D,22,0,0,1,0,0,0,0,0,0,"- ","- ",38.33099,-122.71267,SONOMA,COTATI,-122.71267665000001,38.33098992
90147978,2016,2016-03-30,9360,2016-03-19,1025,019862,,6,1,3,4980,0,1,2,,2,020,"US-101 S/B","WINDSOR RIVER RD U/C",4224.00,N,N,B,-,Y,,,101,,,,,,S,Y,4,0,1,2,A,-,08,22107,,N,B,C,A,A,H,-,A,D,0,,,,,Y,,A,01,0,0,1,0,0,0,0,0,0,"- ","- ",38.557110000000002,-122.81871,SONOMA,WINDSOR,-122.81871345,38.55710672
90293617,2016,2016-10-17,9360,2016-10-08,1141,020266,,6,1,9,4900,0,2,4,,1,022,"OLD REDWOOD HWY","WIKIUP DR",60.00,S,N,A,-,N,,,,,,,,,,N,4,0,1,2,A,-,03,22350,,N,C,C,A,A,H,-,A,A,0,,,,,Y,,A,07,0,0,1,0,0,0,0,0,0,"- ","- ",38.507640000000002,-122.75923,SONOMA,UNINCORPORATED,-122.75922534,38.507526329999997
90319982,2016,2016-11-15,9360,2016-11-12,1100,020522,,6,1,9,4900,0,1,3,,1,051,SR-12,"MERCED AVE",0.00,,Y,A,-,N,,,12,,,,,,,Y,4,0,1,3,A,-,09,21802,A,N,D,C,A,A,H,-,A,A,0,,,,,Y,,A,01,0,0,1,0,0,0,0,0,0,"- ","- ",38.420999999999999,-122.7787,SONOMA,UNINCORPORATED,-122.77875613,38.421094539999999
90370531,2017,2017-01-17,9360,2017-01-09,1530,011631,,1,2,9,4900,0,2,4,,1,044,"ADOBE ROAD (3700 BLOCK)","FRATES ROAD",3485.00,E,N,B,-,N,,,,,,,,,,Y,3,0,1,1,A,-,08,22107,,N,E,I,A,A,H,-,A,D,0,,,,,Y,,A,01,0,1,0,0,0,0,0,0,0,"- ","- ",38.253300000000003,-122.56813,SONOMA,UNINCORPORATED,-122.56789879999999,38.25327953
8956729,2019,2019-10-25,4904,2019-09-09,1619,457,,1,5,4,4904,0,0,0,,0,,"ROHNERT PARK EXPWY","COMMERCE BL",100.00,E,N,A,-,N,,,,,,,,,,N,4,0,1,2,A,-,04,21703,,N,C,C,A,A,H,-,A,A,0,,,,,Y,,D,22,0,0,1,0,0,0,0,0,0,"- ","- ",38.34844970703125,-122.70960998535156,SONOMA,"ROHNERT PARK",-122.70925903320312,38.348537445068359
9042351,2019,2020-02-12,4905,2019-12-23,1334,SR408,10607,1,5,6,4905,0,0,0,,0,007,"STONY POINT RD","YUBA DR",0.00,,Y,A,-,N,,,,,,,,,,Y,3,0,3,2,A,-,09,21802,A,N,D,C,A,A,H,-,A,D,0,,,,,Y,,A,07,0,1,2,0,0,0,0,0,0,"- ","- ",,,SONOMA,"SANTA ROSA",-122.74141693115234,38.407131195068359
9107011,2020,2020-11-24,4903,2020-09-02,1803,1434,2,3,5,3,4903,0,0,0,,0,,"HEALDSBURG AV","RT 101",0.00,,Y,A,-,Y,SON,4,101,-,-,34.384,R,4,N,N,4,0,1,2,A,-,12,22450,A,N,D,C,A,A,H,-,A,D,0,,,,,Y,,A,07,0,0,1,0,0,0,0,0,0,"- ",NF,38.604511260986328,-122.86769104003906,SONOMA,HEALDSBURG,-122.86598205566406,38.602447509765625
9231688,2021,2021-04-06,4908,2021-03-19,1903,2837,5,5,5,5,4908,0,0,0,,0,002,"WASHINGTON ST","PETALUMA BL NORTH",0.00,,Y,A,-,N,,,,,,,,,,N,4,0,1,3,A,-,03,22350,,N,C,C,A,A,H,-,B,A,0,,,,,Y,Y,A,01,0,0,1,0,0,0,0,0,0,"- ","- ",38.235500335693359,-122.64154815673828,SONOMA,PETALUMA,-122.64118194580078,38.235771179199219
84560543,2024,2025-02-03,4905,2024-11-13,1051,1068927,,3,5,6,4905,0,0,0,,0,,"SEBASTOPOL RD","STONY POINT RD",175.00,W,N,B,-,N,,,,,,,,,,N,4,0,1,2,A,-,09,21804,A,N,D,C,A,B,H,-,A,A,0,,,,,Y,,I,11,0,0,1,0,0,0,0,0,0,"- ","- ",,,SONOMA,"SANTA ROSA",-122.74195861816406,38.426826477050781
90088563,2015,2016-01-05,9360,2015-12-03,1410,013085,,4,2,3,4980,1,4,S,,2,901,"ARATA LN","DAVIDA CT",150.00,W,N,C,G,N,,,,,,,,,,N,3,0,1,1,A,-,03,22350,,N,H,A,A,B,H,-,A,D,0,,,,,Y,,H,13,0,1,0,0,0,0,0,0,0,"- ","- ",38.561999999999998,-122.79940000000001,SONOMA,WINDSOR,-122.79946522,38.562038979999997
7120254,2015,2015-11-20,4907,2015-11-10,1731,SD2240,10704,2,5,2,4907,0,0,0,,0,SO1,"EAST MACARTHUR ST","AUSTIN AV",90.00,E,N,A,-,N,,,,,,,,,,N,4,0,1,2,A,-,11,21955,,N,G,B,D,A,H,-,C,D,0,Y,,,,Y,Y,N,60,0,0,1,0,1,0,0,0,0,"- ","- ",,,SONOMA,SONOMA,-122.45650077000001,38.284528610000002
7190802,2016,2016-03-02,4904,2016-02-03,0931,485,SONOM,3,5,4,4904,0,0,0,,0,002,"REDWOOD DR","ROHNERT PARK EXPWY",0.00,,Y,A,-,N,,,,,,,,,,Y,2,0,2,2,A,-,12,21453,A,N,D,C,A,A,H,-,A,A,0,,,,,Y,,A,01,1,0,1,0,0,0,0,0,0,"- ","- ",38.348460000000003,-122.71701,SONOMA,"ROHNERT PARK",-122.71689000000001,38.34842991
8002051,2016,2016-04-05,4905,2016-02-22,1806,SR516,10609,1,5,6,4905,0,0,0,,0,009,"COLLEGE AV","SLATTERY RD",8.00,W,N,A,-,N,,,,,,,,,,Y,4,0,1,3,A,-,03,22350,,N,C,C,A,A,H,-,C,D,0,,,,,Y,,D,22,0,0,1,0,0,0,0,0,0,"- ","- ",,,SONOMA,"SANTA ROSA",-122.7161079,38.445611239999998
8056586,2016,2016-06-09,4905,2016-04-06,0601,SR413,1060,3,5,6,4905,0,0,0,,0,007,"BELLEVUE AV","WILJAN CT",0.00,,Y,A,-,N,,,,,,,,,,N,3,0,1,2,A,-,09,21801,A,N,D,C,A,A,H,-,C,D,0,,,Y,,Y,,A,01,0,1,0,0,0,0,0,0,1,"- ","- ",,,SONOMA,"SANTA ROSA",-122.71976999,38.401820000000001
8056609,2016,2016-06-09,4905,2016-04-09,1540,SR8707,1060,6,5,6,4905,0,0,0,,0,008,"PETALUMA HILL RD","BREEZE WY",20.00,N,N,A,-,N,,,,,,,,,,Y,3,0,3,2,A,-,03,22350,,N,C,C,A,A,H,-,A,D,0,,,,,Y,,A,01,0,1,2,0,0,0,0,0,0,"- ","- ",,,SONOMA,"SANTA ROSA",-122.70610049,38.421074760000003
8056631,2016,2017-02-07,4905,2016-03-16,1007,SR338,10605,3,5,6,4905,0,0,0,,0,005,"STONY POINT RD","RT 12",0.00,,Y,A,-,Y,SON,4,12,-,R,14.634,R,4,W,Y,4,0,1,1,A,-,03,22350,,N,H,A,A,A,H,-,A,A,0,,,Y,,Y,,C,02,0,0,1,0,0,0,0,0,1,"- ",WF,,,SONOMA,"SANTA ROSA",-122.73854132,38.431405429999998
6877484,2015,2016-09-06,9350,2015-03-22,1722,017201,,7,2,9,4900,0,1,3,,2,137,"RT 37","RT 121",1400.00,W,N,A,-,Y,SON,4,37,-,-,3.630,H,-,E,N,4,0,1,2,A,-,03,22350,,N,C,C,A,A,H,-,A,D,0,,,,,Y,,A,01,0,0,1,0,0,0,0,0,0,"- ","- ",,,SONOMA,UNINCORPORATED,-122.45323025,38.148269450000001
6973852,2015,2015-07-03,4905,2015-05-06,1259,SR8703,10606,3,5,6,4905,0,0,0,,0,006,"MESQUITE DR","TACHEVAH DR",0.00,,Y,A,-,N,,,,,,,,,,Y,4,0,2,2,A,-,12,22450,A,N,D,C,A,A,H,-,A,A,0,,,,,Y,,A,01,0,0,2,0,0,0,0,0,0,"- ","- ",,,SONOMA,"SANTA ROSA",-122.67487992,38.430039899999997
7011836,2015,2017-01-21,9360,2015-07-20,1510,15434,,1,2,9,4900,0,1,3,,1,053,"RT 116","HESSEL RD",528.00,W,N,A,-,Y,SON,4,116,-,-,30.450,H,-,W,Y,4,0,1,1,A,-,08,22107,,N,E,I,A,A,H,-,A,D,0,,,,,Y,,A,01,0,0,1,0,0,0,0,0,0,"- ","- ",38.363190000000003,-122.77874,SONOMA,UNINCORPORATED,-122.77986512,38.36390257
7039967,2015,2017-01-11,4905,2015-07-02,1610,SR341,10606,4,5,6,4905,0,0,0,,0,006,"FARMERS LN","MONTGOMERY DR",480.00,N,N,A,-,Y,SON,4,12,-,T,18.410,H,-,E,N,4,0,1,3,A,-,03,22350,,N,C,C,A,A,H,-,A,D,0,,,,,Y,,A,01,0,0,1,0,0,0,0,0,0,"- ","- ",,,SONOMA,"SANTA ROSA",-122.68820435000001,38.447793339999997