CASE_ID,ACCIDENT_YEAR,PROC_DATE,JURIS,COLLISION_DATE,COLLISION_TIME,OFFICER_ID,REPORTING_DISTRICT,DAY_OF_WEEK,CHP_SHIFT,POPULATION,CNTY_CITY_LOC,SPECIAL_COND,BEAT_TYPE,CHP_BEAT_TYPE,CITY_DIVISION_LAPD,CHP_BEAT_CLASS,BEAT_NUMBER,PRIMARY_RD,SECONDARY_RD,DISTANCE,DIRECTION,INTERSECTION,WEATHER_1,WEATHER_2,STATE_HWY_IND,CALTRANS_COUNTY,CALTRANS_DISTRICT,STATE_ROUTE,ROUTE_SUFFIX,POSTMILE_PREFIX,POSTMILE,LOCATION_TYPE,RAMP_INTERSECTION,SIDE_OF_HWY,TOW_AWAY,COLLISION_SEVERITY,NUMBER_KILLED,NUMBER_INJURED,PARTY_COUNT,PRIMARY_COLL_FACTOR,PCF_CODE_OF_VIOL,PCF_VIOL_CATEGORY,PCF_VIOLATION,PCF_VIOL_SUBSECTION,HIT_AND_RUN,TYPE_OF_COLLISION,MVIW,PED_ACTION,ROAD_SURFACE,ROAD_COND_1,ROAD_COND_2,LIGHTING,CONTROL_DEVICE,CHP_ROAD_TYPE,PEDESTRIAN_ACCIDENT,BICYCLE_ACCIDENT,MOTORCYCLE_ACCIDENT,TRUCK_ACCIDENT,NOT_PRIVATE_PROPERTY,ALCOHOL_INVOLVED,STWD_VEHTYPE_AT_FAULT,CHP_VEHTYPE_AT_FAULT,COUNT_SEVERE_INJ,COUNT_VISIBLE_INJ,COUNT_COMPLAINT_PAIN,COUNT_PED_KILLED,COUNT_PED_INJURED,COUNT_BICYCLIST_KILLED,COUNT_BICYCLIST_INJURED,COUNT_MC_KILLED,COUNT_MC_INJURED,PRIMARY_RAMP,SECONDARY_RAMP,LATITUDE,LONGITUDE,COUNTY,CITY,POINT_X,POINT_Y
91729740,2022,2022-03-23,9360,2022-03-15,2105,019092,,2,2,9,4900,0,3,5,,2,003,"AIRPORT BLVD","BRICKWAY BLVD",132.00,E,N,A,-,N,,,,,,,,,,Y,4,0,1,1,A,-,03,22350,,N,E,I,A,A,H,-,C,D,0,,,,,Y,,A,01,0,0,1,0,0,0,0,0,0,"- ","- ",38.511009216308594,-122.79241943359375,SONOMA,UNINCORPORATED,-122.79249572753906,38.5111083984375
91739696,2022,2022-04-04,9350,2022-03-24,1420,021739,,4,2,9,4900,0,1,3,,2,237,"SR-37 W/B","NOBEL RD",1584.00,W,N,A,-,Y,SON,,37,,,5.114,H,,L,Y,3,0,1,2,A,-,03,22350,,N,C,C,A,A,H,-,A,D,0,,,,,Y,,A,01,0,1,0,0,0,0,0,0,0,"- ","- ",38.154350280761719,-122.42769622802734,SONOMA,UNINCORPORATED,-122.42769622802734,38.154346466064453
91767233,2022,2022-05-09,9360,2022-04-29,1526,021195,,5,2,9,4900,0,3,5,,2,001,"TIMBER COVE RD","RUOFF DR",528.00,E,N,A,-,N,,,,,,,,,,Y,4,0,1,1,A,-,01,23152,A,M,E,I,A,A,H,-,A,D,0,,,,,Y,Y,A,07,0,0,1,0,0,0,0,0,0,"- ","- ",38.545921325683594,-123.27528381347656,SONOMA,UNINCORPORATED,-123.27471160888672,38.547321319580078
91768866,2022,2022-05-10,9360,2022-05-07,1230,020092,,6,1,5,4908,0,1,2,,1,060,"US-101 S/B","CAULFIELD LN",500.00,N,N,A,-,Y,,,,,,,,,,Y,4,0,2,3,A,-,03,22350,,N,C,C,A,A,H,-,A,D,0,,,,,Y,,A,01,0,0,2,0,0,0,0,0,0,"- ","- ",38.238971710205078,-121.6209716796875,SONOMA,PETALUMA,-122.62029266357422,38.237728118896484
91783043,2022,2022-05-27,9360,2022-05-17,2320,022333,,2,3,6,4905,0,1,2,,2,030,"US-101 N/B","MENDOCINO AVE O/C",1901.00,N,N,A,-,Y,SON,,101,,,23.174,H,,R,Y,4,0,2,2,A,-,07,21658,A,N,D,C,A,A,H,-,D,D,0,,,,,Y,,A,01,0,0,2,0,0,0,0,0,0,"- ","- ",38.479621887207031,-122.73341369628906,SONOMA,"SANTA ROSA",-122.7333984375,38.479625701904297
91786804,2022,2022-06-02,9360,2022-05-25,1240,018881,,3,1,9,4900,0,1,3,,1,063,SR-1,SR-116,5280.00,S,N,A,-,Y,SON,,1,,,19.225,H,,R,Y,2,0,1,1,A,-,08,22107,,N,F,A,A,A,H,-,A,D,0,,,Y,,Y,,C,02,1,0,0,0,0,0,0,0,1,"- ","- ",38.431808471679688,-123.10836029052734,SONOMA,UNINCORPORATED,-123.10838317871094,38.431877136230469
91792032,2022,2022-06-09,9360,2022-06-01,1125,015434,,3,1,9,4900,0,2,4,,1,052,"STONY POINT RD","TODD RD",1056.00,S,N,A,-,N,,,,,,,,,,N,3,0,1,2,A,-,06,21755,A,N,D,C,A,A,H,-,A,D,0,,,,,Y,,A,07,0,1,0,0,0,0,0,0,0,"- ","- ",38.383529663085938,-122.74166870117188,SONOMA,UNINCORPORATED,-122.74156188964844,38.384239196777344
91805652,2022,2022-06-29,9360,2022-06-17,0850,019794,,5,1,9,4900,0,2,4,,1,054,"BLOOMFIELD ROAD","CANFIELD RD",605.00,N,N,A,-,N,,,,,,,,,,Y,3,0,2,2,A,-,09,21804,A,N,D,C,A,A,H,-,A,D,0,,,,,Y,,A,01,0,2,0,0,0,0,0,0,0,"- ","- ",38.353710174560547,-122.81777191162109,SONOMA,UNINCORPORATED,-122.81728363037109,38.353652954101562
91811941,2022,2022-07-07,9360,2022-06-28,1110,015034,,2,1,9,4900,0,2,4,,1,054,"PEPPER RD","BODEGA AVE",0.00,,Y,A,-,N,,,,,,,,,,Y,2,0,1,2,A,-,09,21802,A,N,D,C,A,A,H,-,A,A,0,,,Y,,Y,,D,22,1,0,0,0,0,0,0,0,1,"- ","- ",38.257770538330078,-122.77146911621094,SONOMA,UNINCORPORATED,-122.77143096923828,38.257747650146484
91813903,2022,2022-07-11,9325,2022-06-30,2105,022538,,4,2,9,4900,0,3,5,,2,006,"VERANO AVE","MAIN ST",0.00,,Y,A,-,N,,,,,,,,,,N,3,0,1,2,A,-,10,21950,A,F,G,B,B,A,H,-,D,D,0,Y,,,,Y,,-,99,0,1,0,0,1,0,0,0,0,"- ","- ",38.302898406982422,-122.47750091552734,SONOMA,UNINCORPORATED,-122.47756958007812,38.302822113037109
91835413,2022,2022-08-08,9360,2022-03-20,1004,016652,,7,1,9,4900,0,3,5,,2,001,"WESTSIDE ROAD","SWEETWATER SPRINGS ROAD",8448.00,N,N,A,-,N,,,,,,,,,,Y,1,1,0,1,A,-,01,23152,F,N,E,I,A,A,H,-,A,D,0,,,,,Y,,A,01,0,0,0,0,0,0,0,0,0,"- ","- ",38.557449340820312,-122.86866760253906,SONOMA,UNINCORPORATED,-122.86907196044922,38.558246612548828
91839178,2022,2022-08-12,9360,2022-08-05,1555,020386,,5,2,9,4900,0,2,4,,1,047,"LAKEVILLE RD","TWIN HOUSE RANCH RD",0.00,,Y,A,-,N,,,,,,,,,,Y,2,0,2,2,A,-,09,21802,A,N,D,C,A,A,H,-,A,D,0,,,,,Y,,A,07,1,0,1,0,0,0,0,0,0,"- ","- ",38.159740447998047,-122.50151824951172,SONOMA,UNINCORPORATED,-122.50146484375,38.159740447998047
91840039,2022,2022-08-15,9360,2022-07-31,0235,022128,,7,3,9,4900,0,1,2,,2,050,"US-101 SOUTHBOUND","PETALUMA BLVD N OVERCROSSING",5174.00,N,N,A,-,Y,SON,,101,,,8.645,H,,L,Y,3,0,1,1,A,-,01,23152,A,N,E,I,A,A,H,-,D,D,0,,,,,Y,Y,A,01,0,1,0,0,0,0,0,0,0,"- ","- ",38.282051086425781,-122.68321990966797,SONOMA,UNINCORPORATED,-122.68315887451172,38.282100677490234
91854563,2022,2022-08-31,9360,2022-08-21,1050,020731,,7,1,9,4900,0,2,4,,1,046,"BENNETT VALLEY ROAD","ENTERPRISE ROAD",900.00,E,N,A,-,N,,,,,,,,,,Y,2,0,1,1,A,-,08,22107,,N,F,A,A,A,H,-,A,D,0,,,Y,,Y,,C,02,1,0,0,0,0,0,0,0,1,"- ","- ",38.388160705566406,-122.57511901855469,SONOMA,UNINCORPORATED,-122.57632446289062,38.387866973876953
91894241,2022,2022-10-19,9360,2022-10-09,0835,020285,,7,1,9,4900,0,3,5,,2,003,"WOHLER RD","RIVER RD",90.00,N,N,A,-,N,,,,,,,,,,N,3,0,1,1,A,-,08,22107,,N,E,I,A,A,H,-,A,D,0,,,,,Y,,A,01,0,1,0,0,0,0,0,0,0,"- ","- ",38.490859985351562,-122.88346099853516,SONOMA,UNINCORPORATED,-122.88349914550781,38.49090576171875
91901271,2022,2022-10-27,9360,2022-10-21,1715,019359,,5,2,6,4905,0,1,2,,2,040,"US-101 N/B","3RD STREET",600.00,S,N,A,-,Y,SON,,101,,,19.978,H,,R,Y,4,0,1,3,A,-,03,22350,,N,C,C,A,A,H,-,A,D,0,,,,,Y,,E,22,0,0,1,0,0,0,0,0,0,"- ","- ",38.435878753662109,-122.71724700927734,SONOMA,"SANTA ROSA",-122.71717071533203,38.435905456542969
91905990,2022,2022-10-31,9360,2022-10-23,2215,022371,,7,3,6,4905,0,1,2,,2,040,"US-101 S/B",SR-12,700.00,S,N,A,-,Y,SON,,101,,,19.495,H,,L,N,3,0,1,2,A,-,01,23152,A,N,C,C,A,A,H,-,D,D,0,,,,,Y,Y,A,01,0,1,0,0,0,0,0,0,0,"- ","- ",38.428970336914062,-122.71537017822266,SONOMA,"SANTA ROSA",-122.71522521972656,38.428974151611328
91940001,2022,2022-12-12,9360,2022-12-01,1605,016045,,4,2,9,4900,0,2,4,,1,044,"ADOBE RD","BANNON LN",338.00,E,N,B,-,N,,,,,,,,,,Y,3,0,1,3,A,-,03,22350,,N,C,C,A,B,H,-,A,A,0,,,,,Y,,A,01,0,1,0,0,0,0,0,0,0,"- ","- ",38.296649932861328,-122.658447265625,SONOMA,UNINCORPORATED,-122.65850067138672,38.296657562255859
91946683,2022,2022-12-20,9360,2022-12-08,1040,018881,,4,1,9,4900,0,1,3,,1,061,SR-1,"KRUSE RANCH ROAD",3168.00,S,N,B,-,Y,SON,,1,,,42.164,H,,R,Y,3,0,1,1,A,-,08,22107,,N,F,A,A,A,H,-,A,D,0,,,,,Y,,A,07,0,1,0,0,0,0,0,0,0,"- ","- ",38.586711883544922,-123.33989715576172,SONOMA,UNINCORPORATED,-123.33987426757812,38.586734771728516
91992880,2023,2023-02-13,9360,2023-02-03,"825 ",022267,,5,1,4,4904,0,2,S,,2,901,"GOLF COURSE DR.","REDWOOD DR",0.00,,Y,B,-,N,,,,,,,,,,Y,4,0,1,2,B,-,22,,,N,D,C,A,B,H,-,A,A,0,,,,,Y,,J,48,0,0,1,0,0,0,0,0,0,"- ","- ",38.363361358642578,-122.71504974365234,SONOMA,"ROHNERT PARK",-122.71514129638672,38.363273620605469
92054439,2023,2023-04-27,9360,2023-04-18,"850 ",016524,,2,1,9,4900,0,2,4,,1,032,"RIVER RD.","WOHLER RD",1000.00,E,N,A,-,N,,,,,,,,,,Y,3,0,1,1,C,-,18,,,N,E,I,A,A,H,-,A,D,0,,,,,Y,,-,"- ",0,1,0,0,0,0,0,0,0,"- ","- ",38.490570068359375,-122.87937164306641,SONOMA,UNINCORPORATED,-122.88005065917969,38.490436553955078
92061018,2023,2023-05-04,9360,2023-04-22,"755 ",019794,,6,1,9,4900,0,1,2,,2,050,"US-101 S/B","PEPPER RD",1320.00,N,N,A,-,Y,SON,,101," "," ",9.473,H,,L,Y,3,0,2,3,A,-,03,22350,,N,C,C,A,A,H,-,A,D,0,,,,,Y,,A,01,0,2,0,0,0,0,0,0,0,"- ","- ",38.290328979492188,-122.69419860839844,SONOMA,UNINCORPORATED,-122.6942138671875,38.290321350097656
92100268,2023,2023-06-22,9325,2023-05-16,1925,017538,,2,2,9,4900,0,2,4,,2,054,"ARNOLD DR.","LEVERONI RD.",850.00,N,N,A,-,N,,,,,,,,,,Y,1,1,1,2,A,-,01,23152,A,N,A,C,A,A,H,-,A,D,0,,,,,Y,Y,D,22,1,0,0,0,0,0,0,0,0,"- ","- ",38.274749755859375,-122.49028015136719,SONOMA,UNINCORPORATED,-122.49033355712891,38.274478912353516
92127319,2023,2023-07-27,9360,2023-07-19,1730,021913,,3,2,9,4900,0,1,2,,2,020,"US-101 N/B","CHIQUITA RD",135.00,S,N,A,-,Y,SON,,101," "," ",36.937,H,,R,N,3,0,1,2,A,-,03,22350,,N,C,C,A,A,H,-,A,D,0,,,,,Y,,A,08,0,1,0,0,0,0,0,0,0,"- ","- ",38.6356201171875,-122.87753295898438,SONOMA,UNINCORPORATED,-122.87751007080078,38.6356201171875
92138406,2023,2023-08-08,9360,2023-08-03,1650,021904,,4,2,4,4904,0,1,2,,2,050,US-101,"ROHNERT PARK EXPRESSWAY",817.00,S,N,A,-,Y,SON,,101," "," ",13.716,H,,L,Y,3,0,2,2,A,-,03,22350,,N,C,C,A,A,H,-,A,A,0,,,,,Y,,A,07,0,2,0,0,0,0,0,0,0,"- ","- ",38.346061706542969,-122.71336364746094,SONOMA,"ROHNERT PARK",-122.71311950683594,38.346065521240234
92154106,2023,2023-08-25,9360,2023-08-01,1817,023271,,2,2,6,4905,0,1,3,,1,051,"SR-12 W/B TO US-101 N/B","3RD ST",1800.00,S,N,A,-,Y,,,,,,,,,,N,4,0,2,3,A,-,03,22350,,F,C,C,A,A,H,-,A,A,0,,,,,Y,,A,01,0,0,2,0,0,0,0,0,0,"- ","- ",38.432468414306641,-122.71528625488281,SONOMA,"SANTA ROSA",-122.71528625488281,38.432468414306641
92168327,2023,2023-09-12,9360,2023-09-03,"735 ",020731,,7,1,9,4900,0,3,5,,2,004,"SONOMA MOUNTAIN RD","BOTTASSO CT",150.00,N,N,A,-,N,,,,,,,,,,Y,2,0,1,1,A,-,08,22107,,N,E,I,A,A,H,-,A,D,0,,,,,Y,,A,01,1,0,0,0,0,0,0,0,0,"- ","- ",38.380519866943359,-122.62860107421875,SONOMA,UNINCORPORATED,-122.62861633300781,38.380577087402344
92176612,2023,2023-09-22,9360,2023-09-11,2244,023359,,1,3,9,4900,0,1,3,,1,037,"RT 116","OCCIDENTAL RD",0.00,,Y,A,-,Y,SON,,116," ",R,24.052,H,,R,Y,4,0,2,2,D,-,00,,,N,A,C,A,A,H,-,C,A,0,,,,,Y,,-,"- ",0,0,2,0,0,0,0,0,0,"- ","- ",38.425689697265625,-122.84822082519531,SONOMA,UNINCORPORATED,-122.84833526611328,38.425678253173828
92199683,2023,2023-10-16,9360,2023-10-09,1540,023359,,1,2,9,4900,0,2,4,,1,052,"TODD RD","OLD GRAVENSTEIN HWY",1531.00,E,N,C,-,N,,,,,,,,,,Y,3,0,5,3,A,-,05,21460,A,N,B,C,A,B,H,-,A,D,0,,,,,Y,,A,01,0,2,3,0,0,0,0,0,0,"- ","- ",38.371028900146484,-122.77983093261719,SONOMA,UNINCORPORATED,-122.77970123291016,38.37115478515625
92272208,2023,2023-12-27,9360,2023-12-15,1820,018828,,5,2,9,4900,0,1,2,,1,010,"US-101 S/B","SR-128 (N. REDWOOD HWY)",6864.00,N,N,A,-,Y,SON,,101," ",R,55.516,H,,L,Y,3,0,2,2,A,-,08,22107,,N,E,8,A,A,H,-,D,D,0,,,,,Y,Y,A,01,0,2,0,0,0,0,0,0,0,"- ","- ",38.843280792236328,-123.02693176269531,SONOMA,UNINCORPORATED,-123.02699279785156,38.843265533447266
92273406,2023,2023-12-28,9360,2023-12-16,1307,023360,,6,1,9,4900,0,1,3,,1,037,SR-116,"GIOVANNETTI ROAD",2746.00,W,N,A,-,Y,SON,,116," "," ",18.055,H,,R,Y,2,0,1,1,A,-,03,22350,,N,E,8,A,B,H,-,A,D,0,,,,,Y,,A,01,1,0,0,0,0,0,0,0,0,"- ","- ",38.474411010742188,-122.91796875,SONOMA,UNINCORPORATED,-122.91794586181641,38.474483489990234
92335854,2024,2024-03-12,9360,2024-03-03,1122,020461,,7,1,9,4900,0,1,3,,1,041,SR-12,"OAKMONT DR",0.00,,Y,B,-,Y,SON,,12," "," ",23.118,H,,R,N,4,0,1,2,A,-,03,22350,,N,C,C,A,B,H,-,A,A,0,,,,,Y,,D,22,0,0,1,0,0,0,0,0,0,"- ","- ",38.445201873779297,-122.60482025146484,SONOMA,UNINCORPORATED,-122.6048583984375,38.445156097412109
92335937,2024,2024-03-12,9360,2024-02-28,"810 ",019083,,3,1,9,4900,0,1,3,,1,053,SR-116,"BOYLAN LN",20.00,E,N,A,-,Y,SON,,116," "," ",30.431,H,,R,Y,4,0,1,3,A,-,03,22350,,F,C,C,A,A,H,-,A,D,0,,,,Y,Y,,A,01,0,0,1,0,0,0,0,0,0,"- ","- ",38.363929748535156,-122.77989196777344,SONOMA,UNINCORPORATED,-122.77989196777344,38.363929748535156
92420519,2024,2024-06-21,9360,2024-06-07,1450,022257,,5,2,9,4900,0,2,4,,1,024,"MARK WEST SPRINGS ROAD","LAMBERT DR",190.00,W,N,A,-,N,,,,,,,,,,Y,3,0,3,4,A,-,03,22350,,N,C,C,A,A,H,-,A,D,0,,,Y,,Y,,D,22,0,3,0,0,0,0,0,0,3,"- ","- ",38.499019622802734,-122.74343109130859,SONOMA,UNINCORPORATED,-122.74335479736328,38.499065399169922
9245942,2021,2021-04-14,4905,2021-02-01,1724,924,,1,5,6,4905,0,0,0,,0,009,"COLLEGE AV","HUMBOLDT ST",0.00,,Y,C,-,N,,,,,,,,,,N,3,0,1,2,A,-,09,21804,A,N,G,B,B,B,H,-,C,A,0,Y,,,,Y,,-,,0,1,0,0,1,0,0,0,0,"- ","- ",,,SONOMA,"SANTA ROSA",-122.71474456787109,38.445571899414062
9246225,2021,2021-04-10,4905,2021-01-15,1800,1060571,,5,5,6,4905,0,0,0,,0,009,"5TH ST","MENDOZA AV",10.00,E,N,A,-,N,,,,,,,,,,Y,4,0,1,2,A,-,03,22350,,F,B,C,A,A,H,-,C,A,0,,,,,Y,,A,01,0,0,1,0,0,0,0,0,0,"- ","- ",38.44110107421875,-122.7144775390625,SONOMA,"SANTA ROSA",,
9246828,2021,2021-04-12,4905,2021-02-12,1844,1060383,,5,5,6,4905,0,0,0,,0,007,"HEARN AV","WEST AV",0.00,,Y,A,-,N,,,,,,,,,,Y,3,0,3,2,A,-,03,22350,,N,C,C,A,A,H,-,C,D,0,,,,,Y,Y,D,22,0,1,2,0,0,0,0,0,0,"- ","- ",38.414268493652344,-122.72699737548828,SONOMA,"SANTA ROSA",-122.72701263427734,38.414268493652344
9246876,2021,2021-04-29,4905,2021-01-20,1557,4905,,3,5,6,4905,0,0,0,,0,005,"NORTH DUTTON AV","DECKER ST",100.00,S,N,A,-,N,,,,,,,,,,N,2,0,1,2,A,-,11,21954,A,N,G,B,E,A,H,-,A,D,0,Y,,,,Y,,N,60,1,0,0,0,1,0,0,0,0,"- ","- ",38.440528869628906,-122.72920989990234,SONOMA,"SANTA ROSA",-122.72889709472656,38.440536499023438
9288516,2021,2021-08-24,4908,2021-06-14,1440,3453,6,1,5,5,4908,0,0,0,,0,003,"EAST WASHINGTON ST","MARTIN PL",310.00,E,N,A,-,N,,,,,,,,,,,4,0,1,3,A,-,03,22350,,F,C,C,A,A,H,-,A,A,0,,,,,Y,,A,01,0,0,1,0,0,0,0,0,0,"- ","- ",38.244899749755859,-122.62979125976562,SONOMA,PETALUMA,-122.62911987304688,38.245559692382812
9290375,2021,2021-09-07,4900,2021-07-01,1411,1101496,,4,5,3,4980,0,0,0,,0,WI1,"WINDSOR RIVER RD","STARR RD",0.00,,Y,A,-,N,,,,,,,,,,Y,4,0,2,2,A,-,12,22450,A,N,D,C,A,A,H,-,A,D,0,,,,,Y,,D,22,0,0,2,0,0,0,0,0,0,"- ","- ",38.547309875488281,-122.82607269287109,SONOMA,WINDSOR,-122.82605743408203,38.547325134277344
9301112,2021,2021-08-16,4906,2021-06-06,0910,411,4906,7,5,2,4906,0,0,0,,0,N.A.,"RT 12","RT 116",280.00,N,N,A,-,Y,SON,4,12,-,-,9.280,H,-,W,N,4,0,2,2,A,-,08,22107,,N,D,C,A,A,H,-,A,A,0,,,,,Y,,A,07,0,0,2,0,0,0,0,0,0,"- ","- ",38.402690887451172,-122.82341003417969,SONOMA,SEBASTOPOL,-122.82339477539062,38.402397155761719
9301372,2021,2021-08-24,4902,2021-08-04,1644,105348,,3,5,2,4902,0,0,0,,0,,"OLD REDWOOD HWY","EAST COTATI AV",0.00,,Y,A,-,N,,,,,,,,,,N,4,0,1,2,A,-,08,22107,,N,D,C,A,A,H,-,A,A,0,,,,,Y,,A,01,0,0,1,0,0,0,0,0,0,"- ","- ",,,SONOMA,COTATI,-122.70632934570312,38.326591491699219
9314364,2021,2021-08-24,4905,2021-03-19,2139,1060383,,5,5,6,4905,0,0,0,,0,001,"RUSSELL AV","RANGE AV",25.00,E,N,A,-,N,,,,,,,,,,N,4,0,1,2,B,-,22,,,F,G,B,F,A,H,-,C,D,0,Y,Y,,,Y,Y,L,04,0,0,1,0,1,0,0,0,0,"- ","- ",38.496299743652344,-122.73069763183594,SONOMA,"SANTA ROSA",-122.73255157470703,38.469131469726562
9317367,2021,2021-09-22,4908,2021-08-17,1520,3341,15,2,5,5,4908,0,0,0,,0,002,"LAKEVILLE ST","CAULFIELD LN",295.00,W,N,A,-,N,,,,,,,,,,N,4,0,1,2,A,-,03,22350,,N,C,C,A,A,H,-,A,D,0,,,,,Y,,A,01,0,0,1,0,0,0,0,0,0,"- ","- ",38.235328674316406,-122.6224365234375,SONOMA,PETALUMA,-122.62343597412109,38.235385894775391
9350016,2021,2021-11-30,4900,2021-09-21,1510,1101496,,2,5,3,4980,0,0,0,,0,WI1,"OLD REDWOOD HWY","RICHARDSON ST",147.00,N,N,A,-,N,,,,,,,,,,N,3,0,1,2,A,-,03,22350,,N,C,G,A,A,H,-,A,D,0,,Y,,,Y,,L,04,0,1,0,0,0,0,1,0,0,"- ","- ",38.459110260009766,-122.81120300292969,SONOMA,WINDSOR,-122.81224060058594,38.548904418945312
9351130,2021,2021-12-16,4902,2021-10-23,1855,105355,,6,5,2,4902,0,0,0,,0,,"RT 116","REDWOOD DR",0.00,,Y,C,-,Y,SON,4,116,-,-,34.920,I,5,E,Y,4,0,1,2,A,-,09,21453,C,N,D,C,A,B,H,-,C,A,0,,,,,Y,,A,07,0,0,1,0,0,0,0,0,0,"- ","- ",,,SONOMA,COTATI,-122.71488952636719,38.331550598144531
9351531,2021,2021-12-02,4908,2021-09-20,1109,3414,10,1,5,5,4908,0,0,0,,0,004,"NORTH MCDOWELL BL","E WASHINGSTON ST",50.00,N,N,A,-,N,,,,,,,,,,Y,4,0,1,2,A,-,03,22350,,N,C,C,A,A,H,-,A,A,0,,,,,Y,Y,A,01,0,0,1,0,0,0,0,0,0,"- ","- ",38.279178619384766,-122.62574005126953,SONOMA,PETALUMA,-122.62598419189453,38.249267578125
9366375,2021,2021-11-23,4905,2021-08-07,1309,1060541,,6,5,6,4905,0,0,0,,0,006,"HOEN AV","YULUPA AV",0.00,,Y,A,-,N,,,,,,,,,,Y,2,0,5,2,A,-,12,21453,A,N,D,C,A,A,H,-,A,A,0,,,,,Y,,-,,1,1,3,0,0,0,0,0,0,"- ","- ",38.439548492431641,-122.67156982421875,SONOMA,"SANTA ROSA",-122.67162322998047,38.439540863037109
9435314,2022,2022-04-28,4905,2022-01-11,0019,1060560,,2,5,6,4905,0,0,0,,0,001,"WEST STEELE LN","RANGE AV",20.00,W,N,A,-,N,,,,,,,,,,N,4,0,1,2,A,-,01,23152,,M,A,C,A,A,H,-,C,A,0,,,,,Y,Y,-,,0,0,1,0,0,0,0,0,0,"- ","- ",38.466228485107422,-122.73021697998047,SONOMA,"SANTA ROSA",-122.73264312744141,38.459980010986328
94365586,2024,2024-08-22,9360,2024-08-13,"200 ",023342,,2,3,3,4980,0,1,2,,2,030,"US-101 N/B","OLD REDWOOD HIGHWAY",937.00,S,N,A,-,Y,SON,,101," "," ",29.137,H,,R,Y,3,0,1,1,A,-,01,23152,A,N,E,I,A,A,H,-,D,D,0,,,,,Y,Y,A,01,0,1,0,0,0,0,0,0,0,"- ","- ",38.543849945068359,-122.80593109130859,SONOMA,WINDSOR,-122.80599212646484,38.5438232421875
94365613,2024,2024-08-22,9360,2024-08-14,1821,023940,,3,2,9,4900,0,1,2,,2,050,"US-101 N/B","TODD RD",381.00,S,N,A,-,Y,SON,,101," "," ",16.465,H,,R,Y,3,0,1,2,A,-,03,22350,,N,C,C,A,A,H,-,A,D,0,,,,,Y,,A,01,0,1,0,0,0,0,0,0,0,"- ","- ",38.385189056396484,-122.71610260009766,SONOMA,UNINCORPORATED,-122.71607971191406,38.385189056396484
94403302,2024,2024-09-23,9360,2024-09-11,2130,023940,,3,2,9,4900,0,1,2,,2,040,"US-101 S/B","BAKER AVE.",62.00,N,N,A,-,Y,SON,,101," "," ",19.020,H,,L,N,4,0,1,2,A,-,03,22350,,N,C,C,A,A,H,-,A,D,0,,,,,Y,,A,01,0,0,1,0,0,0,0,0,0,"- ","- ",38.422168731689453,-122.71546936035156,SONOMA,UNINCORPORATED,-122.71543121337891,38.422164916992188
94412286,2024,2024-09-30,9360,2024-09-18,"655 ",017693,,3,1,9,4900,0,3,5,,2,002,"AIRPORT BLVD","FULTON ROAD",700.00,W,N,A,-,N,,,,,,,,,,N,3,0,1,2,A,-,09,21801,A,M,D,G,A,A,H,-,A,A,0,,Y,,,Y,,A,01,0,1,0,0,0,0,1,0,0,"- ","- ",38.51123046875,-122.76740264892578,SONOMA,UNINCORPORATED,-122.77235412597656,38.511272430419922
94428994,2024,2024-10-14,9360,2024-09-27,"815 ",022108,,5,1,9,4900,0,3,5,,2,005,"MECHAM RD","HAMMEL RD",1800.00,E,N,A,-,N,,,,,,,,,,N,3,0,3,2,A,-,03,22350,,N,C,C,A,A,H,-,A,D,0,,,,,Y,,D,22,0,2,1,0,0,0,0,0,0,"- ","- ",38.298789978027344,-122.73989105224609,SONOMA,UNINCORPORATED,-122.73985290527344,38.298995971679688
94513572,2024,2024-12-23,9360,2024-12-15,1500,022257,,7,2,9,4900,0,3,5,,2,002,"FAUGHT RD","SHILOH ROAD",0.00,,Y,A,-,N,,,,,,,,,,N,4,0,1,2,A,-,10,21950,A,N,G,B,E,A,H,-,A,A,0,Y,,,,Y,,A,07,0,0,1,0,1,0,0,0,0,"- ","- ",38.525840759277344,-122.76455688476562,SONOMA,UNINCORPORATED,-122.76451110839844,38.525920867919922
94539486,2025,2025-01-16,9360,2025-01-06,1620,023360,,1,2,6,4905,0,1,2,,2,030,US-101,"STEELE LN",1267.00,N,N,A,-,Y,SON,,101," "," ",21.998,H,,R,N,4,0,1,2,A,-,17,22109,,F,C,C,A,A,H,-,A,A,0,,,,,Y,,D,22,0,0,1,0,0,0,0,0,0,"- ","- ",38.463459014892578,-122.72641754150391,SONOMA,"SANTA ROSA",-122.72647857666016,38.463455200195312