CASE_ID,ACCIDENT_YEAR,PROC_DATE,JURIS,COLLISION_DATE,COLLISION_TIME,OFFICER_ID,REPORTING_DISTRICT,DAY_OF_WEEK,CHP_SHIFT,POPULATION,CNTY_CITY_LOC,SPECIAL_COND,BEAT_TYPE,CHP_BEAT_TYPE,CITY_DIVISION_LAPD,CHP_BEAT_CLASS,BEAT_NUMBER,PRIMARY_RD,SECONDARY_RD,DISTANCE,DIRECTION,INTERSECTION,WEATHER_1,WEATHER_2,STATE_HWY_IND,CALTRANS_COUNTY,CALTRANS_DISTRICT,STATE_ROUTE,ROUTE_SUFFIX,POSTMILE_PREFIX,POSTMILE,LOCATION_TYPE,RAMP_INTERSECTION,SIDE_OF_HWY,TOW_AWAY,COLLISION_SEVERITY,NUMBER_KILLED,NUMBER_INJURED,PARTY_COUNT,PRIMARY_COLL_FACTOR,PCF_CODE_OF_VIOL,PCF_VIOL_CATEGORY,PCF_VIOLATION,PCF_VIOL_SUBSECTION,HIT_AND_RUN,TYPE_OF_COLLISION,MVIW,PED_ACTION,ROAD_SURFACE,ROAD_COND_1,ROAD_COND_2,LIGHTING,CONTROL_DEVICE,CHP_ROAD_TYPE,PEDESTRIAN_ACCIDENT,BICYCLE_ACCIDENT,MOTORCYCLE_ACCIDENT,TRUCK_ACCIDENT,NOT_PRIVATE_PROPERTY,ALCOHOL_INVOLVED,STWD_VEHTYPE_AT_FAULT,CHP_VEHTYPE_AT_FAULT,COUNT_SEVERE_INJ,COUNT_VISIBLE_INJ,COUNT_COMPLAINT_PAIN,COUNT_PED_KILLED,COUNT_PED_INJURED,COUNT_BICYCLIST_KILLED,COUNT_BICYCLIST_INJURED,COUNT_MC_KILLED,COUNT_MC_INJURED,PRIMARY_RAMP,SECONDARY_RAMP,LATITUDE,LONGITUDE,COUNTY,CITY,POINT_X,POINT_Y
8113001,2016,2017-01-23,4905,2016-07-03,1349,SR425,10606,7,5,6,4905,0,0,0,,0,006,"RT 12","MISSION BL",800.00,E,N,A,-,Y,SON,4,12,-,-,18.970,H,-,W,Y,4,0,1,2,A,-,03,22350,,N,C,C,A,A,H,-,A,D,0,,,,,Y,,A,01,0,0,1,0,0,0,0,0,0,"- ","- ",,,SONOMA,"SANTA ROSA",-122.67155016,38.460587060000002
8113021,2016,2016-09-12,4905,2016-06-27,1042,SR338,10607,1,5,6,4905,0,0,0,,0,007,"HEARN AV","DUTTON AV",0.00,,Y,A,-,N,,,,,,,,,,Y,3,0,2,2,A,-,03,22350,,N,C,C,A,A,H,-,A,A,0,,,,,Y,,A,01,0,1,1,0,0,0,0,0,0,"- ","- ",,,SONOMA,"SANTA ROSA",-122.72928997,38.41423992
8113026,2016,2016-09-12,4905,2016-05-11,2039,SR347,10607,3,5,6,4905,0,0,0,,0,007,"HEARN AV","CORBY AV",125.00,W,N,A,-,N,,,,,,,,,,N,4,0,1,2,A,-,03,22350,,N,B,C,A,A,H,-,C,D,0,,,,,Y,,A,01,0,0,1,0,0,0,0,0,0,"- ","- ",,,SONOMA,"SANTA ROSA",-122.71788844,38.414365359999998
8113032,2016,2016-09-27,4905,2016-07-19,1306,SR8707,10602,2,5,6,4905,0,0,0,,0,002,"MENDOCINO O/C","MENDOCINO AV",650.00,W,N,A,-,N,,,,,,,,,,Y,3,0,4,2,A,-,05,21460,A,N,D,C,A,A,H,-,A,D,0,,,,,Y,,D,22,0,2,2,0,0,0,0,0,0,"- ","- ",,,SONOMA,"SANTA ROSA",,
8113293,2016,2016-09-06,4905,2016-06-25,1606,SR486,10609,6,5,6,4905,0,0,0,,0,009,"SOUTH E ST","TUPPER ST",40.00,S,N,A,-,N,,,,,,,,,,N,4,0,1,2,A,-,10,21952,,N,G,B,F,A,H,-,A,D,0,Y,,,,Y,,A,01,0,0,1,0,1,0,0,0,0,"- ","- ",,,SONOMA,"SANTA ROSA",-122.70658410999999,38.437170090000002
8113350,2016,2016-09-06,4905,2016-06-10,1630,SR442,10606,5,5,6,4905,0,0,0,,0,006,"SUMMERFIELD RD","HOEN AV",0.00,,Y,A,-,N,,,,,,,,,,Y,3,0,2,2,A,-,00,21081,A,N,D,C,A,A,H,-,A,A,0,,,,,Y,,A,01,0,2,0,0,0,0,0,0,0,"- ","- ",,,SONOMA,"SANTA ROSA",-122.66283986000001,38.443089960000002
8113398,2016,2016-09-07,4905,2016-07-28,1839,SR473,10604,4,5,6,4905,0,0,0,,0,004,"CULEBRA AV","MISSION BL",0.00,,Y,A,-,N,,,,,,,,,,N,3,0,1,2,A,-,10,21950,A,N,G,B,B,A,H,-,A,D,0,Y,,,,Y,,-,99,0,1,0,0,1,0,0,0,0,"- ","- ",,,SONOMA,"SANTA ROSA",-122.67617993,38.465459989999999
8113434,2016,2016-09-07,4905,2016-07-27,1233,SR413,10603,3,5,6,4905,0,0,0,,0,003,"FULTON RD","GREENVALE CT",20.00,N,N,A,-,N,,,,,,,,,,Y,3,0,2,2,A,-,03,22350,,N,C,C,A,A,H,-,A,D,0,,,,,Y,,A,01,0,1,1,0,0,0,0,0,0,"- ","- ",,,SONOMA,"SANTA ROSA",-122.76963085,38.448734930000001
8117052,2016,2016-09-08,4908,2016-08-19,1703,2939,7,5,5,5,4908,0,0,0,,0,004,"NORTH MCDOWELL BL","REDWOOD WY",0.00,,Y,A,-,N,,,,,,,,,,Y,4,0,1,2,A,-,12,21453,A,N,D,C,A,A,H,-,A,A,0,,,,,Y,,A,08,0,0,1,0,0,0,0,0,0,"- ","- ",38.274329999999999,-122.66709,SONOMA,PETALUMA,-122.66701994,38.274349999999998
8117455,2016,2016-09-08,4905,2016-05-11,1545,SR8911,10602,3,5,6,4905,0,0,0,,0,002,"MENDOCINO AV","RIDGWAY AV",50.00,S,N,A,-,N,,,,,,,,,,N,3,0,3,3,A,-,03,22350,,N,C,C,A,A,H,-,A,D,0,,,,,Y,,A,01,0,1,2,0,0,0,0,0,0,"- ","- ",,,SONOMA,"SANTA ROSA",-122.71758335,38.45003268
8129675,2016,2016-09-23,4908,2016-09-12,0704,2926,14,1,5,5,4908,0,0,0,,0,001,"SOUTH MCDOWELL BL","CAULFIELD LN",0.00,,Y,B,-,N,,,,,,,,,,N,4,0,1,2,D,-,00,,,N,C,C,A,A,H,-,B,A,0,,,,,Y,,-,"- ",0,0,1,0,0,0,0,0,0,"- ","- ",38.243160000000003,-122.61512999999999,SONOMA,PETALUMA,-122.61514999000001,38.243169950000002
8145194,2016,2016-10-18,4907,2016-09-22,1112,SD2489,10704,4,5,2,4907,0,0,0,,0,SO1,"NAPA RD","JONES ST",0.00,,Y,A,-,N,,,,,,,,,,Y,4,0,1,3,A,-,08,22107,,N,D,C,A,A,D,-,A,D,0,,,,Y,Y,,F,26,0,0,1,0,0,0,0,0,0,"- ","- ",,,SONOMA,SONOMA,-122.45174992,38.274959889999998
8151097,2016,2016-10-25,4904,2016-10-04,1544,443,,2,5,4,4904,0,0,0,,0,,"ROHNERT PARK EXPWY","REDWOOD DR",85.00,W,N,A,-,N,,,,,,,,,,N,4,0,1,2,A,-,03,22350,,N,C,C,A,A,H,-,A,D,0,,,,,Y,,A,01,0,0,1,0,0,0,0,0,0,"- ","- ",38.348460000000003,-122.71701,SONOMA,"ROHNERT PARK",-122.71718629,38.348421289999997
8157962,2016,2017-02-18,4900,2016-10-14,1601,2224,,5,5,3,4980,0,0,0,,0,,"SHILOH RD","RT 101",476.00,W,N,A,-,Y,SON,4,101,-,-,27.690,R,4,S,Y,4,0,1,2,A,-,03,22350,,N,C,C,A,A,H,-,A,D,0,,,,,Y,,A,01,0,0,1,0,0,0,0,0,0,"- ","- ",,,SONOMA,WINDSOR,-122.79099917000001,38.526666480000003
8157966,2016,2017-01-27,4907,2016-10-21,1559,SD2310,10703,5,5,2,4907,0,0,0,,0,SO1,BROADWAY,"ANDRIEUX ST",0.00,,Y,A,-,Y,SON,4,12,-,-,37.810,I,5,W,N,2,0,1,2,A,-,10,21950,A,F,G,B,B,A,H,-,A,A,0,Y,,,,Y,,A,01,1,0,0,0,1,0,0,0,0,"- ","- ",,,SONOMA,SONOMA,-122.45840028000001,38.288504979999999
8158203,2016,2016-11-07,4904,2016-09-22,0732,412,CENTR,4,5,4,4904,0,0,0,,0,003,"MITCHELL DR","MAGNOLIA AV",2.00,N,N,A,-,N,,,,,,,,,,N,4,0,1,2,A,-,10,21950,A,N,G,B,B,B,H,-,A,A,0,Y,,,,Y,,A,01,0,0,1,0,1,0,0,0,0,"- ","- ",,,SONOMA,"ROHNERT PARK",-122.68211968,38.32871549
81642749,2021,2021-12-06,4908,2021-11-24,1411,3296,7,3,5,5,4908,0,0,0,,0,004,"CORONA RD","NORTH MCDOWELL BL",113.00,W,N,A,-,N,,,,,,,,,,Y,2,0,1,2,A,-,09,21804,A,N,D,C,A,A,H,-,A,D,0,,,Y,,Y,,C,02,1,0,0,0,0,0,0,0,1,"- ","- ",38.266670227050781,-122.65691375732422,SONOMA,PETALUMA,-122.65714263916016,38.266437530517578
81647018,2021,2021-12-09,4908,2021-12-07,1512,2754,6,2,5,5,4908,0,0,0,,0,003,"VALLEJO ST","EAST WASHINGTON ST",5.00,N,N,B,-,N,,,,,,,,,,N,3,0,1,2,A,-,05,21650,1,N,D,G,A,A,H,-,A,A,0,,Y,,,Y,,L,04,0,1,0,0,0,0,1,0,0,"- ","- ",38.241031646728516,-122.6334228515625,SONOMA,PETALUMA,-122.63346099853516,38.241039276123047
8167957,2019,2020-01-08,4905,2019-07-24,2123,SR422,10609,3,5,6,4905,0,0,0,,0,009,"RT 12","DUTTON AV",2640.00,E,N,A,-,Y,SON,4,12,-,R,15.930,H,-,W,Y,4,0,1,1,A,-,03,22350,,F,E,I,A,A,H,-,C,D,0,,,,,Y,,A,01,0,0,1,0,0,0,0,0,0,"- ","- ",,,SONOMA,"SANTA ROSA",-122.71732330322266,38.431976318359375
8168493,2016,2017-03-02,4907,2016-10-16,1540,SD1922,10701,7,5,2,4907,0,0,0,,0,SO1,"RT 12","LOMITA AV 19080",0.00,,N,A,-,Y,SON,4,12,-,-,36.000,H,-,E,Y,4,0,1,2,B,-,22,,,N,C,E,A,A,H,-,A,D,0,,,,,Y,,A,01,0,0,1,0,0,0,0,0,0,"- ","- ",,,SONOMA,SONOMA,-122.47553969000001,38.302094940000003
81690119,2022,2022-02-01,4904,2022-01-08,2025,1040547,,6,5,4,4904,0,0,0,,0,,"ROHNERT PARK EXPY","COMMERCE BLVD",0.00,,Y,A,-,Y,,,,,,,,,,N,4,0,1,2,A,-,01,23152,A,N,C,C,A,A,H,-,C,A,0,,,,,Y,Y,A,01,0,0,1,0,0,0,0,0,0,"- ","- ",38.348220825195312,-122.70942687988281,SONOMA,"ROHNERT PARK",-122.70960998535156,38.348533630371094
81748554,2022,2022-04-15,4904,2022-03-08,0816,1040462,,2,5,4,4904,0,0,0,,0,003,"E COTATI AVE","CAMINO COLEGIO",0.00,,Y,A,-,N,,,,,,,,,,Y,4,0,1,2,A,-,12,21453,A,N,D,C,A,A,H,-,A,A,0,,,,,Y,,A,07,0,0,1,0,0,0,0,0,0,"- ","- ",38.334259033203125,-122.68804168701172,SONOMA,"ROHNERT PARK",-122.68803405761719,38.334312438964844
81757404,2022,2022-04-27,4902,2022-04-06,1556,105348,,3,5,2,4902,0,0,0,,0,,"HWY 116","NB HWY 116 OFFRAMP",0.00,,Y,A,-,Y,,,,,,,,,,N,4,0,1,2,A,-,17,21451,A,N,D,G,A,A,H,-,A,A,0,,Y,,,Y,,A,01,0,0,1,0,0,0,1,0,0,"- ","- ",,,SONOMA,COTATI,-122.71382141113281,38.320526123046875
81771954,2022,2022-05-16,4904,2022-04-25,1558,1040580,4904,1,5,4,4904,0,0,0,,0,003,"CAMINO COLEGIO","MAPLE DRIVE",215.00,N,N,A,-,N,,,,,,,,,,Y,3,0,1,1,C,-,18,,,N,E,I,A,A,H,-,A,D,0,,,,,Y,,-,"- ",0,1,0,0,0,0,0,0,0,"- ","- ",,,SONOMA,"ROHNERT PARK",-122.68563079833984,38.326992034912109
81820031,2022,2022-07-19,4905,2022-06-30,1901,1060473,GOLDE,4,5,6,4905,0,0,0,,0,001,"SKYVIEW DR","STARVIEW DR",50.00,N,N,A,-,N,,,,,,,,,,N,4,0,1,2,A,-,08,22107,,N,D,C,A,A,H,-,B,D,0,,,,,Y,,A,01,0,0,1,0,0,0,0,0,0,"- ","- ",,,SONOMA,"SANTA ROSA",-122.74217224121094,38.480297088623047
81837650,2022,2022-08-11,4904,2022-07-31,1124,1040514,,7,5,4,4904,0,0,0,,0,002,"ROHNERT PARK EXPY","REDWOOD DR",0.00,,Y,A,-,N,,,,,,,,,,N,4,0,1,3,A,-,04,21703,,N,C,C,A,A,H,-,A,D,0,,,Y,,Y,,A,01,0,0,1,0,0,0,0,0,1,"- ","- ",38.348461151123047,-122.71701049804688,SONOMA,"ROHNERT PARK",-122.71688842773438,38.348308563232422
81837700,2022,2022-08-11,4905,2022-07-14,1700,1060533,,4,5,6,4905,0,0,0,,0,006,"SUMMERFIELD RD","TEXAS DR",0.00,,Y,A,-,N,,,,,,,,,,N,3,0,1,2,A,-,08,22107,,F,B,G,A,A,H,-,A,D,0,,Y,,,Y,,D,22,0,1,0,0,0,0,1,0,0,"- ","- ",,,SONOMA,"SANTA ROSA",-122.6661376953125,38.447566986083984
81839898,2022,2022-08-15,4907,2022-07-22,1712,1102865,,5,5,2,4907,0,0,0,,0,,"2ND ST E","E SPAIN ST",120.00,S,N,A,-,N,,,,,,,,,,N,4,0,2,2,A,-,21,22106,,F,C,C,A,A,H,-,A,D,0,,,,,Y,,A,01,0,0,2,0,0,0,0,0,0,"- ","- ",,,SONOMA,SONOMA,-122.45411682128906,38.293003082275391
81855886,2022,2022-09-02,4905,2022-08-18,0759,1060337,,4,5,6,4905,0,0,0,,0,009,"S E ST.","SONOMA AVE.",343.00,S,N,A,-,N,,,,,,,,,,N,4,0,1,2,A,-,09,21801,A,N,A,C,A,A,H,-,A,D,0,,,,,Y,,A,01,0,0,1,0,0,0,0,0,0,"- ","- ",,,SONOMA,"SANTA ROSA",-122.70781707763672,38.438007354736328
81856866,2022,2022-09-05,4905,2022-08-08,2147,1060561,,1,5,6,4905,0,0,0,,0,007,"STONY POINT RD","NORTHPOINT PW",30.00,S,N,A,-,N,,,,,,,,,,Y,4,0,2,3,A,-,01,23152,A,N,C,C,A,A,H,-,C,A,0,,,,,Y,Y,A,01,0,0,2,0,0,0,0,0,0,"- ","- ",,,SONOMA,"SANTA ROSA",-122.73995971679688,38.415977478027344
81856868,2022,2022-09-05,4905,2022-08-24,1155,1060408,,3,5,6,4905,0,0,0,,0,,"COFFEY LN","HOPPER AV",0.00,,Y,A,-,N,,,,,,,,,,Y,2,0,1,2,A,-,12,22450,A,N,D,C,A,A,H,-,A,A,0,,,Y,,Y,,C,02,1,0,0,0,0,0,0,0,1,"- ","- ",,,SONOMA,"SANTA ROSA",-122.74712371826172,38.479705810546875
81861764,2022,2022-09-12,4905,2022-08-31,1328,1060284,,3,5,6,4905,0,0,0,,0,002,"CHANATE RD","COBBLESTONE DR",60.00,W,N,A,-,N,,,,,,,,,,Y,4,0,2,2,A,-,03,22350,,N,C,C,A,A,H,-,A,D,0,,,,,Y,,D,22,0,0,2,0,0,0,0,0,0,"- ","- ",,,SONOMA,"SANTA ROSA",-122.70564270019531,38.468776702880859
81869493,2022,2022-09-21,4913,2022-09-10,1224,1102847,,6,5,3,4980,0,0,0,,0,,"SHILOH RD","NB SHILOH RD OFFRAMP",0.00,,Y,A,-,N,,,,,,,,,,N,3,0,1,1,A,-,03,22350,,N,F,A,A,A,H,-,A,A,0,,Y,,,Y,,L,04,0,1,0,0,0,0,1,0,0,"- ","- ",,,SONOMA,WINDSOR,-122.77931976318359,38.525741577148438
81876144,2022,2022-09-29,4904,2022-06-20,0126,1040580,RPDPS,1,5,4,4904,0,0,0,,0,003,"ADELE AVE","ALLAN AVE (W)",200.00,N,N,A,-,N,,,,,,,,,,Y,4,0,1,2,A,-,03,22350,,F,D,E,A,A,D,-,C,D,0,,,,,Y,,A,01,0,0,1,0,0,0,0,0,0,"- ","- ",38.338581085205078,-122.71183013916016,SONOMA,"ROHNERT PARK",-122.71171569824219,38.339080810546875
81878325,2022,2022-09-30,4904,2022-09-10,2039,1040580,,6,5,4,4904,0,0,0,,0,,"REDWOOD DR","ROHNERT PARK EXPY",142.00,N,N,A,-,Y,,,,,,,,,,N,4,0,3,2,A,-,03,22350,,M,C,D,A,A,H,-,C,A,0,,,,,Y,,-,99,0,0,3,0,0,0,0,0,0,"- ","- ",38.348220825195312,-122.71682739257812,SONOMA,"ROHNERT PARK",-122.71689605712891,38.348701477050781
81879532,2022,2022-10-03,4902,2022-09-11,0828,105348,,7,5,2,4902,0,0,0,,0,,"HWY 116","OLD REDWOOD HWY",100.00,W,N,B,-,Y,,,,,,,,,,Y,4,0,1,1,A,-,03,22350,,N,E,I,A,A,H,-,A,D,0,,,,,Y,,A,01,0,0,1,0,0,0,0,0,0,"- ","- ",,,SONOMA,COTATI,-122.71304321289062,38.331298828125
81879760,2022,2022-10-03,4913,2022-09-14,1446,1102632,,3,5,3,4980,0,0,0,,0,WI1,"BROOKS RD SOUTH","FOOTHILL DR",374.00,N,N,A,-,N,,,,,,,,,,Y,3,0,3,2,A,-,05,21460,,N,D,C,A,A,H,-,A,D,0,,,,,Y,,A,01,0,1,2,0,0,0,0,0,0,"- ","- ",,,SONOMA,WINDSOR,-122.80738067626953,38.557468414306641
81880064,2022,2022-10-03,4905,2022-09-21,1907,1060473,,3,5,6,4905,0,0,0,,0,008,"SANTA ROSA AV","MILICENT WY",133.00,S,N,A,-,N,,,,,,,,,,Y,3,0,1,2,A,-,01,23152,A,N,D,C,A,A,H,-,A,A,0,,,Y,,Y,Y,A,01,0,1,0,0,0,0,0,0,1,"- ","- ",,,SONOMA,"SANTA ROSA",-122.71353149414062,38.419933319091797
8188469,2016,2016-12-19,4903,2016-12-03,1506,1567,3,6,5,3,4903,0,0,0,,0,,"MATHESON ST","VINE ST",0.00,,Y,A,-,N,,,,,,,,,,N,3,0,1,2,A,-,10,21950,A,N,G,B,B,A,H,-,A,A,0,Y,,,,Y,,A,01,0,1,0,0,1,0,0,0,0,"- ","- ",38.610860000000002,-122.87096,SONOMA,HEALDSBURG,-122.87251999999999,38.609979920000001
8188603,2016,2016-12-29,4905,2016-10-14,0952,SR8906,10609,5,5,6,4905,0,0,0,,0,009,"COLLEGE AV","MORGAN ST",0.00,,Y,C,-,N,,,,,,,,,,N,4,0,1,2,A,-,12,21453,A,N,D,C,A,B,H,-,A,A,0,,,,,Y,,D,22,0,0,1,0,0,0,0,0,0,"- ","- ",,,SONOMA,"SANTA ROSA",-122.72252991000001,38.445769949999999
8188687,2016,2017-01-06,4905,2016-11-25,1848,SR469,10601,5,5,6,4905,0,0,0,,0,001,"BECKY CT","COFFEY LN",412.00,E,N,A,-,N,,,,,,,,,,Y,3,0,2,4,C,-,18,,,N,E,J,E,A,H,-,C,D,0,Y,,,,Y,,-,"- ",0,1,1,0,1,0,0,0,0,"- ","- ",,,SONOMA,"SANTA ROSA",-122.74039633,38.461998059999999
8188735,2016,2017-01-09,4905,2016-09-19,1932,SR8708,10607,1,5,6,4905,0,0,0,,0,007,"HEARN AV","HEARN AV 777",110.00,W,N,A,-,N,,,,,,,,,,N,4,0,1,2,A,-,07,21658,A,N,G,B,E,A,H,-,C,D,0,Y,,,,Y,,D,22,0,0,1,0,1,0,0,0,0,"- ","- ",,,SONOMA,"SANTA ROSA",,
8188910,2016,2016-12-14,4905,2016-10-16,1544,SR8920,10605,7,5,6,4905,0,0,0,,0,005,"DUTTON AV","SEBASTOPOL RD",140.00,S,N,B,-,N,,,,,,,,,,Y,3,0,2,2,A,-,09,21804,A,N,D,C,A,A,H,-,A,D,0,,,,,Y,,A,01,0,1,1,0,0,0,0,0,0,"- ","- ",,,SONOMA,"SANTA ROSA",-122.72525824,38.430236839999999
8188934,2016,2016-12-14,4905,2016-10-26,1240,SR413,10602,3,5,6,4905,0,0,0,,0,002,"MENDOCINO AV","SCHURMAN DR",0.00,,Y,A,-,N,,,,,,,,,,N,4,0,1,2,A,-,03,22350,,N,C,C,A,A,H,-,A,A,0,,,,,Y,,A,01,0,0,1,0,0,0,0,0,0,"- ","- ",,,SONOMA,"SANTA ROSA",-122.71829988,38.463129879999997
8188953,2016,2016-12-14,4905,2016-10-03,1337,SR353,10603,1,5,6,4905,0,0,0,,0,003,"GUERNEVILLE RD","LANCE DR",60.00,E,N,B,C,N,,,,,,,,,,Y,4,0,3,4,A,-,03,22350,,N,C,C,A,B,H,-,A,A,0,,,,,Y,Y,A,01,0,0,3,0,0,0,0,0,0,"- ","- ",,,SONOMA,"SANTA ROSA",-122.73921753,38.454694119999999
8188976,2016,2016-12-15,4905,2016-09-18,1148,SR8708,10601,7,5,6,4905,0,0,0,,0,001,"GUERNEVILLE RD","RANGE AV",175.00,W,N,A,-,N,,,,,,,,,,Y,3,0,1,1,A,-,03,22350,,N,E,I,A,A,H,-,A,A,0,,,,,Y,,A,01,0,1,0,0,0,0,0,0,0,"- ","- ",,,SONOMA,"SANTA ROSA",-122.73304348000001,38.458635899999997
8188980,2016,2016-12-15,4905,2016-09-10,1248,SR8920,10602,6,5,6,4905,0,0,0,,0,002,"MENDOCINO AV","ELLIOTT AV",14.00,N,N,A,-,N,,,,,,,,,,N,4,0,2,2,A,-,03,22350,,N,C,C,A,A,H,-,A,A,0,,,,,Y,,A,01,0,0,2,0,0,0,0,0,0,"- ","- ",,,SONOMA,"SANTA ROSA",-122.71726839,38.45764844
8189011,2016,2016-12-15,4905,2016-09-02,1709,SR429,10603,5,5,6,4905,0,0,0,,0,003,"JENNINGS AV","MARLOW RD",0.00,,Y,A,-,N,,,,,,,,,,N,3,0,1,2,A,-,11,21966,,N,G,B,D,A,H,-,A,A,0,Y,,,,Y,,N,60,0,1,0,0,1,0,0,0,0,"- ","- ",,,SONOMA,"SANTA ROSA",-122.75133987,38.449609959999997
8189040,2016,2016-12-15,4905,2016-09-26,1245,SR524,10601,1,5,6,4905,0,0,0,,0,001,"CLEVELAND AV","PINER RD",0.00,,Y,A,-,N,,,,,,,,,,Y,4,0,1,2,A,-,09,21801,A,N,A,C,A,A,H,-,A,A,0,,,,,Y,,A,01,0,0,1,0,0,0,0,0,0,"- ","- ",,,SONOMA,"SANTA ROSA",-122.73072000000001,38.472479970000002
8189417,2016,2016-12-15,4905,2016-08-28,1515,SR316,10608,7,5,6,4905,0,0,0,,0,008,"PETALUMA HILL RD","ASTON AV",0.00,,Y,A,-,N,,,,,,,,,,N,4,0,1,2,A,-,03,22350,,M,C,C,A,A,H,-,A,A,0,,,,,Y,,A,08,0,0,1,0,0,0,0,0,0,"- ","- ",,,SONOMA,"SANTA ROSA",-122.70819,38.42384998
81904931,2022,2022-10-31,4905,2022-10-12,1323,1060284,,3,5,6,4905,0,0,0,,0,,"STEELE LN","ILLINOIS ST",0.00,,Y,A,-,N,,,,,,,,,,Y,3,0,1,3,A,-,12,21453,A,N,D,C,A,A,H,-,A,A,0,,,,,Y,,D,22,0,1,0,0,0,0,0,0,0,"- ","- ",,,SONOMA,"SANTA ROSA",-122.72470092773438,38.459907531738281
81904936,2022,2022-10-31,4905,2022-10-15,1109,1068714,,6,5,6,4905,0,0,0,,0,007,"STONY POINT RD","SEBASTOPOL RD",170.00,S,N,B,-,N,,,,,,,,,,Y,3,0,3,3,A,-,03,22350,,N,C,C,A,A,H,-,A,A,0,,,,,Y,,A,01,0,1,2,0,0,0,0,0,0,"- ","- ",,,SONOMA,"SANTA ROSA",-122.74127197265625,38.426395416259766
81926718,2022,2022-11-28,4905,2022-09-22,1320,1060523,,4,5,6,4905,0,0,0,,0,002,"PACIFIC AV","MCDONALD AV",0.00,,Y,A,-,N,,,,,,,,,,Y,4,0,2,2,D,-,00,,,N,D,C,A,A,H,-,A,A,0,,,,,Y,,-,"- ",0,0,2,0,0,0,0,0,0,"- ","- ",,,SONOMA,"SANTA ROSA",-122.70384979248047,38.453014373779297
81926720,2022,2022-11-28,4905,2022-10-30,0259,1060582,,7,5,6,4905,0,0,0,,0,006,"SUMMERFIELD RD","BETHARDS DR",30.00,S,N,A,-,N,,,,,,,,,,Y,4,0,1,1,A,-,03,22350,,N,E,I,A,A,H,-,C,A,0,,,,,Y,,A,01,0,0,1,0,0,0,0,0,0,"- ","- ",,,SONOMA,"SANTA ROSA",-122.66017913818359,38.429798126220703
8193629,2016,2017-03-03,4908,2016-12-09,1325,2926,15,5,5,5,4908,0,0,0,,0,001,"LAKEVILLE HWY","FRATES RD",0.00,,Y,A,-,Y,SON,4,116,-,-,36.364,I,5,W,Y,4,0,2,2,D,-,00,,,N,D,C,A,A,H,-,A,A,0,,,,,Y,,-,"- ",0,0,2,0,0,0,0,0,0,"- ","- ",,,SONOMA,PETALUMA,-122.59393181999999,38.234689000000003
81961373,2022,2023-01-06,4904,2022-11-17,1750,1040561,,4,5,4,4904,0,0,0,,0,,"ROHNERT PARK EXPY","STATE FARM DR",1145.00,E,N,A,-,N,,,,,,,,,,N,4,0,1,4,A,-,04,21703,,N,C,J,A,A,H,-,C,A,0,,,,,Y,,A,01,0,0,1,0,0,0,0,0,0,"- ","- ",38.348400115966797,-122.70603942871094,SONOMA,"ROHNERT PARK",-122.70201873779297,38.348251342773438
81967357,2022,2023-01-13,4905,2022-12-18,2144,1060550,4905,7,5,6,4905,0,0,0,,0,007,"HEARN AV","BURBANK AV",0.00,,Y,A,-,N,,,,,,,,,,Y,2,0,1,3,A,-,01,23152,A,N,D,C,A,A,H,-,C,A,0,,,,,Y,Y,A,01,1,0,0,0,0,0,0,0,0,"- ","- ",,,SONOMA,"SANTA ROSA",-122.73354339599609,38.413791656494141
81968605,2022,2023-01-16,4905,2022-11-09,0043,1060473,,3,5,6,4905,0,0,0,,0,,"HIGHWAY 12","CALISTOGA RD",560.00,E,N,A,-,Y,,,,,,,,,,Y,2,0,1,1,A,-,03,22350,,N,E,I,A,A,H,-,C,A,0,,,,,Y,,A,01,1,0,0,0,0,0,0,0,0,"- ","- ",,,SONOMA,"SANTA ROSA",,
81973455,2022,2023-01-23,4904,2022-12-26,1740,1040575,,1,5,4,4904,0,0,0,,0,,"HUNTER DR","COMMERCE BLVD",0.00,,Y,C,-,N,,,,,,,,,,Y,3,0,1,2,A,-,09,21801,A,N,B,C,A,B,H,-,C,A,0,,,,,Y,Y,A,01,0,1,0,0,0,0,0,0,0,"- ","- ",38.346088409423828,-122.70995330810547,SONOMA,"ROHNERT PARK",-122.70992279052734,38.346012115478516
81973492,2022,2023-01-23,4905,2022-12-10,2205,1060582,,6,5,6,4905,0,0,0,,0,009,"COLLEGE AV","MORGAN ST",344.00,E,N,C,-,N,,,,,,,,,,Y,4,0,1,3,A,-,01,23152,A,N,C,C,A,B,H,-,C,A,0,,,,,Y,Y,A,01,0,0,1,0,0,0,0,0,0,"- ","- ",,,SONOMA,"SANTA ROSA",-122.72132873535156,38.445747375488281
81981175,2022,2023-01-30,4904,2022-10-26,1612,1040575,,3,5,4,4904,0,0,0,,0,,"MARTIN AVE","LABATH AVE (S)",215.00,W,N,A,-,N,,,,,,,,,,N,4,0,1,2,A,-,07,21658,A,N,A,E,A,A,H,-,A,D,0,,,,,Y,,A,01,0,0,1,0,0,0,0,0,0,"- ","- ",38.351459503173828,-122.72147369384766,SONOMA,"ROHNERT PARK",-122.72308349609375,38.354793548583984
81992179,2023,2023-02-13,4905,2023-01-26,"807 ",1060284,,4,5,6,4905,0,0,0,,0,008,"PETALUMA HILL RD","BARHAM AV",0.00,,Y,A,-,N,,,,,,,,,,Y,4,0,1,2,A,-,09,21802,A,N,D,C,A,A,H,-,A,D,0,,,,,Y,,A,07,0,0,1,0,0,0,0,0,0,"- ","- ",,,SONOMA,"SANTA ROSA",-122.71041107177734,38.427650451660156
8199945,2016,2017-01-03,4903,2016-12-23,1803,1552,3,5,5,3,4903,0,0,0,,0,,"VINE ST","MATHESON ST",0.00,,Y,C,-,N,,,,,,,,,,N,3,0,1,2,A,-,10,21950,A,N,G,B,B,B,H,-,C,A,0,Y,,,,Y,,A,01,0,1,0,0,1,0,0,0,0,"- ","- ",38.610860000000002,-122.87096,SONOMA,HEALDSBURG,-122.87251999999999,38.609979920000001