CASE_ID,ACCIDENT_YEAR,PROC_DATE,JURIS,COLLISION_DATE,COLLISION_TIME,OFFICER_ID,REPORTING_DISTRICT,DAY_OF_WEEK,CHP_SHIFT,POPULATION,CNTY_CITY_LOC,SPECIAL_COND,BEAT_TYPE,CHP_BEAT_TYPE,CITY_DIVISION_LAPD,CHP_BEAT_CLASS,BEAT_NUMBER,PRIMARY_RD,SECONDARY_RD,DISTANCE,DIRECTION,INTERSECTION,WEATHER_1,WEATHER_2,STATE_HWY_IND,CALTRANS_COUNTY,CALTRANS_DISTRICT,STATE_ROUTE,ROUTE_SUFFIX,POSTMILE_PREFIX,POSTMILE,LOCATION_TYPE,RAMP_INTERSECTION,SIDE_OF_HWY,TOW_AWAY,COLLISION_SEVERITY,NUMBER_KILLED,NUMBER_INJURED,PARTY_COUNT,PRIMARY_COLL_FACTOR,PCF_CODE_OF_VIOL,PCF_VIOL_CATEGORY,PCF_VIOLATION,PCF_VIOL_SUBSECTION,HIT_AND_RUN,TYPE_OF_COLLISION,MVIW,PED_ACTION,ROAD_SURFACE,ROAD_COND_1,ROAD_COND_2,LIGHTING,CONTROL_DEVICE,CHP_ROAD_TYPE,PEDESTRIAN_ACCIDENT,BICYCLE_ACCIDENT,MOTORCYCLE_ACCIDENT,TRUCK_ACCIDENT,NOT_PRIVATE_PROPERTY,ALCOHOL_INVOLVED,STWD_VEHTYPE_AT_FAULT,CHP_VEHTYPE_AT_FAULT,COUNT_SEVERE_INJ,COUNT_VISIBLE_INJ,COUNT_COMPLAINT_PAIN,COUNT_PED_KILLED,COUNT_PED_INJURED,COUNT_BICYCLIST_KILLED,COUNT_BICYCLIST_INJURED,COUNT_MC_KILLED,COUNT_MC_INJURED,PRIMARY_RAMP,SECONDARY_RAMP,LATITUDE,LONGITUDE,COUNTY,CITY,POINT_X,POINT_Y
8499602,2017,2017-12-05,4905,2017-10-25,2239,SR473,10609,3,5,6,4905,0,0,0,,0,009,"MAPLE AV","SOUTH E ST",50.00,E,N,A,-,N,,,,,,,,,,N,4,0,1,2,A,-,17,21657,,M,A,C,A,A,H,-,C,A,0,,,,,Y,,D,22,0,0,1,0,0,0,0,0,0,"- ","- ",,,SONOMA,"SANTA ROSA",-122.70421004000001,38.433151479999999
85001730,2025,2026-01-07,4904,2025-11-24,"900 ",1040485,,1,5,4,4904,0,0,0,,0,,"MAGNOLIA AVE","MITCHELL DR",427.00,W,N,A,-,N,,,,,,,,,,N,4,0,1,2,A,-,21,22106,,N,D,C,A,A,H,-,A,A,0,,,,,Y,,A,01,0,0,1,0,0,0,0,0,0,"- ","- ",38.328369140625,-122.68218231201172,SONOMA,"ROHNERT PARK",-122.68360900878906,38.328708648681641
8500405,2017,2017-12-04,4905,2017-09-21,1754,SR353,10609,4,5,6,4905,0,0,0,,0,009,"4TH ST","MENDOCINO AV",100.00,E,N,A,-,N,,,,,,,,,,N,3,0,3,2,A,-,04,21703,,N,B,C,A,A,H,-,A,D,0,,,Y,,Y,,C,02,0,3,0,0,0,0,0,0,3,"- ","- ",,,SONOMA,"SANTA ROSA",-122.71375015,38.440596759999998
8500474,2017,2017-12-05,4905,2017-08-30,1225,SR383,10603,3,5,6,4905,0,0,0,,0,003,"GUERNEVILLE RD","GAMAY ST",0.00,,Y,A,-,N,,,,,,,,,,N,4,0,1,2,A,-,09,21801,A,M,B,C,A,A,H,-,A,A,0,,,,,Y,,A,01,0,0,1,0,0,0,0,0,0,"- ","- ",,,SONOMA,"SANTA ROSA",-122.75677994999999,38.452529939999998
8500540,2017,2017-12-04,4905,2017-11-04,0009,SR394,10603,6,5,6,4905,0,0,0,,0,003,"WEST COLLEGE AV","KOWELL RD",0.00,,Y,C,-,N,,,,,,,,,,Y,3,0,1,2,A,-,09,21802,A,N,D,C,A,B,H,-,C,B,0,,,,,Y,,A,01,0,1,0,0,0,0,0,0,0,"- ","- ",,,SONOMA,"SANTA ROSA",-122.74261,38.445299980000001
8505298,2017,2017-11-30,4905,2017-10-19,1555,SR473,10601,4,5,6,4905,0,0,0,,0,001,"WEST STEELE LN","COFFEY LN",50.00,W,N,C,-,N,,,,,,,,,,N,3,0,1,2,A,-,12,22451,A,N,H,F,A,B,H,-,A,A,0,,Y,,,Y,,L,04,0,1,0,0,0,0,1,0,0,"- ","- ",,,SONOMA,"SANTA ROSA",-122.74046468,38.459969999999998
8505816,2017,2017-12-08,4900,2017-11-24,1350,2561,,5,5,3,4980,0,0,0,,0,,"SHILOH RD","HEMBREE LN",1320.00,W,N,A,-,N,,,,,,,,,,Y,4,0,2,2,A,-,04,21703,,N,C,C,A,A,H,-,A,D,0,,,,,Y,,-,,0,0,2,0,0,0,0,0,0,"- ","- ",,,SONOMA,WINDSOR,-122.78993,38.525820000000003
8509208,2017,2017-12-05,4905,2017-09-24,0216,SR383,1060,7,5,6,4905,0,0,0,,0,007,"CORBY AV","BARHAM AV",275.00,S,N,A,-,N,,,,,,,,,,Y,3,0,1,2,A,-,01,23152,A,N,B,E,A,A,H,-,A,A,0,,,,,Y,Y,A,01,0,1,0,0,0,0,0,0,0,"- ","- ",,,SONOMA,"SANTA ROSA",-122.71777168,38.426018569999997
8523088,2017,2018-01-09,4904,2017-11-09,1757,498,,4,5,4,4904,0,0,0,,0,,"SOUTHWEST BL","NO NAME ST",0.00,,Y,B,-,N,,,,,,,,,,Y,4,0,1,2,A,-,05,21651,A,N,A,C,A,A,H,-,C,A,0,,,,,Y,,A,01,0,0,1,0,0,0,0,0,0,"- ","- ",38.336109999999998,-122.70937000000001,SONOMA,"ROHNERT PARK",-122.7094099,38.336019890000003
8531817,2017,2018-01-22,4905,2017-11-14,1908,SR397,10604,2,5,6,4905,0,0,0,,0,004,"MONTECITO BL","BENICIA DR",10.00,E,N,A,-,N,,,,,,,,,,Y,3,0,4,2,A,-,03,22350,,N,A,C,A,A,H,-,E,D,0,,,,,Y,,A,01,0,1,3,0,0,0,0,0,0,"- ","- ",,,SONOMA,"SANTA ROSA",-122.67562589000001,38.473335130000002
8531895,2017,2018-01-22,4905,2017-11-22,1747,SR473,11003,3,5,6,4905,0,0,0,,0,,"WEST AV","GLORIA DR",50.00,N,N,A,-,N,,,,,,,,,,Y,4,0,1,3,A,-,01,23152,A,M,C,C,A,A,H,-,C,A,0,,,,,Y,Y,A,01,0,0,1,0,0,0,0,0,0,"- ","- ",,,SONOMA,"SANTA ROSA",-122.72715325,38.415536950000003
8531993,2017,2018-01-18,4905,2017-11-23,2001,SR482,10608,4,5,6,4905,0,0,0,,0,008,"SANTA ROSA AV","YOLANDA AV",100.00,N,N,B,-,N,,,,,,,,,,N,4,0,5,2,A,-,01,23152,A,M,C,C,A,A,H,-,C,A,0,,,,,Y,Y,A,01,0,0,5,0,0,0,0,0,0,"- ","- ",,,SONOMA,"SANTA ROSA",-122.71354135999999,38.413484689999997
8532044,2017,2018-01-22,4905,2017-12-26,1852,8703,,2,5,6,4905,0,0,0,,0,004,"MONTECITO BL","SAINT MARY DR",0.00,,Y,A,-,N,,,,,,,,,,Y,4,0,2,2,A,-,09,21801,A,N,D,C,A,A,H,-,C,A,0,,,,,Y,,A,01,0,0,2,0,0,0,0,0,0,"- ","- ",,,SONOMA,"SANTA ROSA",-122.66480993,38.478199889999999
8532076,2017,2018-01-22,4905,2017-12-13,1744,457,,3,5,6,4905,0,0,0,,0,002,"ADMINISTRATION DR","MENDOCINO AV",75.00,W,N,A,-,N,,,,,,,,,,Y,4,0,2,4,A,-,03,22350,,N,C,C,A,A,H,-,D,D,0,,,,,Y,,A,01,0,0,2,0,0,0,0,0,0,"- ","- ",,,SONOMA,"SANTA ROSA",-122.71961712,38.464972330000002
8532240,2017,2018-01-22,4905,2017-11-30,1430,SR341,10607,4,5,6,4905,0,0,0,,0,007,"STONY POINT RD","STONY POINT PLZ",130.00,S,N,A,-,N,,,,,,,,,,N,4,0,1,3,A,-,03,22350,,N,C,C,A,A,H,-,A,A,0,,,,,Y,,A,01,0,0,1,0,0,0,0,0,0,"- ","- ",,,SONOMA,"SANTA ROSA",-122.75135482,38.444713049999997
8541254,2018,2018-01-29,4908,2018-01-09,1801,3341,2,2,5,5,4908,0,0,0,,0,002,"LAKEVILLE ST","EAST D ST",0.00,,Y,A,-,N,,,,,,,,,,Y,4,0,2,2,A,-,09,21801,A,N,A,C,A,A,H,-,C,A,0,,,,,Y,,A,01,0,0,2,0,0,0,0,0,0,"- ","- ",38.236930847167969,-122.63397216796875,SONOMA,PETALUMA,-122.63400268554688,38.236961364746094
8546279,2018,2018-02-08,4900,2018-01-17,1750,SD2340,11101,3,5,3,4980,0,0,0,,0,WI1,"JENSEN LN","3RD ST",5.00,W,N,B,-,N,,,,,,,,,,Y,3,0,1,1,A,-,08,22107,,M,E,I,A,A,H,-,C,D,0,,,,,Y,,A,07,0,1,0,0,0,0,0,0,0,"- ","- ",,,SONOMA,WINDSOR,-122.80355834960938,38.547569274902344
8563935,2018,2018-03-12,4905,2018-02-08,1506,SR394,10603,4,5,6,4905,0,0,0,,0,003,"GUERNEVILLE RD","MARLOW RD",75.00,E,N,A,-,N,,,,,,,,,,N,4,0,2,4,A,-,03,22350,,N,C,C,A,A,H,-,A,D,0,,,,,Y,,D,22,0,0,2,0,0,0,0,0,0,"- ","- ",,,SONOMA,"SANTA ROSA",-122.75112915039062,38.452648162841797
8570954,2018,2018-07-23,4906,2018-01-25,1837,455,4906,4,5,2,4906,0,0,0,,0,,"LAGUNA  PARK WY","MCKINLEY ST",16.00,N,N,B,-,Y,SON,4,12,-,R,26.733,I,5,E,Y,3,0,2,2,A,-,10,21950,A,N,G,B,B,B,H,-,C,A,0,Y,,,,Y,,A,01,0,1,1,0,1,0,0,0,0,"- ","- ",38.403640747070312,-122.82360076904297,SONOMA,SEBASTOPOL,-122.55850219726562,38.426578521728516
8572535,2018,2018-03-21,4903,2018-02-14,1613,1402,3,3,5,3,4903,0,0,0,,0,,"HEALDSBURG AV","PIPER ST",0.00,,Y,A,-,N,,,,,,,,,,N,3,0,1,2,A,-,10,21950,A,N,G,B,B,A,H,-,A,A,0,Y,,,,Y,,D,22,0,1,0,0,1,0,0,0,0,"- ","- ",38.614280700683594,-122.87187957763672,SONOMA,HEALDSBURG,-122.87188720703125,38.614269256591797
8599364,2018,2018-04-27,4904,2018-01-29,1853,402,,1,5,4,4904,0,0,0,,0,002,"ROHNERT PARK EXPWY","REDWOOD DR",127.00,E,N,A,-,N,,,,,,,,,,N,4,0,1,2,A,-,08,22107,,N,B,C,A,A,H,-,C,D,0,,,,,Y,,D,22,0,0,1,0,0,0,0,0,0,"- ","- ",38.348461151123047,-122.71701049804688,SONOMA,"ROHNERT PARK",-122.71644592285156,38.348430633544922
8601715,2018,2018-07-30,4905,2018-04-11,0712,SR353,10608,3,5,6,4905,0,0,0,,0,008,"COLGAN AV","SANTA ROSA AV",0.00,,Y,A,-,N,,,,,,,,,,Y,4,0,1,2,A,-,09,21453,C,N,D,C,A,A,H,-,A,A,0,,,,,Y,,D,22,0,0,1,0,0,0,0,0,0,"- ","- ",,,SONOMA,"SANTA ROSA",-122.71354675292969,38.421169281005859
8601738,2018,2018-08-03,4905,2018-02-25,1455,SR475,10606,7,5,6,4905,0,0,0,,0,006,"RT 12","ACACIA LN",525.00,W,N,A,-,Y,SON,4,12,-,-,19.170,H,-,E,Y,4,0,2,4,A,-,03,22350,,N,C,C,A,A,H,-,A,D,0,,,,,Y,,D,22,0,0,2,0,0,0,0,0,0,"- ","- ",,,SONOMA,"SANTA ROSA",-122.66874694824219,38.462425231933594
8603175,2018,2018-05-29,4908,2018-05-08,1422,2926,6,2,5,5,4908,0,0,0,,0,003,"PETALLUMA BLVD N","SHASTA AV",100.00,N,N,A,-,N,,,,,,,,,,N,4,0,1,2,A,-,03,22350,,N,C,C,A,A,H,-,A,D,0,,,,,Y,,D,22,0,0,1,0,0,0,0,0,0,"- ","- ",38.246589660644531,-122.64521789550781,SONOMA,PETALUMA,-122.64530181884766,38.246868133544922
8614559,2018,2018-04-30,4905,2018-03-05,0746,SR353,10605,1,5,6,4905,0,0,0,,0,005,"STONY POINT RD","STONY POINT PLAZA",0.00,,Y,A,-,N,,,,,,,,,,Y,4,0,1,2,A,-,12,21453,A,N,D,C,A,A,H,-,A,A,0,,,,,Y,,A,01,0,0,1,0,0,0,0,0,0,"- ","- ",,,SONOMA,"SANTA ROSA",-122.75135803222656,38.445068359375
8614650,2018,2018-05-01,4905,2018-03-27,1714,SR513,10609,2,5,6,4905,0,0,0,,0,009,"3 RD ST","SANTA ROSA AV",0.00,,Y,A,-,N,,,,,,,,,,Y,4,0,1,2,A,-,08,22107,,N,A,C,A,A,H,-,A,A,0,,,,,Y,,A,01,0,0,1,0,0,0,0,0,0,"- ","- ",,,SONOMA,"SANTA ROSA",-122.71346,38.439680000000003
8614662,2018,2018-05-01,4905,2018-03-15,1533,SR8911,10601,4,5,6,4905,0,0,0,,0,001,"CLEVELAND AV","INDUSTRIAL DR",380.00,S,N,B,-,N,,,,,,,,,,N,4,0,1,2,A,-,03,22350,,N,C,C,A,A,H,-,A,D,0,,,,,Y,,A,01,0,0,1,0,0,0,0,0,0,"- ","- ",,,SONOMA,"SANTA ROSA",-122.73259735107422,38.474998474121094
8614670,2018,2018-05-01,4905,2018-03-23,1704,SR383,10601,5,5,6,4905,0,0,0,,0,001,"GUERNEVILLE RD","RANGE AV",0.00,,Y,B,-,N,,,,,,,,,,N,3,0,1,2,A,-,11,21456,B,N,G,B,B,A,H,-,A,A,0,Y,,,,Y,,N,60,0,1,0,0,1,0,0,0,0,"- ","- ",,,SONOMA,"SANTA ROSA",-122.73256683349609,38.458938598632812
8614693,2018,2018-05-01,4905,2018-02-15,1707,SR473,10603,4,5,6,4905,0,0,0,,0,003,"JENNINGS AV","DUDLEY PL",80.00,E,N,A,-,N,,,,,,,,,,Y,4,0,1,2,A,-,01,23152,F,M,A,E,A,A,H,-,A,D,0,,,,,Y,,A,01,0,0,1,0,0,0,0,0,0,"- ","- ",,,SONOMA,"SANTA ROSA",-122.74330139160156,38.4495849609375
8614706,2018,2018-04-27,4905,2018-03-12,1510,SR482,10608,1,5,6,4905,0,0,0,,0,008,"SANTA ROSA AV","BURT ST",15.00,N,N,B,-,N,,,,,,,,,,N,4,0,1,2,A,-,03,22350,,M,C,C,A,A,H,-,A,A,0,,,,,Y,,A,01,0,0,1,0,0,0,0,0,0,"- ","- ",,,SONOMA,"SANTA ROSA",-122.71353149414062,38.409721374511719
8620879,2018,2018-05-22,4908,2018-05-07,0813,2926,3,1,5,5,4908,0,0,0,,0,002,"PETALLUMA BLVD S","D ST",30.00,S,N,A,-,N,,,,,,,,,,Y,4,0,2,4,A,-,03,22350,,N,C,C,A,A,H,-,A,A,0,,,,,Y,,A,07,0,0,2,0,0,0,0,0,0,"- ","- ",38.232509613037109,-122.62689971923828,SONOMA,PETALUMA,-122.63683319091797,38.232444763183594
8629209,2018,2018-06-19,4905,2018-05-26,2016,SR383,,6,5,6,4905,0,0,0,,0,001,"GUERNEVILLE RD","RANGE AV",0.00,,Y,A,-,N,,,,,,,,,,N,3,0,1,2,A,-,09,21800,A,N,D,G,A,A,H,-,B,A,0,,Y,,,Y,Y,D,22,0,1,0,0,0,0,1,0,0,"- ","- ",,,SONOMA,"SANTA ROSA",-122.73256683349609,38.458938598632812
8629226,2018,2018-06-19,4905,2018-05-11,1328,SR413,,5,5,6,4905,0,0,0,,0,009,"B ST","ROSS ST",0.00,,Y,A,-,N,,,,,,,,,,Y,4,0,2,2,A,-,09,21802,A,N,D,C,A,A,H,-,A,D,0,,,,,Y,,D,22,0,0,2,0,0,0,0,0,0,"- ","- ",,,SONOMA,"SANTA ROSA",-122.71691131591797,38.441421508789062
8631724,2018,2018-06-08,4908,2018-05-16,2330,2939,5,3,5,5,4908,0,0,0,,0,003,"PETALLUMA BLVD N","PROSPECT ST",20.00,S,N,A,-,N,,,,,,,,,,Y,3,0,1,1,A,-,01,23152,A,M,E,J,A,A,H,-,C,D,0,,,,,Y,Y,A,07,0,1,0,0,0,0,0,0,0,"- ","- ",38.237319946289062,-122.64225769042969,SONOMA,PETALUMA,-122.64222717285156,38.237308502197266
8636022,2018,2018-06-19,4905,2018-05-08,1045,SR328,,2,5,6,4905,0,0,0,,0,006,"YULUPA AV","BETHARDS DR",300.00,N,N,A,-,N,,,,,,,,,,Y,3,0,1,2,A,-,09,21804,A,N,D,C,A,A,H,-,A,D,0,,,,,Y,,A,01,0,1,0,0,0,0,0,0,0,"- ","- ",,,SONOMA,"SANTA ROSA",-122.66757965087891,38.426681518554688
8636042,2018,2018-06-19,4905,2018-05-16,1003,SR440,,3,5,6,4905,0,0,0,,0,,"SEBASTOPOL RD","BURBANK AV",120.00,W,N,A,-,N,,,,,,,,,,Y,3,0,2,2,A,-,03,22350,,N,C,C,A,A,H,-,A,D,0,,,,,Y,,A,07,0,1,1,0,0,0,0,0,0,"- ","- ",,,SONOMA,"SANTA ROSA",-122.73573303222656,38.428153991699219
8636074,2018,2018-06-19,4905,2018-05-05,1800,SR499,,6,5,6,4905,0,0,0,,0,008,"FRAZIER AV","PETALUMA HILL RD",0.00,,Y,A,-,N,,,,,,,,,,Y,4,0,1,2,A,-,01,23152,A,F,D,C,A,A,H,-,A,D,0,,,,,Y,Y,A,01,0,0,1,0,0,0,0,0,0,"- ","- ",,,SONOMA,"SANTA ROSA",-122.70983123779297,38.426658630371094
8636421,2018,2018-06-21,4905,2018-04-29,1827,SR408,10603,7,5,6,4905,0,0,0,,0,003,"MARLOW RD","JENNINGS AV",0.00,,Y,A,-,N,,,,,,,,,,Y,4,0,1,2,A,-,12,21453,A,N,D,C,A,A,H,-,A,A,0,,,,,Y,,A,07,0,0,1,0,0,0,0,0,0,"- ","- ",,,SONOMA,"SANTA ROSA",-122.7513427734375,38.449611663818359
8638877,2018,2018-06-26,4904,2018-05-19,2220,518,,6,5,4,4904,0,0,0,,0,002,"SEED FARM DR","ENTERPRISE DR",185.00,S,N,A,-,N,,,,,,,,,,Y,3,0,1,4,A,-,01,23152,A,N,B,E,A,A,H,-,C,D,0,,,,,Y,Y,A,07,0,1,0,0,0,0,0,0,0,"- ","- ",38.345180511474609,-122.70004272460938,SONOMA,"ROHNERT PARK",-122.69969177246094,38.344680786132812
8639011,2018,2018-07-30,4905,2018-05-07,1242,SR457,10609,1,5,6,4905,0,0,0,,0,009,"MORGAN ST","5TH ST",0.00,,Y,A,-,N,,,,,,,,,,Y,3,0,1,2,A,-,12,21453,A,N,D,C,A,A,H,-,A,A,0,,,,,Y,,A,07,0,1,0,0,0,0,0,0,0,"- ","- ",,,SONOMA,"SANTA ROSA",-122.7188720703125,38.439151763916016
8639027,2018,2018-08-23,4905,2018-05-11,0719,SR413,10601,5,5,6,4905,0,0,0,,0,001,"RT 101","STEELE LN",0.00,,Y,A,-,Y,SON,4,101,-,-,21.955,R,4,S,N,4,0,2,2,A,-,09,21453,C,N,D,C,A,A,H,-,A,A,0,,,,,Y,,-,"- ",0,0,2,0,0,0,0,0,0,SO,"- ",,,SONOMA,"SANTA ROSA",-122.72657775878906,38.462947845458984
8641149,2018,2018-08-07,4908,2018-06-17,2052,2754,6,7,5,5,4908,0,0,0,,0,003,"EAST WASHINGTON ST","PAYRAN ST",0.00,,Y,A,-,N,,,,,,,,,,Y,4,0,1,2,A,-,12,21453,A,N,D,C,A,A,H,-,B,A,0,,,,,Y,,A,01,0,0,1,0,0,0,0,0,0,"- ","- ",38.242008209228516,-122.63252258300781,SONOMA,PETALUMA,-122.63253021240234,38.242031097412109
8648171,2018,2018-09-27,4905,2018-06-02,0623,SR469,10608,6,5,6,4905,0,0,0,,0,008,"SANTA ROSA AV","COURT ST",13.00,N,N,A,-,N,,,,,,,,,,Y,1,1,0,2,A,-,01,23153,A,F,G,B,B,A,H,-,B,D,0,Y,,,,Y,Y,D,22,0,0,0,1,0,0,0,0,0,"- ","- ",,,SONOMA,"SANTA ROSA",-122.71349334716797,38.406806945800781
8648536,2018,2019-01-23,4905,2018-09-15,2119,SR473,10605,6,5,6,4905,0,0,0,,0,005,"OCCIDINTAL RD","STONY POINT RD",130.00,W,N,A,-,N,,,,,,,,,,Y,1,1,0,3,A,-,11,21954,A,F,G,B,E,A,H,-,C,D,0,Y,,,,Y,,N,60,0,0,0,1,0,0,0,0,0,"- ","- ",,,SONOMA,"SANTA ROSA",-122.74240112304688,38.431713104248047
8654518,2018,2018-07-18,4908,2018-05-31,0835,1944,4,4,5,5,4908,0,0,0,,0,002,"BODEGA AV","BANTAM WY",0.00,,Y,A,-,N,,,,,,,,,,N,3,0,2,3,A,-,03,22350,,N,C,C,A,A,H,-,A,A,0,,,,,Y,,A,01,0,1,1,0,0,0,0,0,0,"- ","- ",38.23455810546875,-122.65888214111328,SONOMA,PETALUMA,-122.65889739990234,38.234611511230469
8657521,2018,2019-01-08,4905,2018-06-06,2107,SR473,10605,3,5,6,4905,0,0,0,,0,005,"3RD ST","AMADOR DR",270.00,E,N,A,-,N,,,,,,,,,,Y,3,0,2,2,A,-,03,22350,,N,A,E,A,A,H,-,C,D,0,,,,,Y,,A,01,0,2,0,0,0,0,0,0,0,"- ","- ",,,SONOMA,"SANTA ROSA",-122.73727416992188,38.433448791503906
8657686,2018,2018-10-04,4905,2018-07-23,1114,SR486,,1,5,6,4905,0,0,0,,0,,"CORBY AV","TALMADGE DR",809.00,S,N,A,-,N,,,,,,,,,,Y,4,0,1,2,A,-,09,21801,A,N,A,C,A,A,H,-,A,A,0,,,,,Y,,A,01,0,0,1,0,0,0,0,0,0,"- ","- ",,,SONOMA,"SANTA ROSA",-122.71642303466797,38.404518127441406
8657690,2018,2018-10-04,4905,2018-07-01,1922,SR8708,10603,7,5,6,4905,0,0,0,,0,003,"GOLDFIELD LN","PINERCREST DR",0.00,,Y,A,-,N,,,,,,,,,,Y,4,0,2,2,A,-,12,22450,A,N,D,C,A,A,H,-,A,D,0,,,,,Y,,A,08,0,0,2,0,0,0,0,0,0,"- ","- ",,,SONOMA,"SANTA ROSA",-122.75965881347656,38.469551086425781
8657750,2018,2018-10-04,4905,2018-07-09,0649,SR8712,10604,1,5,6,4905,0,0,0,,0,004,"MONTECITO BL","MIDDLE RINCON RD",31.00,W,N,A,-,N,,,,,,,,,,Y,3,0,2,2,A,-,03,22350,,N,C,C,A,A,H,-,A,A,0,,,,,Y,,A,01,0,1,1,0,0,0,0,0,0,"- ","- ",,,SONOMA,"SANTA ROSA",-122.67250061035156,38.475826263427734
8658067,2018,2018-08-14,4905,2018-06-24,2316,SR526,10605,7,5,6,4905,0,0,0,,0,005,"WEST 3RD ST","STONEY POINT RD",0.00,,Y,A,-,N,,,,,,,,,,Y,4,0,1,2,A,-,12,21453,A,N,A,C,A,A,H,-,C,A,0,,,,,Y,,A,01,0,0,1,0,0,0,0,0,0,"- ","- ",,,SONOMA,"SANTA ROSA",-122.74240875244141,38.433830261230469
8658108,2018,2018-09-24,4905,2018-07-12,1047,SR440,10607,4,5,6,4905,0,0,0,,0,007,"SEBASTOPOL RD","CAMPOY ST",0.00,,Y,A,-,N,,,,,,,,,,Y,4,0,1,2,A,-,03,22350,,N,C,C,A,A,H,-,A,D,0,,,,,Y,,A,01,0,0,1,0,0,0,0,0,0,"- ","- ",,,SONOMA,"SANTA ROSA",-122.76349639892578,38.425258636474609
8658112,2018,2018-09-24,4905,2018-07-25,1721,SR440,10604,3,5,6,4905,0,0,0,,0,004,"4TH ST","ROGERS WY",153.00,,N,A,-,N,,,,,,,,,,Y,3,0,1,1,A,-,08,22107,,N,E,I,A,A,H,-,A,D,0,,,,,Y,,A,01,0,1,0,0,0,0,0,0,0,"- ","- ",,,SONOMA,"SANTA ROSA",-122.69261169433594,38.450199127197266
8659693,2018,2018-07-13,4908,2018-06-16,1726,3251,10,6,5,5,4908,0,0,0,,0,004,"EAST WASHINGTON ST","MARIA DR",0.00,,Y,A,-,N,,,,,,,,,,N,3,0,1,2,A,-,09,21801,A,N,D,G,A,A,H,-,A,A,0,,Y,,,Y,,A,01,0,1,0,0,0,0,1,0,0,"- ","- ",38.252651214599609,-122.62287139892578,SONOMA,PETALUMA,-122.62277221679688,38.252620697021484
8677030,2018,2018-10-17,4902,2018-08-10,0858,351,,5,5,2,4902,0,0,0,,0,,"OLD REDWOOD HWY","LA PLAZA N",0.00,,Y,A,-,N,,,,,,,,,,N,3,0,1,2,A,-,10,21950,A,N,G,B,B,A,H,-,A,D,0,Y,,,,Y,,A,01,0,1,0,0,1,0,0,0,0,"- ","- ",,,SONOMA,COTATI,-122.70706939697266,38.327388763427734
8683638,2018,2018-10-09,4908,2018-08-14,0921,3367,5,2,5,5,4908,0,0,0,,0,003,"WEST ST","PETALLUMA BLVD N",3.00,W,N,B,-,N,,,,,,,,,,N,4,0,1,2,A,-,05,21650,1,N,D,G,A,A,H,-,A,D,0,,Y,,,Y,,L,04,0,0,1,0,0,0,1,0,0,"- ","- ",38.241950988769531,-122.64386749267578,SONOMA,PETALUMA,-122.64391326904297,38.241996765136719
8688615,2018,2018-09-14,4904,2018-08-14,1230,529,4929,2,5,4,4904,0,0,0,,0,002,"STATE FARM DR","COMMERCE BL",230.00,E,N,A,-,N,,,,,,,,,,N,4,0,1,2,A,-,08,22102,,N,D,C,A,A,H,-,A,D,0,,,,,Y,,A,01,0,0,1,0,0,0,0,0,0,"- ","- ",38.357490539550781,-122.71248626708984,SONOMA,"ROHNERT PARK",-122.71174621582031,38.357425689697266
8695384,2018,2018-09-21,4905,2018-07-20,1759,SR408,10603,5,5,6,4905,0,0,0,,0,003,"WEST COLLEGE AV","CLOVER DR",175.00,E,N,A,-,N,,,,,,,,,,Y,3,0,2,3,A,-,03,22350,,N,C,C,A,A,H,-,A,D,0,,,,,Y,,D,22,0,1,1,0,0,0,0,0,0,"- ","- ",,,SONOMA,"SANTA ROSA",-122.73882293701172,38.445457458496094
8695395,2018,2018-09-24,4905,2018-08-21,1507,SR413,10602,2,5,6,4905,0,0,0,,0,002,"MONTGOMERY DR","2ND ST",0.00,,Y,A,-,N,,,,,,,,,,Y,4,0,2,2,A,-,09,21801,A,N,D,C,A,A,H,-,A,D,0,,,,,Y,,D,22,0,0,2,0,0,0,0,0,0,"- ","- ",,,SONOMA,"SANTA ROSA",-122.70448303222656,38.442909240722656
8695699,2018,2018-09-24,4905,2018-08-27,1425,SR331,10602,1,5,6,4905,0,0,0,,0,002,"MENDOCINO AV","FOUNTAINGROVE PKWY",454.00,S,N,A,-,N,,,,,,,,,,Y,4,0,3,2,A,-,08,22107,,N,D,C,A,A,H,-,A,D,0,,,,,Y,,A,01,0,0,3,0,0,0,0,0,0,"- ","- ",,,SONOMA,"SANTA ROSA",-122.72746276855469,38.473915100097656
8695715,2018,2018-09-24,4905,2018-08-28,1724,SR8921,10607,2,5,6,4905,0,0,0,,0,007,"STONY POINT RD","CAMPBELL DR",0.00,,Y,A,-,N,,,,,,,,,,Y,3,0,1,2,A,-,09,21801,A,N,B,C,A,A,H,-,A,D,0,,,,,Y,,A,01,0,1,0,0,0,0,0,0,0,"- ","- ",,,SONOMA,"SANTA ROSA",-122.74041748046875,38.419910430908203
8695751,2018,2018-09-28,4905,2018-08-12,1513,SR408,10603,7,5,6,4905,0,0,0,,0,003,"FULTON RD","WEST COLLEGE AV",10.00,N,N,A,-,N,,,,,,,,,,Y,3,0,1,2,A,-,21,22106,,N,C,C,A,A,H,-,A,A,0,,,Y,,Y,,A,01,0,1,0,0,0,0,0,0,1,"- ","- ",,,SONOMA,"SANTA ROSA",-122.76963806152344,38.445358276367188
8695755,2018,2018-09-28,4905,2018-08-13,1013,SR284,2,1,5,6,4905,0,0,0,,0,001,"D ST","4TH ST",0.00,,Y,A,-,N,,,,,,,,,,N,3,0,1,2,A,-,09,21801,A,N,D,G,A,A,H,-,A,A,0,,Y,,,Y,,A,07,0,1,0,0,0,0,1,0,0,"- ","- ",,,SONOMA,"SANTA ROSA",-122.71240234375,38.441230773925781