CASE_ID,ACCIDENT_YEAR,PROC_DATE,JURIS,COLLISION_DATE,COLLISION_TIME,OFFICER_ID,REPORTING_DISTRICT,DAY_OF_WEEK,CHP_SHIFT,POPULATION,CNTY_CITY_LOC,SPECIAL_COND,BEAT_TYPE,CHP_BEAT_TYPE,CITY_DIVISION_LAPD,CHP_BEAT_CLASS,BEAT_NUMBER,PRIMARY_RD,SECONDARY_RD,DISTANCE,DIRECTION,INTERSECTION,WEATHER_1,WEATHER_2,STATE_HWY_IND,CALTRANS_COUNTY,CALTRANS_DISTRICT,STATE_ROUTE,ROUTE_SUFFIX,POSTMILE_PREFIX,POSTMILE,LOCATION_TYPE,RAMP_INTERSECTION,SIDE_OF_HWY,TOW_AWAY,COLLISION_SEVERITY,NUMBER_KILLED,NUMBER_INJURED,PARTY_COUNT,PRIMARY_COLL_FACTOR,PCF_CODE_OF_VIOL,PCF_VIOL_CATEGORY,PCF_VIOLATION,PCF_VIOL_SUBSECTION,HIT_AND_RUN,TYPE_OF_COLLISION,MVIW,PED_ACTION,ROAD_SURFACE,ROAD_COND_1,ROAD_COND_2,LIGHTING,CONTROL_DEVICE,CHP_ROAD_TYPE,PEDESTRIAN_ACCIDENT,BICYCLE_ACCIDENT,MOTORCYCLE_ACCIDENT,TRUCK_ACCIDENT,NOT_PRIVATE_PROPERTY,ALCOHOL_INVOLVED,STWD_VEHTYPE_AT_FAULT,CHP_VEHTYPE_AT_FAULT,COUNT_SEVERE_INJ,COUNT_VISIBLE_INJ,COUNT_COMPLAINT_PAIN,COUNT_PED_KILLED,COUNT_PED_INJURED,COUNT_BICYCLIST_KILLED,COUNT_BICYCLIST_INJURED,COUNT_MC_KILLED,COUNT_MC_INJURED,PRIMARY_RAMP,SECONDARY_RAMP,LATITUDE,LONGITUDE,COUNTY,CITY,POINT_X,POINT_Y
90230726,2016,2016-07-26,9360,2016-07-15,0210,020522,,5,3,9,4900,0,3,5,,2,004,"HOLLAND DR","BENNETT RIDGE RD",10560.00,S,N,A,-,N,,,,,,,,,,Y,3,0,1,1,A,-,01,23152,A,N,E,I,A,A,H,-,D,D,0,,,,,Y,Y,A,01,0,1,0,0,0,0,0,0,0,"- ","- ",38.429499999999997,-122.6807,SONOMA,UNINCORPORATED,,
90231547,2016,2016-07-27,9325,2016-07-09,1240,018599,,6,1,9,4900,0,1,3,,1,053,SR-116,"E. BONNESS RD",0.00,,Y,A,-,Y,,,116,,,,,,,Y,4,0,1,2,A,-,09,21802,A,N,D,C,A,A,H,-,A,A,0,,,,,Y,,A,07,0,0,1,0,0,0,0,0,0,"- ","- ",38.245550000000001,-122.46971000000001,SONOMA,UNINCORPORATED,-122.46956084,38.245856170000003
90231869,2016,2016-07-27,9350,2016-07-21,1530,015765,,4,2,9,4900,0,1,3,,2,237,"SR-37 W/B","NOBLE RD",150.00,W,N,A,-,Y,,,37,,,,,,W,Y,4,0,1,2,A,-,03,22350,,N,C,C,A,A,H,-,A,D,0,,,,,Y,,A,01,0,0,1,0,0,0,0,0,0,"- ","- ",38.154690000000002,-122.42306000000001,SONOMA,UNINCORPORATED,-122.42306576999999,38.154749340000002
90233400,2016,2016-07-29,9360,2016-07-17,1415,020085,,7,2,9,4900,0,1,3,,1,013,"SR-116 W/B","GIOVANETTI RD",1320.00,W,N,A,-,Y,,,116,,,,,,W,Y,3,0,1,1,A,-,08,22107,,N,E,I,A,A,H,-,A,D,0,,,,,Y,,A,01,0,1,0,0,0,0,0,0,0,"- ","- ",38.47222,-122.91016999999999,SONOMA,UNINCORPORATED,-122.91012944000001,38.472460429999998
90233731,2016,2016-07-29,9360,2016-07-19,0840,011631,,2,1,9,4900,0,1,2,,1,060,"US-101 SOUTHBOUND","THE KASTANIA ROAD OVERCROSSING",197.00,S,N,A,-,Y,,,101,,,,,,S,Y,4,0,1,3,A,-,03,22350,,N,C,C,A,A,D,-,A,D,0,,,,,Y,,D,22,0,0,1,0,0,0,0,0,0,"- ","- ",38.22034,-122.60693999999999,SONOMA,UNINCORPORATED,-122.60696625,38.220301450000001
90236990,2016,2016-08-11,9360,2016-02-14,0108,018482,,7,3,9,4900,0,1,3,,1,053,"SR-116 (GRAVENSTEIN HWY)","OLD GRAVENSTEIN HWY",0.00,,Y,A,-,Y,,,,,,,,,,Y,1,1,0,1,A,-,08,22107,,N,F,A,A,A,H,-,D,D,0,,,Y,,Y,,C,02,0,0,0,0,0,0,0,1,0,"- ","- ",38.229840000000003,-122.47329000000001,SONOMA,UNINCORPORATED,,
90237924,2016,2016-08-04,9360,2016-07-24,1958,018196,,7,2,6,4905,0,3,5,,2,003,"OCCIDENTAL ROAD","MERCED AVE",70.00,W,N,A,-,Y,,,,,,,,,,Y,4,0,1,1,A,-,08,22107,,M,F,A,A,A,H,-,A,D,0,,,,,Y,Y,D,22,0,0,1,0,0,0,0,0,0,"- ","- ",38.423760000000001,-122.77898,SONOMA,"SANTA ROSA",-122.77898267,38.423650690000002
90240049,2016,2016-08-08,9360,2016-07-22,1740,020369,,5,2,5,4908,0,1,2,,1,060,"US-101 N/B","LAKEVILLE RD",528.00,S,N,A,-,Y,,,101,,,,,,N,Y,4,0,2,3,A,-,03,22350,,N,C,C,A,A,D,-,A,D,0,,,,,Y,,A,01,0,0,2,0,0,0,0,0,0,"- ","- ",38.230989999999998,-122.61672,SONOMA,PETALUMA,-122.61664089,38.231029020000001
90240996,2016,2016-08-09,9360,2016-07-27,0143,020329,,3,3,5,4908,0,1,2,,1,060,"US-101 N/B","OLD REDWOOD HWY",7920.00,S,N,A,-,Y,,,101,,,,,,N,Y,4,0,1,1,A,-,08,22107,,N,E,I,A,A,H,-,D,D,0,,,,,Y,,A,01,0,0,1,0,0,0,0,0,0,"- ","- ",38.25562,-122.64437,SONOMA,PETALUMA,-122.64436938999999,38.255621089999998
90242042,2016,2016-08-10,9360,2016-07-31,2345,020038,,7,3,9,4900,0,1,2,,2,020,"US-101 S/B","LYTTON SPRINGS RD",3696.00,N,N,B,-,Y,,,101,,,,,,S,Y,4,0,1,1,A,-,08,22107,,N,E,I,A,A,H,-,D,D,0,,,,,Y,,A,01,0,0,1,0,0,0,0,0,0,"- ","- ",38.669840000000001,-122.87935,SONOMA,UNINCORPORATED,-122.87914657,38.669968590000003
90242267,2016,2016-08-10,9360,2016-08-01,1700,013268,,1,2,9,4900,0,1,3,,1,013,"SR-116 (MAIN STREET)","CHURCH STREET",25.00,S,N,A,-,N,,,116,,,,,,,Y,4,0,1,2,A,-,03,22350,,N,C,C,A,A,H,-,A,A,0,,,,,Y,,A,01,0,0,1,0,0,0,0,0,0,"- ","- ",38.50197,-122.99888,SONOMA,UNINCORPORATED,-122.99888047,38.502006590000001
90242329,2016,2016-08-10,9360,2016-08-03,0302,018482,,3,3,9,4900,0,3,5,,2,003,"WESTSIDE RD","WOHLER RD",5808.00,N,N,B,-,N,,,,,,,,,,Y,4,0,1,1,A,-,01,23152,A,N,E,I,A,A,H,-,D,D,0,,,,,Y,Y,A,01,0,0,1,0,0,0,0,0,0,"- ","- ",38.519910000000003,-122.88552,SONOMA,UNINCORPORATED,-122.88624713,38.519730250000002
90244121,2016,2016-08-12,9360,2016-08-05,1540,018859,,5,2,9,4900,0,2,4,,1,034,"GUERNEVILLE ROAD","LAGUNA ROAD",0.00,,Y,A,-,N,,,,,,,,,,Y,4,0,1,2,A,-,09,21801,A,N,D,C,A,A,H,-,A,A,0,,,,,Y,,D,22,0,0,1,0,0,0,0,0,0,"- ","- ",38.451070000000001,-122.84681,SONOMA,UNINCORPORATED,-122.84680994999999,38.451029890000001
90249230,2016,2016-08-22,9360,2016-08-04,1720,018667,,4,2,3,4980,0,1,2,,2,030,"US-101 S/B","ARATA LANE OVER-CROSSING",0.00,N,N,A,-,Y,,,101,,,,,,S,Y,4,0,1,2,A,-,04,21703,,N,C,C,A,A,H,-,A,D,0,,,,,Y,Y,A,01,0,0,1,0,0,0,0,0,0,"- ","- ",38.561790000000002,-122.82317999999999,SONOMA,WINDSOR,-122.82316706,38.561801869999996
90250802,2016,2016-08-23,9360,2016-08-13,2145,020905,,6,2,5,4908,0,1,2,,1,060,"US-101 N/B FROM E. WASHINGTON ON RAMP","US-101 N/B",368.00,E,N,A,-,Y,,,101,,,,R,,N,N,4,0,1,2,A,-,03,22350,,M,C,C,A,A,H,-,C,D,0,,,,,Y,,-,99,0,0,1,0,0,0,0,0,0,"- ","- ",38.247810000000001,-122.62676,SONOMA,PETALUMA,-122.62676,38.247810000000001
90256412,2016,2016-08-30,9360,2016-08-15,1555,020266,,1,2,9,4900,0,1,2,,1,060,"US-101 N/B","SAN ANTONIO RD",500.00,S,N,A,-,Y,,,101,,,,,,N,Y,4,0,1,2,A,-,03,22350,,N,C,C,A,A,H,-,A,D,0,,,,,Y,,A,01,0,0,1,0,0,0,0,0,0,"- ","- ",38.185859999999998,-122.60073,SONOMA,UNINCORPORATED,-122.60076673,38.185857800000001
90258399,2016,2016-08-31,9360,2016-08-20,1905,018859,,6,2,9,4900,0,2,4,,1,038,"BODEGA HIGHWAY","BOHEMIAN HIGHWAY",0.00,,Y,A,-,N,,,,,,,,,,Y,2,0,1,2,A,-,09,21801,A,N,D,C,A,A,H,-,A,A,0,,,,,Y,,A,01,1,0,0,0,0,0,0,0,0,"- ","- ",38.373190000000001,-122.91074999999999,SONOMA,UNINCORPORATED,-122.91071988,38.373169900000001
90258549,2016,2016-09-01,9360,2016-08-23,0830,020764,,2,1,9,4900,0,1,3,,1,041,SR-12,"DUNBAR RD",2640.00,W,N,A,-,Y,,,12,,,,,,,N,4,0,1,2,A,-,03,22350,,N,C,C,A,A,H,-,A,D,0,,,,,Y,,A,01,0,0,1,0,0,0,0,0,0,"- ","- ",38.397320000000001,-122.53597000000001,SONOMA,UNINCORPORATED,-122.53593248999999,38.397363650000003
90259329,2016,2016-09-01,9360,2016-08-26,2230,020803,,5,3,9,4900,0,1,3,,1,061,SR-1,"FORT ROSS RD",2820.00,S,N,A,-,Y,,,1,,,,,,,Y,4,0,1,1,A,-,08,22107,,N,E,I,A,A,H,-,D,D,0,,,,,Y,,A,01,0,0,1,0,0,0,0,0,0,"- ","- ",38.514749999999999,-123.23775999999999,SONOMA,UNINCORPORATED,-123.23775909,38.514752639999998
90262481,2016,2016-09-07,9360,2016-08-17,1650,013268,,3,2,9,4900,0,3,5,,2,005,"MAGNOLIA AVENUE","MARSHALL AVENUE",0.00,,Y,A,-,N,,,,,,,,,,Y,4,0,2,3,A,-,09,21801,A,N,D,C,A,A,H,-,A,A,0,,,,,Y,,A,01,0,0,2,0,0,0,0,0,0,"- ","- ",38.248710000000003,-122.66766,SONOMA,UNINCORPORATED,-122.66759987,38.24869992
90266540,2016,2016-09-13,9360,2016-08-20,1655,020369,,6,2,9,4900,0,3,5,,2,005,"D ST","WINDSOR DR",6864.00,W,N,A,-,N,,,,,,,,,,Y,2,0,2,2,A,-,03,22350,,N,E,I,A,A,H,-,A,D,0,,,Y,,Y,,C,02,1,1,0,0,0,0,0,0,2,"- ","- ",38.201270000000001,-122.64073999999999,SONOMA,UNINCORPORATED,-122.64264702,38.204378910000003
90267419,2016,2016-09-14,9360,2016-09-05,1620,018828,,1,2,6,4905,0,1,2,,2,040,"US-101 N/B TO YOLANDA AVE","SANTA ROSA AVE",50.00,W,N,A,-,Y,,,101,,,,R,,N,N,4,0,3,2,A,-,03,22350,,N,C,C,A,A,H,-,A,D,0,,,,,Y,,A,01,0,0,3,0,0,0,0,0,0,"- ","- ",38.413170000000001,-122.71384999999999,SONOMA,"SANTA ROSA",-122.71384999999999,38.413170000000001
90267864,2016,2016-09-14,9360,2016-09-05,1120,013838,,1,1,6,4905,0,1,2,,2,040,"US-101 N/B FROM YOLANDA AVE.","HEARN AVE",400.00,S,N,A,-,Y,,,101,,,,R,,N,N,3,0,1,1,A,-,08,22107,,N,E,I,A,A,H,-,A,D,0,,,Y,,Y,,C,02,0,1,0,0,0,0,0,0,1,"- ","- ",38.413519999999998,-122.71572,SONOMA,"SANTA ROSA",-122.71572,38.413519999999998
90268335,2016,2016-09-15,9360,2016-09-07,1255,013440,9360,3,1,9,4900,0,1,3,,1,037,SR-116,"GREEN VALLEY RD",0.00,,Y,A,-,Y,,,116,,,,,,,Y,3,0,1,2,A,-,12,22450,A,N,D,C,A,A,H,-,A,A,0,,,,,Y,,A,01,0,1,0,0,0,0,0,0,0,"- ","- ",38.445740000000001,-122.86653,SONOMA,UNINCORPORATED,-122.86668862000001,38.445701659999997
90268506,2016,2016-09-15,9350,2016-09-11,1700,018797,,7,2,9,4900,0,1,3,,2,137,"SR-37 E/B",SR-121,528.00,W,N,A,-,Y,,,37,,,,,,E,Y,4,0,2,3,A,-,03,22350,,N,C,C,A,A,H,-,A,D,0,,,,,Y,,A,08,0,0,2,0,0,0,0,0,0,"- ","- ",38.1496,-122.45144999999999,SONOMA,UNINCORPORATED,-122.45145904,38.14961229
90271090,2016,2016-09-20,9360,2016-09-06,1730,016652,,2,2,9,4900,0,1,2,,2,030,"US-101 N/B","RIVER ROAD",5280.00,S,N,A,-,Y,,,101,,,,,,N,Y,4,0,2,4,A,-,07,21658,A,N,B,C,A,A,H,-,A,D,0,,,,,Y,,D,22,0,0,2,0,0,0,0,0,0,"- ","- ",38.4846,-122.74008000000001,SONOMA,UNINCORPORATED,-122.73997283999999,38.48475097
90271842,2016,2016-09-20,9360,2016-09-09,1400,021195,,5,2,9,4900,0,3,5,,2,003,"CAZADERO HWY","CAMP THAYER RD",1056.00,N,N,A,-,N,,,,,,,,,,Y,3,0,1,1,A,-,01,23152,A,N,E,I,A,A,H,-,A,D,0,,,,,Y,Y,A,07,0,1,0,0,0,0,0,0,0,"- ","- ",38.491010000000003,-123.0658,SONOMA,UNINCORPORATED,-123.0653719,38.490881420000001
90272819,2016,2016-09-21,9360,2016-09-11,0420,020905,,7,3,9,4900,0,1,2,,2,020,"US-101 S/B","LYTTON SPRINGS RD",2656.00,S,N,B,-,Y,,,101,,,,,,S,Y,3,0,1,1,A,-,01,23152,A,N,E,I,A,A,H,-,D,D,0,,,,,Y,Y,A,01,0,1,0,0,0,0,0,0,0,"- ","- ",38.652590000000004,-122.87196,SONOMA,UNINCORPORATED,-122.87170302,38.652615410000003
90273126,2016,2016-09-21,9360,2016-09-12,0820,013440,9360,1,1,9,4900,0,1,2,,2,030,"US 101 (SOUNTHBOUND)","RIVER RD.",1056.00,N,N,B,-,Y,,,,,,,,,,N,4,0,2,2,A,-,03,22350,,N,C,C,A,A,H,-,A,D,0,,,,,Y,,A,01,0,0,2,0,0,0,0,0,0,"- ","- ",38.499949999999998,-122.76099000000001,SONOMA,UNINCORPORATED,-122.75914871000001,38.49811467
90273677,2016,2016-09-22,9360,2016-08-25,1230,016577,,4,1,9,4900,0,1,3,,1,053,SR-116,"LONE PINE RD.",97.00,E,N,A,-,Y,,,116,,,,,,,Y,4,0,1,2,A,-,09,21801,A,N,A,C,A,A,H,-,A,A,0,,,,,Y,,A,01,0,0,1,0,0,0,0,0,0,"- ","- ",38.364989999999999,-122.78099,SONOMA,UNINCORPORATED,-122.7810064,38.364971930000003
90273818,2016,2016-09-22,9360,2016-09-16,1930,018196,,5,2,6,4905,0,1,2,,2,040,"US-101 S/B","HEARN AVE",2112.00,S,N,A,-,Y,,,101,,,,,,S,Y,4,0,1,1,A,-,08,22107,,N,E,I,A,A,H,-,A,D,0,,,,,Y,,A,01,0,0,1,0,0,0,0,0,0,"- ","- ",38.408470000000001,-122.71628,SONOMA,"SANTA ROSA",-122.71618287,38.408469510000003
90273866,2016,2016-09-22,9360,2016-09-15,1505,021195,,4,2,9,4900,0,2,4,,1,054,"BODEGA AVE","SPRING HILL RD",0.00,,N,A,-,N,,,,,,,,,,Y,4,0,3,2,A,-,08,22107,,N,D,C,A,A,H,-,A,D,0,,,,,Y,,A,07,0,0,3,0,0,0,0,0,0,"- ","- ",38.257730000000002,-122.77865,SONOMA,UNINCORPORATED,-122.77963986,38.257689980000002
90277150,2016,2016-09-27,9360,2016-09-17,1525,020369,,6,2,5,4908,0,1,2,,1,060,"US-101 N/B","E. WASHINGTON ST",3168.00,N,N,A,-,Y,,,101,,,,,,N,Y,4,0,3,4,A,-,03,22350,,N,C,C,A,A,H,-,A,D,0,,,,,Y,,A,07,0,0,3,0,0,0,0,0,0,"- ","- ",38.251890000000003,-122.63718,SONOMA,PETALUMA,-122.63719307,38.251864730000001
90278311,2016,2016-09-28,9325,2016-09-24,1445,017659,,6,2,9,4900,0,1,3,,1,072,SR-121,"8TH ST EAST",528.00,S,N,A,-,Y,,,121,,,,,,,N,4,0,1,2,A,-,21,22106,,N,C,C,A,A,H,-,A,D,0,,,Y,,Y,,D,22,0,0,1,0,0,0,0,0,1,"- ","- ",38.245910000000002,-122.43915,SONOMA,UNINCORPORATED,-122.43915633,38.245954009999998
90279260,2016,2016-09-29,9360,2016-09-26,1410,015552,,1,2,9,4900,0,1,3,,1,063,SR-1,"VIKING STRAND",429.00,N,N,A,-,Y,,,1,,,,,,,Y,2,0,1,1,A,-,08,22107,,N,F,I,A,A,H,-,A,D,0,,,,,Y,,A,01,1,0,0,0,0,0,0,0,0,"- ","- ",38.375259999999997,-123.07771,SONOMA,UNINCORPORATED,-123.07769707999999,38.375260519999998
90279276,2016,2016-09-29,9360,2016-09-28,1330,016652,,3,1,9,4900,0,2,4,,1,054,"BODEGA AVE","MONTE VISTA LN",0.00,,Y,A,-,N,,,,,,,,,,Y,4,0,1,2,A,-,09,21801,A,N,A,C,A,A,D,-,A,D,0,,,,,Y,,D,22,0,0,1,0,0,0,0,0,0,"- ","- ",38.256839999999997,-122.70728,SONOMA,UNINCORPORATED,-122.70714988,38.256819929999999
90284968,2016,2016-10-05,9360,2016-10-03,0840,019046,,1,1,4,4904,0,1,2,,2,050,"US-101 S/B","SR-116 GRAVENSTEIN HWY",500.00,N,N,B,C,Y,,,101,,,,,,S,Y,4,0,1,2,A,-,03,22350,,N,C,C,A,B,H,-,A,D,0,,,,,Y,,D,22,0,0,1,0,0,0,0,0,0,"- ","- ",38.336100000000002,-122.71296,SONOMA,"ROHNERT PARK",-122.71290435,38.336100340000002
90286146,2016,2016-10-06,9360,2016-10-03,0740,013440,9360,1,1,6,4905,0,1,2,,2,040,"US-101 (SOUTHBOUND)","5TH ST. UNDERCROSSING",200.00,N,N,C,-,Y,,,101,,,,,,,Y,4,0,1,2,A,-,03,22350,,N,C,C,A,B,H,-,A,D,0,,,,,Y,,A,01,0,0,1,0,0,0,0,0,0,"- ","- ",38.439030000000002,-122.71935999999999,SONOMA,"SANTA ROSA",-122.71938993000001,38.439009159999998
90286895,2016,2016-10-07,9360,2016-10-03,0730,021354,,1,1,3,4903,0,2,4,,1,012,"DRY CREEK RD","CANYON RD",5280.00,S,N,C,-,N,,,,,,,,,,Y,3,0,2,1,A,-,08,22107,,N,E,I,A,B,H,-,A,A,0,,,,,Y,,D,22,0,1,1,0,0,0,0,0,0,"- ","- ",38.687249999999999,-122.94629999999999,SONOMA,HEALDSBURG,-122.94644615999999,38.687471019999997
90293268,2016,2016-10-17,9360,2016-10-02,1540,020369,,7,2,5,4908,0,1,2,,1,060,"US-101 S/B","E.WASHINGTON ST",513.00,N,N,A,-,Y,,,101,,,,,,S,Y,3,0,3,5,A,-,08,22107,,F,B,C,A,A,H,-,A,D,0,,,,,Y,,-,99,0,1,2,0,0,0,0,0,0,"- ","- ",38.247599999999998,-122.62931,SONOMA,PETALUMA,-122.62931972,38.247581220000001
90293344,2016,2016-10-17,9360,2016-10-07,1525,018196,,5,2,9,4900,0,3,5,,2,005,"WEST AVENUE","LIANA DRIVE",505.00,N,N,A,-,Y,,,,,,,,,,N,4,0,2,3,A,-,11,21950,B,N,G,B,C,A,H,-,A,A,0,Y,,,,Y,,N,60,0,0,2,0,2,0,0,0,0,"- ","- ",38.420499999999997,-122.72790000000001,SONOMA,UNINCORPORATED,-122.72783606,38.420451460000002
90294471,2016,2016-10-18,9360,2016-10-03,0710,015812,,1,1,9,4900,0,3,5,,2,001,"WESTSIDE ROAD","MILL CREEK ROAD",2112.00,S,N,B,C,N,,,,,,,,,,Y,3,0,1,1,A,-,03,22350,,N,E,I,A,A,H,-,B,D,0,,,,,Y,,A,01,0,1,0,0,0,0,0,0,0,"- ","- ",38.589550000000003,-122.87987,SONOMA,UNINCORPORATED,-122.87983482,38.590150280000003
90294593,2016,2016-10-18,9360,2016-10-09,2334,019092,,7,3,9,4900,0,1,2,,1,060,"US-101 N/B","KASTANIA RD",1056.00,S,N,A,-,Y,,,101,,,,,,N,Y,4,0,1,1,A,-,01,23152,A,N,E,I,A,A,H,-,C,D,0,,,,,Y,Y,A,01,0,0,1,0,0,0,0,0,0,"- ","- ",38.218730000000001,-122.60466,SONOMA,UNINCORPORATED,-122.60469528,38.2186862
90295953,2016,2016-10-19,9360,2016-10-14,1632,020369,,5,2,9,4900,0,2,4,,1,052,"TODD RD","STONY POINT RD",0.00,,Y,B,-,N,,,,,,,,,,N,4,0,1,2,A,-,09,21801,A,N,F,A,A,A,H,-,A,A,0,,,Y,,Y,,A,01,0,0,1,0,0,0,0,0,1,"- ","- ",38.387090000000001,-122.74146,SONOMA,UNINCORPORATED,-122.74156994000001,38.38713997
90296676,2016,2016-10-20,9360,2016-10-19,1510,016652,,3,2,9,4900,0,2,4,,1,047,"LAKEVILLE RD",SR-37,501.00,N,N,A,-,N,,,,,,,,,,Y,4,0,1,2,A,-,03,22350,,N,C,C,A,A,H,-,A,D,0,,,,,Y,,A,01,0,0,1,0,0,0,0,0,0,"- ","- ",38.135539999999999,-122.47754999999999,SONOMA,UNINCORPORATED,-122.47732910000001,38.135343589999998
90310217,2016,2016-11-03,9325,2016-11-02,1730,015447,,3,2,9,4900,0,2,4,,1,064,"ARNOLD DR","CENTER STREET",40.00,N,N,A,-,N,,,,,,,,,,N,4,0,1,2,A,-,03,22350,,N,C,C,A,A,H,-,A,A,0,,,,,Y,,A,07,0,0,1,0,0,0,0,0,0,"- ","- ",38.297020000000003,-122.49092,SONOMA,UNINCORPORATED,-122.49094513999999,38.297050919999997
90318465,2016,2016-11-14,9360,2016-11-05,1220,019359,,6,1,6,4905,0,1,3,,1,051,"SR-12 E/B","FARMERS LN",800.00,W,N,A,-,Y,,,12,,,,,,E,N,4,0,1,2,A,-,03,22350,,N,C,C,A,A,H,-,A,A,0,,,,,Y,,A,01,0,0,1,0,0,0,0,0,0,"- ","- ",38.434699999999999,-122.68937,SONOMA,"SANTA ROSA",-122.68923233,38.435388379999999
9031968,2019,2020-02-12,4905,2019-11-04,1659,SR531,10609,1,5,6,4905,0,0,0,,0,009,"COLLEGE AV","HUMBOLDT ST",0.00,,Y,A,-,N,,,,,,,,,,Y,4,0,1,2,A,-,12,21453,A,M,D,C,A,A,H,-,C,A,0,,,,Y,Y,,F,26,0,0,1,0,0,0,0,0,0,"- ","- ",,,SONOMA,"SANTA ROSA",-122.71475219726562,38.445568084716797
9031998,2019,2020-02-15,4905,2019-12-21,0033,SR383,10607,6,5,6,4905,0,0,0,,0,007,"CHICO AV","SOUTH WRIGHT RD",0.00,,Y,E,-,N,,,,,,,,,,Y,4,0,1,2,A,-,03,22350,,M,C,C,A,A,H,-,D,D,0,,,,,Y,,D,22,0,0,1,0,0,0,0,0,0,"- ","- ",,,SONOMA,"SANTA ROSA",-122.76892852783203,38.422378540039062
90320910,2016,2016-11-16,9350,2016-11-03,2156,021418,,4,2,9,4900,0,1,3,,2,137,"SR-37 E/B","LAKEVILLE HWY",110.00,E,N,A,-,Y,,,37,,,,,,E,Y,2,0,4,1,A,-,01,23152,A,F,E,I,A,A,H,-,C,D,0,,,,,Y,Y,A,01,1,2,1,0,0,0,0,0,0,"- ","- ",38.134270000000001,-122.47604,SONOMA,UNINCORPORATED,-122.47598607,38.13418094
90324854,2016,2016-11-18,9325,2016-11-15,1910,015447,,2,2,9,4900,0,1,3,,1,063,SR-12,"WEST THOMPSON",20.00,E,N,B,-,Y,,,12,,,,,,,Y,4,0,1,3,A,-,03,22350,,N,C,C,A,A,H,-,C,A,0,,,,,Y,,A,01,0,0,1,0,0,0,0,0,0,"- ","- ",38.309440000000002,-122.47927,SONOMA,UNINCORPORATED,-122.4791905,38.309481820000002
90331792,2016,2016-11-29,9360,2016-11-21,1440,016652,,1,2,6,4905,0,1,2,,2,030,"US-101 S/B","STEELE LN",1584.00,N,N,A,-,Y,,,101,,,,,,S,Y,4,0,1,2,A,-,03,22350,,N,C,C,A,A,H,-,A,D,0,,,,,Y,,A,01,0,0,1,0,0,0,0,0,0,"- ","- ",38.463990000000003,-122.72683000000001,SONOMA,"SANTA ROSA",-122.72679314,38.463999690000001
90331815,2016,2016-11-29,9360,2016-11-16,1010,014455,,3,1,9,4900,0,1,3,,1,051,"SR-12 E/B","DUTTON AVE. U/C",600.00,W,N,A,-,Y,,,12,,,,,,E,N,4,0,2,3,A,-,07,21658,,N,C,C,A,A,H,-,A,D,0,,,,,Y,,A,07,0,0,2,0,0,0,0,0,0,"- ","- ",38.432650000000002,-122.72837,SONOMA,UNINCORPORATED,-122.72836827,38.432637560000003
90339158,2016,2016-12-07,9360,2016-12-06,1725,016045,,2,2,9,4900,0,1,3,,1,053,SR-116,"FREDRICKS RD",350.00,E,N,A,-,Y,,,116,,,,,,,Y,3,0,2,3,A,-,03,22350,,N,C,C,A,A,H,-,D,D,0,,,,,Y,,D,22,0,1,1,0,0,0,0,0,0,"- ","- ",38.373759999999997,-122.79058999999999,SONOMA,UNINCORPORATED,-122.79056982,38.373788470000001
90341998,2016,2016-12-12,9360,2016-12-01,1708,020326,,4,2,6,4905,0,1,3,,1,051,"SR-12 W/B",US-101,460.00,E,N,A,-,Y,,,12,,,,,,W,Y,4,0,1,3,A,-,03,22350,,N,C,C,A,A,H,-,B,D,0,,,,,Y,,A,07,0,0,1,0,0,0,0,0,0,"- ","- ",38.430999999999997,-122.71379,SONOMA,"SANTA ROSA",-122.71379174,38.430954499999999
90343716,2016,2016-12-13,9360,2016-12-03,2100,021195,,6,2,9,4900,0,3,5,,2,005,"LANGNER AVE","MILLBRAE AVE",1056.00,N,N,A,-,Y,,,,,,,,,,Y,4,0,1,3,A,-,05,21650,,F,B,C,A,A,H,-,D,D,0,,,,,Y,,-,99,0,0,1,0,0,0,0,0,0,"- ","- ",38.371670000000002,-122.72526000000001,SONOMA,UNINCORPORATED,-122.72523554999999,38.372420740000003
90345703,2016,2016-12-15,9325,2016-10-12,1252,017820,,3,1,9,4900,0,2,4,,1,055,"NAPA RD","DAVITTO RD",477.00,W,N,A,-,N,,,,,,,,,,Y,1,1,0,1,A,-,08,22107,,N,E,I,A,A,H,-,A,D,0,,,,,Y,,A,01,0,0,0,0,0,0,0,0,0,"- ","- ",38.262970000000003,-122.40293,SONOMA,UNINCORPORATED,,
90354704,2016,2016-12-27,9360,2016-12-21,1150,015812,,3,1,3,4903,0,1,2,,2,020,"US-101 N/B TO DRY CREEK ROAD","DRY CREEK ROAD",3.00,S,N,A,-,Y,,,101,,,,R,,N,N,4,0,1,2,A,-,21,22106,,N,C,C,A,A,H,-,A,A,0,,,,,Y,,A,07,0,0,1,0,0,0,0,0,0,"- ","- ",38.626190000000001,-122.87738,SONOMA,HEALDSBURG,-122.87738,38.626190000000001
90354981,2016,2016-12-27,9360,2016-12-18,0235,021005,,7,3,6,4905,0,1,3,,1,051,"SR-12 W/B","STONY POINT RD",300.00,E,N,A,-,Y,,,12,,,,,,W,Y,3,0,1,1,A,-,08,22107,,N,E,I,A,A,H,-,C,D,0,,,,,Y,,A,01,0,1,0,0,0,0,0,0,0,"- ","- ",38.430979999999998,-122.74063,SONOMA,"SANTA ROSA",-122.74063407,38.430995529999997