CASE_ID,ACCIDENT_YEAR,PROC_DATE,JURIS,COLLISION_DATE,COLLISION_TIME,OFFICER_ID,REPORTING_DISTRICT,DAY_OF_WEEK,CHP_SHIFT,POPULATION,CNTY_CITY_LOC,SPECIAL_COND,BEAT_TYPE,CHP_BEAT_TYPE,CITY_DIVISION_LAPD,CHP_BEAT_CLASS,BEAT_NUMBER,PRIMARY_RD,SECONDARY_RD,DISTANCE,DIRECTION,INTERSECTION,WEATHER_1,WEATHER_2,STATE_HWY_IND,CALTRANS_COUNTY,CALTRANS_DISTRICT,STATE_ROUTE,ROUTE_SUFFIX,POSTMILE_PREFIX,POSTMILE,LOCATION_TYPE,RAMP_INTERSECTION,SIDE_OF_HWY,TOW_AWAY,COLLISION_SEVERITY,NUMBER_KILLED,NUMBER_INJURED,PARTY_COUNT,PRIMARY_COLL_FACTOR,PCF_CODE_OF_VIOL,PCF_VIOL_CATEGORY,PCF_VIOLATION,PCF_VIOL_SUBSECTION,HIT_AND_RUN,TYPE_OF_COLLISION,MVIW,PED_ACTION,ROAD_SURFACE,ROAD_COND_1,ROAD_COND_2,LIGHTING,CONTROL_DEVICE,CHP_ROAD_TYPE,PEDESTRIAN_ACCIDENT,BICYCLE_ACCIDENT,MOTORCYCLE_ACCIDENT,TRUCK_ACCIDENT,NOT_PRIVATE_PROPERTY,ALCOHOL_INVOLVED,STWD_VEHTYPE_AT_FAULT,CHP_VEHTYPE_AT_FAULT,COUNT_SEVERE_INJ,COUNT_VISIBLE_INJ,COUNT_COMPLAINT_PAIN,COUNT_PED_KILLED,COUNT_PED_INJURED,COUNT_BICYCLIST_KILLED,COUNT_BICYCLIST_INJURED,COUNT_MC_KILLED,COUNT_MC_INJURED,PRIMARY_RAMP,SECONDARY_RAMP,LATITUDE,LONGITUDE,COUNTY,CITY,POINT_X,POINT_Y
92268151,2023,2023-12-21,9360,2023-12-08,1915,023271,,5,2,9,4900,0,3,5,,2,003,"FERGUSON RD","WINSBY ROAD",50.00,N,N,A,-,N,,,,,,,,,,Y,4,0,1,1,A,-,01,23152,A,N,E,8,A,A,H,-,D,D,0,,,,,Y,Y,A,07,0,0,1,0,0,0,0,0,0,"- ","- ",38.402629852294922,-122.86856079101562,SONOMA,UNINCORPORATED,,
92269002,2023,2023-12-22,9325,2023-12-03,"420 ",023280,,7,3,9,4900,0,1,3,,1,051,SR-121,"BONNEAU ROAD",10560.00,S,N,C,-,N,,,,,,,,,,N,4,0,1,1,A,-,01,23152,A,N,E,8,A,B,H,-,D,D,0,,,,,Y,Y,A,01,0,0,1,0,0,0,0,0,0,"- ","- ",38.20819091796875,-122.45311737060547,SONOMA,UNINCORPORATED,-122.45316314697266,38.208160400390625
92271007,2023,2023-12-26,9360,2023-12-16,1600,022257,,6,2,6,4905,0,1,3,,1,051,"SR-12 E/B TO FARMERS LN","FARMERS LANE",800.00,W,N,A,-,Y,SON,,12," ",T,17.493,H,,R,N,3,0,1,2,A,-,03,22350,,N,C,C,A,A,H,-,A,A,0,,,,,Y,,A,01,0,1,0,0,0,0,0,0,0,"- ","- ",38.435291290283203,-122.68871307373047,SONOMA,"SANTA ROSA",-122.68871307373047,38.435287475585938
92277713,2023,2024-01-24,9360,2023-12-15,2225,023438,,5,3,9,4900,0,1,3,,1,051,SR-12,"MERCED AVE",0.00,,Y,A,-,Y,SON,,12," "," ",12.085,H,,R,Y,4,0,1,2,A,-,09,21802,A,N,D,C,A,A,H,-,C,A,0,,,,,Y,Y,A,07,0,0,1,0,0,0,0,0,0,"- ","- ",38.421211242675781,-122.77864837646484,SONOMA,UNINCORPORATED,-122.77861785888672,38.421176910400391
92278010,2023,2024-01-03,9360,2023-12-23,1010,019794,,6,1,9,4900,0,1,2,,2,050,"US-101 S/B","GOLF COURSE DR",1320.00,N,N,A,-,Y,SON,,101," "," ",15.528,H,,L,Y,4,0,2,2,C,-,18,,,N,E,9,A,A,H,-,A,D,0,,,,,Y,,-,"- ",0,0,2,0,0,0,0,0,0,"- ","- ",38.371849060058594,-122.71440124511719,SONOMA,UNINCORPORATED,-122.71440887451172,38.371849060058594
92288905,2024,2024-01-17,9360,2024-01-09,1041,017693,,2,1,9,4900,0,2,4,,1,024,"PORTER CREEK ROAD","LOCH HAVEN DR",3168.00,E,N,B,C,N,,,,,,,,,,N,4,0,1,1,A,-,08,22107,,N,E,J,A,B,H,-,A,D,0,,,,,Y,,-,"- ",0,0,1,0,0,0,0,0,0,"- ","- ",38.551170349121094,-122.70260620117188,SONOMA,UNINCORPORATED,-122.70307922363281,38.551078796386719
92302236,2024,2024-01-31,9325,2024-01-22,"810 ",019329,,1,1,9,4900,0,1,3,,1,051,SR-121,"MEADOWLARK LN",1475.00,S,N,B,C,Y,SON,,121," "," ",5.463,H,,R,Y,2,0,1,1,A,-,03,22350,,N,E,I,A,B,H,-,A,D,0,,,,,Y,,A,01,1,0,0,0,0,0,0,0,0,"- ","- ",38.218898773193359,-122.45504760742188,SONOMA,UNINCORPORATED,-122.45512390136719,38.218883514404297
92310097,2024,2024-02-09,9360,2024-02-01,1930,016045,,4,2,9,4900,0,2,4,,1,043,"OLD REDWOOD HWY","HATCHERY RD",20.00,N,N,C,-,N,,,,,,,,,,Y,4,0,1,1,A,-,08,22107,,N,E,I,A,B,H,-,C,D,0,,,,,Y,,A,01,0,0,1,0,0,0,0,0,0,"- ","- ",38.28948974609375,-122.66655731201172,SONOMA,UNINCORPORATED,-122.66649627685547,38.289463043212891
92314681,2024,2024-02-15,9360,2024-02-09,"50  ",023017,,5,3,9,4900,0,1,2,,2,040,"US-101 N/B","TODD RD",4752.00,N,N,A,-,Y,SON,,101," "," ",17.355,H,,R,Y,3,0,1,1,A,-,08,22107,,N,E,8,A,A,H,-,C,D,0,,,,Y,Y,,F,26,0,1,0,0,0,0,0,0,0,"- ","- ",38.398109436035156,-122.71597290039062,SONOMA,UNINCORPORATED,-122.71600341796875,38.398109436035156
92316995,2024,2024-02-19,9360,2024-01-23,1435,020461,,2,2,6,4905,0,1,2,,2,040,"US-101 S/B","SR-12 W/B",800.00,N,N,A,-,Y,SON,,101," "," ",19.811,H,,L,Y,3,0,4,3,A,-,03,22350,,N,C,C,A,A,H,-,A,D,0,,,,,Y,,A,01,0,1,3,0,0,0,0,0,0,"- ","- ",38.433570861816406,-122.71640777587891,SONOMA,"SANTA ROSA",-122.71646118164062,38.433559417724609
92317325,2024,2024-02-19,9350,2024-02-10,1615,023669,,6,2,9,4900,0,1,3,,2,037,"SR-37 E/B","RECLAMATION RD.",40.00,W,N,A,-,Y,SON,,37," "," ",2.045,H,,R,Y,4,0,1,2,A,-,03,22350,,N,C,C,A,A,H,-,A,A,0,,,,,Y,,A,01,0,0,1,0,0,0,0,0,0,"- ","- ",38.133869171142578,-122.47653198242188,SONOMA,UNINCORPORATED,-122.47652435302734,38.133865356445312
92321844,2024,2024-02-23,9360,2024-02-14,1700,021540,,3,2,9,4900,0,2,4,,1,057,"PETALUMA BLVD N","CORONA RD",10.00,N,N,B,C,N,,,,,,,,,,N,4,0,1,1,A,-,01,23152,A,N,E,I,A,B,H,-,B,A,0,,,,,Y,Y,A,07,0,0,1,0,0,0,0,0,0,"- ","- ",38.2601318359375,-122.66072082519531,SONOMA,UNINCORPORATED,-122.66059112548828,38.260002136230469
92322797,2024,2024-02-26,9360,2024-02-16,1550,023667,,5,2,9,4900,0,1,3,,1,041,"SR-12 W/B","LAWNDALE RD",189.00,E,N,B,-,Y,SON,,12," "," ",25.596,H,,L,N,3,0,1,1,B,-,22,,,N,E,J,A,A,H,-,A,D,0,,Y,,,Y,,L,04,0,1,0,0,0,0,1,0,0,"- ","- ",38.429370880126953,-122.56355285644531,SONOMA,UNINCORPORATED,-122.5635986328125,38.429298400878906
92326518,2024,2024-02-29,9360,2024-02-21,1535,019359,,3,2,9,4900,0,3,5,,2,001,"SKAGGS SPRINGS RD","MARINA RD",355.00,W,N,B,-,N,,,,,,,,,,Y,4,0,1,1,A,-,08,22107,,N,E,8,A,B,H,-,A,D,0,,,,,Y,,A,01,0,0,1,0,0,0,0,0,0,"- ","- ",38.705448150634766,-123.01271820068359,SONOMA,UNINCORPORATED,,
92327719,2024,2024-03-01,9325,2024-02-22,"940 ",020356,,4,1,9,4900,0,2,4,,1,064,"ARNOLD DRIVE E/B","OLIVE AVENUE",265.00,W,N,A,-,N,,,,,,,,,,Y,3,0,1,1,A,-,08,22107,,N,E,I,A,A,H,-,A,D,0,,,,,Y,,D,22,0,1,0,0,0,0,0,0,0,"- ","- ",38.288600921630859,-122.49076080322266,SONOMA,UNINCORPORATED,-122.49082183837891,38.288608551025391
92331059,2024,2024-03-06,9360,2024-02-21,"712 ",016076,,3,1,9,4900,0,1,2,,2,050,"US 101 N/B","TODD RD O/C",391.00,S,N,B,C,Y,SON,,101," "," ",16.462,H,,R,Y,4,0,1,3,A,-,03,22350,,N,C,C,A,B,H,-,A,D,0,,,Y,,Y,Y,A,01,0,0,1,0,0,0,0,0,0,"- ","- ",38.385150909423828,-122.71611785888672,SONOMA,UNINCORPORATED,-122.71607971191406,38.385150909423828
92331534,2024,2024-03-06,9360,2024-02-28,1635,019083,,3,2,9,4900,0,1,3,,1,063,SR-1,"MPM 1 SON 7.55",250.00,N,N,A,-,Y,SON,,1," "," ",7.632,H,,R,Y,3,0,1,1,A,-,08,22107,,N,F,A,A,A,H,-,A,D,0,,,Y,,Y,,C,02,0,1,0,0,0,0,0,0,1,"- ","- ",38.323829650878906,-123.01174163818359,SONOMA,UNINCORPORATED,-123.01171112060547,38.323810577392578
92332171,2024,2024-03-07,9360,2024-02-28,"825 ",016524,,3,1,9,4900,0,1,3,,1,021,SR128,"GEYSERVILLE AVE",0.00,,Y,A,-,Y,SON,,128," "," ",4.871,H,,R,N,3,0,1,1,A,-,08,22107,,N,F,A,A,A,H,-,A,A,0,,,Y,,Y,,C,02,0,1,0,0,0,0,0,0,1,"- ","- ",38.706428527832031,-122.90413665771484,SONOMA,UNINCORPORATED,-122.90416717529297,38.70654296875
92332557,2024,2024-03-07,9360,2024-02-23,"730 ",023342,,5,1,9,4900,0,2,4,,1,032,"RIVER ROAD","ORCHARD RD",400.00,E,N,E,-,N,,,,,,,,,,Y,4,0,1,2,A,-,08,22100,B,N,B,C,A,A,H,-,A,D,0,,,,,Y,,D,22,0,0,1,0,0,0,0,0,0,"- ","- ",38.513359069824219,-122.98385620117188,SONOMA,UNINCORPORATED,-122.98499298095703,38.510795593261719
92339418,2024,2024-03-15,9360,2024-02-25,"245 ",023481,,7,3,9,4900,0,2,4,,1,034,"FULTON RD","B STREET",120.00,S,N,A,-,N,,,,,,,,,,Y,4,0,1,1,A,-,08,22107,,N,E,I,A,A,H,-,C,D,0,,,,,Y,,A,01,0,0,1,0,0,0,0,0,0,"- ","- ",38.4952392578125,-122.77020263671875,SONOMA,UNINCORPORATED,-122.77008819580078,38.495311737060547
92346286,2024,2024-03-25,9360,2024-02-21,"856 ",018497,,3,1,9,4900,0,2,4,,1,046,"BENNETT VALLEY ROAD","GRANGE ROAD",3432.00,N,N,B,-,N,,,,,,,,,,Y,2,0,2,1,A,-,08,22107,,N,E,I,A,B,H,-,A,D,0,,,,,Y,,D,22,2,0,0,0,0,0,0,0,0,"- ","- ",38.406768798828125,-122.64363861083984,SONOMA,UNINCORPORATED,-122.64340209960938,38.406467437744141
9234893,2020,2021-03-08,4905,2020-06-03,1414,1060316,,3,5,6,4905,0,0,0,,0,,"BROOKWOOD AV","5TH ST",0.00,,Y,A,-,N,,,,,,,,,,Y,4,0,1,2,A,-,01,23152,A,N,D,C,A,A,H,-,A,D,0,,,,,Y,Y,A,01,0,0,1,0,0,0,0,0,0,"- ","- ",,,SONOMA,"SANTA ROSA",-122.70771789550781,38.444320678710938
92350630,2024,2024-03-29,9360,2024-03-28,1730,016045,,4,2,9,4900,0,3,5,,2,005,"SCENIC AVE","LANGNER AVE",0.00,,Y,A,-,N,,,,,,,,,,Y,4,0,1,2,A,-,09,21804,A,N,D,C,A,A,H,-,A,A,0,,,,,Y,,A,01,0,0,1,0,0,0,0,0,0,"- ","- ",38.376270294189453,-122.72531890869141,SONOMA,UNINCORPORATED,-122.72528839111328,38.376270294189453
92355978,2024,2024-04-04,9360,2024-02-21,"730 ",022267,,3,1,4,4904,0,1,2,,2,050,"US-101 NB","GOLF COURSE DRIVE",120.00,N,N,B,-,Y,SON,,101," "," ",14.931,H,,R,Y,4,0,1,2,A,-,03,22350,,N,C,C,A,B,H,-,A,D,0,,,,,Y,,A,07,0,0,1,0,0,0,0,0,0,"- ","- ",38.363739013671875,-122.71259307861328,SONOMA,"ROHNERT PARK",-122.71261596679688,38.363742828369141
92357004,2024,2024-04-05,9360,2024-03-28,1315,023342,,4,1,9,4900,0,3,5,,2,005,"HALL ROAD","COUNTRY CLUB DR",26.00,W,N,A,-,N,,,,,,,,,,Y,4,0,1,2,A,-,03,22350,,N,C,C,A,A,H,-,A,A,0,,,,,Y,,-,"- ",0,0,1,0,0,0,0,0,0,"- ","- ",38.437908172607422,-122.80146789550781,SONOMA,UNINCORPORATED,-122.80136108398438,38.437919616699219
92362103,2024,2024-04-11,9360,2024-03-31,"16  ",023017,,7,3,6,4905,0,1,2,,2,040,"US-101 N/B","BAKER AVE",1056.00,N,N,B,-,Y,SON,,101," "," ",18.839,H,,R,N,4,0,1,2,A,-,03,22350,,M,C,C,A,A,H,-,C,D,0,,,,,Y,,-,99,0,0,1,0,0,0,0,0,0,"- ","- ",38.419681549072266,-122.71562957763672,SONOMA,"SANTA ROSA",-122.71564483642578,38.419681549072266
92366350,2024,2024-04-17,9350,2024-04-12,1430,019150,,5,2,9,4900,0,1,3,,2,237,"SR-37 E/B","NOBLE RD",2640.00,E,N,B,-,Y,SON,,37," ",R,5.893,H,,R,Y,4,0,2,2,A,-,04,21703,,N,C,C,A,A,H,-,A,D,0,,,,,Y,,D,22,0,0,2,0,0,0,0,0,0,"- ","- ",38.155651092529297,-122.41349029541016,SONOMA,UNINCORPORATED,-122.41349029541016,38.1556396484375
92372283,2024,2024-04-22,9360,2024-04-11,1920,023631,,4,2,9,4900,0,1,2,,2,040,"US-101 SOUTHBOUND","COLLEGE AVE",2826.00,S,N,A,-,Y,SON,,101," "," ",20.221,H,,L,Y,3,0,1,2,A,-,03,22350,,N,C,C,A,A,H,-,B,D,0,,,Y,,Y,,C,02,0,1,0,0,0,0,0,0,1,"- ","- ",38.438838958740234,-122.71929931640625,SONOMA,UNINCORPORATED,-122.71927642822266,38.438850402832031
92376392,2024,2024-04-29,9360,2024-04-19,"355 ",023441,,5,3,9,4900,0,3,5,,2,003,"US-101 SOUTHBOUND","SOUTH CLOVERDALE BOULEVARD",3710.00,S,N,A,-,Y,SON,,101," ",R,49.498,H,,L,Y,4,0,1,1,A,-,08,22107,,N,E,I,A,A,H,-,D,D,0,,,,,Y,,A,08,0,0,1,0,0,0,0,0,0,"- ","- ",38.772720336914062,-122.99944305419922,SONOMA,UNINCORPORATED,-122.9993896484375,38.772747039794922
92384186,2024,2024-05-07,9360,2024-04-28,1500,017693,,7,2,9,4900,0,1,3,,1,063,SR-1,"BAY HILL RD",154.00,S,N,B,-,Y,SON,,1," "," ",11.263,H,,R,N,4,0,1,3,A,-,03,22350,,N,C,C,A,A,H,-,A,D,0,,,Y,,Y,,A,08,0,0,1,0,0,0,0,0,1,"- ","- ",38.340438842773438,-123.04766845703125,SONOMA,UNINCORPORATED,-123.04767608642578,38.340423583984375
92384621,2024,2024-05-08,9360,2024-04-26,1646,021540,,5,2,9,4900,0,2,4,,1,047,"LAKEVILLE HWY",SR-37,5280.00,W,N,A,-,N,,,,,,,,,,Y,3,0,4,3,A,-,03,22350,,N,C,C,A,A,H,-,A,D,0,,,,,Y,,A,07,0,2,2,0,0,0,0,0,0,"- ","- ",38.147148132324219,-122.48612213134766,SONOMA,UNINCORPORATED,-122.47679138183594,38.140110015869141
92384654,2024,2024-05-08,9360,2024-04-01,"19  ",023481,,1,3,6,4905,0,1,2,,2,030,"US-101 S/B TO HOPPER AVE","HOPPER AVE",200.00,N,N,A,-,Y,,,,,,,,,,Y,3,0,2,1,A,-,01,23152,A,N,E,I,A,A,H,-,C,D,0,,,,,Y,Y,A,01,0,1,1,0,0,0,0,0,0,"- ","- ",38.480541229248047,-122.73513793945312,SONOMA,"SANTA ROSA",,
92385861,2024,2024-05-09,9360,2024-05-04,"950 ",020092,,6,1,9,4900,0,1,3,,1,053,SR-116,"LONE PINE RD",20.00,E,N,C,-,Y,SON,,116," "," ",30.335,H,,R,N,4,0,1,2,A,-,03,22350,,N,C,C,A,B,H,-,A,D,0,,,,,Y,,D,22,0,0,1,0,0,0,0,0,0,"- ","- ",38.365211486816406,-122.78121948242188,SONOMA,UNINCORPORATED,-122.78125,38.365192413330078
92387088,2024,2024-05-10,9360,2024-04-26,"605 ",023342,,5,1,9,4900,0,2,4,,1,032,"RIVER ROAD","LAUGHLIN ROAD",630.00,W,N,A,-,N,,,,,,,,,,Y,4,0,1,2,A,-,09,21801,A,N,D,C,A,A,H,-,A,D,0,,,,,Y,,A,01,0,0,1,0,0,0,0,0,0,"- ","- ",38.492431640625,-122.78964996337891,SONOMA,UNINCORPORATED,-122.78954315185547,38.492431640625
92399994,2024,2024-05-28,9360,2024-05-15,1645,021904,,3,2,6,4905,0,1,3,,1,051,"SR-12 W/B","FULTON RD",2640.00,E,N,A,-,Y,SON,,12," ",R,13.270,H,,L,Y,4,0,1,4,A,-,08,22107,,N,C,C,A,A,H,-,A,A,0,,,,,Y,,A,01,0,0,1,0,0,0,0,0,0,"- ","- ",38.428600311279297,-122.76328277587891,SONOMA,"SANTA ROSA",-122.76328277587891,38.428604125976562
92404170,2024,2024-06-03,9360,2024-05-21,1530,020961,,2,2,5,4908,0,1,2,,1,060,"US-101 N/B TO LAKEVILLE HWY","LAKEVILLE HWY",610.00,N,N,A,-,Y,,,,,,,,,,Y,2,0,1,2,A,-,07,21658,A,N,F,A,A,A,H,-,A,D,0,,,Y,,Y,,D,22,1,0,0,0,0,0,0,0,1,"- ","- ",38.234981536865234,-122.61778259277344,SONOMA,PETALUMA,-122.61834716796875,38.234416961669922
92407644,2024,2024-06-06,9360,2024-05-28,1625,019359,,2,2,9,4900,0,2,4,,1,046,"BENNETT VALLEY RD","GARDNER RANCH RD",580.00,E,N,A,-,N,,,,,,,,,,Y,2,0,1,1,A,-,08,22107,,N,E,I,A,A,H,-,A,D,0,,,,,Y,,D,22,1,0,0,0,0,0,0,0,0,"- ","- ",38.390911102294922,-122.60494232177734,SONOMA,UNINCORPORATED,-122.60497283935547,38.390964508056641
92410451,2024,2024-06-25,9360,2024-06-01,1550,021904,,6,2,9,4900,0,2,4,,2,056,"STONY POINT RD","W. RAILROAD AVENUE",132.00,S,N,A,-,N,,,,,,,,,,Y,3,0,5,2,A,-,01,23152,F,N,A,2,A,A,H,-,A,D,0,,,,,Y,,D,22,0,3,2,0,0,0,0,0,0,"- ","- ",38.298919677734375,-122.712158203125,SONOMA,UNINCORPORATED,-122.71219635009766,38.29901123046875
92419471,2024,2024-06-20,9360,2024-06-17,2035,016045,,1,2,9,4900,0,2,4,,1,052,"TODD RD","STONY POINT RD",0.00,,Y,A,-,N,,,,,,,,,,N,4,0,1,2,A,-,09,21802,A,N,D,C,A,A,H,-,B,A,0,,,,,Y,,A,01,0,0,1,0,0,0,0,0,0,"- ","- ",38.387130737304688,-122.74156951904297,SONOMA,UNINCORPORATED,-122.74156951904297,38.387142181396484
9242496,2021,2021-04-08,4908,2021-03-16,1526,3572,6,2,5,5,4908,0,0,0,,0,003,"MADISON ST","ELLIS ST",12.00,W,N,A,-,,,,,,,,,,,,4,0,1,2,A,-,09,21800,A,N,D,G,A,A,H,-,A,A,0,,Y,,,Y,,D,22,0,0,1,0,0,0,1,0,0,"- ","- ",38.245418548583984,-122.63371276855469,SONOMA,PETALUMA,-122.63378143310547,38.245372772216797
92426309,2024,2024-06-28,9360,2024-06-22,1335,023807,,6,1,9,4900,0,2,4,,2,056,"STONY POINT RD",SR-116,5.00,S,N,A,-,N,,,,,,,,,,N,4,0,2,2,A,-,03,22350,,N,C,C,A,A,H,-,A,A,0,,,,,Y,,A,07,0,0,2,0,0,0,0,0,0,"- ","- ",38.334388732910156,-122.73828125,SONOMA,UNINCORPORATED,-122.73834228515625,38.334556579589844
92434878,2024,2024-07-10,9360,2024-06-28,2245,023017,,5,3,5,4908,0,1,2,,1,060,"US-101 N/B","EAST WASHINGTON ST",23.00,N,N,B,-,Y,SON,,101," "," ",4.772,H,,R,N,4,0,1,2,A,-,07,21658,A,M,B,C,A,A,H,-,C,D,0,,,,,Y,,B,01,0,0,1,0,0,0,0,0,0,"- ","- ",38.247039794921875,-122.62777709960938,SONOMA,PETALUMA,-122.62779998779297,38.247020721435547
92438066,2024,2024-07-12,9360,2024-07-03,1940,016045,,3,2,9,4900,0,3,5,,2,005,"WEST SIERRA AVE","WEST SCHOOL ST",50.00,W,N,A,-,N,,,,,,,,,,Y,2,0,1,1,A,-,08,22107,,N,F,I,A,A,H,-,A,D,0,,,Y,,Y,,C,02,1,0,0,0,0,0,0,0,1,"- ","- ",38.324420928955078,-122.72547149658203,SONOMA,UNINCORPORATED,-122.72536468505859,38.324390411376953
92439443,2024,2024-07-15,9360,2024-07-01,1750,023359,,1,2,6,4905,0,1,2,,2,040,"US-101 S/B","3RD ST",225.00,N,N,A,-,Y,SON,,101," "," ",20.160,H,,L,Y,4,0,3,3,A,-,03,22350,,N,C,C,A,A,H,-,A,D,0,,,,,Y,,A,01,0,0,3,0,0,0,0,0,0,"- ","- ",38.438079833984375,-122.71869659423828,SONOMA,"SANTA ROSA",-122.71873474121094,38.438064575195312
92442668,2024,2024-10-09,9360,2024-07-08,1715,023271,,1,2,6,4905,0,1,2,,2,040,"US-101 S/B",SR-12,525.00,S,N,A,-,Y,SON,,101," "," ",19.559,H,,L,N,4,0,1,3,A,-,07,21658,A,N,B,C,A,A,H,-,A,A,0,,,,,Y,,-,"- ",0,0,1,0,0,0,0,0,0,"- ","- ",38.429901123046875,-122.71527862548828,SONOMA,"SANTA ROSA",-122.71524810791016,38.429901123046875
9245949,2021,2021-04-12,4905,2021-02-03,1937,422,,3,5,6,4905,0,0,0,,0,002,"MENDOCINO AV","ELLIOTT AV",0.00,,Y,B,-,N,,,,,,,,,,Y,4,0,1,2,A,-,12,21453,A,N,D,C,A,B,H,-,C,A,0,,,,,Y,,-,,0,0,1,0,0,0,0,0,0,"- ","- ",,,SONOMA,"SANTA ROSA",-122.71726989746094,38.457611083984375
9246229,2021,2021-04-10,4905,2021-01-30,2335,1060541,,6,5,6,4905,0,0,0,,0,003,"GUERNEVILLE RD","GAMAY ST",40.00,W,N,A,-,N,,,,,,,,,,Y,4,0,1,2,A,-,01,23152,A,N,C,C,A,A,H,-,C,A,0,,,,,Y,Y,A,01,0,0,1,0,0,0,0,0,0,"- ","- ",38.452579498291016,-122.75679016113281,SONOMA,"SANTA ROSA",-122.75691986083984,38.452529907226562
9246848,2021,2021-04-20,4905,2021-01-29,1647,1060383,,5,5,6,4905,0,0,0,,0,004,"RT 12","JACK LONDON DR",0.00,,Y,A,-,Y,SON,4,12,-,-,19.660,I,5,W,Y,4,0,1,2,A,-,09,21801,A,N,D,C,A,A,H,-,A,D,0,,,,,Y,,A,01,0,0,1,0,0,0,0,0,0,"- ","- ",38.464740753173828,-122.66127777099609,SONOMA,"SANTA ROSA",-122.66072845458984,38.464881896972656
9247299,2021,2021-04-14,4905,2021-03-21,2155,1060505,,7,5,6,4905,0,0,0,,0,009,"COLLEGE AV","GLENN ST",0.00,,Y,A,-,N,,,,,,,,,,Y,4,0,1,1,A,-,01,23152,F,N,A,I,A,A,H,-,C,D,0,,,,,Y,,A,01,0,0,1,0,0,0,0,0,0,"- ","- ",38.445091247558594,-122.72042846679688,SONOMA,"SANTA ROSA",-122.72040557861328,38.445732116699219
9247337,2021,2021-04-13,4905,2021-02-02,0656,1060337,,2,5,6,4905,0,0,0,,0,005,"WEST 9TH ST","LINK LN",0.00,,Y,B,-,N,,,,,,,,,,N,3,0,1,2,A,-,12,22450,A,M,G,B,B,B,H,-,A,A,0,Y,,,,Y,,A,71,0,1,0,0,1,0,0,0,0,"- ","- ",38.44171142578125,-122.73387145996094,SONOMA,"SANTA ROSA",-122.73387145996094,38.441707611083984
9249889,2021,2021-04-28,4900,2021-03-10,1056,1101496,,3,5,3,4980,0,0,0,,0,WI1,"ARATA LN","BROOKS RD SOUTH",0.00,,Y,C,-,N,,,,,,,,,,Y,4,0,2,2,A,-,12,22450,A,N,D,C,A,B,H,-,A,D,0,,,,,Y,,A,01,0,0,2,0,0,0,0,0,0,"- ","- ",38.562068939208984,-122.80741119384766,SONOMA,WINDSOR,-122.80741119384766,38.562091827392578
9264667,2021,2021-06-02,4908,2021-05-05,2053,3457,5,3,5,5,4908,0,0,0,,0,003,"BODEGA AV","N WEBSTER ST",0.00,,Y,A,-,N,,,,,,,,,,Y,3,0,2,2,A,-,01,23153,A,N,B,C,A,A,H,-,C,A,0,,,,,Y,Y,A,01,0,1,1,0,0,0,0,0,0,"- ","- ",38.234481811523438,-122.65367889404297,SONOMA,PETALUMA,-122.65371704101562,38.234455108642578
9265343,2020,2021-05-25,4906,2020-08-23,1830,465,4906,7,5,2,4906,0,0,0,,0,,"BODEGA AV","VALLEY VIEW DR",376.00,W,N,A,-,N,,,,,,,,,,Y,3,0,5,3,A,-,07,21658,A,N,D,C,A,A,H,-,A,A,0,,,,,Y,,A,01,0,5,0,0,0,0,0,0,0,"- ","- ",38.397590637207031,-122.84676361083984,SONOMA,SEBASTOPOL,-122.84804534912109,38.397480010986328
9271389,2020,2021-06-07,4906,2020-12-01,1456,451,4906,2,5,2,4906,0,0,0,,0,,"RT 116","PALM AV",0.00,,Y,A,-,Y,SON,4,116,-,R,27.200,I,5,E,N,3,0,1,2,A,-,09,21802,A,N,A,C,A,A,H,-,A,A,0,,,,,Y,,A,01,0,1,0,0,0,0,0,0,0,"- ","- ",38.395919799804688,-122.82079315185547,SONOMA,SEBASTOPOL,-122.82077026367188,38.395893096923828
9276691,2021,2021-08-10,4905,2021-05-30,1948,1068712,,7,5,6,4905,0,0,0,,0,006,"SONOMA AVE","SUMMERFIELD RD",0.00,,Y,A,-,N,,,,,,,,,,N,4,0,1,2,A,-,10,21950,A,N,G,B,B,A,H,-,B,A,0,Y,,,,Y,,J,48,0,0,1,0,1,0,0,0,0,"- ","- ",38.449790954589844,-122.66854858398438,SONOMA,"SANTA ROSA",-122.66857147216797,38.449771881103516
92800819,2024,2024-07-29,9360,2024-07-05,"225 ",023481,,5,3,6,4905,0,1,2,,2,040,"US-101 S/B","SR-12 W/B",47.00,N,N,A,-,Y,SON,,101," "," ",19.646,H,,L,N,4,0,1,1,A,-,01,23152,A,N,E,I,A,A,H,-,D,D,0,,,,,Y,Y,A,01,0,0,1,0,0,0,0,0,0,"- ","- ",38.431159973144531,-122.71559906005859,SONOMA,"SANTA ROSA",-122.71553039550781,38.431179046630859