CASE_ID,ACCIDENT_YEAR,PROC_DATE,JURIS,COLLISION_DATE,COLLISION_TIME,OFFICER_ID,REPORTING_DISTRICT,DAY_OF_WEEK,CHP_SHIFT,POPULATION,CNTY_CITY_LOC,SPECIAL_COND,BEAT_TYPE,CHP_BEAT_TYPE,CITY_DIVISION_LAPD,CHP_BEAT_CLASS,BEAT_NUMBER,PRIMARY_RD,SECONDARY_RD,DISTANCE,DIRECTION,INTERSECTION,WEATHER_1,WEATHER_2,STATE_HWY_IND,CALTRANS_COUNTY,CALTRANS_DISTRICT,STATE_ROUTE,ROUTE_SUFFIX,POSTMILE_PREFIX,POSTMILE,LOCATION_TYPE,RAMP_INTERSECTION,SIDE_OF_HWY,TOW_AWAY,COLLISION_SEVERITY,NUMBER_KILLED,NUMBER_INJURED,PARTY_COUNT,PRIMARY_COLL_FACTOR,PCF_CODE_OF_VIOL,PCF_VIOL_CATEGORY,PCF_VIOLATION,PCF_VIOL_SUBSECTION,HIT_AND_RUN,TYPE_OF_COLLISION,MVIW,PED_ACTION,ROAD_SURFACE,ROAD_COND_1,ROAD_COND_2,LIGHTING,CONTROL_DEVICE,CHP_ROAD_TYPE,PEDESTRIAN_ACCIDENT,BICYCLE_ACCIDENT,MOTORCYCLE_ACCIDENT,TRUCK_ACCIDENT,NOT_PRIVATE_PROPERTY,ALCOHOL_INVOLVED,STWD_VEHTYPE_AT_FAULT,CHP_VEHTYPE_AT_FAULT,COUNT_SEVERE_INJ,COUNT_VISIBLE_INJ,COUNT_COMPLAINT_PAIN,COUNT_PED_KILLED,COUNT_PED_INJURED,COUNT_BICYCLIST_KILLED,COUNT_BICYCLIST_INJURED,COUNT_MC_KILLED,COUNT_MC_INJURED,PRIMARY_RAMP,SECONDARY_RAMP,LATITUDE,LONGITUDE,COUNTY,CITY,POINT_X,POINT_Y
6493477,2014,2016-01-28,9360,2014-04-23,0722,13838,,3,1,9,4900,0,1,3,,1,041,"RT 12","OAKMONT DR",1584.00,W,N,A,-,Y,SON,4,12,-,-,22.810,H,-,E,N,4,0,1,2,A,-,08,22107,,N,B,C,A,A,H,-,A,D,0,,,,,Y,,D,22,0,0,1,0,0,0,0,0,0,"- ","- ",38.447200000000002,-122.60914,SONOMA,UNINCORPORATED,-122.60969041,38.44745073
6496938,2014,2014-07-30,9325,2014-05-02,1350,017659,,5,1,9,4900,0,2,4,,1,055,"NAPA RD","DENMARK ST",650.00,W,N,A,-,N,,,,,,,,,,Y,3,0,1,1,A,-,08,22107,,N,F,A,A,A,H,-,A,D,0,,,,,Y,,A,07,0,1,0,0,0,0,0,0,0,"- ","- ",38.271659999999997,-122.42574,SONOMA,UNINCORPORATED,-122.42549068,38.271603310000003
6500116,2014,2014-07-28,9360,2014-05-03,1720,020457,,6,2,9,4900,0,2,4,,1,043,"OLD REDWOOD HWY","E RAILROAD AV",125.00,N,N,A,-,N,,,,,,,,,,Y,4,0,1,1,A,-,08,22107,,N,E,I,A,A,H,-,A,D,0,,,,,Y,,A,01,0,0,1,0,0,0,0,0,0,"- ","- ",38.3142,-122.6934,SONOMA,UNINCORPORATED,-122.69466648,38.314588759999999
6501323,2014,2014-07-28,4908,2014-05-05,1647,2745,15,1,5,5,4908,0,0,0,,0,001,"S MCDOWELL BL EXT","CYPRESS DR",380.00,W,N,A,G,N,,,,,,,,,,N,4,0,1,1,C,-,18,,,N,D,J,A,A,H,-,A,D,0,,,,,Y,,-,"- ",0,0,1,0,0,0,0,0,0,"- ","- ",,,SONOMA,PETALUMA,-122.59310075,38.22922003
6501331,2014,2014-07-28,4908,2014-05-05,0833,1904,2,1,5,5,4908,0,0,0,,0,003,"EAST WASHINGTON ST","LAKEVILLE ST",0.00,,Y,A,-,N,,,,,,,,,,N,4,0,1,2,A,-,09,21801,A,F,D,C,A,A,H,-,A,A,0,,,,,Y,,A,01,0,0,1,0,0,0,0,0,0,"- ","- ",,,SONOMA,PETALUMA,-122.63600988,38.23805995
6503139,2014,2016-04-12,9325,2014-05-18,0045,019987,,7,3,9,4900,0,1,3,,1,053,"RT 116","WATMAUGH RD",4224.00,W,N,A,-,Y,SON,4,116,-,-,43.440,H,-,E,Y,2,0,1,1,A,-,01,23152,A,N,E,I,A,A,H,-,D,D,0,,,,,Y,Y,A,01,1,0,0,0,0,0,0,0,0,"- ","- ",38.247520000000002,-122.50044,SONOMA,UNINCORPORATED,-122.50145012,38.245999009999998
6503175,2014,2016-04-14,9360,2014-05-03,2005,020369,,6,2,6,4905,0,1,2,,2,040,"RT 101","3RD ST",475.00,S,N,A,-,Y,SON,4,101,-,-,20.010,H,-,S,Y,3,0,3,2,A,-,08,22107,,N,E,I,A,A,H,-,B,D,1,,,,,Y,,A,07,0,1,2,0,0,0,0,0,0,"- ","- ",38.43618,-122.71778,SONOMA,"SANTA ROSA",-122.71758033,38.436230969999997
6506901,2014,2016-04-14,9360,2014-05-31,0716,15420,,6,1,5,4908,0,1,2,,1,060,"RT 101","CORONA RD",465.00,N,N,B,-,Y,SON,4,101,-,-,6.940,H,-,S,Y,3,0,2,2,A,-,07,21658,A,N,B,C,A,A,H,-,A,D,1,,,,,Y,,D,22,0,1,1,0,0,0,0,0,0,"- ","- ",38.264850000000003,-122.66110999999999,SONOMA,PETALUMA,-122.66083182,38.264669990000002
6509180,2014,2014-08-07,9360,2014-05-05,2150,19744,,1,2,9,4900,0,3,5,,2,003,"HIGH SCHOOL RD","E HURLBUT AV",2112.00,N,N,A,-,N,,,,,,,,,,Y,4,0,1,1,A,-,01,23152,A,N,E,I,A,A,H,-,D,A,0,,,,,Y,Y,A,01,0,0,1,0,0,0,0,0,0,"- ","- ",38.418500000000002,-122.82835,SONOMA,UNINCORPORATED,-122.82815536,38.418267419999999
6509638,2014,2016-04-12,9325,2014-05-15,2120,019999,,4,2,9,4900,0,1,3,,1,072,"RT 121","8TH ST E",1056.00,N,N,A,-,Y,SON,4,121,-,-,8.320,H,-,S,Y,2,0,3,4,A,-,03,22350,,N,C,C,A,A,H,-,D,D,0,,,,,Y,,A,08,1,1,1,0,0,0,0,0,0,"- ","- ",38.246229999999997,-122.4341,SONOMA,UNINCORPORATED,-122.43418853999999,38.246168439999998
6509681,2014,2016-04-14,4908,2014-05-15,1722,1944,13,4,5,5,4908,0,0,0,,0,001,"LAKEVILLE HWY","MARINA DR",20.00,E,N,A,-,Y,SON,4,116,-,-,35.450,H,-,W,N,4,0,2,2,A,-,03,22350,,N,C,C,A,A,H,-,A,A,0,,,,,Y,,A,01,0,0,2,0,0,0,0,0,0,"- ","- ",,,SONOMA,PETALUMA,-122.60912807,38.233349590000003
6512894,2014,2014-07-31,9360,2014-05-13,1400,020160,,2,2,9,4900,0,2,4,,1,044,"ADOBE RD","JACOBSEN LN",0.00,,Y,A,-,N,,,,,,,,,,Y,3,0,2,3,A,-,03,22350,,N,C,C,A,A,H,-,A,D,0,,,,,Y,,D,22,0,2,0,0,0,0,0,0,0,"- ","- ",38.173299999999998,-122.39100000000001,SONOMA,UNINCORPORATED,-122.65179996000001,38.292919939999997
6512910,2014,2014-07-31,9360,2014-05-12,1735,018520,9360,1,2,9,4900,0,3,5,,2,003,"BARNES RD","RIVER RD",2112.00,S,N,A,-,N,,,,,,,,,,Y,4,0,1,3,A,-,08,22107,,N,E,E,A,A,H,-,A,D,0,,,,,Y,,A,07,0,0,1,0,0,0,0,0,0,"- ","- ",,,SONOMA,UNINCORPORATED,-122.76062252,38.490598669999997
6512918,2014,2016-04-14,9360,2014-05-12,1605,016013,,1,2,6,4905,0,1,2,,2,040,"RT 101","RT 12",100.00,N,N,A,-,Y,SON,4,101,-,-,19.670,H,-,S,N,4,0,1,2,A,-,03,22350,,N,C,C,A,A,H,-,A,D,1,,,,,Y,,A,08,0,0,1,0,0,0,0,0,0,"- ","- ",38.436509999999998,-122.71746,SONOMA,"SANTA ROSA",-122.71564540999999,38.431474270000002
6512922,2014,2014-07-31,9360,2014-05-15,1600,016045,,4,2,9,4900,0,2,4,,1,042,"PETALUMA HILL RD","FORMSCHLAG LN",1056.00,N,N,A,-,N,,,,,,,,,,Y,4,0,1,3,A,-,03,22350,,N,C,C,A,A,H,-,A,D,0,,,,,Y,,D,22,0,0,1,0,0,0,0,0,0,"- ","- ",38.307049999999997,-122.66656,SONOMA,UNINCORPORATED,-122.66657840000001,38.309960420000003
6512930,2014,2014-07-30,9360,2014-05-13,1450,018520,9360,2,2,9,4900,0,2,4,,1,032,"RIVER RD","TRENTON RD",0.00,,Y,A,-,N,,,,,,,,,,Y,4,0,1,2,A,-,08,22100,B,N,D,C,A,A,H,-,A,D,0,,,,,Y,,A,01,0,0,1,0,0,0,0,0,0,"- ","- ",,,SONOMA,UNINCORPORATED,-122.89929993,38.495719989999998
6512950,2014,2016-04-14,9360,2014-05-26,1925,18828,,1,2,3,4980,0,1,2,,2,030,"RT 101","SHILOH RD",4752.00,N,N,A,-,Y,SON,4,101,-,-,28.520,H,-,S,N,4,0,1,2,A,-,03,22350,,M,C,C,A,A,H,-,A,D,1,,,,,Y,,D,22,0,0,1,0,0,0,0,0,0,"- ","- ",,,SONOMA,WINDSOR,-122.80005274,38.536532020000003
6515451,2014,2016-04-15,9360,2014-05-25,1700,020522,,7,2,5,4908,0,1,2,,1,060,"RT 101","SAN ANTONIO RD",120.00,S,N,A,-,Y,SON,4,101,-,-,0.180,H,-,N,Y,3,0,2,1,A,-,08,22107,,N,E,I,A,A,H,-,A,D,0,,,,,Y,,A,01,0,1,1,0,0,0,0,0,0,"- ","- ",38.1113,-122.363,SONOMA,PETALUMA,-122.60090455,38.18789194
6516232,2014,2014-08-08,9325,2014-06-05,1440,017746,,4,2,9,4900,0,2,4,,1,055,"NAPA RD","8TH ST E",1310.00,E,N,A,-,N,,,,,,,,,,Y,4,0,1,1,A,-,08,22107,,N,E,I,A,A,H,-,A,D,0,,,,,Y,,A,01,0,0,1,0,0,0,0,0,0,"- ","- ",38.272080000000003,-122.43365,SONOMA,UNINCORPORATED,-122.43394167,38.272227010000002
6517414,2014,2014-08-09,9360,2014-06-13,1750,16000,,5,2,9,4900,0,2,4,,1,052,"SEBASTOPOL RD","BURBANK AV",191.00,W,N,A,-,N,,,,,,,,,,N,3,0,1,2,A,-,03,22350,,N,C,C,A,A,H,-,A,D,0,,,,,Y,,A,01,0,1,0,0,0,0,0,0,0,"- ","- ",38.427999999999997,-122.73627,SONOMA,UNINCORPORATED,-122.73596705999999,38.428094629999997
6517444,2014,2014-08-11,9360,2014-06-07,1210,015420,,6,1,9,4900,0,2,4,,1,044,"ADOBE RD","CORONA RD",2112.00,S,N,A,-,N,,,,,,,,,,N,2,0,1,1,A,-,08,22107,,N,F,A,A,A,H,-,A,D,0,,,Y,,Y,,C,02,1,0,0,0,0,0,0,0,1,"- ","- ",38.282550000000001,-122.63342,SONOMA,UNINCORPORATED,-122.63345959,38.282590040000002
6517468,2014,2016-04-14,9360,2014-06-06,1513,019359,,5,2,9,4900,0,1,2,,2,040,"RT 101","HEARN AV",150.00,S,N,A,-,Y,SON,4,101,-,-,18.450,H,-,S,Y,4,0,1,2,A,-,03,22350,,N,C,C,A,A,H,-,A,D,1,,,,,Y,,A,01,0,0,1,0,0,0,0,0,0,"- ","- ",38.419429999999998,-122.71614,SONOMA,UNINCORPORATED,-122.71614461999999,38.413956220000003
6517472,2014,2016-04-13,9360,2014-06-03,0830,016577,,2,1,9,4900,0,1,3,,1,061,"RT 1","GOAT ROCK RD",1584.00,N,N,B,-,Y,SON,4,1,-,-,19.420,H,-,N,Y,3,0,1,1,A,-,03,22350,,N,E,I,A,A,H,-,A,D,0,,,,,Y,,A,01,0,1,0,0,0,0,0,0,0,"- ","- ",38.432070000000003,-122.10420000000001,SONOMA,UNINCORPORATED,-123.10437638000001,38.43222342
6518633,2014,2014-08-07,9360,2014-05-12,1948,18497,,1,2,9,4900,0,3,5,,2,005,"LYNCH RD","WAVERLY WY",42.00,W,N,A,-,N,,,,,,,,,,Y,3,0,1,1,A,-,08,22107,,N,E,I,A,A,H,-,B,D,0,,,,,Y,,A,07,0,1,0,0,0,0,0,0,0,"- ","- ",38.389029999999998,-122.81849,SONOMA,UNINCORPORATED,-122.81830323,38.388555459999999
6518634,2014,2014-08-07,9360,2014-05-09,1717,20457,,5,2,9,4900,0,3,5,,2,003,"EASTSIDE RD","WINDSOR RIVER RD",0.00,,Y,A,-,N,,,,,,,,,,Y,4,0,2,2,A,-,09,21802,A,N,D,C,A,A,H,-,A,A,0,,,,,Y,,A,01,0,0,2,0,0,0,0,0,0,"- ","- ",38.547719999999998,-122.84621,SONOMA,UNINCORPORATED,-122.84614989000001,38.54752989
6521929,2014,2014-07-17,4904,2014-04-09,1559,399,,3,5,4,4904,0,0,0,,0,002,"REDWOOD DR","J ROGERS LN",1000.00,S,N,A,-,N,,,,,,,,,,N,2,0,1,1,A,-,03,22350,,N,E,I,A,A,H,-,A,D,0,,,Y,,Y,,C,02,1,0,0,0,0,0,0,0,1,"- ","- ",,,SONOMA,"ROHNERT PARK",-122.71403949,38.352899870000002
6523984,2014,2014-08-05,9360,2014-05-17,1310,017693,,6,1,9,4900,0,2,4,,1,052,"STONEY POINT RD","SCENIC AV",3168.00,S,N,A,-,N,,,,,,,,,,Y,4,0,1,1,A,-,01,23152,A,N,E,J,A,A,H,-,A,D,0,,,,,Y,Y,A,01,0,0,1,0,0,0,0,0,0,"- ","- ",38.372100000000003,-122.74157,SONOMA,UNINCORPORATED,-122.74135606999999,38.367579550000002
6525068,2014,2016-04-14,9360,2014-05-19,1555,20160,,1,2,9,4900,0,1,2,,2,030,"RT 101","RIVER RD",1650.00,S,N,A,-,Y,SON,4,101,-,-,24.350,H,-,S,Y,2,0,1,2,A,-,07,21658,A,N,B,C,A,A,H,-,A,D,1,,,Y,,Y,,A,01,1,0,0,0,0,0,0,0,1,"- ","- ",38.294400000000003,-122.4512,SONOMA,UNINCORPORATED,-122.74907930000001,38.490955329999998
6525076,2014,2016-04-14,9360,2014-05-19,1735,16045,,1,2,9,4900,0,1,2,,1,060,"RT 101","EAST WASHINGTON ST",1320.00,S,N,A,-,Y,SON,4,101,-,-,4.510,H,-,N,Y,4,0,1,2,A,-,03,22350,,N,C,C,A,A,H,-,A,D,1,,,,,Y,,A,07,0,0,1,0,0,0,0,0,0,"- ","- ",38.24512,-122.62485,SONOMA,UNINCORPORATED,-122.62416229999999,38.244660969999998
6525115,2014,2014-08-07,9360,2014-05-18,2215,20038,,7,3,9,4900,0,2,4,,2,056,"STONY POINT RD","WEST SIERRA AV",0.00,,Y,A,-,N,,,,,,,,,,Y,3,0,2,2,A,-,09,21802,A,N,D,C,A,A,H,-,D,A,0,,,,,Y,,A,01,0,2,0,0,0,0,0,0,0,"- ","- ",38.325099999999999,-122.73569999999999,SONOMA,UNINCORPORATED,-122.73571993,38.325239920000001
6526473,2014,2014-07-08,4905,2014-03-29,1137,SR8917,10605,6,5,6,4905,0,0,0,,0,005,"STONEY POINT RD","WEST 3RD ST",405.00,N,N,C,-,N,,,,,,,,,,N,4,0,2,2,A,-,03,22350,,N,C,C,A,B,H,-,A,A,0,,,,,Y,,A,01,0,0,2,0,0,0,0,0,0,"- ","- ",,,SONOMA,"SANTA ROSA",-122.74254491000001,38.434937429999998
6526477,2014,2014-07-08,4905,2014-04-04,1617,SR394,10603,5,5,6,4905,0,0,0,,0,003,"FULTON RD","GUERNEVILLE RD",0.00,,Y,B,-,N,,,,,,,,,,Y,4,0,1,2,A,-,12,21453,A,N,D,C,A,B,H,-,A,A,0,,,,,Y,,A,01,0,0,1,0,0,0,0,0,0,"- ","- ",,,SONOMA,"SANTA ROSA",-122.76962989,38.452549939999997
6527534,2014,2016-05-10,4905,2014-04-26,1035,SR445,10606,6,5,6,4905,0,0,0,,0,006,"RT 12","MELITA RD",535.00,W,N,A,-,Y,SON,4,12,-,-,21.530,H,-,E,Y,2,0,4,2,A,-,01,23152,A,N,A,C,A,A,H,-,A,D,0,,,,,Y,Y,A,01,3,1,0,0,0,0,0,0,0,"- ","- ",,,SONOMA,"SANTA ROSA",-122.62964732,38.456711159999998
6527574,2014,2014-07-17,4905,2014-04-04,1248,SR8703,10609,5,5,6,4905,0,0,0,,0,009,"MENDOCINO AV","COLLEGE AV",70.00,N,N,C,-,N,,,,,,,,,,N,4,0,1,2,A,-,03,22350,,N,C,C,A,B,H,-,A,D,0,,,,,Y,,A,01,0,0,1,0,0,0,0,0,0,"- ","- ",,,SONOMA,"SANTA ROSA",-122.7177248,38.445852240000001
6527586,2014,2016-01-28,4905,2014-04-07,1329,SR185,10606,1,5,6,4905,0,0,0,,0,006,"RT 12","MIDDLE RINCON RD",300.00,E,N,A,-,Y,SON,4,12,-,-,19.500,H,-,W,N,4,0,1,2,A,-,03,22350,,N,C,C,A,A,H,-,A,D,0,,,,,Y,,A,01,0,0,1,0,0,0,0,0,0,"- ","- ",,,SONOMA,"SANTA ROSA",-122.66339610999999,38.464260920000001
6527742,2014,2014-07-08,4905,2014-03-08,0917,SR483,10601,6,5,6,4905,0,0,0,,0,001,"PINER RD","RANGE AV",130.00,E,N,A,-,N,,,,,,,,,,N,3,0,2,3,A,-,08,22107,,N,D,C,A,A,H,-,A,D,0,,,,,Y,,A,01,0,1,1,0,0,0,0,0,0,"- ","- ",,,SONOMA,"SANTA ROSA",-122.73207755,38.47210518
6529998,2014,2016-04-12,9360,2014-06-23,0750,011932,,1,1,9,4900,0,1,3,,1,053,"RT 116","SPARKES RD",528.00,W,N,A,-,Y,SON,4,116,-,-,28.090,H,-,W,Y,3,0,4,3,A,-,03,22350,,N,C,C,A,A,H,-,A,D,0,,,,,Y,,D,22,0,1,3,0,0,0,0,0,0,"- ","- ",38.384659999999997,-122.81225999999999,SONOMA,UNINCORPORATED,-122.81232622,38.384659480000003
6533664,2014,2014-08-01,4905,2014-05-28,1757,SR485,10605,3,5,6,4905,0,0,0,,0,005,"OCCIDINTAL RD","LEISURE PARK CIR",0.00,,Y,A,-,N,,,,,,,,,,Y,2,0,3,2,A,-,03,22350,,N,C,C,A,A,H,-,A,D,0,,,,,Y,,A,07,2,0,1,0,0,0,0,0,0,"- ","- ",,,SONOMA,"SANTA ROSA",-122.75001,38.429740000000002
6536273,2014,2014-07-30,9360,2014-05-13,2345,19405,,2,3,9,4900,0,2,4,,1,022,"OLD REDWOOD HWY","KITTERY POINT",44.00,S,N,A,-,N,,,,,,,,,,Y,3,0,1,2,C,-,18,,,N,D,E,A,A,H,-,C,D,0,,,,,Y,,-,"- ",0,1,0,0,0,0,0,0,0,"- ","- ",38.513759999999998,-122.76688,SONOMA,UNINCORPORATED,-122.76686957,38.513715859999998
6536889,2014,2016-04-13,9360,2014-06-07,2025,20498,,6,2,9,4900,0,1,3,,1,061,"RT 1","PACIFIC VIEW DR",1584.00,N,N,A,-,Y,SON,4,1,-,-,37.200,H,-,N,N,4,0,2,2,A,-,03,22350,,M,C,C,A,A,H,-,D,D,0,,,,,Y,,A,01,0,0,2,0,0,0,0,0,0,"- ","- ",38.547809999999998,-123.29714,SONOMA,UNINCORPORATED,-123.29627975,38.547720949999999
6538378,2014,2016-01-28,9360,2014-06-27,1650,019359,,5,2,9,4900,0,1,3,,1,041,"RT 12","PYTHIAN RD",1000.00,W,N,A,-,Y,SON,4,12,-,-,24.430,H,-,W,N,4,0,2,2,A,-,03,22350,,N,C,C,A,A,H,-,A,D,0,,,,,Y,,A,01,0,0,2,0,0,0,0,0,0,"- ","- ",38.440489999999997,-122.59251999999999,SONOMA,UNINCORPORATED,-122.58160574,38.436867530000001
6540217,2014,2014-08-08,9360,2014-06-03,1525,018828,,2,2,9,4900,1,3,5,,2,002,"PINE FLAT RD","RED WINERY RD",118.00,W,N,A,-,N,,,,,,,,,,Y,4,0,1,2,A,-,21,22106,,N,H,C,A,A,H,-,A,D,0,,,,,Y,,H,13,0,0,1,0,0,0,0,0,0,"- ","- ",38.675199999999997,-122.80868,SONOMA,UNINCORPORATED,-122.80871182999999,38.675190389999997
6541517,2014,2016-05-28,4908,2014-07-18,1726,2716,7,5,5,5,4908,0,0,0,,0,004,"OLD REDWOOD HWY","RT 101",25.00,W,N,A,-,Y,SON,4,101,-,-,7.555,R,4,N,N,3,0,1,2,A,-,03,22350,,N,B,C,A,A,H,-,A,D,0,,,Y,Y,Y,,C,02,0,1,0,0,0,0,0,0,1,"- ",NF,,,SONOMA,PETALUMA,-122.66868596,38.271195749999997
6543246,2014,2014-08-20,4905,2014-06-24,1458,SR383,10605,2,5,6,4905,0,0,0,,0,005,"WEST COLLEGE AV","STONY POINT RD",0.00,,Y,A,-,N,,,,,,,,,,N,2,0,1,2,A,-,10,21950,A,N,G,B,B,A,H,-,A,A,0,Y,,,,Y,,D,22,1,0,0,0,1,0,0,0,0,"- ","- ",,,SONOMA,"SANTA ROSA",-122.75129998,38.445239890000003
6543250,2014,2014-08-20,4905,2014-06-01,1158,SR8917,10605,7,5,6,4905,0,0,0,,0,005,"FULTON RD","OCCIDINTAL RD",0.00,,Y,A,-,N,,,,,,,,,,Y,4,0,2,2,A,-,12,21453,A,N,D,C,A,A,H,-,A,A,0,,,,,Y,,D,22,0,0,2,0,0,0,0,0,0,"- ","- ",,,SONOMA,"SANTA ROSA",-122.76937988,38.429009979999996
6543266,2014,2015-10-23,4905,2014-06-10,1734,SR383,10602,2,5,6,4905,0,0,0,,0,002,"OLD REDWOOD HWY","OLD REDWOOD HWY 3925",0.00,,N,A,-,N,,,,,,,,,,Y,3,0,2,2,A,-,09,21801,A,N,D,C,A,A,H,-,A,A,0,,,,,Y,,A,07,0,2,0,0,0,0,0,0,0,"- ","- ",,,SONOMA,"SANTA ROSA",-122.734583,38.48292
6543295,2014,2014-08-04,4905,2014-05-29,0953,SR347,10608,4,5,6,4905,0,0,0,,0,008,"SANTA ROSA AV","COLGAN AV",400.00,S,N,A,-,N,,,,,,,,,,N,3,0,1,2,A,-,09,21804,A,N,D,G,A,A,H,-,A,A,0,,Y,,,Y,,A,07,0,1,0,0,0,0,1,0,0,"- ","- ",,,SONOMA,"SANTA ROSA",-122.71353000000001,38.420071380000003
6543337,2014,2014-08-16,4905,2014-06-27,1037,SR375,10603,5,5,6,4905,0,0,0,,0,003,"GUERNEVILLE RD","NORTH DUTTON AV",70.00,W,N,A,-,N,,,,,,,,,,N,3,0,1,2,A,-,08,22107,,N,B,G,A,A,H,-,A,D,0,,Y,,,Y,,L,04,0,1,0,0,0,0,1,0,0,"- ","- ",,,SONOMA,"SANTA ROSA",-122.7380592,38.455308189999997
6543349,2014,2014-08-16,4905,2014-06-28,1818,SR8703,10604,6,5,6,4905,0,0,0,,0,004,"MONTECITO BL","MISSION BL",10.00,E,N,A,-,N,,,,,,,,,,Y,3,0,2,2,A,-,03,22350,,N,C,C,A,A,H,-,A,A,0,,,,,Y,,A,01,0,1,1,0,0,0,0,0,0,"- ","- ",,,SONOMA,"SANTA ROSA",-122.67692853,38.472031940000001
6548889,2014,2014-08-22,9325,2014-07-03,1818,015447,,4,2,9,4900,0,2,4,,2,054,"ARNOLD DR","ORANGE AV",345.00,N,N,A,-,N,,,,,,,,,,Y,4,0,1,2,A,-,03,22350,,N,C,C,A,A,H,-,A,D,0,,,,,Y,,A,01,0,0,1,0,0,0,0,0,0,"- ","- ",38.288249999999998,-122.49132,SONOMA,UNINCORPORATED,-122.49182178,38.287803949999997
6549777,2014,2014-08-01,4905,2014-05-16,1558,SR452,10602,5,5,6,4905,0,0,0,,0,002,"PACIFIC AV","SLATER ST",0.00,,Y,A,-,N,,,,,,,,,,N,3,0,1,2,A,-,09,21802,A,N,D,G,A,A,H,-,A,A,0,,Y,,,Y,,A,07,0,1,0,0,0,0,1,0,0,"- ","- ",,,SONOMA,"SANTA ROSA",-122.71574997,38.453319899999997
6549781,2014,2014-08-01,4905,2014-05-16,1627,SR452,10607,5,5,6,4905,0,0,0,,0,007,"CORBY AV","HEARN AV",5.00,S,N,A,-,N,,,,,,,,,,Y,4,0,1,2,A,-,05,21650,,N,D,G,A,A,H,-,A,A,0,,Y,,,Y,,L,04,0,0,1,0,0,0,1,0,0,"- ","- ",,,SONOMA,"SANTA ROSA",-122.71745663,38.414286519999997
6550370,2014,2014-08-11,9360,2014-06-24,1635,15434,,2,2,9,4900,0,3,5,,2,005,"SMOKEWOOD DR","CORBY AV",100.00,W,N,A,-,N,,,,,,,,,,Y,4,0,1,2,C,-,18,,,N,C,E,A,A,H,-,A,D,0,,,,,Y,,-,"- ",0,0,1,0,0,0,0,0,0,"- ","- ",38.417810000000003,-122.70999999999999,SONOMA,UNINCORPORATED,-122.71784911,38.41783401
6556816,2014,2014-08-16,9360,2014-06-27,1325,016223,,5,1,9,4900,0,2,4,,1,024,"MARK WEST SPRINGS RD","REDWOOD HILL RD",3.00,E,N,A,-,N,,,,,,,,,,Y,4,0,2,2,A,-,05,21460,A,N,B,C,A,A,H,-,A,D,0,,,,,Y,,A,01,0,0,2,0,0,0,0,0,0,"- ","- ",38.52158,-122.71853,SONOMA,UNINCORPORATED,-122.71844,38.521349999999998
6557443,2014,2016-05-28,9360,2014-07-09,0805,15034,,3,1,5,4908,0,1,2,,1,060,"RT 101","PETALUMA RIVER BRIDGE",1584.00,S,N,A,-,Y,SON,4,101,-,-,2.630,H,-,S,Y,4,0,1,3,A,-,03,22350,,M,C,C,A,A,D,-,A,D,0,,,,,Y,,A,01,0,0,1,0,0,0,0,0,0,"- ","- ",38.224780000000003,-122.61331,SONOMA,PETALUMA,-122.60800553999999,38.221009240000001
6557449,2014,2014-08-23,9360,2014-07-09,1345,16652,,3,1,9,4900,0,2,4,,1,052,"STONY POINT RD","TODD RD",1056.00,S,N,A,-,N,,,,,,,,,,Y,3,0,3,2,A,-,08,22107,,N,A,C,A,A,H,-,A,D,0,,,,,Y,,D,22,0,1,2,0,0,0,0,0,0,"- ","- ",38.38438,-122.74151000000001,SONOMA,UNINCORPORATED,-122.74156222000001,38.384239260000001
6557480,2014,2016-05-14,9360,2014-07-01,1130,013838,,2,1,9,4900,0,1,3,,1,041,"RT 12","SHAW AV",119.00,E,N,A,-,Y,SON,4,12,-,-,26.700,H,-,E,N,3,0,1,1,A,-,08,22107,,N,E,J,A,A,D,-,A,D,0,,Y,,,Y,,L,04,0,1,0,0,0,0,1,0,0,"- ","- ",38.224699999999999,-122.315,SONOMA,UNINCORPORATED,-122.54951864,38.417647700000003
6558818,2014,2014-08-22,9360,2014-07-13,0833,016223,,7,1,9,4900,0,3,5,,2,001,"WESTSIDE RD","KINLEY DR",0.00,,Y,A,-,N,,,,,,,,,,N,3,0,1,2,A,-,08,22100,B,N,H,G,A,A,H,-,A,D,0,,Y,,,Y,,L,04,0,1,0,0,0,0,1,0,0,"- ","- ",38.606879999999997,-122.87457000000001,SONOMA,UNINCORPORATED,-122.87461999,38.606829910000002
6558865,2014,2016-05-14,9360,2014-07-17,0845,18881,,4,1,9,4900,0,1,3,,1,061,"RT 1","TIMBER COVE RD",9504.00,N,N,B,-,Y,SON,4,1,-,-,37.400,H,-,S,Y,2,0,2,1,A,-,08,22107,,N,E,I,A,A,H,-,A,D,0,,,,,Y,,A,01,1,1,0,0,0,0,0,0,0,"- ","- ",38.547469999999997,-123.29915,SONOMA,UNINCORPORATED,-123.29887100000001,38.547413509999998
6558877,2014,2014-08-21,9360,2014-07-10,0450,016524,,4,3,9,4900,0,2,4,,1,024,"MARK WEST SPRINGS RD","MARK WEST LN",2112.00,E,N,B,-,N,,,,,,,,,,Y,4,0,1,1,A,-,03,22350,,N,F,I,A,B,H,-,D,D,0,,,,,Y,,A,07,0,0,1,0,0,0,0,0,0,"- ","- ",38.534979999999997,-122.7255,SONOMA,UNINCORPORATED,-122.7209721,38.526755569999999