CASE_ID,ACCIDENT_YEAR,PROC_DATE,JURIS,COLLISION_DATE,COLLISION_TIME,OFFICER_ID,REPORTING_DISTRICT,DAY_OF_WEEK,CHP_SHIFT,POPULATION,CNTY_CITY_LOC,SPECIAL_COND,BEAT_TYPE,CHP_BEAT_TYPE,CITY_DIVISION_LAPD,CHP_BEAT_CLASS,BEAT_NUMBER,PRIMARY_RD,SECONDARY_RD,DISTANCE,DIRECTION,INTERSECTION,WEATHER_1,WEATHER_2,STATE_HWY_IND,CALTRANS_COUNTY,CALTRANS_DISTRICT,STATE_ROUTE,ROUTE_SUFFIX,POSTMILE_PREFIX,POSTMILE,LOCATION_TYPE,RAMP_INTERSECTION,SIDE_OF_HWY,TOW_AWAY,COLLISION_SEVERITY,NUMBER_KILLED,NUMBER_INJURED,PARTY_COUNT,PRIMARY_COLL_FACTOR,PCF_CODE_OF_VIOL,PCF_VIOL_CATEGORY,PCF_VIOLATION,PCF_VIOL_SUBSECTION,HIT_AND_RUN,TYPE_OF_COLLISION,MVIW,PED_ACTION,ROAD_SURFACE,ROAD_COND_1,ROAD_COND_2,LIGHTING,CONTROL_DEVICE,CHP_ROAD_TYPE,PEDESTRIAN_ACCIDENT,BICYCLE_ACCIDENT,MOTORCYCLE_ACCIDENT,TRUCK_ACCIDENT,NOT_PRIVATE_PROPERTY,ALCOHOL_INVOLVED,STWD_VEHTYPE_AT_FAULT,CHP_VEHTYPE_AT_FAULT,COUNT_SEVERE_INJ,COUNT_VISIBLE_INJ,COUNT_COMPLAINT_PAIN,COUNT_PED_KILLED,COUNT_PED_INJURED,COUNT_BICYCLIST_KILLED,COUNT_BICYCLIST_INJURED,COUNT_MC_KILLED,COUNT_MC_INJURED,PRIMARY_RAMP,SECONDARY_RAMP,LATITUDE,LONGITUDE,COUNTY,CITY,POINT_X,POINT_Y
8939049,2019,2019-09-25,4905,2019-07-01,0028,SR422,10604,1,5,6,4905,0,0,0,,0,004,"THOMAS LAKE HARRIS DR","SKYFARM DR",12.00,E,N,A,-,N,,,,,,,,,,Y,1,1,2,1,A,-,03,22350,,N,E,I,A,A,H,-,C,A,0,,,,,Y,,A,07,1,1,0,0,0,0,0,0,0,"- ","- ",,,SONOMA,"SANTA ROSA",-122.72056579589844,38.491111755371094
8939591,2019,2020-02-18,4905,2019-10-26,0708,SR473,10606,6,5,6,4905,0,0,0,,0,006,"RT 12","BRAND RD",123.00,W,N,A,-,Y,SON,4,12,-,-,21.730,H,-,E,Y,1,1,0,2,A,-,11,21954,A,N,G,B,D,A,H,-,C,D,0,Y,,,,Y,,N,60,0,0,0,1,0,0,0,0,0,"- ","- ",,,SONOMA,"SANTA ROSA",-122.62651824951172,38.455287933349609
8945206,2019,2019-09-27,4905,2019-09-03,1319,551,10607,2,5,6,4905,0,0,0,,0,007,"STONY POINT RD","SEBASTOPOL RD",14.00,N,N,A,-,N,,,,,,,,,,Y,4,0,3,5,A,-,03,22350,,N,C,C,A,A,H,-,A,A,0,,,,,Y,,A,01,0,0,3,0,0,0,0,0,0,"- ","- ",,,SONOMA,"SANTA ROSA",-122.74135589599609,38.426898956298828
8946946,2019,2019-10-14,4903,2019-09-22,1521,992,2,7,5,3,4903,0,0,0,,0,,"1ST ST","MATHESON ST",0.00,,Y,A,-,N,,,,,,,,,,Y,3,0,1,2,A,-,01,23153,A,N,C,C,A,A,H,-,A,D,0,,,Y,,Y,Y,D,72,0,1,0,0,0,0,0,0,1,"- ","- ",38.611000061035156,-122.86174774169922,SONOMA,HEALDSBURG,-122.86173248291016,38.610988616943359
8947433,2019,2019-10-09,4906,2019-09-10,0653,451,4906,2,5,2,4906,0,0,0,,0,,"BODEGA AV","FLORENCE AV",176.00,E,N,A,-,N,,,,,,,,,,N,3,0,1,2,A,-,03,22350,,N,C,E,A,A,H,-,B,A,0,,,,,Y,,A,01,0,1,0,0,0,0,0,0,0,"- ","- ",38.401039123535156,-122.82663726806641,SONOMA,SEBASTOPOL,-122.82691192626953,38.401176452636719
8948252,2019,2019-10-02,4905,2019-08-30,0713,SR8917,10602,5,5,6,4905,0,0,0,,0,002,"FOUNTAINGROVE PKWY","ALTRURIA DR",75.00,W,N,A,-,N,,,,,,,,,,Y,2,0,1,1,A,-,06,21755,A,N,E,I,A,A,H,-,A,A,0,,,Y,,Y,,C,02,1,0,0,0,0,0,0,0,1,"- ","- ",,,SONOMA,"SANTA ROSA",-122.72090911865234,38.4764404296875
8948259,2019,2019-10-03,4905,2019-08-15,1533,SR553,10609,4,5,6,4905,0,0,0,,0,009,"9TH ST","WILSON ST",0.00,,Y,A,-,N,,,,,,,,,,N,3,0,1,2,A,-,10,21950,A,M,G,B,B,A,H,-,A,D,0,Y,,,,Y,Y,A,01,0,1,0,0,1,0,0,0,0,"- ","- ",,,SONOMA,"SANTA ROSA",-122.72405242919922,38.441970825195312
8948260,2019,2019-10-02,4905,2019-08-26,1341,SR8712,10609,1,5,6,4905,0,0,0,,0,009,"BROOKWOOD AV","4TH ST",0.00,,Y,A,-,N,,,,,,,,,,N,3,0,1,2,D,-,00,,,M,C,G,A,A,H,-,A,D,0,,Y,,,Y,,-,"- ",0,1,0,0,0,0,1,0,0,"- ","- ",,,SONOMA,"SANTA ROSA",-122.70728302001953,38.443519592285156
8948263,2019,2019-10-03,4905,2019-08-21,1538,SR553,10602,3,5,6,4905,0,0,0,,0,002,"MENDOCINO AV","FOUNTAINGROVE PKWY",0.00,,Y,A,-,N,,,,,,,,,,Y,4,0,1,2,A,-,09,21801,A,N,D,C,A,A,H,-,A,D,0,,,,,Y,,A,01,0,0,1,0,0,0,0,0,0,"- ","- ",,,SONOMA,"SANTA ROSA",-122.72866821289062,38.474720001220703
8948282,2019,2019-10-02,4905,2019-08-04,1758,509,10607,7,5,6,4905,0,0,0,,0,00Y,"CORBY AV","SMOKEWOOD DR",15.00,N,N,A,-,N,,,,,,,,,,N,3,0,1,2,A,-,03,22350,,M,C,G,A,A,H,-,A,A,0,,Y,,,Y,Y,A,01,0,1,0,0,0,0,1,0,0,"- ","- ",,,SONOMA,"SANTA ROSA",-122.71749877929688,38.417869567871094
8948310,2019,2019-10-02,4905,2019-08-21,0759,408,10601,3,5,6,4905,0,0,0,,0,001,"RANGE AV","WEST STEELE LN",0.00,,Y,A,-,N,,,,,,,,,,Y,3,0,2,2,A,-,12,21453,A,N,D,C,A,A,H,-,A,A,0,,,,,Y,,A,07,0,1,1,0,0,0,0,0,0,"- ","- ",,,SONOMA,"SANTA ROSA",-122.73256683349609,38.459980010986328
8948498,2019,2019-10-02,4905,2019-09-01,1641,SR8712,10603,7,5,6,4905,0,0,0,,0,003,"MARLOW RD","GUERNEVILLE RD",300.00,S,N,A,-,N,,,,,,,,,,Y,3,0,2,2,A,-,09,21804,A,N,D,C,A,A,H,-,A,D,0,,,Y,,Y,,A,01,0,2,0,0,0,0,0,0,2,"- ","- ",,,SONOMA,"SANTA ROSA",-122.75132751464844,38.451835632324219
8950413,2019,2019-10-11,4908,2019-09-11,0830,3367,1,3,5,5,4908,0,0,0,,0,002,"PETALLUMA BLVD N","WASHINGTON ST",53.00,S,N,A,-,N,,,,,,,,,,N,4,0,1,2,A,-,21,22106,,N,C,C,A,A,H,-,A,D,0,,,,,Y,,A,01,0,0,1,0,0,0,0,0,0,"- ","- ",38.235801696777344,-122.64109802246094,SONOMA,PETALUMA,-122.64110565185547,38.235637664794922
8953032,2019,2019-10-17,4908,2019-09-29,1612,3305,14,7,5,5,4908,0,0,0,,0,001,"ELY BL SOUTH","CAULFIELD LN",0.00,,Y,A,-,N,,,,,,,,,,Y,4,0,2,2,A,-,12,22450,A,N,D,C,A,A,H,-,A,A,0,,,,,Y,,A,01,0,0,2,0,0,0,0,0,0,"- ","- ",38.249988555908203,-122.60733795166016,SONOMA,PETALUMA,-122.60736846923828,38.249931335449219
8955591,2019,2019-10-18,4904,2019-09-10,1635,555,,2,5,4,4904,0,0,0,,0,,"GOLF COURSE DR","SNYDER LN E",0.00,,Y,A,-,N,,,,,,,,,,Y,3,0,2,2,A,-,09,21453,C,N,A,C,A,A,H,-,A,A,0,,,,,Y,,A,01,0,1,1,0,0,0,0,0,0,"- ","- ",38.366958618164062,-122.68534088134766,SONOMA,"ROHNERT PARK",-122.68582916259766,38.367271423339844
8956676,2019,2019-10-21,4904,2019-09-19,0010,518,4904,4,5,4,4904,0,0,0,,0,,"CIRCLE DR","CASA WY",0.00,,Y,A,-,N,,,,,,,,,,N,3,0,1,2,A,-,12,22450,A,F,G,B,B,A,H,-,C,A,0,Y,,,,Y,,A,01,0,1,0,0,1,0,0,0,0,"- ","- ",38.336200714111328,-122.69059753417969,SONOMA,"ROHNERT PARK",-122.69069671630859,38.336498260498047
8962002,2019,2020-06-04,4900,2019-09-14,1614,SD2340,11101,6,5,3,4980,0,0,0,,0,WI1,"RT 101 N","OLD REDWOOD HWY",0.00,,Y,A,-,Y,SON,4,101,-,-,7.711,R,4,N,N,3,0,1,2,A,-,09,21801,A,N,D,C,A,A,H,-,A,D,0,,,Y,,Y,,A,01,0,1,0,0,0,0,0,0,1,"- ","- ",,,SONOMA,WINDSOR,-122.67073822021484,38.272773742675781
8964851,2019,2019-11-16,4901,2019-10-15,1811,107,4901,2,5,2,4901,0,0,0,,0,,"N CLOVERDALE BL","CALEDONIAN CT",106.00,S,N,A,-,N,,,,,,,,,,N,2,0,1,1,A,-,03,22350,,N,E,I,A,A,H,-,A,D,0,,,Y,,Y,,C,02,1,0,0,0,0,0,0,0,1,"- ","- ",38.809940338134766,-123.01950073242188,SONOMA,CLOVERDALE,-123.02027130126953,38.809688568115234
8966828,2019,2019-11-08,4904,2019-08-13,2024,516,RPDPS,2,5,4,4904,0,0,0,,0,,"CAMINO COLEGIO","CALA WY",16.00,N,N,A,-,N,,,,,,,,,,Y,4,0,1,2,A,-,04,21703,,N,C,C,A,A,H,-,C,D,0,,,,,Y,,A,01,0,0,1,0,0,0,0,0,0,"- ","- ",38.334941864013672,-122.68891906738281,SONOMA,"ROHNERT PARK",-122.68896484375,38.335258483886719
8966920,2019,2019-11-14,4905,2019-09-30,1317,284,,1,5,6,4905,0,0,0,,0,008,"PETALUMA HILL RD","YOLANDA AV",45.00,N,N,A,-,N,,,,,,,,,,N,4,0,1,2,A,-,08,22107,,N,G,B,E,A,H,-,A,D,0,Y,,,,Y,,D,22,0,0,1,0,1,0,0,0,0,"- ","- ",,,SONOMA,"SANTA ROSA",-122.70431518554688,38.413372039794922
8966927,2019,2020-07-13,4905,2019-10-04,1539,SR383,10604,5,5,6,4905,0,0,0,,0,004,"RT 12","LOS ALAMOS RD",0.00,,Y,A,-,Y,SON,4,12,-,-,21.245,I,5,W,Y,3,0,1,3,A,-,09,21453,C,N,A,C,A,A,H,-,A,A,0,,,,,Y,,A,01,0,1,0,0,0,0,0,0,0,"- ","- ",,,SONOMA,"SANTA ROSA",-122.63427734375,38.45819091796875
8966955,2019,2020-01-27,4905,2019-09-28,1910,SR352,10604,6,5,6,4905,0,0,0,,0,004,"RT 12","MOUNTAIN HAWK DR",0.00,,Y,B,-,Y,SON,4,12,-,-,20.695,I,5,W,N,4,0,1,2,A,-,01,23152,A,N,B,G,A,A,H,-,B,A,0,,Y,,,Y,Y,D,22,0,0,1,0,0,0,1,0,0,"- ","- ",,,SONOMA,"SANTA ROSA",-122.64299774169922,38.462299346923828
8973282,2019,2019-11-08,4905,2019-08-15,1525,SR504,10609,4,5,6,4905,0,0,0,,0,009,"5TH ST","MENDOCINO AV",0.00,,Y,A,-,N,,,,,,,,,,N,4,0,1,2,A,-,10,21950,A,M,G,B,B,A,H,-,A,A,0,Y,,,,Y,,A,08,0,0,1,0,1,0,0,0,0,"- ","- ",,,SONOMA,"SANTA ROSA",-122.71452331542969,38.441078186035156
8973336,2019,2019-11-12,4905,2019-09-24,1816,SR505,10608,2,5,6,4905,0,0,0,,0,008,"BELLEVUE AV","TERRIMAY LN",0.00,,Y,A,-,N,,,,,,,,,,N,3,0,1,2,A,-,03,22350,,N,D,G,A,A,H,-,A,D,0,,Y,,,Y,,A,01,0,1,0,0,0,0,1,0,0,"- ","- ",,,SONOMA,"SANTA ROSA",-122.71087646484375,38.401718139648438
8973413,2019,2019-11-07,4905,2019-09-18,1014,SR284,10608,3,5,6,4905,0,0,0,,0,008,"KAWANA SPRINGS RD","SANTA ROSA AV",620.00,E,N,B,-,N,,,,,,,,,,Y,4,0,3,2,A,-,09,21804,A,N,D,C,A,B,H,-,A,D,0,,,,,Y,,A,08,0,0,3,0,0,0,0,0,0,"- ","- ",,,SONOMA,"SANTA ROSA",-122.71139526367188,38.416469573974609
8973425,2019,2019-11-07,4905,2019-09-22,1708,SR501,10607,7,5,6,4905,0,0,0,,0,007,"LUDWIG AV","STONY POINT RD",25.00,W,N,A,-,N,,,,,,,,,,N,4,0,2,3,A,-,01,23152,A,N,C,C,A,A,H,-,A,A,0,,,,,Y,Y,A,07,0,0,2,0,0,0,0,0,0,"- ","- ",,,SONOMA,"SANTA ROSA",-122.74156951904297,38.403518676757812
8973433,2019,2019-11-07,4905,2019-09-15,1640,SR8712,10609,7,5,6,4905,0,0,0,,0,009,"COLLEGE AV","MENDOCINO AV",0.00,,Y,A,-,N,,,,,,,,,,N,3,0,1,2,A,-,12,21453,A,N,D,G,A,A,H,-,A,A,0,,Y,,,Y,,L,04,0,1,0,0,0,0,1,0,0,"- ","- ",,,SONOMA,"SANTA ROSA",-122.71772766113281,38.445659637451172
8973437,2019,2019-11-07,4905,2019-09-20,1715,SR552,10607,5,5,6,4905,0,0,0,,0,007,"SEBASTOPOL RD","CORPORATE CENTER  PKWY",58.00,E,N,A,-,N,,,,,,,,,,Y,2,0,1,2,A,-,03,22350,,N,D,C,A,A,H,-,A,A,0,,,Y,,Y,,C,02,1,0,0,0,0,0,0,0,1,"- ","- ",,,SONOMA,"SANTA ROSA",-122.75315856933594,38.425952911376953
8973485,2019,2019-12-17,4905,2019-10-01,1530,SR284,10608,2,5,6,4905,0,0,0,,0,008,"ASTON AV","S HENDLEY ST",0.00,,Y,A,-,N,,,,,,,,,,Y,4,0,1,2,A,-,09,21801,A,N,D,C,A,A,H,-,A,A,0,,,,,Y,,A,01,0,0,1,0,0,0,0,0,0,"- ","- ",,,SONOMA,"SANTA ROSA",-122.70249176025391,38.425830841064453
8973500,2019,2019-11-07,4905,2019-10-18,1114,SR407,10606,5,5,6,4905,0,0,0,,0,006,"SULLIVAN WY","BRIDLE TRL",100.00,E,N,A,-,N,,,,,,,,,,N,3,0,1,2,A,-,03,22350,,N,G,B,E,A,H,-,A,A,0,Y,,,,Y,,A,01,0,1,0,0,1,0,0,0,0,"- ","- ",,,SONOMA,"SANTA ROSA",-122.66806030273438,38.457504272460938
8973513,2019,2019-12-17,4905,2019-10-03,1437,SR353,10604,4,5,6,4905,0,0,0,,0,004,"BRUSH CREEK RD","SHADOWHILL DR",132.00,S,N,A,-,N,,,,,,,,,,Y,4,0,1,3,A,-,05,21460,A,N,B,C,A,A,H,-,A,D,0,,,,,Y,,A,07,0,0,1,0,0,0,0,0,0,"- ","- ",,,SONOMA,"SANTA ROSA",-122.68081665039062,38.464607238769531
8974101,2019,2020-09-14,4908,2019-06-07,1839,1359,,5,5,5,4908,0,0,0,,0,001,"LAKEVILLE HWY","BAYWOOD DR",0.00,,Y,A,-,Y,SON,4,116,-,-,35.144,I,5,E,Y,4,0,1,2,A,-,09,21453,C,N,D,C,A,A,H,-,A,A,0,,,,,Y,,A,08,0,0,1,0,0,0,0,0,0,"- ","- ",38.232940673828125,-122.61419677734375,SONOMA,PETALUMA,-122.61421203613281,38.232906341552734
8974528,2019,2019-11-25,4905,2019-10-02,1514,SR474,10606,3,5,6,4905,0,0,0,,0,006,"MONTGOMERY DR","GILBERT DR",25.00,W,N,A,-,N,,,,,,,,,,Y,4,0,1,2,A,-,08,22107,,N,C,E,A,A,H,-,A,D,0,,,,,Y,,A,01,0,0,1,0,0,0,0,0,0,"- ","- ",,,SONOMA,"SANTA ROSA",-122.68907165527344,38.446254730224609
8976178,2019,2020-01-24,4908,2019-11-04,0900,3367,2,1,5,5,4908,0,0,0,,0,003,"D ST","PETALLUMA BLVD S",14.00,E,N,A,-,N,,,,,,,,,,N,3,0,1,2,A,-,10,21950,A,N,G,B,B,A,H,-,A,A,0,Y,,,,Y,,A,01,0,1,0,0,1,0,0,0,0,"- ","- ",38.232509613037109,-122.63690185546875,SONOMA,PETALUMA,-122.63690948486328,38.232513427734375
8976539,2019,2020-01-10,4906,2019-09-08,1746,411,4906,7,5,2,4906,0,0,0,,0,,"RT 116","FIRCREST AV",30.00,N,N,A,-,Y,SON,4,116,-,-,27.640,H,-,W,Y,4,0,1,2,A,-,03,22350,,N,C,C,A,A,H,-,A,A,0,,,,,Y,,D,22,0,0,1,0,0,0,0,0,0,"- ","- ",38.390689849853516,-122.81639862060547,SONOMA,SEBASTOPOL,-122.81641387939453,38.390670776367188
8976547,2019,2020-10-07,4906,2019-09-18,1232,407,,3,5,2,4906,0,0,0,,0,,"RT 116","BODEGA AV",7.00,S,N,A,-,Y,SON,4,116,-,R,9.230,I,5,E,Y,2,0,1,2,A,-,11,21456,C,N,G,B,B,A,H,-,A,A,0,Y,,,Y,Y,,N,60,1,0,0,0,1,0,0,0,0,"- ","- ",38.402030944824219,-122.82421112060547,SONOMA,SEBASTOPOL,-122.82421112060547,38.402030944824219
8985235,2019,2020-07-13,4905,2019-11-15,2215,SR383,10604,5,5,6,4905,0,0,0,,0,004,"4TH ST","FARMERS LN",0.00,,Y,A,-,Y,SON,4,12,-,T,18.544,I,5,E,Y,3,0,2,2,A,-,01,23152,A,F,A,C,A,A,H,-,C,A,0,,,,,Y,Y,A,01,0,2,0,0,0,0,0,0,0,"- ","- ",,,SONOMA,"SANTA ROSA",-122.6884765625,38.449718475341797
8986270,2019,2020-01-29,4902,2019-11-15,1821,105356,,5,5,2,4902,0,0,0,,0,,"WEST SIERRA AV","E SCHOOL ST",25.00,E,N,A,-,N,,,,,,,,,,N,4,0,1,2,A,-,03,22350,,N,C,C,A,A,H,-,D,A,0,,,,,Y,,D,22,0,0,1,0,0,0,0,0,0,"- ","- ",,,SONOMA,COTATI,-122.70787048339844,38.323753356933594
8988844,2019,2019-12-19,4905,2019-10-30,2000,SR347,10603,3,5,6,4905,0,0,0,,0,003,"JENNINGS AV","MOONVIEW CT",40.00,E,N,A,-,N,,,,,,,,,,Y,3,0,1,2,A,-,01,23152,A,M,A,E,A,A,H,-,C,D,0,,,,,Y,Y,D,23,0,1,0,0,0,0,0,0,0,"- ","- ",,,SONOMA,"SANTA ROSA",-122.75028991699219,38.449630737304688
8989188,2019,2020-01-27,4908,2019-11-26,1800,3415,10,2,5,5,4908,0,0,0,,0,004,"E WASHINGTON","MARIA DR",0.00,,Y,B,C,N,,,,,,,,,,N,4,0,1,2,A,-,10,21950,A,F,G,B,B,B,H,-,C,A,0,Y,,,,Y,,-,,0,0,1,0,1,0,0,0,0,"- ","- ",38.252651214599609,-122.62287139892578,SONOMA,PETALUMA,-122.62277221679688,38.252620697021484
8996062,2019,2020-01-07,4905,2019-11-17,1407,SR8712,10603,7,5,6,4905,0,0,0,,0,003,"PETERSON LN","CASSIDY CT",0.00,,N,A,-,N,,,,,,,,,,Y,3,0,2,1,A,-,08,22107,,N,E,I,A,A,H,-,A,D,0,,,,,Y,,A,01,0,1,1,0,0,0,0,0,0,"- ","- ",,,SONOMA,"SANTA ROSA",-122.76271,38.46566
8996107,2019,2020-01-08,4905,2019-10-19,2033,SR536,10603,6,5,6,4905,0,0,0,,0,009,"WEST 9TH ST","NORTH DUTTON AV",0.00,,Y,B,-,N,,,,,,,,,,N,3,0,1,2,A,-,12,21453,A,N,G,G,A,A,H,-,C,A,0,,Y,,,Y,Y,L,04,0,1,0,0,0,0,1,0,0,"- ","- ",,,SONOMA,"SANTA ROSA",-122.72898101806641,38.441608428955078
8996119,2019,2020-01-08,4905,2019-10-29,1831,SR510,10605,2,5,6,4905,0,0,0,,0,005,"FULTON RD","HALL RD",0.00,,Y,F,-,N,,,,,,,,,,Y,2,0,1,2,A,-,12,22450,,N,D,D,A,A,H,-,D,B,0,,,Y,,Y,,A,01,1,0,0,0,0,0,0,0,1,"- ","- ",,,SONOMA,"SANTA ROSA",-122.77039337158203,38.438018798828125
90007096,2015,2015-10-19,9360,2015-07-25,2034,020329,,6,2,9,4900,0,2,4,,1,022,"OLD REDWOOD HWY","LIMERICK LANE",1056.00,N,N,A,-,N,,,,,,,,,,Y,4,0,2,1,A,-,01,23152,A,N,E,I,A,A,H,-,D,D,0,,,,,Y,Y,A,07,0,0,2,0,0,0,0,0,0,"- ","- ",38.591459999999998,-122.85113,SONOMA,UNINCORPORATED,-122.85082193,38.590776159999997
90007199,2015,2015-10-19,9360,2015-07-28,1215,014998,,2,1,9,4900,0,1,2,,1,060,"US 101 (N/B)","SAN ANTONIO RD",54.00,N,N,A,-,Y,,,,,,,,,,Y,4,0,1,2,A,-,03,22350,,N,C,C,A,A,H,-,A,D,0,,,,,Y,,A,01,0,0,1,0,0,0,0,0,0,"- ","- ",38.189630000000001,-122.60104,SONOMA,UNINCORPORATED,,
90007222,2015,2015-10-19,9360,2015-07-28,2100,020160,,2,2,9,4900,0,2,4,,1,052,"SEBASTOPOL ROAD","MCMINN AVE",400.00,E,N,A,-,N,,,,,,,,,,N,3,0,1,2,A,-,21,22106,,F,H,G,A,A,H,-,B,D,0,,Y,,,Y,,-,99,0,1,0,0,0,0,1,0,0,"- ","- ",38.428750000000001,-122.73106,SONOMA,UNINCORPORATED,-122.73099526,38.429273940000002
90007368,2015,2015-10-19,9360,2015-07-31,1631,018790,,5,2,9,4900,0,2,4,,1,052,"STONY POINT ROAD","TODD ROAD",2112.00,N,N,A,-,N,,,,,,,,,,Y,4,0,2,3,A,-,03,22350,,N,C,C,A,A,H,-,A,D,0,,,,,Y,,D,22,0,0,2,0,0,0,0,0,0,"- ","- ",38.3934,-122.74167,SONOMA,UNINCORPORATED,-122.74160845999999,38.39293988
90008445,2015,2015-10-19,9360,2015-08-04,2200,020457,,2,3,9,4900,0,2,4,,1,044,"ADOBE RD","FRATES RD",5861.00,E,N,A,-,N,,,,,,,,,,Y,4,0,1,2,A,-,09,21801,A,N,C,C,A,A,H,-,D,D,0,,,,,Y,,A,01,0,0,1,0,0,0,0,0,0,"- ","- ",38.253399999999999,-122.569,SONOMA,UNINCORPORATED,-122.56039333,38.250547210000001
90008839,2015,2015-10-19,9360,2015-08-12,1120,013513,,3,1,5,4908,0,1,2,,2,050,"US 101 S/B","PETALUMA BOULEVARD NORTH",1391.00,N,N,A,-,Y,,,,,,,,,,Y,4,0,1,3,A,-,03,22350,,N,C,C,A,A,H,-,A,D,0,,,,,Y,,A,01,0,0,1,0,0,0,0,0,0,"- ","- ",38.275649999999999,-122.67495,SONOMA,PETALUMA,-122.6171391,38.231558149999998
90009538,2015,2015-10-19,9360,2015-08-08,1910,016000,,6,2,9,4900,0,1,3,,1,063,SR-1,"FREESTONE VALLEY FORD RD",2112.00,N,N,A,-,Y,,,1,,,,,,,N,2,0,1,2,A,-,03,22350,,N,B,G,A,A,H,-,A,D,0,,Y,,,Y,,A,01,1,0,0,0,0,0,1,0,0,"- ","- ",38.325980000000001,-122.94145,SONOMA,UNINCORPORATED,-122.94145911,38.325866490000003
90009726,2015,2015-10-19,9360,2015-08-09,1345,020764,,7,1,9,4900,0,3,5,,2,003,"EASTSIDE RD","TRENTON-HEALDSBURG RD",2640.00,N,N,A,-,N,,,,,,,,,,Y,4,0,1,1,A,-,08,22107,,N,E,I,A,A,H,-,A,D,0,,,,,Y,,A,01,0,0,1,0,0,0,0,0,0,"- ","- ",38.521360000000001,-122.84954,SONOMA,UNINCORPORATED,-122.85911424,38.510210219999998
90010446,2015,2015-10-19,9360,2015-08-16,2020,019824,,7,2,9,4900,0,2,4,,1,023,"ALEXANDER VALLEY RD","HEALDSBURG AVENUE BRG",1267.00,E,N,A,-,N,,,,,,,,,,Y,3,0,1,1,A,-,01,23152,A,N,E,J,A,A,H,-,D,D,0,,,,,Y,Y,D,22,0,1,0,0,0,0,0,0,0,"- ","- ",38.653289999999998,-122.86709999999999,SONOMA,UNINCORPORATED,-122.86729690999999,38.653055760000001
90010977,2015,2017-08-31,9360,2015-08-14,1740,018828,,5,2,9,4900,0,1,2,,2,020,"US-101 S/B","INDEPENDENCE LN",2640.00,S,N,A,-,Y,,,101,,,,,,S,Y,1,2,3,3,A,-,01,23152,E,N,D,C,A,A,H,-,A,D,0,,,,,Y,,D,22,2,0,1,0,0,0,0,0,0,"- ","- ",38.67266,-122.87992,SONOMA,UNINCORPORATED,-122.88023271,38.672581649999998
90011539,2015,2015-10-19,9360,2015-08-21,1025,019744,,5,1,9,4900,0,1,3,,1,041,SR-12,"WARM SPRINGS ROAD",470.00,W,N,A,-,Y,,,12,,,,,,,Y,2,0,3,2,A,-,05,21460,A,N,A,C,A,A,H,-,A,D,0,,,,,Y,,A,07,3,0,0,0,0,0,0,0,0,"- ","- ",38.41836,-122.55021000000001,SONOMA,UNINCORPORATED,-122.55022460000001,38.418344840000003
90011708,2015,2015-10-29,9360,2015-08-24,1940,020176,,1,2,9,4900,0,3,5,,2,003,"OCCIDENTAL RD","HIGH SCHOOL RD",0.00,,Y,A,-,N,,,,,,,,,,Y,3,0,2,2,A,-,01,23152,E,N,D,C,A,A,H,-,A,A,0,,,,,Y,,A,01,0,1,1,0,0,0,0,0,0,"- ","- ",38.426389999999998,-122.83207,SONOMA,UNINCORPORATED,-122.83204000000001,38.426399940000003
90012383,2015,2015-10-19,9360,2015-08-23,1442,019824,,7,2,5,4908,0,1,2,,2,050,"US-101 S/B","PETALUMA BLVDN",336.00,N,N,A,-,Y,,,101,,,,,,S,Y,4,0,1,3,A,-,03,22350,,N,C,C,A,A,H,-,A,D,0,,,,,Y,,A,01,0,0,1,0,0,0,0,0,0,"- ","- ",38.273449999999997,-122.67196,SONOMA,PETALUMA,-122.67194689,38.273467060000002
90012795,2015,2015-10-19,9325,2015-08-14,1625,020242,,5,2,9,4900,0,1,3,,1,053,SR-116,"WILLIE BIRD WAY",1056.00,E,N,A,-,Y,,,116,,,,,,,N,2,0,2,2,A,-,03,22350,,N,H,G,A,A,H,-,A,D,0,,Y,,,Y,,L,04,1,1,0,0,0,0,2,0,0,"- ","- ",38.236759999999997,-122.5081,SONOMA,UNINCORPORATED,-122.50812942,38.236814320000001
90012894,2015,2015-10-19,9325,2015-08-14,1425,020242,,5,2,9,4900,0,3,5,,2,005,"WATMAUGH RD",SR-116,14.00,N,N,A,-,N,,,,,,,,,,N,4,0,1,2,A,-,03,22350,,N,C,C,A,A,H,-,A,A,0,,,,,Y,,D,22,0,0,1,0,0,0,0,0,0,"- ","- ",38.252409999999998,-122.48994999999999,SONOMA,UNINCORPORATED,-122.489729,38.252204999999996
90014265,2015,2015-10-19,9360,2015-08-29,1220,019744,,6,1,9,4900,0,3,5,,2,005,"MILLBRAE AVE","WHISTLER AVE",64.00,W,N,A,-,N,,,,,,,,,,Y,3,0,1,1,A,-,08,22107,,N,E,I,A,A,H,-,A,D,0,,,,,Y,,A,07,0,1,0,0,0,0,0,0,0,"- ","- ",38.369509999999998,-122.72947000000001,SONOMA,UNINCORPORATED,-122.72946331,38.369510560000002
90014762,2015,2015-10-19,9360,2015-08-27,0825,020234,,4,1,9,4900,0,1,2,,1,060,US-101N/B,"SAN ANTONIO RD.",500.00,S,N,A,-,Y,,,101,,,,,,,Y,3,0,1,2,A,-,03,22350,,N,C,C,A,A,H,-,A,D,0,,,Y,,Y,,C,02,0,1,0,0,0,0,0,0,1,"- ","- ",38.187579999999997,-122.60091,SONOMA,UNINCORPORATED,-122.60088313999999,38.18758176
90014870,2015,2015-10-19,9360,2015-08-30,1330,018859,,7,1,9,4900,0,3,5,,2,003,"OCCIDENTAL ROAD","IRWIN LANE",90.00,W,N,A,-,N,,,,,,,,,,Y,3,0,2,2,A,-,03,22350,,N,C,C,A,A,H,-,A,D,0,,,,,Y,,A,01,0,2,0,0,0,0,0,0,0,"- ","- ",38.423340000000003,-122.78828,SONOMA,UNINCORPORATED,-122.78838426,38.423328990000002