CASE_ID,ACCIDENT_YEAR,PROC_DATE,JURIS,COLLISION_DATE,COLLISION_TIME,OFFICER_ID,REPORTING_DISTRICT,DAY_OF_WEEK,CHP_SHIFT,POPULATION,CNTY_CITY_LOC,SPECIAL_COND,BEAT_TYPE,CHP_BEAT_TYPE,CITY_DIVISION_LAPD,CHP_BEAT_CLASS,BEAT_NUMBER,PRIMARY_RD,SECONDARY_RD,DISTANCE,DIRECTION,INTERSECTION,WEATHER_1,WEATHER_2,STATE_HWY_IND,CALTRANS_COUNTY,CALTRANS_DISTRICT,STATE_ROUTE,ROUTE_SUFFIX,POSTMILE_PREFIX,POSTMILE,LOCATION_TYPE,RAMP_INTERSECTION,SIDE_OF_HWY,TOW_AWAY,COLLISION_SEVERITY,NUMBER_KILLED,NUMBER_INJURED,PARTY_COUNT,PRIMARY_COLL_FACTOR,PCF_CODE_OF_VIOL,PCF_VIOL_CATEGORY,PCF_VIOLATION,PCF_VIOL_SUBSECTION,HIT_AND_RUN,TYPE_OF_COLLISION,MVIW,PED_ACTION,ROAD_SURFACE,ROAD_COND_1,ROAD_COND_2,LIGHTING,CONTROL_DEVICE,CHP_ROAD_TYPE,PEDESTRIAN_ACCIDENT,BICYCLE_ACCIDENT,MOTORCYCLE_ACCIDENT,TRUCK_ACCIDENT,NOT_PRIVATE_PROPERTY,ALCOHOL_INVOLVED,STWD_VEHTYPE_AT_FAULT,CHP_VEHTYPE_AT_FAULT,COUNT_SEVERE_INJ,COUNT_VISIBLE_INJ,COUNT_COMPLAINT_PAIN,COUNT_PED_KILLED,COUNT_PED_INJURED,COUNT_BICYCLIST_KILLED,COUNT_BICYCLIST_INJURED,COUNT_MC_KILLED,COUNT_MC_INJURED,PRIMARY_RAMP,SECONDARY_RAMP,LATITUDE,LONGITUDE,COUNTY,CITY,POINT_X,POINT_Y
90228600,2016,2016-07-22,9360,2016-07-12,1810,015187,,2,2,6,4905,0,1,2,,2,030,"US-101 N/B","MENDOCINO AVE.",100.00,N,N,A,-,Y,,,101,,,,,,N,Y,4,0,1,3,A,-,03,22350,,N,C,C,A,A,H,-,A,D,0,,,,,Y,,D,23,0,0,1,0,0,0,0,0,0,"- ","- ",38.475639999999999,-122.73137,SONOMA,"SANTA ROSA",-122.73141545999999,38.475620339999999
90228675,2016,2016-07-22,9360,2016-07-13,1750,015552,,3,2,9,4900,0,3,5,,2,006,"CAZADERO HWY","MAGIC MOUNTAIN RD",2112.00,N,N,A,-,N,,,,,,,,,,Y,2,0,1,1,A,-,08,22107,,N,E,I,A,A,H,-,A,D,0,,,,,Y,,A,01,1,0,0,0,0,0,0,0,0,"- ","- ",38.480359999999997,-123.05295,SONOMA,UNINCORPORATED,-123.0530682,38.480371910000002
90231951,2016,2016-07-27,9360,2016-07-15,1530,018881,,5,2,9,4900,0,3,5,,2,006,"KING RIDGE ROAD","HAUSER BRIDGE ROAD",0.00,,Y,A,-,N,,,,,,,,,,N,2,0,1,1,A,-,03,22350,,N,E,I,A,A,H,-,A,D,0,,,Y,,Y,,C,02,1,0,0,0,0,0,0,0,1,"- ","- ",38.610430000000001,-123.28072,SONOMA,UNINCORPORATED,-123.28063988,38.610529980000003
90233007,2016,2016-07-28,9360,2016-07-16,2028,020369,,6,2,9,4900,0,1,2,,1,060,"US-101 N/B","PETALUMA BLVDN",1584.00,S,N,A,-,Y,,,,,,,,,,Y,4,0,1,1,A,-,08,22107,,N,E,I,A,A,H,-,C,D,0,,,,,Y,,A,01,0,0,1,0,0,0,0,0,0,"- ","- ",38.26867,-122.66549000000001,SONOMA,UNINCORPORATED,,
90233296,2016,2016-07-29,9360,2016-07-17,0822,017214,,7,1,5,4908,0,1,2,,1,060,"S/B US-101 TO E. WASHINGTON STREET","E. WASHINGTON STREET",350.00,N,N,A,-,Y,,,,,,,,,,Y,4,0,1,1,A,-,08,22107,,N,E,I,A,A,H,-,A,D,0,,,,,Y,,A,07,0,0,1,0,0,0,0,0,0,"- ","- ",38.247349999999997,-121.62915,SONOMA,PETALUMA,,
90233383,2016,2016-07-29,9360,2016-07-17,1800,018859,,7,2,9,4900,0,2,4,,1,032,"RIVER ROAD","RIVER DRIVE",25.00,W,N,A,-,N,,,,,,,,,,N,4,0,1,2,A,-,03,22350,,N,C,C,A,A,H,-,A,D,0,,,,,Y,,A,01,0,0,1,0,0,0,0,0,0,"- ","- ",38.509230000000002,-122.92261000000001,SONOMA,UNINCORPORATED,-122.92611654,38.508820380000003
90236890,2016,2016-08-03,9360,2016-06-29,2102,016524,,3,2,9,4900,0,2,4,,1,022,"OLD REDWOOD HIGHWAY","LAVELLE RD",358.00,S,N,A,-,N,,,,,,,,,,Y,4,0,1,1,A,-,03,22350,,N,E,I,A,A,H,-,C,D,0,,,,,Y,Y,A,07,0,0,1,0,0,0,0,0,0,"- ","- ",38.503329999999998,-122.75711,SONOMA,UNINCORPORATED,-122.75765946,38.503443169999997
90237929,2016,2016-08-04,9360,2016-07-26,1516,018828,,2,2,5,4908,0,1,2,,1,060,"US-101 N/B","CORONA RD",4752.00,S,N,A,-,Y,,,101,,,,,,N,N,4,0,2,3,A,-,03,22350,,N,C,C,A,A,H,-,A,D,0,,,,,Y,,D,22,0,0,2,0,0,0,0,0,0,"- ","- ",38.255510000000001,-122.64421,SONOMA,PETALUMA,-122.64420041,38.255527280000003
90240568,2016,2016-08-09,9360,2016-06-21,1731,016652,,2,2,6,4905,0,1,2,,2,030,"US-101 N/B","MENDOCINO AVE",1267.00,N,N,A,-,Y,,,101,,,,,,N,Y,4,0,1,2,A,-,03,22350,,N,C,C,A,A,H,-,A,D,0,,,Y,,Y,,C,02,0,0,1,0,0,0,0,0,1,"- ","- ",38.479080000000003,-122.73305999999999,SONOMA,"SANTA ROSA",-122.73302093,38.479104839999998
90240721,2016,2016-08-09,9360,2016-07-30,2240,020565,,6,3,9,4900,0,1,3,,1,021,SR-128,"CHALK HILL RD",2640.00,E,N,A,-,Y,,,128,,,,,,,Y,4,0,1,1,A,-,01,23152,A,N,E,I,A,A,H,-,D,D,0,,,,,Y,Y,A,01,0,0,1,0,0,0,0,0,0,"- ","- ",38.639690000000002,-122.75666,SONOMA,UNINCORPORATED,-122.75665226,38.639658220000001
90241093,2016,2016-08-09,9360,2016-07-27,0130,020285,,3,3,9,4900,0,1,2,,2,030,"US-101 S/B","RIVER RD",1848.00,S,N,A,-,Y,,,101,,,,,,S,Y,4,0,1,1,A,-,08,22107,,N,E,I,A,A,H,-,C,D,0,,,,,Y,,D,22,0,0,1,0,0,0,0,0,0,"- ","- ",38.492469999999997,-122.75131,SONOMA,UNINCORPORATED,-122.75127976,38.492512789999999
90242062,2016,2016-08-10,9360,2016-07-31,1605,020369,,7,2,9,4900,0,2,4,,1,047,"LAKEVILLE RD","STAGE GULCH RD",0.00,,Y,A,-,N,,,,,,,,,,Y,4,0,2,2,A,-,09,21801,A,N,A,C,A,A,H,-,A,D,0,,,,,Y,,A,01,0,0,2,0,0,0,0,0,0,"- ","- ",38.212290000000003,-122.54934,SONOMA,UNINCORPORATED,-122.54924991999999,38.21202993
90243744,2016,2016-08-12,9350,2016-08-02,1745,021266,,2,2,9,4900,0,1,3,,2,137,"SR-37 W/B","LAKEVILLE HWY",53.00,E,N,A,-,Y,,,37,,,,,,W,N,4,0,1,4,A,-,01,23152,A,F,C,C,A,A,H,-,A,A,0,,,,,Y,Y,A,01,0,0,1,0,0,0,0,0,0,"- ","- ",38.134650000000001,-122.47564,SONOMA,UNINCORPORATED,-122.47563369,38.134639679999999
90243858,2016,2016-08-12,9360,2016-07-29,1755,018859,,5,2,9,4900,0,2,4,,1,032,"ARMSTRONG WOODS ROAD","WOODLAND DRIVE",1584.00,N,N,A,-,N,,,,,,,,,,Y,4,0,1,2,A,-,08,22107,,N,E,I,A,A,H,-,A,D,0,,,,,Y,,D,22,0,0,1,0,0,0,0,0,0,"- ","- ",38.507510000000003,-122.99664,SONOMA,UNINCORPORATED,-122.99660699,38.507538089999997
90244072,2016,2016-08-24,9360,2016-08-03,1135,014998,,3,1,9,4900,0,2,4,,1,032,"RIVER RD","WOOLSEY RD",1056.00,W,N,A,-,N,,,,,,,,,,N,3,0,1,2,A,-,08,22107,,F,C,G,A,A,H,-,A,D,0,,Y,,,Y,,-,99,0,1,0,0,0,0,1,0,0,"- ","- ",38.491210000000002,-122.79233000000001,SONOMA,UNINCORPORATED,-122.7908745,38.491902439999997
90245583,2016,2016-08-16,9325,2016-08-07,1325,018599,,7,1,9,4900,0,1,3,,1,072,SR-121,"BURNDALE RD",0.00,,Y,A,-,Y,,,121,,,,,,,Y,4,0,2,2,A,-,09,21802,A,N,D,C,A,A,H,-,A,D,0,,,,,Y,,A,07,0,0,2,0,0,0,0,0,0,"- ","- ",38.246479999999998,-122.42171,SONOMA,UNINCORPORATED,-122.42170968000001,38.246454149999998
90248681,2016,2016-08-19,9360,2016-08-08,1523,018828,,1,2,6,4905,0,1,3,,1,051,"SR-12 W/B","SANTA ROSA AVE",325.00,E,N,A,-,Y,,,12,,,,,,W,N,4,0,2,2,A,-,03,22350,,N,C,C,A,A,H,-,A,D,0,,,,,Y,,D,22,0,0,2,0,0,0,0,0,0,"- ","- ",38.431449999999998,-122.71001,SONOMA,"SANTA ROSA",-122.70998494,38.43135908
90249987,2016,2016-08-22,9360,2016-08-07,0545,017693,,7,3,9,4900,0,2,4,,1,047,"LAKEVILLE RD","LAKEVILLE # 2",0.00,,N,A,-,N,,,,,,,,,,Y,3,0,1,2,A,-,01,23152,A,N,B,C,A,A,H,-,B,D,0,,,,,Y,Y,A,01,0,1,0,0,0,0,0,0,0,"- ","- ",38.18806,-122.54128,SONOMA,UNINCORPORATED,,
90250207,2016,2016-08-23,9350,2016-08-09,0650,015765,,2,1,9,4900,0,1,3,,2,137,"SR-37 W/B","LAKEVILLE RD. E/PROLONGATION",946.00,E,N,A,-,Y,,,37,,,,,,W,Y,3,0,1,2,A,-,03,22350,,N,C,C,A,A,H,-,A,D,0,,,,,Y,,A,01,0,1,0,0,0,0,0,0,0,"- ","- ",38.135770000000001,-122.47368,SONOMA,UNINCORPORATED,-122.47370291999999,38.135808079999997
90250917,2016,2016-08-23,9360,2016-08-14,0700,019862,,7,1,9,4900,0,1,3,,1,053,SR-116,"STONY POINT RD",2640.00,W,N,A,E,Y,,,116,,,,,,,Y,3,0,1,1,A,-,08,22107,,N,F,I,A,A,H,-,D,D,0,,,,,Y,,A,07,0,1,0,0,0,0,0,0,0,"- ","- ",38.337600000000002,-122.7461,SONOMA,UNINCORPORATED,-122.74613324000001,38.337522989999997
90252674,2016,2016-08-25,9360,2016-08-17,2050,020457,,3,2,9,4900,0,2,4,,1,032,"RIVER ROAD","SCENIC DR",528.00,E,N,A,-,N,,,,,,,,,,Y,3,0,3,3,A,-,01,23152,A,N,C,C,A,A,H,-,D,D,0,,,,,Y,Y,A,01,0,1,2,0,0,0,0,0,0,"- ","- ",38.504829999999998,-122.91216,SONOMA,UNINCORPORATED,-122.91248741,38.50491281
90256166,2016,2016-09-13,9360,2016-08-13,1026,015420,,6,1,9,4900,0,2,4,,1,058,"SKILLMAN LANE","LIBERTY RD",2112.00,E,N,A,-,N,,,,,,,,,,Y,2,0,1,1,A,-,01,23152,A,F,E,I,A,A,H,-,A,D,0,,,,,Y,Y,A,01,1,0,0,0,0,0,0,0,0,"- ","- ",38.256059999999998,-122.69376,SONOMA,UNINCORPORATED,-122.69364688,38.25611799
90257234,2016,2016-08-30,9360,2016-08-19,0755,020266,,5,1,5,4908,0,1,2,,2,050,"US-101 S/B","PETALUMA BLVD NORTH",5808.00,N,N,A,-,Y,,,,,,,,,,Y,4,0,1,2,A,-,08,22107,,N,B,C,A,A,H,-,A,D,0,,,,,Y,,A,01,0,0,1,0,0,0,0,0,0,"- ","- ",38.28351,-122.68494,SONOMA,PETALUMA,-122.61803,38.233289999999997
90263296,2016,2016-09-07,9360,2016-09-01,1800,016045,,4,2,9,4900,0,2,4,,1,054,"VALLEY FORD RD","CARMODY RD",2112.00,E,N,A,-,N,,,,,,,,,,Y,4,0,1,1,A,-,08,22107,,N,F,A,A,A,H,-,A,D,0,,,,,Y,,D,22,0,0,1,0,0,0,0,0,0,"- ","- ",38.299549999999996,-122.82617,SONOMA,UNINCORPORATED,-122.82627770000001,38.299633929999999
90265485,2016,2016-09-12,9360,2016-08-27,0810,016076,,6,1,9,4900,0,1,2,,1,010,"US 101 N/B","ASTI RD U/C",195.00,N,N,B,-,Y,,,,,,,,,,Y,3,0,1,1,A,-,08,22107,,N,E,I,A,A,H,-,A,D,0,,,,,Y,,A,07,0,1,0,0,0,0,0,0,0,"- ","- ",38.759689999999999,-122.97584000000001,SONOMA,UNINCORPORATED,,
90265498,2016,2016-09-12,9360,2016-08-29,1350,021195,,1,1,9,4900,0,2,4,,1,058,"SKILLMAN LN","PETALUMA BLVDN",1056.00,W,N,A,-,N,,,,,,,,,,Y,4,0,1,2,A,-,03,22350,,N,C,C,A,A,H,-,A,A,0,,,,,Y,,A,01,0,0,1,0,0,0,0,0,0,"- ","- ",38.257860000000001,-122.66327,SONOMA,UNINCORPORATED,-122.66381,38.261355000000002
90266411,2016,2016-09-13,9350,2016-09-05,2340,020403,,1,3,9,4900,0,1,3,,2,237,"SR-37 W/B","SONOMA/SOLANO CO. LINE",2112.00,W,N,A,-,Y,,,37,,,,,,W,Y,4,0,2,2,A,-,03,22350,,N,C,C,A,A,H,-,D,D,0,,,,,Y,,A,01,0,0,2,0,0,0,0,0,0,"- ","- ",38.155720000000002,-122.41385,SONOMA,UNINCORPORATED,-122.4138425,38.155642530000001
90266571,2016,2016-09-13,9360,2016-08-24,1720,018828,,3,2,5,4908,0,1,2,,1,060,"US-101 S/B","EAST WASHINGTON ST",5280.00,N,N,A,-,Y,,,101,,,,,,S,N,2,0,1,1,A,-,04,21703,,N,F,A,A,A,H,-,A,D,0,,,Y,,Y,,C,02,1,0,0,0,0,0,0,0,1,"- ","- ",38.254890000000003,-122.64358,SONOMA,PETALUMA,-122.64355354999999,38.254939499999999
9026728,2019,2020-09-14,4906,2019-12-09,1557,451,4906,1,5,2,4906,0,0,0,,0,,"RT 116","WALKER AV",0.00,,N,B,-,Y,SON,4,116,-,R,27.130,H,-,W,Y,3,0,1,3,A,-,01,23152,F,N,B,E,A,A,H,-,-,A,0,,,,,Y,,D,22,0,1,0,0,0,0,0,0,0,"- ","- ",38.398090362548828,-122.82118225097656,SONOMA,SEBASTOPOL,-122.82106781005859,38.398097991943359
90267365,2016,2016-09-14,9360,2016-09-04,2300,020740,,7,3,9,4900,0,3,5,,2,004,"BENNETT VALLEY ROAD","MITCHELL ROAD",450.00,E,N,A,-,N,,,,,,,,,,Y,3,0,1,1,A,-,01,23152,A,N,E,I,A,A,H,-,D,D,0,,,,,Y,Y,A,07,0,1,0,0,0,0,0,0,0,"- ","- ",38.413809999999998,-122.65452999999999,SONOMA,UNINCORPORATED,-122.65707947,38.414065190000002
90267389,2016,2016-09-14,9360,2016-05-20,0338,020329,,5,3,6,4905,0,1,2,,2,030,"US-101 N/B","RIVER ROAD",1056.00,N,N,A,-,Y,,,,,,,,,,Y,1,1,0,2,C,-,18,,,N,G,B,E,A,H,-,D,D,0,Y,,,,Y,,-,"- ",0,0,0,1,0,0,0,0,0,"- ","- ",38.499279999999999,-122.76031,SONOMA,"SANTA ROSA",-122.75879965999999,38.498113709999998
90267716,2016,2016-09-14,9360,2016-09-09,0355,019405,,5,3,9,4900,0,3,5,,2,005,"LONE PINE RD","TWIG AVE",1056.00,W,N,B,-,N,,,,,,,,,,Y,4,0,1,1,A,-,08,22107,,N,E,I,A,A,H,-,D,D,0,,,,,Y,,A,01,0,0,1,0,0,0,0,0,0,"- ","- ",38.364750000000001,-122.78967,SONOMA,UNINCORPORATED,-122.78842047000001,38.364755600000002
90268612,2016,2016-09-15,9360,2016-09-12,1715,016045,,1,2,9,4900,0,2,4,,1,044,"ADOBE RD.","FRATES RD",650.00,W,N,A,-,N,,,,,,,,,,Y,4,0,1,3,A,-,03,22350,,N,C,C,A,A,H,-,A,D,0,,,,,Y,,A,01,0,0,1,0,0,0,0,0,0,"- ","- ",38.252609999999997,-122.58025000000001,SONOMA,UNINCORPORATED,-122.58014352000001,38.25259673
90269955,2016,2016-09-19,9360,2016-08-20,1134,016577,,6,1,9,4900,0,3,5,,2,005,"TOMALES RD.","BODEGA AVE.",93.00,W,N,A,-,N,,,,,,,,,,Y,3,0,1,1,A,-,01,23152,A,N,E,I,A,A,H,-,A,D,0,,,,,Y,Y,A,01,0,1,0,0,0,0,0,0,0,"- ","- ",38.257869999999997,-122.78131,SONOMA,UNINCORPORATED,-122.781368,38.258290000000002
90272022,2016,2016-09-20,9360,2016-09-07,1150,014998,,3,1,9,4900,0,1,2,,2,030,"US 101 (N/B)","HEALDSBURG AVE",290.00,S,N,A,-,Y,,,,,,,,,,Y,3,0,1,1,A,-,03,22350,,N,E,I,A,A,H,-,A,D,0,,,,Y,Y,,F,27,0,1,0,0,0,0,0,0,0,"- ","- ",38.601779999999998,-122.86498,SONOMA,UNINCORPORATED,,
90273578,2016,2016-09-22,9360,2016-08-23,0820,013440,9360,2,1,9,4900,0,2,4,,1,038,"OCCIDENTAL ROAD","JONIVE ROAD",742.00,E,N,B,-,N,,,,,,,,,,Y,1,1,0,1,A,-,08,22107,,N,E,I,A,B,H,-,A,D,0,,,,,Y,,D,22,0,0,0,0,0,0,0,0,0,"- ","- ",38.403649999999999,-122.91379999999999,SONOMA,UNINCORPORATED,-122.91378974,38.403560929999998
90273989,2016,2016-09-22,9360,2016-09-15,0800,013440,9360,4,1,9,4900,0,2,4,,2,056,"STONY POINT RD","OLGA CT.",225.00,N,N,B,-,N,,,,,,,,,,Y,3,0,2,2,A,-,09,21801,A,N,D,C,A,A,H,-,A,D,0,,,,,Y,,D,22,0,1,1,0,0,0,0,0,0,"- ","- ",38.394730000000003,-122.74149,SONOMA,UNINCORPORATED,,
90274102,2016,2016-09-27,9360,2016-08-09,1150,015812,,2,1,5,4908,0,1,2,,1,060,"US-101 N/B","NORTHWESTERN PACIFIC RAILROAD (U/C)",75.00,N,N,A,-,Y,,,101,,,,,,N,Y,2,0,5,8,A,-,03,22350,,N,C,C,A,A,H,-,A,D,0,,,,Y,Y,,F,55,1,0,4,0,0,0,0,0,0,"- ","- ",38.255290000000002,-122.64382999999999,SONOMA,PETALUMA,-122.64381543,38.255317050000002
90274945,2016,2016-09-23,9360,2016-09-11,1111,016577,,7,1,9,4900,0,1,2,,2,030,"US-101 (S/B)","OLD REDWOOD HWY",528.00,S,N,A,-,Y,,,,,,,,,,N,2,0,1,1,A,-,08,22107,,N,F,A,A,A,H,-,A,D,0,,,Y,,Y,,C,02,1,0,0,0,0,0,0,0,1,"- ","- ",38.545969999999997,-122.80753,SONOMA,UNINCORPORATED,-122.8528,38.594920000000002
90276086,2016,2016-09-26,9360,2016-09-16,0742,016577,,5,1,4,4904,0,1,2,,2,050,"US-101 (N/B)","SANTA ROSA AVE.",20.00,N,N,A,-,Y,,,,,,,,,,N,4,0,1,2,A,-,03,22350,,N,C,C,A,A,H,-,A,D,0,,,,,Y,,A,01,0,0,1,0,0,0,0,0,0,"- ","- ",38.372120000000002,-122.71436,SONOMA,"ROHNERT PARK",,
90278386,2016,2016-09-28,9360,2016-09-27,1720,015187,,2,2,9,4900,0,1,2,,2,030,"US-101 N/B","RIVER RD.",528.00,S,N,A,-,Y,,,101,,,,,,N,Y,4,0,1,3,A,-,03,22350,,N,C,C,A,A,H,-,A,D,0,,,,,Y,,A,01,0,0,1,0,0,0,0,0,0,"- ","- ",38.495359999999998,-122.75491,SONOMA,UNINCORPORATED,-122.75490941,38.495360830000003
90281316,2016,2016-09-30,9360,2016-09-26,2130,016524,,1,2,9,4900,0,3,5,,2,002,"RIVER LN","CROCKER RD",33.00,N,N,A,-,N,,,,,,,,,,Y,3,0,1,1,A,-,01,23152,A,N,E,I,A,A,H,-,D,D,0,,,,,Y,Y,D,22,0,1,0,0,0,0,0,0,0,"- ","- ",38.809559999999998,-123.00688,SONOMA,UNINCORPORATED,-123.00693471,38.809466479999998
90284939,2016,2016-10-05,9360,2016-10-01,0138,020740,,6,3,9,4900,0,2,4,,1,052,"STONY POINT ROAD","TODD ROAD",528.00,N,N,A,-,N,,,,,,,,,,Y,3,0,4,2,A,-,01,23152,A,N,C,C,A,A,H,-,C,D,0,,,,,Y,Y,A,01,0,2,2,0,0,0,0,0,0,"- ","- ",38.388080000000002,-122.74148,SONOMA,UNINCORPORATED,-122.74154,38.388590069999999
90286624,2016,2016-10-07,9360,2016-09-24,0930,019824,,6,1,9,4900,0,2,4,,1,054,"BODEGA AVE","RAMEN RD",580.00,E,N,A,-,N,,,,,,,,,,N,3,0,1,1,A,-,03,22350,,N,F,A,A,A,H,-,A,D,0,,Y,,,Y,,L,04,0,1,0,0,0,0,1,0,0,"- ","- ",38.263800000000003,-122.74517,SONOMA,UNINCORPORATED,-122.745239,38.263789000000003
90286920,2016,2016-10-10,9360,2016-09-24,1425,020326,,6,2,9,4900,0,3,5,,2,004,"SANTA ROSA AVE","TODD RD",120.00,S,N,A,-,N,,,,,,,,,,Y,2,0,1,4,A,-,09,21804,A,N,D,C,A,A,H,-,A,D,0,,,,,Y,,D,22,1,0,0,0,0,0,0,0,0,"- ","- ",38.386629999999997,-122.71371000000001,SONOMA,UNINCORPORATED,-122.71360683,38.386780379999998
90288599,2016,2016-10-11,9350,2016-09-30,1937,021266,,5,2,9,4900,0,1,3,,2,237,"SR-37 E/B",SR-121,3960.00,E,N,A,-,Y,,,37,,,,,,E,N,4,0,1,2,A,-,03,22350,,N,C,C,A,A,H,-,C,D,0,,,,,Y,,A,08,0,0,1,0,0,0,0,0,0,"- ","- ",38.15361,-122.43431,SONOMA,UNINCORPORATED,-122.43431464,38.153657850000002
90290718,2016,2016-10-12,9360,2016-10-10,1230,014773,,1,1,9,4900,0,1,3,,1,061,SR-1,"TIMBER COVE ROAD",11088.00,N,N,B,-,Y,,,1,,,,,,,Y,4,0,1,1,A,-,08,22107,,N,E,I,A,A,H,-,A,D,0,,,,,Y,,D,22,0,0,1,0,0,0,0,0,0,"- ","- ",38.54777,-123.29706,SONOMA,UNINCORPORATED,-123.29703673,38.54775712
90291342,2016,2016-10-13,9360,2016-10-02,0452,017693,,7,3,9,4900,0,1,2,,1,010,"US-101 S/B","ASTI SCHOOL ROAD U/C",1848.00,S,N,B,-,Y,,,101,,,,,,S,Y,3,0,1,2,A,-,08,22107,,N,A,C,A,A,H,-,C,D,0,,,,,Y,,A,07,0,1,0,0,0,0,0,0,0,"- ","- ",38.755800000000001,-122.97178,SONOMA,UNINCORPORATED,-122.97170667,38.755872519999997
90291369,2016,2016-10-13,9360,2016-10-03,1700,018667,,1,2,9,4900,0,2,4,,1,022,"OLD REDWOOD HWY","AIRPORT BLVD",15.00,N,N,A,-,N,,,,,,,,,,N,2,0,1,2,A,-,11,21950,B,N,G,B,D,A,H,-,A,A,0,Y,,,,Y,,N,60,1,0,0,0,1,0,0,0,0,"- ","- ",38.511330000000001,-122.76389,SONOMA,UNINCORPORATED,-122.76368703999999,38.511249169999999
90292136,2016,2016-10-14,9325,2016-10-01,0512,020261,,6,3,9,4900,0,3,5,,2,005,"WATMAUGH RD","ARNOLD DR",2640.00,E,N,A,-,N,,,,,,,,,,Y,2,0,2,1,A,-,01,23152,E,N,E,I,A,A,H,-,D,D,0,,,,,Y,,A,01,2,0,0,0,0,0,0,0,0,"- ","- ",38.151350000000001,-122.29258,SONOMA,UNINCORPORATED,-122.4751193,38.263280029999997
90294393,2016,2016-10-18,9360,2016-10-09,1905,021005,,7,2,9,4900,0,2,4,,1,032,"RIVER RD","MARTINELLI RD",528.00,E,N,A,-,N,,,,,,,,,,Y,4,0,3,2,A,-,01,23152,A,N,D,C,A,A,H,-,D,D,0,,,,,Y,Y,A,01,0,0,3,0,0,0,0,0,0,"- ","- ",38.501910000000002,-122.90640999999999,SONOMA,UNINCORPORATED,-122.90827534,38.5027507
90295468,2016,2016-10-19,9325,2016-10-06,1538,017820,,4,2,9,4900,0,1,3,,1,051,"SR-121 S/B",SR-37,1056.00,N,N,A,-,Y,,,121,,,,,,S,N,4,0,1,2,A,-,04,21703,,N,C,C,A,A,H,-,A,A,0,,,,,Y,,D,22,0,0,1,0,0,0,0,0,0,"- ","- ",38.15822,-122.45101,SONOMA,UNINCORPORATED,-122.45036501,38.158555530000001
90297180,2016,2016-10-20,9360,2016-10-14,1926,018859,,5,2,9,4900,0,3,5,,2,003,"SANFORD ROAD","HALL ROAD",0.00,,Y,B,-,N,,,,,,,,,,Y,4,0,1,1,A,-,01,23152,A,N,E,I,A,A,H,-,B,D,0,,,,,Y,Y,A,07,0,0,1,0,0,0,0,0,0,"- ","- ",38.437719999999999,-122.82514999999999,SONOMA,UNINCORPORATED,-122.82517998,38.437849890000003
90298557,2016,2016-10-24,9360,2016-10-09,1735,018196,,7,2,5,4908,0,1,2,,1,060,"US-101 N/B","OLD REDWOOD HWY",1056.00,S,N,A,-,Y,,,101,,,,,,N,Y,3,0,3,2,A,-,07,21658,A,F,E,I,A,A,H,-,A,D,0,,,,,Y,,-,99,0,1,2,0,0,0,0,0,0,"- ","- ",38.271999999999998,-122.66907,SONOMA,PETALUMA,-122.66931593,38.271680240000002
90299818,2016,2016-12-30,9325,2016-07-10,1755,020563,,7,2,9,4900,0,3,5,,2,006,"VERANO AVE","RAILROAD AVE",14.00,W,N,A,-,N,,,,,,,,,,N,1,1,0,4,A,-,10,21950,A,N,G,B,B,A,H,-,A,A,0,Y,,,,Y,Y,D,22,0,0,0,1,0,0,0,0,0,"- ","- ",38.185940000000002,-122.29143000000001,SONOMA,UNINCORPORATED,-122.48718438,38.301634
90299959,2016,2016-10-25,9350,2016-10-12,0610,013814,,3,1,9,4900,0,1,3,,2,137,"SR-37 W/B","LAKEVILLE HWY",330.00,E,N,A,-,Y,,,37,,,,,,W,Y,4,0,1,2,A,-,03,22350,,N,C,C,A,A,H,-,D,D,0,,,,,Y,,A,08,0,0,1,0,0,0,0,0,0,"- ","- ",38.134639999999997,-122.47554,SONOMA,UNINCORPORATED,-122.47556534,38.134681460000003
90301203,2016,2016-10-25,9325,2016-10-18,1845,015447,,2,2,9,4900,0,1,3,,1,051,SR-121,"MEADOWLARK LN",0.00,,N,A,-,Y,,,121,,,,,,,Y,3,0,1,2,A,-,01,23152,F,N,E,I,A,A,H,-,D,A,0,,,,,Y,Y,A,01,0,1,0,0,0,0,0,0,0,"- ","- ",38.209350000000001,-122.45423,SONOMA,UNINCORPORATED,-122.45427307999999,38.20931135
90306784,2016,2016-10-31,9360,2016-10-21,2000,019794,,5,2,9,4900,0,2,4,,1,022,"OLD REDWOOD HIGHWAY","URSULINE RD",55.00,N,N,A,-,N,,,,,,,,,,Y,4,0,1,2,A,-,03,22350,,N,C,C,A,A,H,-,D,B,0,,,,,Y,,A,01,0,0,1,0,0,0,0,0,0,"- ","- ",38.49241,-122.74236999999999,SONOMA,UNINCORPORATED,-122.74216237,38.49216955
90308673,2016,2016-11-01,9360,2016-10-28,1410,021354,,5,2,5,4908,0,1,2,,1,060,"US-101 N/B TO E WASHINGTON AVE","E WASHINGTON AVE",150.00,S,N,B,-,Y,,,101,,,,R,,N,Y,4,0,1,1,A,-,08,22107,,N,E,I,A,B,H,-,A,D,0,,,,,Y,,A,01,0,0,1,0,0,0,0,0,0,"- ","- ",38.246749999999999,-122.62654000000001,SONOMA,PETALUMA,-122.62654000000001,38.246749999999999