CASE_ID,ACCIDENT_YEAR,PROC_DATE,JURIS,COLLISION_DATE,COLLISION_TIME,OFFICER_ID,REPORTING_DISTRICT,DAY_OF_WEEK,CHP_SHIFT,POPULATION,CNTY_CITY_LOC,SPECIAL_COND,BEAT_TYPE,CHP_BEAT_TYPE,CITY_DIVISION_LAPD,CHP_BEAT_CLASS,BEAT_NUMBER,PRIMARY_RD,SECONDARY_RD,DISTANCE,DIRECTION,INTERSECTION,WEATHER_1,WEATHER_2,STATE_HWY_IND,CALTRANS_COUNTY,CALTRANS_DISTRICT,STATE_ROUTE,ROUTE_SUFFIX,POSTMILE_PREFIX,POSTMILE,LOCATION_TYPE,RAMP_INTERSECTION,SIDE_OF_HWY,TOW_AWAY,COLLISION_SEVERITY,NUMBER_KILLED,NUMBER_INJURED,PARTY_COUNT,PRIMARY_COLL_FACTOR,PCF_CODE_OF_VIOL,PCF_VIOL_CATEGORY,PCF_VIOLATION,PCF_VIOL_SUBSECTION,HIT_AND_RUN,TYPE_OF_COLLISION,MVIW,PED_ACTION,ROAD_SURFACE,ROAD_COND_1,ROAD_COND_2,LIGHTING,CONTROL_DEVICE,CHP_ROAD_TYPE,PEDESTRIAN_ACCIDENT,BICYCLE_ACCIDENT,MOTORCYCLE_ACCIDENT,TRUCK_ACCIDENT,NOT_PRIVATE_PROPERTY,ALCOHOL_INVOLVED,STWD_VEHTYPE_AT_FAULT,CHP_VEHTYPE_AT_FAULT,COUNT_SEVERE_INJ,COUNT_VISIBLE_INJ,COUNT_COMPLAINT_PAIN,COUNT_PED_KILLED,COUNT_PED_INJURED,COUNT_BICYCLIST_KILLED,COUNT_BICYCLIST_INJURED,COUNT_MC_KILLED,COUNT_MC_INJURED,PRIMARY_RAMP,SECONDARY_RAMP,LATITUDE,LONGITUDE,COUNTY,CITY,POINT_X,POINT_Y
90310111,2016,2016-11-03,9325,2016-10-25,1600,017820,,2,2,9,4900,0,2,4,,2,054,"ARNOLD DR","LEVERONI RD",0.00,,Y,B,-,N,,,,,,,,,,Y,4,0,1,2,A,-,03,22350,,N,D,C,A,B,H,-,A,A,0,,,,,Y,,D,22,0,0,1,0,0,0,0,0,0,"- ","- ",38.275759999999998,-122.46048,SONOMA,UNINCORPORATED,-122.49124989000001,38.272279959999999
90310138,2016,2016-11-03,9360,2016-10-27,0033,020731,,4,3,9,4900,0,2,4,,1,042,"PETALUMA HILL RD","SNYDER LN",75.00,S,N,B,-,N,,,,,,,,,,Y,2,0,4,1,A,-,01,23152,A,N,E,I,A,A,H,-,D,D,0,,,,,Y,Y,A,07,3,1,0,0,0,0,0,0,0,"- ","- ",38.382060000000003,-122.68565,SONOMA,UNINCORPORATED,-122.68548378,38.381840859999997
90312141,2016,2016-11-07,9350,2016-11-01,1725,021391,,2,2,9,4900,0,1,3,,2,137,"SR-37 E/B","LAKEVILLE HWY",100.00,E,N,A,-,Y,,,37,,,,,,E,Y,4,0,1,2,A,-,03,22350,,N,C,C,A,A,H,-,A,D,0,,,,,Y,,A,01,0,0,1,0,0,0,0,0,0,"- ","- ",38.133890000000001,-122.47596,SONOMA,UNINCORPORATED,-122.4760959,38.134114439999998
90313772,2016,2016-11-08,9360,2016-11-04,1810,018683,,5,2,6,4905,0,1,2,,2,030,"US-101 S/B","N/EDGE OF STEELE U/C",528.00,S,N,A,-,Y,,,101,,,,,,S,Y,4,0,2,2,A,-,03,22350,,N,C,C,A,A,H,-,B,D,0,,,,,Y,,A,01,0,0,2,0,0,0,0,0,0,"- ","- ",38.45899,-122.72638000000001,SONOMA,"SANTA ROSA",-122.72629005,38.458997289999999
90314890,2016,2016-11-09,9360,2016-11-01,0820,011932,9360,2,1,9,4900,0,1,2,,2,050,"US-101 S/B","RAILROAD AVE",5280.00,S,N,B,-,Y,,,101,,,,,,S,Y,4,0,1,3,A,-,07,21658,A,N,B,C,A,A,H,-,A,D,0,,,,,Y,,A,01,0,0,1,0,0,0,0,0,0,"- ","- ",38.291679999999999,-122.6962,SONOMA,UNINCORPORATED,-122.69621941,38.291651090000002
90318336,2016,2016-11-14,9360,2016-11-02,0840,013911,,3,1,9,4900,0,2,4,,1,022,"OLD REDWOOD HWY","LARK CENTER DR.",26.00,N,N,A,-,N,,,,,,,,,,Y,4,0,1,3,A,-,03,22350,,N,C,C,B,A,H,-,A,D,0,Y,,,,Y,,A,01,0,0,1,0,0,0,0,0,0,"- ","- ",38.501019999999997,-122.75134,SONOMA,UNINCORPORATED,-122.75137185,38.501051050000001
9031944,2019,2020-02-20,4905,2019-11-19,2332,SR544,10607,2,5,6,4905,0,0,0,,0,007,"SUNSET AV","WEST AV",0.00,,Y,A,-,N,,,,,,,,,,Y,4,0,1,3,A,-,03,22350,,M,E,J,A,A,H,-,C,A,0,,,,,Y,,A,01,0,0,1,0,0,0,0,0,0,"- ","- ",,,SONOMA,"SANTA ROSA",-122.72862243652344,38.427501678466797
9031983,2019,2020-02-12,4905,2019-12-22,1619,SR555,10602,7,5,6,4905,0,0,0,,0,002,"BEAVER ST","PACIFIC AV",0.00,,Y,A,-,N,,,,,,,,,,N,2,0,1,2,A,-,09,21804,A,N,D,G,A,A,H,-,A,D,0,,Y,,,Y,Y,L,04,1,0,0,0,0,0,1,0,0,"- ","- ",,,SONOMA,"SANTA ROSA",-122.71196746826172,38.453231811523438
9031995,2019,2020-02-13,4905,2019-12-26,0852,SR8916,10609,4,5,6,4905,0,0,0,,0,009,"SOUTH E ST","MAPLE AV",0.00,,Y,A,-,N,,,,,,,,,,Y,4,0,1,2,A,-,12,21453,A,N,D,C,A,A,H,-,A,A,0,,,,Y,Y,,-,"- ",0,0,1,0,0,0,0,0,0,"- ","- ",,,SONOMA,"SANTA ROSA",-122.70437622070312,38.433120727539062
90328180,2016,2016-11-23,9360,2016-11-16,0725,013440,9360,3,1,9,4900,0,3,5,,2,005,"MOORLAND AVE","GIO DR",107.00,S,N,A,-,N,,,,,,,,,,N,4,0,1,3,A,-,08,22107,,N,B,E,A,A,H,-,A,D,0,,,,,Y,,D,22,0,0,1,0,0,0,0,0,0,"- ","- ",38.397289999999998,-122.71854999999999,SONOMA,UNINCORPORATED,-122.71854743999999,38.397496140000001
90328614,2016,2016-11-23,9360,2016-11-19,0715,020386,,6,1,6,4905,0,1,2,,2,040,"US-101 N/B","HEARN AVE",1000.00,N,N,C,-,Y,,,101,,,,,,N,Y,4,0,1,3,A,-,03,22350,,N,E,I,A,B,H,-,A,D,0,,,,,Y,,A,01,0,0,1,0,0,0,0,0,0,"- ","- ",38.417290000000001,-122.7158,SONOMA,"SANTA ROSA",-122.71586440999999,38.417289840000002
90330310,2016,2016-11-28,9360,2016-11-13,1545,021354,,7,2,9,4900,0,2,4,,1,032,"RIVER RD","WOHLER RD",0.00,,Y,A,-,N,,,,,,,,,,Y,3,0,2,2,A,-,09,21802,A,N,D,C,A,A,H,-,A,A,0,,,,,Y,,A,07,0,1,1,0,0,0,0,0,0,"- ","- ",38.490690000000001,-122.88351,SONOMA,UNINCORPORATED,-122.88351992,38.490659919999999
90331148,2016,2016-11-28,9360,2016-11-20,0744,020386,,7,1,9,4900,0,2,4,,2,056,"STONY POINT RD","W SIERRA AVE",940.00,S,N,C,-,N,,,,,,,,,,Y,4,0,1,1,A,-,08,22107,,N,E,I,A,B,H,-,A,D,0,,,,,Y,,A,01,0,0,1,0,0,0,0,0,0,"- ","- ",38.320450000000001,-122.73492,SONOMA,UNINCORPORATED,-122.73515027000001,38.322711329999997
90332098,2016,2016-11-29,9360,2016-11-23,2018,020819,,3,2,9,4900,0,2,4,,1,032,"RIVER RD","WOHLER RD",2112.00,E,N,E,-,N,,,,,,,,,,Y,2,0,1,1,A,-,03,22350,,N,E,I,A,A,H,-,D,D,0,,,,,Y,,A,07,1,0,0,0,0,0,0,0,0,"- ","- ",38.490749999999998,-122.87568,SONOMA,UNINCORPORATED,-122.87618774000001,38.49075586
90332376,2016,2016-11-29,9360,2016-11-26,1835,019794,,6,2,9,4900,0,3,5,,2,003,"REGIONAL PKY","CENTURY CT",243.00,N,N,B,-,N,,,,,,,,,,N,4,0,1,1,A,-,08,22107,,N,E,I,A,A,H,-,C,D,0,,,,,Y,,D,22,0,0,1,0,0,0,0,0,0,"- ","- ",38.508940000000003,-122.78695,SONOMA,UNINCORPORATED,-122.78718428000001,38.508386739999999
90335806,2016,2016-12-02,9360,2016-11-20,1740,020369,,7,2,9,4900,0,3,5,,2,004,"SONOMA MOUNTAIN RD","ADOBE RD",10560.00,E,N,A,-,N,,,,,,,,,,Y,3,0,2,2,A,-,05,21460,A,N,A,C,A,A,H,-,D,D,0,,,,,Y,,A,01,0,2,0,0,0,0,0,0,0,"- ","- ",38.298819999999999,-122.59985,SONOMA,UNINCORPORATED,-122.59998072,38.298720940000003
90335835,2016,2016-12-02,9360,2016-11-26,1323,020386,,6,1,4,4904,0,1,2,,2,050,"US-101 NB","ROHNERT PARK EXPRESSWAY",10.00,S,N,B,-,Y,,,101,,,,,,N,Y,4,0,2,2,C,-,18,,,N,C,C,A,B,H,-,A,D,0,,,,,Y,,-,"- ",0,0,2,0,0,0,0,0,0,"- ","- ",38.348239999999997,-122.71301,SONOMA,"ROHNERT PARK",-122.71293808999999,38.348241600000001
90336257,2016,2016-12-05,9325,2016-12-03,1100,017659,,6,1,9,4900,0,1,3,,1,072,SR-121,"MAFFEI RD",50.00,N,N,A,-,Y,,,121,,,,,,,Y,4,0,1,2,A,-,03,22350,,N,C,C,A,A,H,-,A,D,0,,,,,Y,,A,01,0,0,1,0,0,0,0,0,0,"- ","- ",38.237749999999998,-122.45694,SONOMA,UNINCORPORATED,-122.45692425999999,38.237701960000003
90336433,2016,2016-12-05,9360,2016-11-27,0915,020522,,7,1,9,4900,0,1,3,,1,051,SR-12,"MERCED AVE",1056.00,W,N,A,-,Y,,,12,,,,,,,Y,3,0,1,1,A,-,08,22107,,N,E,I,A,A,H,-,A,D,0,,,,,Y,,A,08,0,1,0,0,0,0,0,0,0,"- ","- ",38.418300000000002,-122.7834,SONOMA,UNINCORPORATED,-122.78344614,38.41838001
9033741,2020,2020-03-13,4908,2020-01-13,1354,3411,9,1,5,5,4908,0,0,0,,0,004,"NORTH MCDOWELL BL","CLEGG ST",0.00,,Y,A,-,N,,,,,,,,,,N,3,0,1,2,A,-,11,21954,A,N,G,B,B,A,H,-,A,D,0,Y,,,,Y,,N,60,0,1,0,0,1,0,0,0,0,"- ","- ",38.269401550292969,-122.66043090820312,SONOMA,PETALUMA,-122.66043853759766,38.269390106201172
90338176,2016,2016-12-06,9360,2016-11-28,0848,015812,,1,1,9,4900,0,2,4,,1,046,"BENNETT VALLY ROAD","YULUPA AVENUE",3696.00,E,N,B,-,N,,,,,,,,,,Y,3,0,1,2,A,-,05,21460,A,N,A,C,A,B,H,-,A,D,0,,,,,Y,,A,07,0,1,0,0,0,0,0,0,0,"- ","- ",38.413780000000003,-122.65261,SONOMA,UNINCORPORATED,-122.65353073999999,38.413801159999998
90338933,2016,2016-12-07,9360,2016-12-03,2115,020740,,6,2,6,4905,0,2,4,,1,052,"STONY POINT ROAD","SAINT OLGA COURT",200.00,S,N,A,-,N,,,,,,,,,,Y,3,0,2,2,A,-,01,23153,A,N,D,C,A,A,H,-,C,C,0,,,,,Y,Y,A,01,0,2,0,0,0,0,0,0,0,"- ","- ",38.393410000000003,-122.74153,SONOMA,"SANTA ROSA",-122.74160732,38.392890700000002
90342678,2016,2016-12-12,9360,2016-12-01,1805,019794,,4,2,9,4900,0,2,4,,1,024,"CALISTOGA RD","SAINT HELENA RD",25.00,S,N,A,-,N,,,,,,,,,,Y,2,0,2,2,A,-,09,21802,A,N,D,C,A,A,H,-,D,A,0,,,Y,,Y,,C,02,1,0,1,0,0,0,0,0,2,"- ","- ",38.505099999999999,-122.64988,SONOMA,UNINCORPORATED,-122.64985329,38.505011529999997
90346086,2016,2016-12-15,9360,2016-12-12,0848,015812,,1,1,9,4900,0,1,2,,2,030,"US-101 S/B","SHILOH ROAD (O/C)",3168.00,S,N,B,-,Y,,,101,,,,,,S,Y,4,0,2,2,A,-,03,22350,,N,C,C,A,A,H,-,A,D,0,,,,,Y,,A,07,0,0,2,0,0,0,0,0,0,"- ","- ",38.517090000000003,-122.78222,SONOMA,UNINCORPORATED,-122.78222946,38.517081390000001
90352424,2016,2017-02-22,9360,2016-12-14,2351,018482,,3,3,9,4900,0,2,4,,1,022,"OLD REDWOOD HWY","LARK CENTER DR",2.00,N,N,C,-,N,,,,,,,,,,Y,3,0,1,1,A,-,01,23152,A,M,E,I,A,B,H,-,C,D,0,,,,,Y,Y,D,22,0,1,0,0,0,0,0,0,0,"- ","- ",38.501190000000001,-122.75134,SONOMA,UNINCORPORATED,-122.75129630000001,38.501022390000003
90357011,2016,2016-12-29,9360,2016-12-27,1140,013838,,2,1,6,4905,0,1,3,,1,041,"CALISTOGA ROAD","PORTER CREEK ROAD",4752.00,S,N,A,-,N,,,,,,,,,,Y,4,0,1,1,A,-,03,22350,,N,B,I,A,A,H,-,A,D,0,,,,,Y,,D,22,0,0,1,0,0,0,0,0,0,"- ","- ",38.541710000000002,-122.64841,SONOMA,"SANTA ROSA",-122.64835610999999,38.54234658
90360770,2017,2017-01-04,9360,2017-01-02,1810,015187,,1,2,9,4900,0,1,2,,2,030,"US-101 S/B","RIVER RD",300.00,N,N,B,-,Y,,,101,,,,,,S,Y,4,0,2,2,A,-,03,22350,,N,D,C,A,B,H,-,D,D,0,,,,,Y,,D,22,0,0,2,0,0,0,0,0,0,"- ","- ",38.497660000000003,-122.7582,SONOMA,UNINCORPORATED,-122.75830669,38.497510419999998
9036252,2019,2020-01-29,4904,2019-12-26,2205,542,,4,5,4,4904,0,0,0,,0,002,"GOLF COURSE DR","REDWOOD DR",0.00,,Y,A,-,N,,,,,,,,,,N,4,0,1,2,A,-,11,21453,D,N,H,G,A,A,H,-,C,A,0,,Y,,,Y,,L,04,0,0,1,0,0,0,1,0,0,"- ","- ",38.363128662109375,-122.71484375,SONOMA,"ROHNERT PARK",-122.71514129638672,38.363269805908203
90363898,2017,2017-01-09,9360,2017-01-01,1531,020234,,7,2,9,4900,0,3,5,,2,002,"CHALK HILL RD","YOUNG RD.",1622.00,N,N,A,-,N,,,,,,,,,,Y,2,0,1,2,A,-,03,22350,,N,C,C,A,A,H,-,A,D,0,,,Y,,Y,,C,02,1,0,0,0,0,0,0,0,1,"- ","- ",38.627360000000003,-122.77272000000001,SONOMA,UNINCORPORATED,-122.77309723,38.625973870000003
90365974,2017,2017-03-07,9360,2017-01-05,1620,016045,,4,2,9,4900,0,3,5,,2,006,"TOMALES RD","CHILENO VALLEY RD",1056.00,W,N,A,-,N,,,,,,,,,,Y,3,0,1,1,A,-,08,22107,,N,E,I,A,A,H,-,A,D,0,,,,,Y,,A,01,0,1,0,0,0,0,0,0,0,"- ","- ",38.255130000000001,-122.81993,SONOMA,UNINCORPORATED,,
90367681,2017,2017-01-12,9360,2017-01-04,0925,019129,,3,1,9,4900,0,3,5,,2,004,"SANTA ROSA AVE.","BUCKS RD",0.00,,Y,B,-,N,,,,,,,,,,N,4,0,1,2,A,-,17,21208,A,N,D,G,A,B,H,-,A,A,0,,Y,,,Y,,L,04,0,0,1,0,0,0,1,0,0,"- ","- ",38.387779999999999,-122.71343,SONOMA,UNINCORPORATED,-122.71360989999999,38.387739969999998
90368147,2017,2017-01-12,9360,2017-01-11,0830,016652,,3,1,6,4905,0,1,3,,1,051,"SR-12 W/B","SOUTH E. ST",335.00,E,N,B,-,Y,,,12,,,,,,W,Y,4,0,2,2,A,-,03,22350,,N,C,C,A,B,H,-,A,D,0,,,,,Y,,A,01,0,0,2,0,0,0,0,0,0,"- ","- ",38.431399999999996,-122.70996,SONOMA,"SANTA ROSA",-122.70995128,38.43136836
90371332,2017,2017-01-18,9360,2017-01-09,1536,013838,,1,2,6,4905,0,1,2,,2,040,"US-101 S/B","COLLEGE AVE",1056.00,N,N,B,-,Y,,,101,,,,,,S,Y,4,0,1,2,A,-,04,21703,,N,C,C,A,B,H,-,A,D,0,,,,,Y,,A,01,0,0,1,0,0,0,0,0,0,"- ","- ",38.45581,-122.72611999999999,SONOMA,"SANTA ROSA",-122.72610693999999,38.455810280000001
90372525,2017,2017-01-19,9360,2017-01-18,1820,015187,,3,2,9,4900,0,1,2,,2,020,"US-101 N/B","INDEPENDENCE LN",528.00,N,N,B,C,Y,,,101,,,,,,N,Y,4,0,1,2,A,-,03,22350,,N,C,C,A,B,H,-,D,D,0,,,,,Y,,A,01,0,0,1,0,0,0,0,0,0,"- ","- ",38.682130000000001,-122.88055,SONOMA,UNINCORPORATED,-122.88055719,38.68212991
90372578,2017,2017-01-19,9360,2017-01-18,0650,016652,,3,1,6,4905,0,1,3,,1,051,"SR-12 W/B TO US-101 N/B","3RD ST",923.00,S,N,B,-,Y,,,,,,,,,,Y,4,0,1,2,A,-,07,21658,A,N,C,C,A,B,H,-,C,D,0,,,,,Y,,A,01,0,0,1,0,0,0,0,0,0,"- ","- ",38.435160000000003,-122.71671000000001,SONOMA,"SANTA ROSA",,
90375213,2017,2017-01-23,9360,2017-01-20,1345,014773,,5,1,9,4900,0,1,3,,1,013,SR-116,"GREEN VALLEY ROAD",4224.00,E,N,B,-,Y,,,116,,,,,,,Y,4,0,1,1,A,-,08,22107,,N,E,I,A,B,H,-,A,D,0,,,,,Y,,A,01,0,0,1,0,0,0,0,0,0,"- ","- ",38.477240000000002,-122.93996,SONOMA,UNINCORPORATED,-122.93995492000001,38.477311069999999
90378129,2017,2017-01-26,9325,2017-01-24,1225,015350,,2,1,9,4900,0,2,4,,1,055,"NAPA ROAD","8TH STREET EAST",30.00,W,N,A,-,N,,,,,,,,,,Y,4,0,2,3,A,-,03,22350,,N,C,C,A,A,H,-,A,A,0,,,,,Y,,A,01,0,0,2,0,0,0,0,0,0,"- ","- ",38.272669999999998,-122.43908999999999,SONOMA,UNINCORPORATED,-122.43857370000001,38.272690369999999
90383539,2017,2017-02-01,9360,2017-01-27,2205,021354,,5,3,6,4905,0,1,2,,2,040,"US-101 N/B","BAKER AVE",528.00,N,N,A,-,Y,,,101,,,,,,N,Y,4,0,1,4,A,-,03,22350,,N,C,C,A,A,H,-,C,D,0,,,,,Y,,A,01,0,0,1,0,0,0,0,0,0,"- ","- ",38.424590000000002,-122.71499,SONOMA,"SANTA ROSA",-122.71493198,38.42459058
90387766,2017,2017-02-07,9360,2017-02-04,1704,020369,,6,2,9,4900,0,1,2,,1,060,"US-101 S/B","CORONA RD",838.00,N,N,B,-,Y,,,101,,,,,,S,Y,4,0,1,2,A,-,08,22107,,N,E,I,A,B,H,-,B,D,0,,,,,Y,,D,22,0,0,1,0,0,0,0,0,0,"- ","- ",38.264560000000003,-122.66072,SONOMA,UNINCORPORATED,-122.66069988,38.264595749999998
90389294,2017,2017-02-09,9360,2017-02-06,2210,020329,,1,3,9,4900,0,1,3,,1,013,"SR-116 W/B","RIDGECREST RD",20.00,W,N,C,-,Y,,,116,,,,,,W,N,4,0,1,2,A,-,21,22106,,N,G,B,E,B,H,-,D,D,0,Y,,,,Y,,A,01,0,0,1,0,1,0,0,0,0,"- ","- ",38.477649999999997,-122.99876999999999,SONOMA,UNINCORPORATED,-122.99867159999999,38.47751306
90390614,2017,2017-02-10,9325,2017-02-04,1525,021385,,6,2,9,4900,0,2,4,,2,054,"ARNOLD DR","ALMERIA DR",338.00,N,N,B,-,N,,,,,,,,,,Y,4,0,1,1,A,-,08,22107,,N,E,I,A,B,H,-,A,D,0,,,,,Y,,A,01,0,0,1,0,0,0,0,0,0,"- ","- ",38.268720000000002,-122.4905,SONOMA,UNINCORPORATED,-122.49074158000001,38.26914859
90392067,2017,2017-02-13,9360,2017-02-10,2355,019092,,5,3,9,4900,0,1,2,,2,050,"US-101 N/B","W. SIERRA AVE",2640.00,S,N,A,-,Y,,,101,,,,,,N,Y,4,0,1,1,A,-,01,23152,F,N,E,I,A,A,H,-,D,D,0,,,,,Y,Y,A,01,0,0,1,0,0,0,0,0,0,"- ","- ",38.311770000000003,-122.7145,SONOMA,UNINCORPORATED,-122.71450532999999,38.311767770000003
90395452,2017,2017-02-17,9360,2017-02-14,2359,020329,,2,3,6,4905,0,1,2,,2,030,"US-101 N/B TO BICENTENNIAL WAY","BICENTENNIAL WAY",203.00,N,N,A,-,Y,,,101,,,,R,,N,Y,3,0,1,1,A,-,01,23152,A,N,E,J,A,A,H,-,C,D,0,,,,,Y,Y,A,01,0,1,0,0,0,0,0,0,0,"- ","- ",38.471380000000003,-122.72908,SONOMA,"SANTA ROSA",-122.72908,38.471380000000003
9039551,2020,2020-03-16,4900,2020-01-16,0829,SD1693,11101,4,5,3,4980,0,0,0,,0,WI1,"BROOKS RD SOUTH","NATALIE DR",17.00,S,N,C,-,N,,,,,,,,,,N,3,0,1,2,A,-,11,21954,A,N,G,B,D,B,H,-,A,D,0,Y,,,,Y,,N,60,0,1,0,0,1,0,0,0,0,"- ","- ",,,SONOMA,WINDSOR,-122.80741119384766,38.555774688720703
90396688,2017,2017-02-21,9360,2017-02-17,1855,021005,,5,2,9,4900,0,1,2,,1,060,"US-101 N/B","SR-116 (LAKEVILLE HWY)",528.00,S,N,C,-,Y,,,101,,,,,,N,N,4,0,1,2,A,-,03,22350,,N,C,C,A,B,H,-,C,D,0,,,,,Y,,A,01,0,0,1,0,0,0,0,0,0,"- ","- ",38.223559999999999,-122.61122,SONOMA,UNINCORPORATED,-122.61128323,38.223467300000003
90396751,2017,2017-02-21,9360,2017-02-18,1030,019794,,6,1,9,4900,0,1,2,,2,050,"US-101 S/B","PEPPER RD",375.00,N,N,B,-,Y,,,101,,,,,,S,Y,4,0,1,2,A,-,03,22350,,N,E,I,A,B,H,-,A,D,0,,,,Y,Y,,A,01,0,0,1,0,0,0,0,0,0,"- ","- ",38.286230000000003,-122.68865,SONOMA,UNINCORPORATED,-122.68860526,38.286288519999999
90401512,2017,2017-02-28,9360,2017-02-27,1715,016045,,1,2,9,4900,0,3,5,,2,004,"SONOMA MOUNTAIN RD","OLD ADOBE RD",2904.00,E,N,A,-,N,,,,,,,,,,Y,4,0,2,1,A,-,08,22107,,N,E,I,A,A,G,-,A,D,0,,,,,Y,,A,01,0,0,2,0,0,0,0,0,0,"- ","- ",38.28302,-122.6142,SONOMA,UNINCORPORATED,-122.6151373,38.28206393
9040180,2019,2020-02-12,4905,2019-11-15,2238,SR506,10602,5,5,6,4905,0,0,0,,0,002,"CHANATE RD","MENDOCINO AV",0.00,,Y,E,-,N,,,,,,,,,,Y,4,0,2,2,A,-,09,21453,C,N,A,C,A,A,H,-,C,A,0,,,,,Y,,A,01,0,0,2,0,0,0,0,0,0,"- ","- ",,,SONOMA,"SANTA ROSA",-122.71938323974609,38.465061187744141
9040192,2019,2020-02-12,4905,2019-11-27,1214,SR558,10607,3,5,6,4905,0,0,0,,0,007,"DOUBLES DR","SEBASTOPOL RD",0.00,,Y,A,-,N,,,,,,,,,,N,3,0,2,2,A,-,09,21801,A,M,D,C,A,A,H,-,A,A,0,,,,,Y,,A,01,0,1,1,0,0,0,0,0,0,"- ","- ",,,SONOMA,"SANTA ROSA",-122.76245880126953,38.425338745117188
9040220,2019,2020-02-12,4905,2019-11-07,1807,SE422,10603,4,5,6,4905,0,0,0,,0,003,"FULTON RD","TEDESCHI DR",225.00,S,N,A,-,N,,,,,,,,,,Y,4,0,3,2,A,-,09,21804,A,N,C,C,A,A,H,-,C,D,0,,,,,Y,,A,01,0,0,3,0,0,0,0,0,0,"- ","- ",,,SONOMA,"SANTA ROSA",-122.76978302001953,38.475921630859375
90407256,2017,2017-03-07,9360,2017-03-04,1812,018828,,6,2,9,4900,0,3,5,,2,005,"LLANO ROAD","SR-116 (GRAVENSTEIN HWY S)",36.00,N,N,C,-,N,,,,,,,,,,Y,4,0,1,1,A,-,08,22107,,N,E,I,A,B,H,-,C,D,0,,,,,Y,,A,01,0,0,1,0,0,0,0,0,0,"- ","- ",38.35819,-122.76958999999999,SONOMA,UNINCORPORATED,,
90407451,2016,2017-03-07,9360,2016-11-21,1600,014773,,1,2,9,4900,0,1,3,,1,061,SR-1,"FORT ROSS ROAD",17424.00,S,N,A,-,Y,,,1,,,,,,,Y,1,1,0,1,D,-,00,,,N,F,A,A,A,H,-,A,D,0,,,,,Y,,-,"- ",0,0,0,0,0,0,0,0,0,"- ","- ",38.49776,-123.20618,SONOMA,UNINCORPORATED,-123.20617084,38.497800580000003
90407530,2017,2017-03-07,9360,2017-03-04,1350,015420,,6,1,9,4900,0,3,5,,2,001,"SKAGGS SPRINGS RD","ROCKPILE RD",26928.00,W,N,B,C,N,,,,,,,,,,Y,3,0,1,1,A,-,03,22350,,N,F,A,A,B,H,-,A,D,0,,,,,Y,,E,22,0,1,0,0,0,0,0,0,0,"- ","- ",38.669780000000003,-123.03269,SONOMA,UNINCORPORATED,-123.02724123,38.666161340000002
90409362,2017,2017-03-09,9360,2017-03-06,0850,019129,,1,1,6,4905,0,1,2,,2,040,"US-101 S/B","4TH ST",40.00,S,N,B,-,Y,,,101,,,,,,S,N,4,0,1,3,A,-,03,22350,,N,C,C,A,B,H,-,A,D,0,,,,,Y,,A,01,0,0,1,0,0,0,0,0,0,"- ","- ",38.438189999999999,-122.71879,SONOMA,"SANTA ROSA",-122.71881178,38.438174859999997
90411365,2017,2017-03-13,9360,2017-03-09,0806,019862,,4,1,6,4905,0,1,2,,2,040,"US-101 N/B","HEARN AVE",1056.00,S,N,A,-,Y,,,101,,,,,,N,Y,3,0,1,2,A,-,03,22350,,N,C,C,A,A,H,-,A,D,0,,,Y,,Y,,C,02,0,1,0,0,0,0,0,0,1,"- ","- ",38.406190000000002,-122.71597,SONOMA,"SANTA ROSA",-122.71595108,38.40618989
90412662,2017,2017-03-15,9360,2017-03-10,1345,020369,,5,1,5,4908,0,1,2,,1,060,"US-101 S/B","CAULFIELD LN",20.00,N,N,A,-,Y,,,101,,,,,,S,N,4,0,1,3,A,-,03,22350,,N,C,C,A,A,H,-,A,D,0,,,,Y,Y,,G,25,0,0,1,0,0,0,0,0,0,"- ","- ",38.237690000000001,-122.62027,SONOMA,PETALUMA,-122.62028226,38.237683670000003
90414088,2017,2017-03-16,9360,2017-03-14,1650,018667,,2,2,9,4900,0,1,2,,2,050,"US-101 N/B","SR-116 UNDER-CROSSING",2693.00,N,N,A,-,Y,,,,,,,,,,Y,4,0,1,4,A,-,03,22350,,N,C,C,A,A,H,-,A,D,0,,,,,Y,,A,07,0,0,1,0,0,0,0,0,0,"- ","- ",38.344589999999997,-122.71277000000001,SONOMA,UNINCORPORATED,,
90414908,2017,2017-03-20,9350,2017-03-10,0748,021487,,5,1,9,4900,0,1,3,,2,137,"SR-37 W/B","LAKEVILLE HWY",549.00,E,N,A,-,Y,,,37,,,,,,W,Y,4,0,1,3,A,-,03,22350,,N,C,C,A,A,H,-,A,D,0,,,,,Y,,A,01,0,0,1,0,0,0,0,0,0,"- ","- ",38.135190000000001,-122.47468000000001,SONOMA,UNINCORPORATED,-122.47469183,38.135209609999997
90415591,2017,2017-03-20,9325,2017-03-12,1530,021456,,7,2,9,4900,0,1,3,,1,063,"SR-12 W/B (SONOMA HWY)","BOYES BLVD",18.00,E,N,A,-,Y,,,12,,,,,,W,Y,4,0,1,2,A,-,03,22350,,N,C,C,A,A,H,-,A,A,0,,,,,Y,,A,07,0,0,1,0,0,0,0,0,0,"- ","- ",38.313879999999997,-122.48151,SONOMA,UNINCORPORATED,-122.48153548000001,38.313865909999997
90421663,2017,2017-03-27,9360,2017-03-19,0825,020386,,7,1,9,4900,0,2,4,,1,038,"GREEN HILL RD","OCCIDENTAL RD",1056.00,N,N,B,-,N,,,,,,,,,,Y,4,0,1,1,A,-,01,23152,G,N,F,I,A,A,H,-,A,D,0,,,,,Y,Y,D,22,0,0,1,0,0,0,0,0,0,"- ","- ",38.413980000000002,-122.89354,SONOMA,UNINCORPORATED,-122.89387997,38.413907899999998