CASE_ID,ACCIDENT_YEAR,PROC_DATE,JURIS,COLLISION_DATE,COLLISION_TIME,OFFICER_ID,REPORTING_DISTRICT,DAY_OF_WEEK,CHP_SHIFT,POPULATION,CNTY_CITY_LOC,SPECIAL_COND,BEAT_TYPE,CHP_BEAT_TYPE,CITY_DIVISION_LAPD,CHP_BEAT_CLASS,BEAT_NUMBER,PRIMARY_RD,SECONDARY_RD,DISTANCE,DIRECTION,INTERSECTION,WEATHER_1,WEATHER_2,STATE_HWY_IND,CALTRANS_COUNTY,CALTRANS_DISTRICT,STATE_ROUTE,ROUTE_SUFFIX,POSTMILE_PREFIX,POSTMILE,LOCATION_TYPE,RAMP_INTERSECTION,SIDE_OF_HWY,TOW_AWAY,COLLISION_SEVERITY,NUMBER_KILLED,NUMBER_INJURED,PARTY_COUNT,PRIMARY_COLL_FACTOR,PCF_CODE_OF_VIOL,PCF_VIOL_CATEGORY,PCF_VIOLATION,PCF_VIOL_SUBSECTION,HIT_AND_RUN,TYPE_OF_COLLISION,MVIW,PED_ACTION,ROAD_SURFACE,ROAD_COND_1,ROAD_COND_2,LIGHTING,CONTROL_DEVICE,CHP_ROAD_TYPE,PEDESTRIAN_ACCIDENT,BICYCLE_ACCIDENT,MOTORCYCLE_ACCIDENT,TRUCK_ACCIDENT,NOT_PRIVATE_PROPERTY,ALCOHOL_INVOLVED,STWD_VEHTYPE_AT_FAULT,CHP_VEHTYPE_AT_FAULT,COUNT_SEVERE_INJ,COUNT_VISIBLE_INJ,COUNT_COMPLAINT_PAIN,COUNT_PED_KILLED,COUNT_PED_INJURED,COUNT_BICYCLIST_KILLED,COUNT_BICYCLIST_INJURED,COUNT_MC_KILLED,COUNT_MC_INJURED,PRIMARY_RAMP,SECONDARY_RAMP,LATITUDE,LONGITUDE,COUNTY,CITY,POINT_X,POINT_Y
90935880,2019,2019-02-28,9360,2019-02-25,2245,015434,,1,3,6,4905,0,1,2,,2,040,"US 101 N/B","STEELE LANE",521.00,S,N,C,-,Y,,,,,,,,,,Y,2,0,1,1,A,-,01,23152,A,N,E,I,A,B,H,-,D,D,0,,,,,Y,Y,A,01,1,0,0,0,0,0,0,0,0,"- ","- ",38.458370208740234,-122.72585296630859,SONOMA,"SANTA ROSA",-122.72605895996094,38.458572387695312
90939011,2019,2019-03-04,9360,2019-03-01,1654,020613,,5,2,9,4900,0,1,2,,2,050,"US-101 N/B","GRAVENSTEIN HWY",460.00,S,N,B,-,Y,,,,,,,,,,Y,4,0,1,1,A,-,08,22107,,N,E,I,A,A,H,-,A,D,0,,,,,Y,,A,01,0,0,1,0,0,0,0,0,0,"- ","- ",38.329868316650391,-122.7127685546875,SONOMA,UNINCORPORATED,-122.71269226074219,38.329986572265625
90940762,2019,2019-03-06,9360,2019-03-05,0905,020225,,2,1,9,4900,0,1,2,,2,030,"US-101 S/B","FULTON RD",100.00,N,N,B,C,Y,,,101,,,,,,S,N,4,0,1,2,C,-,18,,,N,C,C,A,B,H,-,A,D,0,,,,,Y,,-,"- ",0,0,1,0,0,0,0,0,0,"- ","- ",38.506931304931641,-122.77021789550781,SONOMA,UNINCORPORATED,-122.77027130126953,38.506874084472656
90943517,2019,2019-03-11,9360,2019-03-01,2258,021614,,5,3,9,4900,0,2,4,,2,056,"STONY POINT RD","W SIERRA",600.00,S,N,C,-,N,,,,,,,,,,Y,3,0,1,1,A,-,01,23152,A,N,E,I,A,B,H,-,D,D,0,,,,,Y,Y,D,22,0,1,0,0,0,0,0,0,0,"- ","- ",38.323101043701172,-122.73509979248047,SONOMA,UNINCORPORATED,-122.73523712158203,38.323642730712891
90943818,2019,2019-03-11,9360,2019-03-04,1440,021195,,1,2,9,4900,0,2,4,,1,024,"PORTER CREEK RD","CALISTOGA RD",4224.00,W,N,B,-,N,,,,,,,,,,Y,3,0,1,1,A,-,08,22107,,N,F,I,A,A,H,-,A,D,0,,,,Y,Y,,F,26,0,1,0,0,0,0,0,0,0,"- ","- ",38.554008483886719,-122.67481231689453,SONOMA,UNINCORPORATED,-122.66307067871094,38.554347991943359
90945116,2019,2019-03-13,9360,2019-03-04,1857,021195,,1,2,9,4900,0,1,2,,2,030,"US-101 N/B","SHILOH RD",500.00,S,N,A,-,Y,,,101,,,,,,N,Y,3,0,1,2,A,-,08,22107,,M,B,C,A,A,H,-,D,D,0,,,,,Y,,A,07,0,1,0,0,0,0,0,0,0,"- ","- ",38.523281097412109,-122.78762054443359,SONOMA,UNINCORPORATED,-122.78760528564453,38.523292541503906
90947080,2019,2019-03-15,9360,2019-03-06,0920,011631,,3,1,9,4900,0,1,2,,1,060,"US-101 SOUTHBOUND","KASTANIA ROAD",3432.00,S,N,A,-,Y,,,101,,,,,,S,N,4,0,1,2,A,-,04,21703,,M,C,C,A,A,D,-,A,D,0,,,,,Y,,A,01,0,0,1,0,0,0,0,0,0,"- ","- ",38.210411071777344,-122.60077667236328,SONOMA,UNINCORPORATED,-122.60076141357422,38.210418701171875
90948347,2019,2019-03-18,9325,2019-03-13,1744,021215,,3,2,9,4900,0,1,3,,1,072,SR-121,SR-12,155.00,S,N,A,-,Y,,,121,,,,,,,Y,4,0,2,3,A,-,03,22350,,N,C,C,A,A,H,-,A,D,0,,,,,Y,,A,07,0,0,2,0,0,0,0,0,0,"- ","- ",38.243728637695312,-122.44843292236328,SONOMA,UNINCORPORATED,-122.447998046875,38.243259429931641
90948355,2019,2019-03-18,9325,2019-03-13,1410,021215,,3,2,9,4900,0,2,4,,1,055,"NAPA RD",SR-121,3221.00,W,N,A,-,N,,,,,,,,,,N,4,0,1,2,A,-,03,22350,,N,C,C,A,A,H,-,A,D,0,,,,,Y,,A,07,0,0,1,0,0,0,0,0,0,"- ","- ",38.262130737304688,-122.40013122558594,SONOMA,UNINCORPORATED,,
90949005,2019,2019-03-19,9360,2019-03-17,1630,018881,,7,2,9,4900,0,1,3,,1,065,"CAZADERO HIGHWAY","OLD DUNCANS GRADE",1056.00,N,N,A,-,N,,,,,,,,,,Y,3,0,1,1,A,-,08,22107,,N,E,I,A,A,H,-,A,D,0,,,,,Y,,A,01,0,1,0,0,0,0,0,0,0,"- ","- ",38.469860076904297,-123.07132720947266,SONOMA,UNINCORPORATED,-123.04853820800781,38.473899841308594
90953921,2019,2019-03-26,9360,2019-03-20,1108,013838,,3,1,6,4905,0,1,2,,2,040,"US-101 NB COLLEGE OFF RAMP","COLLEGE AVE",250.00,S,N,C,-,Y,,,101,,,,R,,N,Y,4,0,1,3,A,-,03,22350,,N,C,C,A,B,H,-,A,D,0,,,,,Y,,A,01,0,0,1,0,0,0,0,0,0,"- ","- ",38.445308685302734,-122.72312927246094,SONOMA,"SANTA ROSA",-122.72312927246094,38.445308685302734
90958312,2019,2019-04-01,9360,2019-03-24,1240,020092,,7,1,9,4900,0,1,2,,2,050,"US-101 S/B","WEST SIERRA AVE",2640.00,S,N,A,-,Y,,,,,,,,,,Y,2,0,1,1,A,-,01,23152,F,N,E,I,A,A,H,-,A,D,0,,,,,Y,,A,01,1,0,0,0,0,0,0,0,0,"- ","- ",,,SONOMA,UNINCORPORATED,-122.7152099609375,38.314201354980469
90960957,2019,2019-04-04,9360,2019-03-31,1405,022062,,7,2,9,4900,0,3,5,,2,002,"AIRPORT BLVD.","FULTON RD.",401.00,W,N,B,-,N,,,,,,,,,,N,4,0,1,2,A,-,07,21658,A,N,D,G,A,A,H,-,A,D,0,,Y,,,Y,,A,01,0,0,1,0,0,0,1,0,0,"- ","- ",38.511089324951172,-122.77143859863281,SONOMA,UNINCORPORATED,-122.77130889892578,38.51123046875
90962834,2019,2019-04-08,9360,2019-03-30,1735,019083,,6,2,9,4900,0,2,4,,1,038,"BODEGA HWY","JOY RD",5280.00,E,N,A,-,N,,,,,,,,,,Y,4,0,1,2,A,-,03,22350,,N,C,C,A,A,H,-,A,D,0,,,,,Y,,A,01,0,0,1,0,0,0,0,0,0,"- ","- ",38.355281829833984,-122.94429016113281,SONOMA,UNINCORPORATED,-122.94488525390625,38.355316162109375
90964712,2019,2019-04-10,9325,2019-04-04,1605,019775,,4,2,9,4900,0,3,5,,2,005,"NAPA ROAD",SR-121,50.00,N,N,B,-,N,,,,,,,,,,Y,4,0,2,2,A,-,03,22350,,N,C,C,A,A,H,-,A,D,0,,,,,Y,,A,01,0,0,2,0,0,0,0,0,0,"- ","- ",38.253799438476562,-122.39376068115234,SONOMA,UNINCORPORATED,,
90964894,2019,2019-04-10,9360,2019-04-08,1024,013838,,1,1,9,4900,0,1,3,,1,041,"BENNETT VALLEY RD","ENTERPRISE RD",1056.00,E,N,B,-,N,,,,,,,,,,Y,4,0,2,2,A,-,03,22350,,N,A,C,A,A,H,-,A,D,0,,,,,Y,,A,01,0,0,2,0,0,0,0,0,0,"- ","- ",38.388858795166016,-122.57388305664062,SONOMA,UNINCORPORATED,-122.57578277587891,38.387897491455078
90965631,2019,2019-04-11,9360,2019-04-04,1530,018196,,4,2,9,4900,0,1,3,,1,021,SR-128,"SPENCER LANE",1056.00,E,N,B,-,Y,,,128,,,,,,,Y,3,0,1,3,A,-,06,21750,A,N,B,C,A,A,H,-,A,D,0,,,,Y,Y,,A,01,0,1,0,0,0,0,0,0,0,"- ","- ",38.616981506347656,-122.65859985351562,SONOMA,UNINCORPORATED,-122.65860748291016,38.616977691650391
90966465,2019,2019-04-12,9360,2019-04-04,1530,020731,,4,2,9,4900,0,3,5,,2,005,"LIBERTY ROAD","RAINSVILLE RD",0.00,,Y,B,-,N,,,,,,,,,,Y,4,0,4,2,A,-,09,21802,A,N,D,C,A,A,H,-,A,A,0,,,,,Y,,A,01,0,0,4,0,0,0,0,0,0,"- ","- ",38.270790100097656,-122.70082092285156,SONOMA,UNINCORPORATED,-122.70078277587891,38.270778656005859
90966522,2019,2019-04-12,9360,2019-04-05,1705,018828,,5,2,9,4900,0,3,5,,2,002,"AIRPORT BLVD","FULTON ROAD",380.00,W,N,B,-,N,,,,,,,,,,Y,4,0,1,2,A,-,09,21804,A,N,D,C,A,B,H,-,A,D,0,,,,,Y,,D,22,0,0,1,0,0,0,0,0,0,"- ","- ",38.51116943359375,-122.77155303955078,SONOMA,UNINCORPORATED,-122.77123260498047,38.511226654052734
90968132,2019,2019-04-15,9350,2019-04-07,1225,019875,,7,1,9,4900,0,1,3,,2,237,"SR-37 E/B","SOLANO COUNTY LINE",500.00,W,N,A,-,Y,,,37,,,,,,E,N,4,0,1,3,A,-,03,22350,,N,C,C,A,A,H,-,A,D,0,,,,,Y,,A,01,0,0,1,0,0,0,0,0,0,"- ","- ",38.155750274658203,-122.40866088867188,SONOMA,UNINCORPORATED,-122.40866088867188,38.155776977539062
90968273,2019,2019-04-16,9360,2019-04-08,1545,021456,,1,2,9,4900,0,3,5,,2,003,"SR-116 E/B","GIOVANETTI RD",300.00,W,N,C,-,Y,,,116,,,,,,E,Y,4,0,1,1,A,-,03,22350,,N,E,I,A,B,H,-,A,D,0,,,,,Y,,A,07,0,0,1,0,0,0,0,0,0,"- ","- ",38.472591400146484,-122.90898895263672,SONOMA,UNINCORPORATED,-122.90898132324219,38.472568511962891
90968336,2019,2019-04-16,9360,2019-03-20,2258,020740,,3,3,6,4905,0,1,2,,2,030,"US-101 SOUTHBOUND","RIVER ROAD",3600.00,S,N,A,-,Y,,,,,,,,,,Y,1,1,0,2,A,-,01,23152,G,N,C,C,A,A,H,-,D,D,0,,,,,Y,Y,A,01,0,0,0,0,0,0,0,0,0,"- ","- ",38.489528656005859,-122.7471923828125,SONOMA,"SANTA ROSA",-122.7470703125,38.489540100097656
90968746,2019,2019-04-16,9325,2019-04-09,0830,015786,,2,1,9,4900,0,1,3,,1,063,SR-12,"SIERRA DR",20.00,N,N,B,-,Y,,,,,,,,,,N,4,0,1,2,A,-,03,22350,,N,C,C,A,A,H,-,A,D,0,,,,,Y,,A,07,0,0,1,0,0,0,0,0,0,"- ","- ",38.18450927734375,-122.28517150878906,SONOMA,UNINCORPORATED,,
90968750,2019,2019-04-16,9325,2019-04-10,0645,015786,,3,1,9,4900,0,1,3,,1,063,SR-12,"WATERMAN AVENUE",0.00,,Y,A,-,Y,,,12,,,,,,,Y,4,0,1,2,A,-,08,22107,,N,A,C,A,A,H,-,A,D,0,,,,,Y,,A,01,0,0,1,0,0,0,0,0,0,"- ","- ",38.316120147705078,-122.48287963867188,SONOMA,UNINCORPORATED,-122.48291778564453,38.316085815429688
90969998,2019,2019-04-18,9360,2019-04-14,1250,020092,,7,1,9,4900,0,3,5,,2,001,"US-101 S/B",SR-12,1100.00,S,N,A,-,Y,,,,,,,,,,N,4,0,1,2,A,-,03,22350,,N,C,C,A,A,H,-,A,D,0,,,,,Y,,A,01,0,0,1,0,0,0,0,0,0,"- ","- ",38.428810119628906,-122.71526336669922,SONOMA,UNINCORPORATED,-122.71546936035156,38.4310302734375
90970796,2019,2019-09-05,9325,2019-04-09,2150,019590,,2,2,9,4900,0,1,3,,1,063,SR-12,"HAWTHORNE AVE",75.00,E,N,A,-,Y,,,12,,,,,,,Y,3,0,1,2,A,-,08,22107,,N,B,E,A,A,H,-,C,D,0,,,,,Y,,A,01,0,1,0,0,0,0,0,0,0,"- ","- ",38.311008453369141,-122.48001861572266,SONOMA,UNINCORPORATED,-122.48001861572266,38.311008453369141
90971837,2019,2019-04-22,9360,2019-04-12,0725,017693,,5,1,9,4900,0,2,4,,1,054,"BODEGA AVE","SPRING HILL ROAD",600.00,E,N,A,-,N,,,,,,,,,,Y,2,0,2,3,A,-,01,23152,F,N,C,G,A,A,H,-,A,C,0,,Y,,,Y,,A,01,2,0,0,0,0,0,2,0,0,"- ","- ",38.257728576660156,-122.77751922607422,SONOMA,UNINCORPORATED,-122.77754974365234,38.257671356201172
90972324,2019,2019-04-22,9360,2019-04-18,0815,013838,,4,1,6,4905,0,1,3,,1,051,"SR-12 W/B","BROOKWOOD AVE",150.00,W,N,A,-,Y,,,12,,,,,,W,Y,3,0,1,2,A,-,03,22350,,N,C,C,A,A,H,-,A,D,0,,,,,Y,,A,07,0,1,0,0,0,0,0,0,0,"- ","- ",38.433570861816406,-122.70036315917969,SONOMA,"SANTA ROSA",-122.70034790039062,38.433513641357422
90978078,2019,2019-04-29,9360,2019-04-23,1746,018828,,2,2,4,4904,0,1,2,,2,050,"US-101 N/B","ROHNERT PARK EXPRESSWAY",2640.00,S,N,A,-,Y,,,101,,,,,,N,Y,4,0,3,3,A,-,03,22350,,N,C,C,A,A,H,-,A,D,0,,,,,Y,,A,07,0,0,3,0,0,0,0,0,0,"- ","- ",38.343818664550781,-122.71273803710938,SONOMA,"ROHNERT PARK",-122.71283721923828,38.343818664550781
90978815,2019,2019-04-30,9360,2019-04-25,0825,013838,,4,1,9,4900,0,1,3,,1,041,"SR-12 W/B","RANDOLPH AVE",0.00,,Y,A,-,Y,,,12,,,,,,W,N,4,0,1,2,A,-,09,21801,A,N,D,C,A,A,H,-,A,D,0,,,,,Y,,A,01,0,0,1,0,0,0,0,0,0,"- ","- ",38.418651580810547,-122.55055236816406,SONOMA,UNINCORPORATED,-122.55054473876953,38.418655395507812
90980335,2019,2019-05-02,9360,2019-04-30,1815,016045,,2,2,9,4900,0,3,5,,2,004,"GRANGE RD","GUENZA RD",2112.00,N,N,A,-,N,,,,,,,,,,Y,3,0,1,1,A,-,08,22107,,N,E,C,A,A,H,-,A,D,0,,,,,Y,,A,01,0,1,0,0,0,0,0,0,0,"- ","- ",38.387790679931641,-122.63864898681641,SONOMA,UNINCORPORATED,-122.63872528076172,38.38568115234375
90982599,2019,2019-05-06,9360,2019-04-29,0613,020613,,1,1,9,4900,0,1,2,,1,060,"US-101 S/B","LAKEVILLE ST",755.00,S,N,B,-,Y,,,101,,,,,,S,Y,4,0,1,2,A,-,03,22350,,N,B,C,A,A,H,-,B,D,0,,,,,Y,,A,01,0,0,1,0,0,0,0,0,0,"- ","- ",38.231258392333984,-122.61698150634766,SONOMA,UNINCORPORATED,-122.61704254150391,38.231224060058594
90984640,2019,2019-05-08,9325,2019-05-03,0805,020811,,5,1,9,4900,0,2,4,,1,064,"ARNOLD DR","LAUREL AVE",30.00,N,N,A,-,N,,,,,,,,,,Y,4,0,1,3,A,-,03,22350,,N,C,C,A,A,H,-,A,D,0,,,,,Y,,A,07,0,0,1,0,0,0,0,0,0,"- ","- ",38.299018859863281,-122.49207305908203,SONOMA,UNINCORPORATED,-122.49198150634766,38.298927307128906
90984921,2019,2019-05-09,9325,2019-04-17,0935,018900,,3,1,9,4900,0,3,5,,2,005,"8TH STREET EAST","MACARTHUR ST",50.00,S,N,A,-,N,,,,,,,,,,Y,3,0,2,2,A,-,12,22450,A,N,E,I,A,A,H,-,A,A,0,,,,,Y,,D,22,0,1,1,0,0,0,0,0,0,"- ","- ",38.282360076904297,-122.43685150146484,SONOMA,UNINCORPORATED,-122.43692016601562,38.282444000244141
90994635,2019,2019-05-23,9360,2019-05-15,2328,016669,,3,3,6,4905,0,1,3,,1,051,"SR-12 E/B TO US-101 N/B",US-101,575.00,W,N,B,-,Y,,,12,,,,R,,E,Y,3,0,1,1,A,-,01,23152,A,M,E,I,A,B,H,-,C,D,0,,,,,Y,Y,A,01,0,1,0,0,0,0,0,0,0,"- ","- ",38.431800842285156,-122.71794891357422,SONOMA,"SANTA ROSA",-122.71794891357422,38.431800842285156
90996648,2019,2019-05-28,9360,2019-05-18,1218,020613,,6,1,9,4900,0,2,4,,1,047,"LAKEVILLE HWY","OLD LAKEVILLE ROAD NO 2",1160.00,S,N,C,-,N,,,,,,,,,,Y,3,0,1,3,A,-,03,22350,,N,B,C,A,B,H,-,A,D,0,,,,,Y,,A,01,0,1,0,0,0,0,0,0,0,"- ","- ",38.188568115234375,-122.54164123535156,SONOMA,UNINCORPORATED,-122.54173278808594,38.188888549804688
90997102,2019,2019-05-28,9360,2019-05-22,0307,016669,,3,3,9,4900,0,1,2,,2,040,"US-101 NB","TODD RD O/C",1470.00,N,N,A,-,Y,,,101,,,,,,N,Y,4,0,1,1,A,-,08,22107,,N,F,A,A,A,H,-,D,D,0,,,,,Y,,A,07,0,0,1,0,0,0,0,0,0,"- ","- ",38.390338897705078,-122.71604919433594,SONOMA,UNINCORPORATED,-122.71604156494141,38.390338897705078
91002049,2019,2019-06-03,9360,2019-05-25,2500,022063,,6,4,9,4900,0,1,3,,1,061,SR-1,"FORT ROSS RD",6600.00,S,N,F,-,Y,,,1,,,,,,,Y,4,0,1,1,A,-,01,23152,F,N,E,I,A,A,H,-,A,D,0,,,,,Y,,A,08,0,0,1,0,0,0,0,0,0,"- ","- ",38.512180328369141,-123.23159790039062,SONOMA,UNINCORPORATED,-123.23157501220703,38.512199401855469
91002679,2019,2020-11-13,9360,2019-05-26,2500,018881,,7,4,9,4900,0,1,2,,1,010,"SKAGGS SPRINGS ROAD","ANNAPOLIS ROAD",18480.00,E,N,B,-,N,,,,,,,,,,Y,1,1,1,1,A,-,08,22107,,N,E,I,A,B,H,-,A,D,0,,,,,Y,,D,22,1,0,0,0,0,0,0,0,0,"- ","- ",37.619091033935547,-122.194091796875,SONOMA,UNINCORPORATED,-123.26976013183594,38.674842834472656
91002957,2019,2019-06-04,9360,2019-05-27,1914,021314,,1,2,9,4900,0,2,4,,2,056,"STONY POINT ROAD","WEST SIERRA AVENUE",0.00,,Y,A,-,N,,,,,,,,,,Y,2,0,1,2,A,-,09,21804,A,N,D,C,A,A,H,-,A,D,0,,,,,Y,,A,01,1,0,0,0,0,0,0,0,0,"- ","- ",38.325180053710938,-122.73568725585938,SONOMA,UNINCORPORATED,-122.7357177734375,38.325241088867188
91005424,2019,2019-06-07,9360,2019-06-01,0244,021614,,6,3,9,4900,0,3,5,,2,003,"HALL RD","IRWIN LN",255.00,W,N,A,-,N,,,,,,,,,,Y,4,0,1,1,A,-,01,23152,A,N,E,I,A,A,H,-,D,D,0,,,,,Y,Y,A,01,0,0,1,0,0,0,0,0,0,"- ","- ",38.43389892578125,-122.78919982910156,SONOMA,UNINCORPORATED,-122.78910064697266,38.437969207763672
91005745,2019,2019-06-07,9360,2019-06-01,2310,020831,,6,3,9,4900,0,3,5,,2,003,"NEELEY ROAD","RIVER LANE",190.00,N,N,A,-,N,,,,,,,,,,Y,3,0,1,1,A,-,01,23152,A,N,E,I,A,A,H,-,D,D,0,,,,,Y,Y,A,01,0,1,0,0,0,0,0,0,0,"- ","- ",38.490219116210938,-123.01286315917969,SONOMA,UNINCORPORATED,-123.01285552978516,38.490211486816406
91007768,2019,2019-06-19,9350,2019-05-28,1924,021391,,2,2,9,4900,0,1,3,,2,137,"SR-37 W/B","MARIN COUNTY LINE",2640.00,E,N,A,-,Y,,,37,,,,,,W,Y,3,0,1,1,A,-,08,22107,,N,F,A,A,A,H,-,A,D,0,,,,,Y,,D,22,0,1,0,0,0,0,0,0,0,"- ","- ",38.120399475097656,-122.49925231933594,SONOMA,UNINCORPORATED,-122.49924468994141,38.120388031005859
91008086,2019,2019-06-11,9360,2019-06-01,2110,021904,,6,2,9,4900,0,3,5,,2,003,"BARNES ROAD","RIVER ROAD",250.00,S,N,A,-,N,,,,,,,,,,Y,3,0,1,1,A,-,01,23152,A,N,E,I,A,A,H,-,D,D,0,,,,,Y,Y,A,07,0,1,0,0,0,0,0,0,0,"- ","- ",38.489238739013672,-122.76055145263672,SONOMA,UNINCORPORATED,-122.76060485839844,38.495712280273438
91009507,2019,2019-06-13,9360,2019-06-04,1035,018881,,2,1,9,4900,0,1,3,,1,061,SR-1,"NAVIGATORS REACH",1584.00,S,N,A,-,Y,,,1,,,,,,,Y,3,0,1,1,A,-,03,22350,,N,E,I,A,A,H,-,A,D,0,,,,,Y,,A,01,0,1,0,0,0,0,0,0,0,"- ","- ",38.700351715087891,-123.43701171875,SONOMA,UNINCORPORATED,-123.43700408935547,38.700366973876953
91013310,2019,2019-06-19,9360,2019-06-11,1129,020225,,2,1,9,4900,0,3,5,,2,004,"DENMAN RD","GOODWIN AVE",15.00,E,N,A,-,N,,,,,,,,,,Y,3,0,1,1,A,-,01,23152,A,N,E,I,A,A,H,-,A,D,0,,,,,Y,Y,D,22,0,1,0,0,0,0,0,0,0,"- ","- ",38.284770965576172,-122.66850280761719,SONOMA,UNINCORPORATED,-122.66851806640625,38.284618377685547
91016747,2019,2019-06-25,9360,2019-06-16,1905,022063,,7,2,9,4900,0,3,5,,2,002,"CHALK HILL RD","MORSE RD",109.00,S,N,A,-,N,,,,,,,,,,Y,2,0,2,1,A,-,01,23152,A,N,E,I,A,A,H,-,A,D,0,,,,,Y,Y,A,07,1,1,0,0,0,0,0,0,0,"- ","- ",38.576881408691406,-122.77403259277344,SONOMA,UNINCORPORATED,-122.77396392822266,38.576789855957031
91021601,2019,2019-07-01,9325,2019-06-21,1650,021521,,5,2,9,4900,0,3,5,,2,006,"LONDON RANCH RD","CHAUVET RD",0.00,,Y,A,-,N,,,,,,,,,,N,2,0,1,2,A,-,09,21801,A,N,D,G,A,A,H,-,A,D,0,,Y,,,Y,,D,22,1,0,0,0,0,0,1,0,0,"- ","- ",38.362491607666016,-122.53008270263672,SONOMA,UNINCORPORATED,-122.53012847900391,38.362529754638672
91023512,2019,2019-07-03,9360,2019-06-29,1445,021314,,6,2,9,4900,0,1,2,,1,060,US-101,"PETALUMA BLVD NORTH",1120.00,N,N,A,-,Y,,,101,,,,,,,Y,4,0,2,2,A,-,03,22350,,N,C,C,A,A,H,-,A,D,0,,,,,Y,,D,22,0,0,2,0,0,0,0,0,0,"- ","- ",38.222858428955078,-122.61035919189453,SONOMA,UNINCORPORATED,-122.61036682128906,38.222843170166016
91024718,2019,2019-07-05,9360,2019-06-30,0005,020828,,7,3,6,4905,0,1,2,,2,030,"US-101 S/B","SHILOH RD",2452.00,S,N,A,-,Y,,,,,,,,,,N,3,0,1,1,A,-,08,22107,,N,E,I,A,A,H,-,C,D,0,,,,,Y,,D,23,0,1,0,0,0,0,0,0,0,"- ","- ",38.519741058349609,-122.78446197509766,SONOMA,"SANTA ROSA",-122.78523254394531,38.520359039306641
91025185,2019,2019-07-05,9360,2019-06-24,1548,016652,,1,2,9,4900,0,3,5,,2,001,"STEWARTS POINT-SKAGGS SPRINGS RD","ROCKPILE RD",36960.00,W,N,A,-,N,,,,,,,,,,Y,3,0,2,1,A,-,03,22350,,N,E,I,A,A,H,-,A,D,0,,,,,Y,,A,01,0,2,0,0,0,0,0,0,0,"- ","- ",38.675960540771484,-123.06369781494141,SONOMA,UNINCORPORATED,-123.00537109375,38.713199615478516
9102713,2020,2020-06-25,4905,2020-03-08,1613,SR8712,10605,7,5,6,4905,0,0,0,,0,005,"OCCIDENTAL RD","FULTON RD",0.00,,Y,A,-,N,,,,,,,,,,N,4,0,1,2,A,-,09,21804,A,N,D,C,A,A,H,-,A,A,0,,,,,Y,,A,01,0,0,1,0,0,0,0,0,0,"- ","- ",,,SONOMA,"SANTA ROSA",-122.76937866210938,38.429008483886719
9102767,2020,2020-06-30,4905,2020-03-14,1014,SR337,10604,6,5,6,4905,0,0,0,,0,004,"MISSION BL","CULEBRA AV",150.00,N,N,C,-,N,,,,,,,,,,Y,4,0,1,2,A,-,03,22350,,N,A,E,A,B,H,-,A,D,0,,,,,Y,,D,22,0,0,1,0,0,0,0,0,0,"- ","- ",,,SONOMA,"SANTA ROSA",-122.67640686035156,38.465831756591797
9102792,2020,2020-06-30,4905,2020-03-15,0245,SR541,10607,7,5,6,4905,0,0,0,,0,007,"SOUTH WRIGHT RD","LANCASTER AV",4.00,S,N,C,-,N,,,,,,,,,,N,2,0,1,2,A,-,03,22350,,F,G,B,E,B,H,-,C,D,0,Y,,,,Y,,D,22,1,0,0,0,1,0,0,0,0,"- ","- ",,,SONOMA,"SANTA ROSA",-122.7689208984375,38.4210205078125
9102798,2020,2020-10-02,4905,2020-03-23,0838,SR284,10607,1,5,6,4905,0,0,0,,0,007,"STONY POINT RD","RT 12",10.00,N,N,A,-,Y,SON,4,12,-,R,14.278,R,4,E,N,4,0,2,2,A,-,03,22350,,N,C,C,A,A,H,-,A,A,0,,,,,Y,,D,22,0,0,2,0,0,0,0,0,0,"- ",WF,,,SONOMA,"SANTA ROSA",-122.74482727050781,38.429759979248047
91028716,2019,2019-07-11,9325,2019-07-06,2336,021385,,6,3,9,4900,0,3,5,,2,006,"RIVERSIDE DRIVE","PETALUMA AVENUE",70.00,E,N,A,-,N,,,,,,,,,,N,2,0,1,1,A,-,01,23152,A,N,F,A,A,A,H,-,C,D,0,,,Y,,Y,Y,C,02,1,0,0,0,0,0,0,0,1,"- ","- ",38.29425048828125,-122.47754669189453,SONOMA,UNINCORPORATED,-122.47759246826172,38.294197082519531
91031793,2019,2019-07-16,9360,2019-05-10,0440,021437,,5,3,9,4900,0,2,4,,1,032,"RIVER ROAD","US-101 SOUTHBOUND RIVER ROAD OFF-RAMP",0.00,,Y,B,-,N,,,,,,,,,,Y,1,1,0,2,A,-,01,23152,A,N,A,C,A,A,H,-,C,A,0,,,,Y,Y,Y,A,01,0,0,0,0,0,0,0,0,0,"- ","- ",38.496280670166016,-122.75897979736328,SONOMA,UNINCORPORATED,-122.75897999999999,38.496281000000003