CASE_ID,ACCIDENT_YEAR,PROC_DATE,JURIS,COLLISION_DATE,COLLISION_TIME,OFFICER_ID,REPORTING_DISTRICT,DAY_OF_WEEK,CHP_SHIFT,POPULATION,CNTY_CITY_LOC,SPECIAL_COND,BEAT_TYPE,CHP_BEAT_TYPE,CITY_DIVISION_LAPD,CHP_BEAT_CLASS,BEAT_NUMBER,PRIMARY_RD,SECONDARY_RD,DISTANCE,DIRECTION,INTERSECTION,WEATHER_1,WEATHER_2,STATE_HWY_IND,CALTRANS_COUNTY,CALTRANS_DISTRICT,STATE_ROUTE,ROUTE_SUFFIX,POSTMILE_PREFIX,POSTMILE,LOCATION_TYPE,RAMP_INTERSECTION,SIDE_OF_HWY,TOW_AWAY,COLLISION_SEVERITY,NUMBER_KILLED,NUMBER_INJURED,PARTY_COUNT,PRIMARY_COLL_FACTOR,PCF_CODE_OF_VIOL,PCF_VIOL_CATEGORY,PCF_VIOLATION,PCF_VIOL_SUBSECTION,HIT_AND_RUN,TYPE_OF_COLLISION,MVIW,PED_ACTION,ROAD_SURFACE,ROAD_COND_1,ROAD_COND_2,LIGHTING,CONTROL_DEVICE,CHP_ROAD_TYPE,PEDESTRIAN_ACCIDENT,BICYCLE_ACCIDENT,MOTORCYCLE_ACCIDENT,TRUCK_ACCIDENT,NOT_PRIVATE_PROPERTY,ALCOHOL_INVOLVED,STWD_VEHTYPE_AT_FAULT,CHP_VEHTYPE_AT_FAULT,COUNT_SEVERE_INJ,COUNT_VISIBLE_INJ,COUNT_COMPLAINT_PAIN,COUNT_PED_KILLED,COUNT_PED_INJURED,COUNT_BICYCLIST_KILLED,COUNT_BICYCLIST_INJURED,COUNT_MC_KILLED,COUNT_MC_INJURED,PRIMARY_RAMP,SECONDARY_RAMP,LATITUDE,LONGITUDE,COUNTY,CITY,POINT_X,POINT_Y
91621730,2021,2021-11-10,9360,2021-10-30,1222,020731,,6,1,6,4905,0,1,2,,2,040,"US-101 S/B",SR-12,1000.00,S,N,B,-,Y,,,101,,,,,,S,Y,3,0,1,4,A,-,03,22350,,N,C,C,A,B,H,-,A,D,0,,,,Y,Y,,D,22,0,1,0,0,0,0,0,0,0,"- ","- ",38.42803955078125,-122.71527862548828,SONOMA,"SANTA ROSA",-122.7152099609375,38.428043365478516
91623252,2021,2021-11-12,9325,2021-11-03,1550,018954,,3,2,9,4900,0,1,3,,1,063,"SR-12 W/B","ARROYO DRIVE",124.00,W,N,A,-,N,,,12,,,,,,W,N,2,0,1,2,A,-,09,21801,A,N,D,G,A,A,H,-,A,D,0,,Y,,,Y,,A,07,1,0,0,0,0,0,1,0,0,"- ","- ",38.313251495361328,-122.48113250732422,SONOMA,UNINCORPORATED,-122.48118591308594,38.313217163085938
91628114,2021,2021-11-18,9350,2021-11-11,1710,022643,,4,2,9,4900,0,1,3,,2,237,"SR-37 E/B","NOBLE RD",250.00,W,N,C,-,Y,,,37,,,,,,E,Y,4,0,1,3,A,-,03,22350,,N,C,C,A,A,H,-,C,D,0,,,,,Y,,D,22,0,0,1,0,0,0,0,0,0,"- ","- ",38.154720306396484,-122.42314910888672,SONOMA,UNINCORPORATED,-122.42314910888672,38.154739379882812
91628210,2021,2021-11-18,9325,2021-11-10,1155,021605,,3,1,9,4900,0,3,5,,2,005,"SKAGGS ISLAND ROAD","RAMAL ROAD",140.00,S,N,A,-,N,,,,,,,,,,Y,3,0,1,1,A,-,08,22107,,N,E,I,A,A,H,-,A,D,0,,,,Y,Y,,F,76,0,1,0,0,0,0,0,0,0,"- ","- ",38.131401062011719,-122.22160339355469,SONOMA,UNINCORPORATED,-122.37391662597656,38.223159790039062
91631608,2021,2021-11-22,9360,2021-11-07,1430,021893,,7,2,9,4900,0,1,3,,1,013,SR-116,"RIVERSIDE DRIVE",1056.00,W,N,A,-,Y,,,116,,,,,,,Y,4,0,1,1,A,-,08,22107,,N,E,I,A,A,H,-,A,D,0,,,,,Y,,A,01,0,0,1,0,0,0,0,0,0,"- ","- ",38.490390777587891,-123.01651763916016,SONOMA,UNINCORPORATED,-123.01654052734375,38.490390777587891
91632872,2021,2021-11-23,9360,2021-11-12,2005,020803,,5,2,9,4900,0,1,3,,1,053,"ROBLAR ROAD","CANFIELD ROAD",3500.00,W,N,A,-,N,,,,,,,,,,Y,4,0,1,1,A,-,08,22107,,N,F,A,A,A,H,-,D,D,0,,,,,Y,,A,07,0,0,1,0,0,0,0,0,0,"- ","- ",38.318820953369141,-122.80603790283203,SONOMA,UNINCORPORATED,-122.80625915527344,38.319252014160156
91633948,2021,2021-11-24,9360,2021-11-17,1555,021445,,3,2,6,4905,0,1,3,,1,051,"SR-12 E/B","HEPWORTH ROAD",712.00,W,N,A,-,Y,,,12,,,,,,E,N,4,0,1,2,A,-,03,22350,,N,C,C,A,A,H,-,A,D,0,,,,,Y,,A,01,0,0,1,0,0,0,0,0,0,"- ","- ",38.406959533691406,-122.805908203125,SONOMA,"SANTA ROSA",-122.80594635009766,38.407058715820312
91636610,2021,2021-11-29,9360,2021-11-15,1350,017761,,1,1,2,4901,0,1,2,,1,010,"US 101 NORTHBOUND","DUTCHER CREEK ROAD",300.00,S,N,A,-,Y,,,,,,,,,,Y,4,0,1,1,A,-,08,22107,,N,E,I,A,A,H,-,A,D,0,,,,,Y,,D,22,0,0,1,0,0,0,0,0,0,"- ","- ",38.766139984130859,-122.99253082275391,SONOMA,CLOVERDALE,-122.99948883056641,38.772869110107422
91641260,2021,2021-12-02,9325,2021-11-27,1045,021969,,6,1,9,4900,0,1,3,,1,072,SR-121,"8TH ST  E",800.00,S,N,A,-,Y,,,121,,,,,,,Y,3,0,5,7,A,-,03,22350,,N,C,C,A,A,H,-,A,D,0,,,,,Y,,D,22,0,1,4,0,0,0,0,0,0,"- ","- ",38.245639801025391,-122.44126129150391,SONOMA,UNINCORPORATED,-122.44126129150391,38.245639801025391
91643425,2021,2021-12-06,9360,2021-11-20,1705,021893,,6,2,9,4900,0,2,4,,1,032,"7590 MIRABEL ROAD","DAVIS LN",1056.00,N,N,A,-,N,,,,,,,,,,N,4,0,1,1,A,-,01,23152,A,N,E,I,A,A,H,-,D,D,0,,,,,Y,Y,A,01,0,0,1,0,0,0,0,0,0,"- ","- ",38.484729766845703,-122.89497375488281,SONOMA,UNINCORPORATED,-122.89486694335938,38.483798980712891
91643910,2021,2021-12-06,9360,2021-11-20,1835,022257,,6,2,6,4905,0,1,2,,2,040,"SR-12 EASTBOUND TO DUTTON AVE","DUTTON AVE",600.00,W,N,A,-,Y,,,12,,,,R,,E,Y,3,0,1,1,A,-,01,23152,A,N,E,I,A,A,H,-,B,D,0,,,,,Y,Y,A,07,0,1,0,0,0,0,0,0,0,"- ","- ",38.432468414306641,-122.72833251953125,SONOMA,"SANTA ROSA",-122.72833251953125,38.432468414306641
91644417,2021,2021-12-06,9360,2021-11-21,0848,017693,,7,1,9,4900,0,3,5,,2,005,"PLEASANT HILL ROAD","ELPHICK ROAD",268.00,W,N,B,-,N,,,,,,,,,,Y,4,0,1,1,A,-,08,22107,,N,E,J,A,A,H,-,A,D,0,,,,,Y,,A,01,0,0,1,0,0,0,0,0,0,"- ","- ",38.379150390625,-122.83329010009766,SONOMA,UNINCORPORATED,-122.83364868164062,38.379135131835938
91646233,2021,2021-12-08,9360,2021-11-27,2200,022371,,6,3,9,4900,0,3,5,,2,004,"SONOMA MOUNTAIN ROAD","OLD ADOBE ROAD",7920.00,N,N,A,-,N,,,,,,,,,,Y,3,0,1,1,A,-,03,22350,,N,F,A,A,A,H,-,D,D,0,,,,,Y,,A,07,0,1,0,0,0,0,0,0,0,"- ","- ",38.294681549072266,-122.6036376953125,SONOMA,UNINCORPORATED,-122.605224609375,38.292823791503906
91647958,2021,2021-12-09,9360,2021-11-28,1824,021893,,7,2,9,4900,0,3,5,,2,003,"FULTON ROAD","D STREET",1056.00,S,N,A,-,N,,,,,,,,,,N,4,0,1,1,A,-,08,22107,,N,E,I,A,A,H,-,D,A,0,,,,,Y,,A,07,0,0,1,0,0,0,0,0,0,"- ","- ",38.491321563720703,-122.77002716064453,SONOMA,UNINCORPORATED,-122.77015686035156,38.491035461425781
91649933,2021,2021-12-13,9360,2021-11-25,1930,019366,,4,2,9,4900,0,2,4,,1,038,"BOHEMIAN HIGHWAY","BOHEMIAN LANE",35.00,N,N,B,-,N,,,,,,,,,,Y,3,0,1,1,A,-,08,22107,,N,E,I,A,A,H,-,D,D,0,,,,,Y,,D,22,0,1,0,0,0,0,0,0,0,"- ","- ",38.391918182373047,-122.93434143066406,SONOMA,UNINCORPORATED,-122.93392944335938,38.391613006591797
91652641,2021,2021-12-23,9350,2021-12-12,1150,015765,,7,1,9,4900,0,1,3,,2,137,"SR-37 W/B","LAKEVILLE HWY",335.00,E,N,B,C,Y,,,37,,,,,,W,Y,4,0,1,2,A,-,07,21658,A,N,B,C,A,B,H,-,A,D,0,,,,,Y,,A,07,0,0,1,0,0,0,0,0,0,"- ","- ",38.134761810302734,-122.47547149658203,SONOMA,UNINCORPORATED,-122.4754638671875,38.134746551513672
9165466,2020,2020-12-02,4907,2020-09-18,1445,1101745,,5,5,2,4907,0,0,0,,0,10703,"W NAPA ST","3RD ST W",0.00,,Y,A,-,Y,SON,4,12,-,-,37.260,H,-,E,Y,4,0,1,2,A,-,03,22350,,N,C,C,A,A,-,-,A,D,0,,,,,Y,,A,01,0,0,1,0,0,0,0,0,0,"- ","- ",38.292461395263672,-122.46347045898438,SONOMA,SONOMA,-122.46334075927734,38.292449951171875
91654937,2021,2021-12-17,9360,2021-12-03,1900,022146,,5,2,9,4900,0,3,5,,2,003,"WOHLER RD.","RIVER RD.",1848.00,N,N,A,-,N,,,,,,,,,,Y,4,0,1,2,A,-,05,21460,A,N,B,C,A,A,H,-,D,D,0,,,,,Y,,A,01,0,0,1,0,0,0,0,0,0,"- ","- ",38.494060516357422,-122.88031768798828,SONOMA,UNINCORPORATED,-122.88042449951172,38.494136810302734
91655319,2021,2021-12-17,9360,2021-12-06,1345,021893,,1,1,9,4900,0,3,5,,2,005,"LLANO RD","LUDWIG AVE",0.00,,Y,B,-,N,,,,,,,,,,Y,4,0,1,1,A,-,08,22107,,N,E,I,A,B,H,-,A,D,0,,,,,Y,,A,07,0,0,1,0,0,0,0,0,0,"- ","- ",38.397071838378906,-122.78270721435547,SONOMA,UNINCORPORATED,-122.78271484375,38.397140502929688
91656011,2021,2021-12-20,9360,2021-12-07,1735,022128,,2,2,6,4905,0,2,4,,1,043,"SR-12 W/B","GORDON LANE",1056.00,E,N,B,-,Y,,,12,,,,,,W,N,3,0,1,2,A,-,07,21658,A,N,B,C,A,A,H,-,C,D,0,,,,,Y,,A,07,0,1,0,0,0,0,0,0,0,"- ","- ",38.435218811035156,-122.69268035888672,SONOMA,"SANTA ROSA",-122.69264984130859,38.435123443603516
91656669,2021,2021-12-20,9360,2021-12-08,1005,015187,,3,1,9,4900,0,1,2,,2,030,"US-101 S/B FROM RIVER RD. W/B","101 SON 24.86",528.00,N,N,B,C,Y,,,101,,,,R,,S,Y,3,0,1,1,A,-,03,22350,,N,E,I,A,B,H,-,A,D,0,,,,,Y,,A,07,0,1,0,0,0,0,0,0,0,"- ","- ",38.496768951416016,-122.75746154785156,SONOMA,UNINCORPORATED,-122.75746154785156,38.496768951416016
91658690,2021,2021-12-22,9350,2021-11-16,1812,022300,,2,2,9,4900,0,1,3,,2,137,"SR-37 E/B","LAKEVILLE HWY",5280.00,E,N,A,-,Y,,,37,,,,,,E,N,3,0,1,2,A,-,01,23152,F,N,C,C,A,A,H,-,D,D,0,,,,,Y,Y,A,07,0,1,0,0,0,0,0,0,0,"- ","- ",38.142929077148438,-122.46157073974609,SONOMA,UNINCORPORATED,-122.4615478515625,38.142898559570312
91659058,2021,2021-12-22,9360,2021-12-10,1728,018828,,5,2,9,4900,0,1,2,,2,030,"US-101 S/B","RIVER ROAD",5808.00,S,N,A,-,Y,,,101,,,,,,S,N,4,0,1,2,A,-,04,21703,,N,C,C,A,A,H,-,D,D,0,,,,,Y,,D,22,0,0,1,0,0,0,0,0,0,"- ","- ",38.485408782958984,-122.74118804931641,SONOMA,UNINCORPORATED,-122.7412109375,38.485378265380859
91660493,2021,2021-12-23,9360,2021-12-13,0414,021904,,1,3,9,4900,0,3,5,,2,003,"AIRPORT BLVD","REGIONAL PARKWAY",220.00,W,N,C,-,N,,,,,,,,,,Y,2,0,1,1,A,-,01,23152,A,N,E,I,A,B,H,-,C,D,0,,,,,Y,Y,A,07,1,0,0,0,0,0,0,0,0,"- ","- ",38.511081695556641,-122.78720092773438,SONOMA,UNINCORPORATED,-122.78707122802734,38.511131286621094
91660962,2021,2021-12-24,9360,2021-12-11,0130,021904,,6,3,9,4900,0,1,2,,2,020,"OLD REDWOOD HIGHWAY","LIMERICK LANE",430.00,N,N,A,-,N,,,,,,,,,,Y,3,0,1,1,A,-,08,22107,,M,F,I,A,A,H,-,D,D,0,,,,,Y,,A,01,0,1,0,0,0,0,0,0,0,"- ","- ",38.589519500732422,-122.85009002685547,SONOMA,UNINCORPORATED,-122.84990692138672,38.589214324951172
91661109,2021,2021-12-24,9360,2021-12-14,0845,013838,,2,1,6,4905,0,1,2,,2,040,"US-101 N/B","HEARN AVE",528.00,S,N,A,-,Y,,,101,,,,,,N,Y,3,0,1,2,A,-,04,21703,,N,C,C,A,A,H,-,A,D,0,,,,,Y,,A,01,0,1,0,0,0,0,0,0,0,"- ","- ",38.413101196289062,-122.7159423828125,SONOMA,"SANTA ROSA",-122.71591186523438,38.413101196289062
91662674,2021,2021-12-27,9360,2021-12-16,1503,018828,,4,2,9,4900,0,2,4,,1,024,"MARK WEST SPRINGS ROAD","RIEBLI ROAD",0.00,,Y,A,-,N,,,,,,,,,,Y,4,0,3,2,A,-,09,21802,A,N,B,C,A,A,H,-,A,A,0,,,,,Y,,A,01,0,0,3,0,0,0,0,0,0,"- ","- ",38.5076904296875,-122.71987915039062,SONOMA,UNINCORPORATED,-122.71924591064453,38.507984161376953
91665003,2021,2021-12-29,9360,2021-12-16,0835,016660,,4,1,9,4900,0,1,2,,2,050,"US 101 S/B","PETALUMA BLVD N. O/C",2112.00,N,N,B,-,Y,,,,,,,,,,Y,4,0,1,4,A,-,03,22350,,N,C,C,A,B,H,-,A,D,0,,,,,Y,,A,07,0,0,1,0,0,0,0,0,0,"- ","- ",38.276081085205078,-122.67543029785156,SONOMA,UNINCORPORATED,-122.67015838623047,38.272090911865234
91666225,2021,2021-12-30,9360,2021-12-17,1800,022257,,5,2,6,4905,0,3,5,,2,005,"MOORLAND AVE","MOORLAND AVE AT THISTLE LANE",0.00,,Y,B,-,N,,,,,,,,,,N,4,0,2,3,A,-,10,21950,A,N,G,B,D,A,H,-,B,D,0,Y,,,,Y,,A,01,0,0,2,0,2,0,0,0,0,"- ","- ",38.398738861083984,-122.71855926513672,SONOMA,"SANTA ROSA",-122.71852874755859,38.398750305175781
91666336,2021,2021-12-30,9360,2021-12-18,1345,022128,,6,1,5,4908,0,2,4,,1,057,"PETALUMA BLVD N",CORONA,1003.00,N,N,A,-,N,,,,,,,,,,Y,4,0,1,1,C,-,18,,,N,E,I,A,A,H,-,A,D,0,,,,,Y,,-,"- ",0,0,1,0,0,0,0,0,0,"- ","- ",38.261489868164062,-122.66365814208984,SONOMA,PETALUMA,-122.66357421875,38.261383056640625
91668381,2021,2022-01-03,9360,2021-12-16,0248,021989,,4,3,9,4900,0,1,2,,1,060,"US-101 N/B","KASTANIA ROAD O/C",500.00,S,N,C,-,Y,,,101,,,,,,N,N,3,0,1,1,A,-,01,23152,A,N,E,I,A,B,H,-,D,D,0,,,,,Y,Y,A,07,0,1,0,0,0,0,0,0,0,"- ","- ",38.220260620117188,-122.60665893554688,SONOMA,UNINCORPORATED,-122.60663604736328,38.220298767089844
91670145,2021,2022-01-04,9360,2021-12-21,2040,019359,,2,2,9,4900,0,1,2,,2,020,"US-101 S/B","ARATA LANE",3550.00,N,N,C,-,Y,,,101,,,,,,S,Y,3,0,2,2,A,-,03,22350,,N,B,2,A,B,H,-,C,D,0,,,,,Y,,A,07,0,1,1,0,0,0,0,0,0,"- ","- ",38.569808959960938,-122.83078002929688,SONOMA,UNINCORPORATED,-122.83076477050781,38.569820404052734
91672614,2021,2022-01-06,9360,2021-12-23,0655,016660,,4,1,5,4908,0,1,2,,1,060,"US 101 N/B","CORONA RD",5280.00,S,N,B,C,Y,,,,,,,,,,Y,4,0,1,1,A,-,08,22107,,N,E,8,A,D,D,-,E,A,0,,,,,Y,,A,07,0,0,1,0,0,0,0,0,0,"- ","- ",38.255378723144531,-122.64388275146484,SONOMA,PETALUMA,-122.64933013916016,38.258399963378906
91672835,2021,2022-01-06,9360,2021-12-29,1015,020731,,3,1,9,4900,0,2,4,,1,032,"RIVER RD","TRENTON HEALDSBURG RD",300.00,W,N,B,-,N,,,,,,,,,,Y,3,0,2,2,A,-,03,22350,,N,A,C,A,B,H,-,A,D,0,,,,,Y,,D,22,0,1,1,0,0,0,0,0,0,"- ","- ",38.488918304443359,-122.85707092285156,SONOMA,UNINCORPORATED,-122.85604858398438,38.488639831542969
91674343,2021,2022-01-10,9360,2021-12-21,0955,016660,,2,1,9,4900,0,2,4,,1,042,"PETALUMA HILL RD","E. RAILROAD AVE",741.00,S,N,B,-,N,,,,,,,,,,Y,2,0,2,2,A,-,05,21460,A,N,A,C,A,A,H,-,A,D,0,,,,,Y,,D,22,2,0,0,0,0,0,0,0,0,"- ","- ",38.312160491943359,-122.66667938232422,SONOMA,UNINCORPORATED,-122.66664886474609,38.312244415283203
91678321,2021,2022-01-14,9360,2021-12-30,2305,022362,,4,3,9,4900,0,1,3,,1,013,SR-116,"B ST",56.00,E,N,A,-,Y,,,116,,,,,,,Y,4,0,1,2,A,-,08,22107,,N,E,8,A,B,H,-,C,D,0,,,,,Y,,A,01,0,0,1,0,0,0,0,0,0,"- ","- ",38.468559265136719,-123.01248168945312,SONOMA,UNINCORPORATED,-123.01248168945312,38.468551635742188
91679599,2022,2022-01-18,9360,2022-01-01,1308,020092,,6,1,9,4900,0,2,4,,2,056,"STONY POINT RD","PEPPER RD",0.00,,Y,A,-,N,,,,,,,,,,Y,3,0,1,2,A,-,12,21453,A,N,D,C,A,A,H,-,A,A,0,,,,,Y,,E,22,0,1,0,0,0,0,0,0,0,"- ","- ",38.284408569335938,-122.6876220703125,SONOMA,UNINCORPORATED,-122.68766021728516,38.284408569335938
91681802,2022,2022-01-20,9360,2022-01-11,1515,020828,,2,2,9,4900,0,2,4,,1,046,"5364 BENNETT VALLEY RD","CARRITHERS RD",1815.00,W,N,A,-,N,,,,,,,,,,N,2,0,1,1,A,-,01,23152,A,N,E,I,A,A,H,-,A,D,0,,,,,Y,Y,A,01,1,0,0,0,0,0,0,0,0,"- ","- ",38.413818359375,-122.65273284912109,SONOMA,UNINCORPORATED,-122.64788055419922,38.411579132080078
91681987,2022,2022-01-20,9360,2022-01-11,1630,020285,,2,2,9,4900,0,1,3,,1,041,"US-101 S/B","MENDOCINO AVE O/C",3168.00,N,N,A,-,Y,SON,,101,,,23.474,H,,L,Y,3,0,2,2,A,-,03,22350,,N,C,C,A,A,H,-,A,D,0,,,,,Y,,A,01,0,2,0,0,0,0,0,0,0,"- ","- ",38.482589721679688,-122.73738861083984,SONOMA,UNINCORPORATED,-122.73734283447266,38.482627868652344
91682026,2022,2022-01-20,9360,2022-01-10,1750,020828,,1,2,6,4905,0,1,2,,2,040,"US-101 S/B TO COLLEGE AVE","COLLEGE AVE",6.00,N,N,A,-,Y,,,,,,,,,,N,4,0,1,2,A,-,03,22350,,N,C,C,A,A,H,-,C,A,0,,,,,Y,,A,01,0,0,1,0,0,0,0,0,0,"- ","- ",38.445888519287109,-122.72461700439453,SONOMA,"SANTA ROSA",-122.72461700439453,38.445888519287109
91682682,2022,2022-01-21,9360,2022-01-12,2055,016045,,3,2,9,4900,0,2,4,,1,054,"BODEGA AVE","ROHDE LN",200.00,E,N,A,-,N,,,,,,,,,,Y,3,0,1,2,A,-,08,22107,,N,E,I,A,A,H,-,A,D,0,,,,,Y,,A,01,0,1,0,0,0,0,0,0,0,"- ","- ",38.247119903564453,-122.68984222412109,SONOMA,UNINCORPORATED,-122.68975830078125,38.247142791748047
91684963,2021,2022-01-25,9360,2021-12-12,2200,018497,,7,3,9,4900,0,2,4,,1,034,SR-116,"GUERNEVILLE ROAD",0.00,,Y,B,C,N,,,116,,,,,,,Y,1,1,0,1,A,-,08,22107,,N,E,I,A,B,H,-,C,A,0,,,,,Y,Y,A,07,0,0,0,0,0,0,0,0,0,"- ","- ",38.450130462646484,-122.86786651611328,SONOMA,UNINCORPORATED,-122.86776733398438,38.450153350830078
91685348,2022,2022-01-26,9360,2022-01-12,1755,021326,,3,2,4,4904,0,1,2,,2,050,"US-101 N/B","ROHNERT PARK EXPRESSWAY",2500.00,S,N,B,-,Y,SON,,101,,,13.377,H,,R,Y,4,0,3,2,A,-,03,22350,,N,C,C,A,B,H,-,C,D,0,,,,,Y,,A,01,0,0,3,0,0,0,0,0,0,"- ","- ",38.341171264648438,-122.71269989013672,SONOMA,"ROHNERT PARK",-122.71280670166016,38.341167449951172
91690340,2022,2022-02-01,9360,2022-01-19,0025,016669,,3,3,9,4900,0,3,5,,2,005,"LLANO RD","TODD RD",316.00,S,N,E,-,N,,,,,,,,,,Y,3,0,1,1,A,-,01,23152,A,N,E,I,A,A,H,-,D,D,0,,,,,Y,Y,A,07,0,1,0,0,0,0,0,0,0,"- ","- ",38.385330200195312,-122.76862335205078,SONOMA,UNINCORPORATED,-122.76871490478516,38.385383605957031
91690812,2022,2022-02-01,9360,2022-01-22,2045,016045,,6,2,9,4900,0,3,5,,2,004,"SANTA ROSA AVE","TODD RD",0.00,,Y,A,-,N,,,,,,,,,,N,3,0,1,2,A,-,05,21650,,N,A,G,A,A,H,-,C,A,0,,Y,,,Y,,L,04,0,1,0,0,0,0,1,0,0,"- ","- ",38.387100219726562,-122.71363067626953,SONOMA,UNINCORPORATED,-122.71360778808594,38.387107849121094
91692514,2022,2022-02-03,9360,2022-01-25,2225,021458,,2,3,9,4900,0,1,3,,1,013,SR-116,"RIVERSIDE DR",1320.00,W,N,B,-,N,,,,,,,,,,Y,3,0,1,1,A,-,01,23152,A,N,F,A,A,A,H,-,D,D,0,,,,,Y,Y,A,01,0,1,0,0,0,0,0,0,0,"- ","- ",38.489971160888672,-123.01657867431641,SONOMA,UNINCORPORATED,-123.01652526855469,38.489974975585938
91692694,2022,2022-02-03,9325,2022-01-24,0633,015786,,1,1,9,4900,0,1,3,,1,072,SR-121,"NAPA ROAD",1000.00,E,N,A,-,Y,,,,,,,,,,N,4,0,1,3,A,-,03,22350,,N,C,C,A,A,H,-,D,D,0,,,,,Y,,A,01,0,0,1,0,0,0,0,0,0,"- ","- ",38.253501892089844,-122.39103698730469,SONOMA,UNINCORPORATED,-122.39122772216797,38.252983093261719
91697307,2022,2022-02-10,9360,2022-01-28,1610,020731,,5,2,9,4900,0,1,2,,2,050,"US-101 N/B","TODD ROAD O/C",100.00,S,N,A,-,Y,SON,,101,,,16.534,H,,R,N,3,0,1,3,A,-,03,22350,,N,C,C,A,A,H,-,A,D,0,,,,,Y,,A,01,0,1,0,0,0,0,0,0,0,"- ","- ",38.386188507080078,-122.71614837646484,SONOMA,UNINCORPORATED,-122.71607208251953,38.386188507080078
91697564,2022,2022-02-10,9360,2022-01-23,2150,019092,,7,2,9,4900,0,2,4,,1,022,"OLD REDWOOD HWY","EASTSIDE RD",0.00,,Y,A,-,N,,,,,,,,,,Y,2,0,5,1,A,-,01,23152,A,F,E,I,A,A,H,-,C,A,0,,,,,Y,Y,A,01,2,3,0,0,0,0,0,0,0,"- ","- ",38.573200225830078,-122.84046173095703,SONOMA,UNINCORPORATED,-122.84049987792969,38.573200225830078
91698679,2022,2022-02-11,9360,2022-01-31,1830,020828,,1,2,6,4905,0,1,2,,2,040,"US-101 N/B","COLLEGE AVE",985.00,S,N,A,-,Y,SON,,101,,,20.559,H,,R,Y,3,0,1,3,A,-,03,22350,,N,C,C,A,A,H,-,C,D,0,,,,,Y,,A,01,0,1,0,0,0,0,0,0,0,"- ","- ",38.44329833984375,-122.72202301025391,SONOMA,"SANTA ROSA",-122.72206878662109,38.443279266357422
91698838,2022,2022-02-11,9325,2022-02-05,0815,021382,,6,1,9,4900,0,1,3,,1,063,SR-12,"VERANO AVE.",25.00,E,N,A,-,Y,SON,,12,,,35.959,H,,R,N,3,0,2,1,A,-,08,22107,,N,E,I,A,A,H,-,A,D,0,,,,,Y,,A,01,0,1,1,0,0,0,0,0,0,"- ","- ",38.302528381347656,-122.47611999511719,SONOMA,UNINCORPORATED,-122.47600555419922,38.302597045898438
9170490,2020,2020-11-19,4905,2020-09-28,1910,1060566,,1,5,6,4905,0,0,0,,0,10602,"MENDOCINO AV","SILVA AV",0.00,,Y,F,-,N,,,,,,,,,,Y,3,0,2,2,A,-,09,21801,A,N,A,C,A,A,H,-,C,D,0,,,,,Y,Y,A,01,0,1,1,0,0,0,0,0,0,"- ","- ",38.458808898925781,-122.71720123291016,SONOMA,"SANTA ROSA",-122.71721649169922,38.45880126953125
9170491,2020,2020-11-24,4905,2020-09-22,0443,1060531,,2,5,6,4905,0,0,0,,0,10603,"MAXWELL DR","WEST COLLEGE AV",5.00,N,N,-,-,N,,,,,,,,,,N,4,0,1,2,-,-,"- ",,,N,C,C,A,-,H,-,-,A,0,,,,,Y,,A,01,0,0,1,0,0,0,0,0,0,"- ","- ",38.445838928222656,-122.72975921630859,SONOMA,"SANTA ROSA",-122.72972869873047,38.445850372314453
91707552,2022,2022-02-24,9360,2022-02-11,0209,022370,,5,3,6,4905,0,1,2,,2,040,"US-101 SB","COLLEGE AVE",1345.00,N,N,A,-,Y,SON,,101,,,21.042,H,,L,N,2,0,1,1,A,-,01,23152,A,N,E,I,A,A,H,-,C,D,0,,,,,Y,Y,A,01,1,0,0,0,0,0,0,0,0,"- ","- ",38.449581146240234,-122.72604370117188,SONOMA,"SANTA ROSA",-122.72606658935547,38.449577331542969
91709785,2022,2022-02-25,9360,2022-01-05,0910,016660,,3,1,4,4904,0,1,2,,2,050,"US 101 N/B TO ROHNERT PARK EXPWY","ROHNERT PARK EXPY",100.00,S,N,B,-,Y,,,,,,,,,,N,4,0,1,2,A,-,07,21658,A,F,B,C,A,B,H,-,A,A,0,,,Y,,Y,,C,06,0,0,1,0,0,0,0,0,1,"- ","- ",38.348110198974609,-122.71125030517578,SONOMA,"ROHNERT PARK",-122.71299743652344,38.348957061767578
91710934,2022,2022-02-28,9360,2022-02-12,2230,022333,,6,3,9,4900,0,3,5,,2,003,"NEELEY RD","RIVER LN",250.00,S,N,A,-,N,,,,,,,,,,Y,4,0,1,1,A,-,01,23152,G,N,E,I,A,A,H,-,D,D,0,,,,,Y,Y,A,07,0,0,1,0,0,0,0,0,0,"- ","- ",38.488990783691406,-123.01261901855469,SONOMA,UNINCORPORATED,-123.01256561279297,38.489040374755859