CASE_ID,ACCIDENT_YEAR,PROC_DATE,JURIS,COLLISION_DATE,COLLISION_TIME,OFFICER_ID,REPORTING_DISTRICT,DAY_OF_WEEK,CHP_SHIFT,POPULATION,CNTY_CITY_LOC,SPECIAL_COND,BEAT_TYPE,CHP_BEAT_TYPE,CITY_DIVISION_LAPD,CHP_BEAT_CLASS,BEAT_NUMBER,PRIMARY_RD,SECONDARY_RD,DISTANCE,DIRECTION,INTERSECTION,WEATHER_1,WEATHER_2,STATE_HWY_IND,CALTRANS_COUNTY,CALTRANS_DISTRICT,STATE_ROUTE,ROUTE_SUFFIX,POSTMILE_PREFIX,POSTMILE,LOCATION_TYPE,RAMP_INTERSECTION,SIDE_OF_HWY,TOW_AWAY,COLLISION_SEVERITY,NUMBER_KILLED,NUMBER_INJURED,PARTY_COUNT,PRIMARY_COLL_FACTOR,PCF_CODE_OF_VIOL,PCF_VIOL_CATEGORY,PCF_VIOLATION,PCF_VIOL_SUBSECTION,HIT_AND_RUN,TYPE_OF_COLLISION,MVIW,PED_ACTION,ROAD_SURFACE,ROAD_COND_1,ROAD_COND_2,LIGHTING,CONTROL_DEVICE,CHP_ROAD_TYPE,PEDESTRIAN_ACCIDENT,BICYCLE_ACCIDENT,MOTORCYCLE_ACCIDENT,TRUCK_ACCIDENT,NOT_PRIVATE_PROPERTY,ALCOHOL_INVOLVED,STWD_VEHTYPE_AT_FAULT,CHP_VEHTYPE_AT_FAULT,COUNT_SEVERE_INJ,COUNT_VISIBLE_INJ,COUNT_COMPLAINT_PAIN,COUNT_PED_KILLED,COUNT_PED_INJURED,COUNT_BICYCLIST_KILLED,COUNT_BICYCLIST_INJURED,COUNT_MC_KILLED,COUNT_MC_INJURED,PRIMARY_RAMP,SECONDARY_RAMP,LATITUDE,LONGITUDE,COUNTY,CITY,POINT_X,POINT_Y
6459329,2014,2016-04-12,9325,2014-04-27,0850,017659,,7,1,9,4900,0,1,3,,1,072,"RT 121","NAPA RD",3168.00,S,N,B,-,Y,SON,4,121,-,-,10.190,H,-,S,Y,4,0,1,1,A,-,08,22107,,N,E,I,A,B,H,-,A,D,0,,,,,Y,,A,01,0,0,1,0,0,0,0,0,0,"- ","- ",38.252380000000002,-122.40491,SONOMA,UNINCORPORATED,-122.40371202,38.252645569999999
6460551,2014,2016-01-28,9325,2014-04-11,2227,020257,,5,3,9,4900,0,1,3,,1,063,"RT 12","LICHTENBERG AV",105.00,E,N,A,-,Y,SON,4,12,-,-,34.880,H,-,E,N,2,0,1,2,A,-,11,21954,A,N,G,B,D,A,H,-,D,D,0,Y,,,,Y,Y,N,60,1,0,0,0,1,0,0,0,0,"- ","- ",38.316749999999999,-122.48358,SONOMA,UNINCORPORATED,-122.48363784,38.316862360000002
6462797,2014,2014-07-22,4908,2014-04-09,1704,2926,7,3,5,5,4908,0,0,0,,0,004,"NORTH MCDOWELL BL","SCOTT ST",0.00,,Y,A,-,N,,,,,,,,,,Y,4,0,2,2,A,-,01,23153,A,N,D,C,A,A,H,-,A,D,0,,,,,Y,Y,A,01,0,0,2,0,0,0,0,0,0,"- ","- ",,,SONOMA,PETALUMA,-122.66341986,38.272169890000001
6464058,2014,2014-07-17,4900,2014-03-18,0935,SD1391,,2,5,3,4980,0,0,0,,0,WI1,"BROOKS RD SOUTH","FOOTHILL DR",0.00,,Y,A,-,N,,,,,,,,,,Y,4,0,1,2,A,-,12,22450,A,N,B,C,A,A,H,-,A,A,0,,,,,Y,,A,07,0,0,1,0,0,0,0,0,0,"- ","- ",,,SONOMA,WINDSOR,-122.80740996999999,38.556439920000003
6465381,2014,2016-01-28,9325,2014-04-14,1111,13433,,1,1,9,4900,0,1,3,,1,063,"RT 12","MADRONE RD",2640.00,W,N,A,-,Y,SON,4,12,-,-,32.360,H,-,W,Y,4,0,1,2,A,-,03,22350,,N,C,C,A,A,H,-,A,D,0,,,,,Y,,A,01,0,0,1,0,0,0,0,0,0,"- ","- ",38.345700000000001,-122.4988,SONOMA,UNINCORPORATED,-122.49943012,38.350794980000003
6467819,2014,2014-07-19,9325,2014-04-16,0900,12561,,3,1,9,4900,0,2,4,,1,055,"NAPA RD","8TH ST E",1056.00,E,N,A,-,N,,,,,,,,,,Y,4,0,1,1,A,-,03,22350,,N,E,I,A,A,H,-,A,D,0,,,Y,,Y,,C,02,0,0,1,0,0,0,0,0,1,"- ","- ",38.272170000000003,-122.43407999999999,SONOMA,UNINCORPORATED,-122.43481973,38.272314559999998
6467827,2014,2016-04-12,9325,2014-04-13,1140,17659,,7,1,9,4900,0,1,3,,1,072,"RT 121","8TH ST E",50.00,S,N,A,-,Y,SON,4,121,-,-,8.110,H,-,N,Y,4,0,3,3,A,-,04,21703,,N,C,C,A,A,H,-,A,D,0,,,,,Y,,A,01,0,0,3,0,0,0,0,0,0,"- ","- ",38.245959999999997,-122.43902,SONOMA,UNINCORPORATED,-122.4374607,38.246100980000001
6468651,2014,2014-08-12,9360,2014-06-07,1420,018859,,6,2,9,4900,0,3,5,,2,003,"HIGH SCHOOL RD","EAST HURLBUT LN",528.00,S,N,A,-,N,,,,,,,,,,Y,4,0,4,2,A,-,09,21802,A,N,D,C,A,A,H,-,A,D,0,,,,,Y,,A,01,0,0,4,0,0,0,0,0,0,"- ","- ",38.412559999999999,-122.82742,SONOMA,UNINCORPORATED,-122.82741737000001,38.411089799999999
6471370,2014,2016-01-28,9360,2014-04-14,0915,13838,,1,1,9,4900,0,1,3,,1,041,"RT 12","MELITA RD",1584.00,E,N,A,-,Y,SON,4,12,-,-,21.900,H,-,E,Y,4,0,1,2,A,-,03,22350,,N,C,C,A,A,H,-,A,D,0,,,,,Y,,D,22,0,0,1,0,0,0,0,0,0,"- ","- ",38.450420000000001,-122.61620000000001,SONOMA,UNINCORPORATED,-122.62387631,38.454047490000001
6472650,2014,2014-07-10,4908,2014-04-17,1612,2697,5,4,5,5,4908,0,0,0,,0,003,"WASHINGTON ST","KENTUCKY ST",20.00,W,N,A,-,N,,,,,,,,,,N,3,0,1,2,A,-,01,21200,5,N,D,G,A,A,H,-,A,A,0,,Y,,,Y,Y,L,04,0,1,0,0,0,0,1,0,0,"- ","- ",,,SONOMA,PETALUMA,-122.64210457,38.235459390000003
6472768,2014,2014-07-10,4908,2014-04-19,1428,2926,5,6,5,5,4908,0,0,0,,0,003,"GREVILLIA DR","SIMON DR",105.00,S,N,A,-,N,,,,,,,,,,Y,4,0,1,2,A,-,08,22107,,N,F,E,A,A,H,-,A,D,0,,,,,Y,,A,01,0,0,1,0,0,0,0,0,0,"- ","- ",,,SONOMA,PETALUMA,-122.62990454,38.209688829999997
6473062,2014,2016-04-14,4908,2014-04-30,0706,2697,15,3,5,5,4908,0,0,0,,0,001,"LAKEVILLE HWY","SOUTH MCDOWELL BL",90.00,E,N,A,-,Y,SON,4,116,-,-,36.090,H,-,W,Y,4,0,1,2,A,-,03,22350,,N,C,C,A,A,H,-,A,A,0,,,,,Y,,A,07,0,0,1,0,0,0,0,0,0,"- ","- ",,,SONOMA,PETALUMA,-122.59849002,38.234292240000002
6479016,2014,2016-04-12,9350,2014-05-10,1015,19150,,6,1,9,4900,0,1,3,,2,237,"RT 37","RT 121",5280.00,E,N,A,-,Y,SON,4,37,-,-,4.900,H,-,W,Y,4,0,2,2,A,-,04,21703,,N,C,C,A,A,H,-,A,D,0,,,,,Y,,A,01,0,0,2,0,0,0,0,0,0,"- ","- ",38.153129999999997,-122.44081,SONOMA,UNINCORPORATED,-122.43156226000001,38.153924760000002
6479210,2014,2014-08-01,9360,2014-05-05,1650,16045,,1,2,6,4905,0,2,4,,1,052,"STONY POINT RD","BELLEVUE AV",260.00,S,N,A,-,N,,,,,,,,,,N,4,0,1,2,A,-,03,22350,,N,C,C,A,A,H,-,A,D,0,,,,,Y,,D,23,0,0,1,0,0,0,0,0,0,"- ","- ",38.399389999999997,-122.74166,SONOMA,"SANTA ROSA",-122.74144934,38.40110585
6479214,2014,2016-04-14,9360,2014-05-05,1630,20160,,1,2,9,4900,0,1,2,,2,040,"RT 101","4TH ST",800.00,S,N,A,-,Y,SON,4,101,-,-,19.950,H,-,S,Y,4,0,2,3,A,-,03,22350,,N,C,C,A,A,H,-,A,D,1,,,,,Y,,A,08,0,0,2,0,0,0,0,0,0,"- ","- ",38.43477,-122.71590999999999,SONOMA,UNINCORPORATED,-122.71717165,38.435344039999997
6479720,2014,2016-04-12,9360,2014-04-26,1635,18859,,6,2,9,4900,0,1,3,,1,037,"RT 116","GUERNEVILLE RD",0.00,,Y,A,-,Y,SON,4,116,-,-,21.800,I,5,W,Y,4,0,2,2,A,-,09,21802,A,N,A,C,A,A,H,-,A,A,0,,,,,Y,,A,07,0,0,2,0,0,0,0,0,0,"- ","- ",38.45008,-122.86772999999999,SONOMA,UNINCORPORATED,-122.86785942,38.450568359999998
6481772,2014,2014-07-09,4905,2014-03-27,0553,SR455,10609,4,5,6,4905,0,0,0,,0,009,"WEST COLLEGE AV","NORTH DUTTON AV",0.00,,Y,B,-,N,,,,,,,,,,Y,4,0,2,2,A,-,12,21453,A,N,D,C,A,B,H,-,C,A,0,,,,,Y,,A,01,0,0,2,0,0,0,0,0,0,"- ","- ",,,SONOMA,"SANTA ROSA",-122.73044991,38.445809959999998
6481824,2014,2014-07-15,4905,2014-04-08,1317,SR8702,10605,2,5,6,4905,0,0,0,,0,005,"AMADOR DR","CAVENDISH AV",0.00,,Y,A,-,N,,,,,,,,,,N,4,0,1,2,A,-,09,21800,B,N,D,C,A,A,H,-,A,D,0,,,,,Y,,A,07,0,0,1,0,0,0,0,0,0,"- ","- ",,,SONOMA,"SANTA ROSA",-122.73815999,38.434209920000001
6481841,2014,2014-07-14,4905,2014-04-13,1526,SR8703,10605,7,5,6,4905,0,0,0,,0,005,"WEST 9TH ST","NORTH DUTTON AV",0.00,,Y,A,-,N,,,,,,,,,,Y,3,0,1,2,A,-,09,21801,A,N,D,C,A,A,H,-,A,A,0,,,,,Y,,D,22,0,1,0,0,0,0,0,0,0,"- ","- ",,,SONOMA,"SANTA ROSA",-122.72897998000001,38.441609970000002
6481885,2014,2014-07-14,4905,2014-04-21,2047,SR422,10605,1,5,6,4905,0,0,0,,0,005,"DUTTON AV","SEBASTOPOL RD",90.00,S,N,B,-,N,,,,,,,,,,N,4,0,1,2,A,-,03,22350,,M,C,C,A,A,H,-,C,D,0,,,,,Y,,D,22,0,0,1,0,0,0,0,0,0,"- ","- ",,,SONOMA,"SANTA ROSA",-122.72527316,38.430373680000002
6481893,2014,2014-07-14,4905,2014-04-28,0942,SR185,10603,1,5,6,4905,0,0,0,,0,003,"GUERNEVILLE RD","RIDLEY AV",60.00,W,N,A,-,N,,,,,,,,,,Y,3,0,1,3,A,-,01,23152,A,M,C,C,A,A,H,-,A,D,0,,,,,Y,Y,D,22,0,1,0,0,0,0,0,0,0,"- ","- ",,,SONOMA,"SANTA ROSA",-122.74646959,38.452550000000002
6481901,2014,2014-07-23,4905,2014-05-02,1710,SR466,10609,5,5,6,4905,0,0,0,,0,009,"BROOKWOOD AV","CLARK ST",0.00,,Y,A,-,N,,,,,,,,,,N,4,0,1,2,A,-,01,23152,A,M,D,C,A,A,H,-,A,A,0,,,,,Y,Y,D,22,0,0,1,0,0,0,0,0,0,"- ","- ",,,SONOMA,"SANTA ROSA",-122.70197997,38.438489959999998
6482343,2014,2016-04-14,9360,2014-04-20,0810,17693,,7,1,9,4900,0,1,2,,2,040,"RT 101","HEARN AV",5280.00,S,N,A,-,Y,SON,4,101,-,-,17.530,H,-,N,Y,4,0,1,2,A,-,08,22107,,N,E,J,A,A,H,-,A,D,1,,,,Y,Y,,G,26,0,0,1,0,0,0,0,0,0,"- ","- ",38.40137,-122.71597,SONOMA,UNINCORPORATED,-122.71598274999999,38.400659849999997
6484705,2014,2014-08-06,9325,2014-05-02,1530,19067,,5,2,9,4900,0,3,5,,2,005,"LEVERONI RD","HARRIS RD",180.00,W,N,A,-,N,,,,,,,,,,Y,3,0,1,2,A,-,05,21460,A,N,B,C,A,A,H,-,A,D,0,,,,,Y,,A,01,0,1,0,0,0,0,0,0,0,"- ","- ",38.277430000000003,-122.47307000000001,SONOMA,UNINCORPORATED,-122.47364150999999,38.277472230000001
6485424,2014,2016-05-10,9360,2014-04-17,1650,15434,,4,2,9,4900,0,1,3,,1,041,"RT 12","MELITA RD",50.00,E,N,A,-,Y,SON,4,12,-,-,21.960,H,-,W,Y,4,0,1,3,A,-,03,22350,,N,C,C,A,A,H,-,A,D,0,,,,,Y,,A,01,0,0,1,0,0,0,0,0,0,"- ","- ",38.454389999999997,-122.62452999999999,SONOMA,UNINCORPORATED,-122.62296178,38.453619519999997
6487333,2014,2014-07-15,9360,2014-04-18,0816,017693,,5,1,9,4900,0,3,5,,2,005,"BURBANK AV","ROSE AV",0.00,,Y,A,-,N,,,,,,,,,,Y,4,0,2,2,A,-,09,21802,A,F,D,C,A,A,H,-,A,D,0,,,,,Y,,A,01,0,0,2,0,0,0,0,0,0,"- ","- ",38.253509999999999,-122.44067,SONOMA,UNINCORPORATED,-122.73513998999999,38.426459889999997
6487699,2014,2014-07-30,9360,2014-05-12,0010,20326,,1,3,9,4900,0,3,5,,2,003,"EASTSIDE RD","WINDSOR RIVER RD",2640.00,N,N,A,-,N,,,,,,,,,,Y,3,0,1,1,A,-,01,23152,A,N,E,I,A,A,H,-,D,D,0,,,,,Y,Y,A,07,0,1,0,0,0,0,0,0,0,"- ","- ",38.55339,-122.84702,SONOMA,UNINCORPORATED,-122.84724066,38.554722470000002
6492001,2014,2016-04-13,9360,2014-05-04,1135,18881,,7,1,9,4900,0,1,3,,1,061,"RT 1","MEYERS GRADE RD",3696.00,N,N,A,-,Y,SON,4,1,-,-,27.270,H,-,N,Y,3,0,2,1,A,-,08,22107,,N,F,A,A,A,H,-,A,D,0,,,Y,,Y,,C,02,0,2,0,0,0,0,0,0,2,"- ","- ",38.484250000000003,-123.17659999999999,SONOMA,UNINCORPORATED,-123.17627233,38.484068469999997
6492021,2014,2014-07-29,9360,2014-05-05,1605,16045,,1,2,6,4905,0,2,4,,2,056,"STONY POINT RD","BELLEVUE AV",260.00,S,N,A,-,N,,,,,,,,,,Y,4,0,1,2,A,-,03,22350,,N,C,C,A,A,H,-,A,D,0,,,,,Y,,A,01,0,0,1,0,0,0,0,0,0,"- ","- ",38.399999999999999,-122.74149,SONOMA,"SANTA ROSA",-122.74144934,38.40110585
6492073,2014,2015-12-04,9360,2014-05-04,0615,14773,,7,1,9,4900,0,3,5,,2,002,"IDA CLAYTON RD","RT 128",32736.00,N,N,A,-,N,,,,,,,,,,N,4,0,2,1,A,-,08,22107,,N,E,I,A,A,H,-,B,D,0,,,,,Y,,A,01,0,0,2,0,0,0,0,0,0,"- ","- ",38.690570000000001,-122.65307,SONOMA,UNINCORPORATED,-122.65432503,38.688767230000003
6492282,2014,2016-01-28,9325,2014-05-15,2240,019987,,4,3,9,4900,0,1,3,,1,063,"RT 12","MADRONE RD",528.00,W,N,A,-,Y,SON,4,12,-,-,32.760,H,-,E,Y,4,0,1,2,A,-,01,23152,A,N,C,C,A,A,D,-,C,A,0,,,,,Y,Y,D,22,0,0,1,0,0,0,0,0,0,"- ","- ",38.346249999999998,-122.49898,SONOMA,UNINCORPORATED,-122.49869513,38.345160559999997
6493503,2014,2014-08-07,9360,2014-05-10,1750,018790,,6,2,9,4900,0,2,4,,1,024,"CALISTOGA RD","PORTER CREEK RD",7920.00,S,N,A,-,N,,,,,,,,,,Y,2,0,1,2,A,-,05,21460,A,N,A,C,A,A,H,-,A,D,0,,,Y,,Y,,C,02,1,0,0,0,0,0,0,0,1,"- ","- ",38.543219999999998,-122.64789,SONOMA,UNINCORPORATED,-122.64868226999999,38.534436159999998
6493519,2014,2016-04-14,9360,2014-05-07,0850,013513,,3,1,9,4900,0,1,2,,2,030,"RT 101","AIRPORT BL",100.00,S,N,A,-,Y,SON,4,101,-,-,26.310,H,-,S,Y,4,0,2,3,A,-,03,22350,,N,C,C,A,A,H,-,A,D,1,,,,,Y,,D,22,0,0,2,0,0,0,0,0,0,"- ","- ",,,SONOMA,UNINCORPORATED,-122.775363,38.510924410000001
6496732,2014,2014-08-05,4901,2014-05-21,1514,049,,3,5,2,4901,0,0,0,,0,,"SOUTH CLOVERDALE BL","S CLOVERDALE BL 1105",0.00,,Y,A,-,N,,,,,,,,,,Y,3,0,1,2,A,-,09,21801,B,N,F,A,A,A,H,-,A,D,0,,,Y,,Y,,A,01,0,1,0,0,0,0,0,0,1,"- ","- ",,,SONOMA,CLOVERDALE,-123.013498,38.785173999999998
6497541,2014,2015-03-17,4908,2014-05-21,1122,1543,5,3,5,5,4908,0,0,0,,0,003,"KENTUCKY ST","KENT ST",0.00,,N,A,-,N,,,,,,,,,,N,4,0,3,2,A,-,09,21802,A,N,D,C,A,A,H,-,A,A,0,,,,,Y,,A,01,0,0,3,0,0,0,0,0,0,"- ","- ",,,SONOMA,PETALUMA,-122.6507299,38.237649930000003
6498327,2014,2016-04-14,9360,2014-05-28,1415,15434,,3,2,9,4900,0,1,2,,2,040,"RT 101","HEARN AV",528.00,N,N,A,-,Y,SON,4,101,-,-,18.590,H,-,S,Y,4,0,1,2,A,-,03,22350,,N,C,C,A,A,H,-,A,D,1,,,,,Y,,A,01,0,0,1,0,0,0,0,0,0,"- ","- ",38.415869999999998,-122.71629,SONOMA,UNINCORPORATED,-122.71613733,38.41599497
6500112,2014,2016-01-28,9360,2014-05-14,0805,013838,,3,1,6,4905,0,1,3,,1,051,"RT 12","DUTTON AV",34.00,W,N,A,-,Y,SON,4,12,-,R,15.290,H,-,E,Y,3,0,3,3,A,-,04,21703,,N,C,C,A,A,H,-,A,D,1,,,,,Y,,D,22,0,1,2,0,0,0,0,0,0,"- ","- ",38.432870000000001,-122.72663,SONOMA,"SANTA ROSA",-122.72667491999999,38.432873829999998
6500113,2014,2016-04-14,9360,2014-05-25,0625,020136,,7,1,9,4900,0,1,2,,2,050,"RT 101","RT 116",1584.00,S,N,A,-,Y,SON,4,101,-,-,12.420,H,-,N,Y,4,0,1,1,A,-,08,22107,,N,E,I,A,A,H,-,A,D,1,,,,,Y,,A,01,0,0,1,0,0,0,0,0,0,"- ","- ",38.327570000000001,-122.71248,SONOMA,UNINCORPORATED,-122.71263727,38.32732541
6500120,2014,2014-07-28,9360,2014-05-25,0245,020329,,7,3,9,4900,0,3,5,,2,005,"ROBLAR RD","PETERSON RD",1584.00,E,N,A,-,N,,,,,,,,,,Y,3,0,1,1,A,-,01,23152,A,N,E,J,A,A,H,-,D,D,0,,,,,Y,Y,A,01,0,1,0,0,0,0,0,0,0,"- ","- ",38.321449999999999,-122.75901,SONOMA,UNINCORPORATED,-122.75398081,38.320114099999998
6500554,2014,2014-07-29,9360,2014-05-10,2355,20565,,6,3,9,4900,0,3,5,,2,004,"SONOMA MOUNTAIN RD","ADOBE RD",18480.00,N,N,A,-,N,,,,,,,,,,Y,2,0,1,1,A,-,01,23152,A,N,E,I,A,A,H,-,D,D,0,,,,,Y,Y,A,01,1,0,0,0,0,0,0,0,0,"- ","- ",38.322929999999999,-122.59005000000001,SONOMA,UNINCORPORATED,-122.59417443,38.316427179999998
6503143,2014,2014-07-29,9360,2014-05-16,2245,020038,,5,3,9,4900,0,3,5,,2,005,"MIDDLE TWO ROCK RD","EUCALYPTUS RD",390.00,W,N,A,-,N,,,,,,,,,,N,3,0,1,1,A,-,01,23152,A,N,F,A,A,A,H,-,D,D,0,,,Y,,Y,Y,C,06,0,1,0,0,0,0,0,0,1,"- ","- ",38.241799999999998,-122.7062,SONOMA,UNINCORPORATED,-122.70656984999999,38.24188848
6503159,2014,2014-07-29,9360,2014-05-26,1725,016652,,1,2,9,4900,0,3,5,,2,003,"EASTSIDE RD","WINDSOR RIVER RD",5280.00,S,N,A,-,N,,,,,,,,,,Y,4,0,2,3,A,-,05,21460,A,N,B,C,A,A,H,-,A,D,0,,,,,Y,,A,01,0,0,2,0,0,0,0,0,0,"- ","- ",38.533209999999997,-122.84847000000001,SONOMA,UNINCORPORATED,-122.84839556999999,38.533356920000003
6503729,2014,2016-04-14,4907,2014-05-21,0525,SD2091,10701,3,5,2,4907,0,0,0,,0,SO1,"W NAPA ST","6TH ST WEST",10.00,W,N,A,-,Y,SON,4,12,-,-,36.890,H,-,W,Y,4,0,1,1,A,-,08,22107,,N,E,I,A,A,H,-,C,D,0,,,,,Y,,A,08,0,0,1,0,0,0,0,0,0,"- ","- ",,,SONOMA,SONOMA,-122.46986495,38.29309757
6503733,2014,2014-07-26,4907,2014-05-27,0817,SD1430,1,2,5,2,4907,0,0,0,,0,,"5TH ST WEST","STUDLEY ST",0.00,,Y,A,-,N,,,,,,,,,,N,4,0,1,2,A,-,"- ",,,N,D,C,A,A,H,-,A,A,0,,,,,Y,,A,01,0,0,1,0,0,0,0,0,0,"- ","- ",,,SONOMA,SONOMA,-122.46825994,38.291989909999998
6506252,2014,2016-01-28,9325,2014-04-21,1635,018789,,1,2,9,4900,0,1,3,,1,063,"RT 12","ENCINAS LN",0.00,,Y,B,-,Y,SON,4,12,-,-,35.730,H,-,E,N,3,0,1,2,A,-,05,21650,,N,H,G,A,A,H,-,A,D,0,,Y,,,Y,,L,04,0,1,0,0,0,0,1,0,0,"- ","- ",38.305709999999998,-122.47774,SONOMA,UNINCORPORATED,-122.47773024,38.305761859999997
6506338,2014,2014-07-17,9360,2014-04-28,1850,16013,,1,2,9,4900,0,2,4,,1,024,"CALISTOGA RD","HARVILLE RD",2112.00,N,N,A,-,N,,,,,,,,,,Y,4,0,1,2,A,-,03,22350,,N,A,C,A,A,H,-,A,D,0,,,,,Y,,A,01,0,0,1,0,0,0,0,0,0,"- ","- ",38.497959999999999,-122.65406,SONOMA,UNINCORPORATED,-122.65601981,38.492775899999998
6506899,2014,2016-04-14,9360,2014-04-30,1735,015187,,3,2,6,4905,0,1,2,,2,030,"RT 101","MENDOCINO AV",6.00,S,N,A,-,Y,SON,4,101,-,-,22.810,H,-,S,Y,4,0,1,5,A,-,03,22350,,N,C,C,A,A,H,-,A,D,1,,,,,Y,,D,22,0,0,1,0,0,0,0,0,0,"- ","- ",38.474460000000001,-122.73137,SONOMA,"SANTA ROSA",-122.73119592,38.474589539999997
6506905,2014,2016-04-12,9360,2014-05-27,0749,16577,,2,1,9,4900,0,2,4,,1,052,"STONY POINT RD","RT 116",40.00,N,N,A,-,Y,SON,4,116,-,-,33.610,I,6,W,N,4,0,2,2,A,-,21,22106,,N,C,C,A,A,H,-,A,D,0,,,,,Y,,A,07,0,0,2,0,0,0,0,0,0,"- ","- ",38.334820000000001,-122.73833999999999,SONOMA,UNINCORPORATED,-122.73832331,38.334563160000002
6508822,2014,2015-12-15,4902,2014-05-06,1702,342,,2,5,2,4902,0,0,0,,0,,"COMMERCE BL","OLD REDWOOD HWY",0.00,,Y,A,-,N,,,,,,,,,,Y,4,0,1,2,A,-,01,23152,B,N,C,C,A,A,H,-,A,A,0,,,,,Y,Y,A,01,0,0,1,0,0,0,0,0,0,"- ","- ",,,SONOMA,COTATI,-122.71179998,38.33240997
6510545,2014,2014-08-01,9360,2014-05-26,1000,013440,9360,1,1,9,4900,0,3,5,,2,003,"CHERRY RIDGE RD","OCCIDINTAL RD",470.00,S,N,A,-,N,,,,,,,,,,N,4,0,1,2,A,-,11,21956,A,N,G,B,-,A,E,G,A,D,0,Y,,,,Y,,N,60,0,0,1,0,1,0,0,0,0,"- ","- ",38.405450000000002,-122.89267,SONOMA,UNINCORPORATED,-122.89314395,38.404598579999998
6511088,2014,2016-04-14,9360,2014-05-02,1440,18859,,5,2,6,4905,0,1,2,,2,030,"RT 101","STEELE LN",795.00,N,N,A,-,Y,SON,4,101,-,-,22.040,H,-,N,Y,3,0,1,1,A,-,01,23152,E,N,E,I,A,A,H,-,A,D,1,,,,,Y,,A,01,0,1,0,0,0,0,0,0,0,"- ","- ",38.465980000000002,-122.72718999999999,SONOMA,"SANTA ROSA",-122.72661895,38.464172650000002
6512954,2014,2016-04-12,9360,2014-05-15,1700,00001,,4,2,9,4900,0,1,3,,1,053,"RT 116","MADRONE AV",0.00,,Y,A,-,Y,SON,4,116,-,-,34.280,I,5,W,Y,4,0,3,2,A,-,09,21801,A,N,A,C,A,A,H,-,A,D,0,,,,,Y,,D,22,0,0,3,0,0,0,0,0,0,"- ","- ",38.332990000000002,-122.72638000000001,SONOMA,UNINCORPORATED,-122.72648203,38.333015410000002
6513574,2014,2016-04-14,4907,2014-06-03,1807,SD1553,10701,2,5,2,4907,0,0,0,,0,SO1,"RT 12","LYON ST",50.00,N,N,A,-,Y,SON,4,12,-,-,36.410,H,-,E,N,4,0,1,2,A,-,03,22350,,N,C,C,A,A,H,-,A,A,0,,,,,Y,,A,08,0,0,1,0,0,0,0,0,0,"- ","- ",,,SONOMA,SONOMA,-122.47561818,38.295883570000001
6513578,2014,2014-08-11,4900,2014-06-08,1353,SD1391,11101,7,5,3,4980,0,0,0,,0,WI1,"LAKEWOOD DR","OLD REDWOOD HWY",0.00,,Y,A,-,N,,,,,,,,,,N,4,0,1,2,A,-,03,22350,,M,C,C,A,A,H,-,A,A,0,,,,,Y,,A,01,0,0,1,0,0,0,0,0,0,"- ","- ",,,SONOMA,WINDSOR,-122.80682987,38.546509989999997
6515367,2014,2016-04-14,9360,2014-05-27,1605,016013,,2,2,6,4905,0,1,2,,2,040,"RT 101","5TH ST",100.00,N,N,A,-,Y,SON,4,101,-,-,20.250,H,-,S,N,4,0,1,3,A,-,03,22350,,N,C,C,A,A,H,-,A,D,1,,,,,Y,,A,01,0,0,1,0,0,0,0,0,0,"- ","- ",38.439070000000001,-122.71948,SONOMA,"SANTA ROSA",-122.71962327999999,38.439358519999999
6515379,2014,2014-08-09,9360,2014-05-28,2330,019744,,3,3,9,4900,0,2,4,,1,042,"PETALUMA HILL RD","ROBERTS RD",0.00,,Y,A,-,N,,,,,,,,,,Y,4,0,2,1,A,-,08,22107,,N,E,J,A,A,H,-,C,D,0,,,,,Y,,A,07,0,0,2,0,0,0,0,0,0,"- ","- ",38.328690000000002,-122.66665,SONOMA,UNINCORPORATED,-122.66672990000001,38.328879929999999
6515383,2014,2014-08-09,9360,2014-05-09,1335,020567,,5,1,9,4900,0,2,4,,1,024,"CALISTOGA RD","ALPINE RD",8448.00,N,N,A,-,N,,,,,,,,,,Y,4,0,1,1,A,-,03,22350,,N,E,I,A,A,H,-,A,D,0,,,Y,,Y,,C,02,0,0,1,0,0,0,0,0,1,"- ","- ",38.325040000000001,-122.39104,SONOMA,UNINCORPORATED,-122.64766827,38.540181230000002
6515788,2014,2014-08-20,9360,2014-06-12,1245,016013,,4,1,9,4900,0,2,4,,1,052,"SEBASTOPOL RD","AVALON AV",5.00,W,N,A,-,N,,,,,,,,,,N,4,0,1,2,A,-,03,22350,,M,H,G,A,A,H,-,A,D,0,,Y,,,Y,,A,01,0,0,1,0,0,0,1,0,0,"- ","- ",38.43,-122.72714999999999,SONOMA,UNINCORPORATED,-122.7271368,38.430176250000002
6515789,2014,2014-08-08,4908,2014-06-06,0901,2926,1,5,5,5,4908,0,0,0,,0,002,"D ST","FAIR ST",0.00,,Y,A,-,N,,,,,,,,,,N,4,0,2,2,A,-,09,21802,A,N,D,C,A,A,H,-,A,A,0,,,,,Y,,A,01,0,0,2,0,0,0,0,0,0,"- ","- ",,,SONOMA,PETALUMA,-122.641006,38.225819000000001
6516216,2014,2015-03-06,9325,2014-06-02,1945,018400,,1,2,9,4900,0,1,3,,1,063,"RT 12","FETTERS AV",10.00,E,N,A,-,Y,SON,4,12,-,-,34.730,I,5,E,Y,4,0,2,2,A,-,09,21804,A,N,A,C,A,A,H,-,A,D,0,,,,,Y,,A,01,0,0,2,0,0,0,0,0,0,"- ","- ",38.318440000000002,-122.48504,SONOMA,UNINCORPORATED,-122.48515784999999,38.318744879999997