CASE_ID,ACCIDENT_YEAR,PROC_DATE,JURIS,COLLISION_DATE,COLLISION_TIME,OFFICER_ID,REPORTING_DISTRICT,DAY_OF_WEEK,CHP_SHIFT,POPULATION,CNTY_CITY_LOC,SPECIAL_COND,BEAT_TYPE,CHP_BEAT_TYPE,CITY_DIVISION_LAPD,CHP_BEAT_CLASS,BEAT_NUMBER,PRIMARY_RD,SECONDARY_RD,DISTANCE,DIRECTION,INTERSECTION,WEATHER_1,WEATHER_2,STATE_HWY_IND,CALTRANS_COUNTY,CALTRANS_DISTRICT,STATE_ROUTE,ROUTE_SUFFIX,POSTMILE_PREFIX,POSTMILE,LOCATION_TYPE,RAMP_INTERSECTION,SIDE_OF_HWY,TOW_AWAY,COLLISION_SEVERITY,NUMBER_KILLED,NUMBER_INJURED,PARTY_COUNT,PRIMARY_COLL_FACTOR,PCF_CODE_OF_VIOL,PCF_VIOL_CATEGORY,PCF_VIOLATION,PCF_VIOL_SUBSECTION,HIT_AND_RUN,TYPE_OF_COLLISION,MVIW,PED_ACTION,ROAD_SURFACE,ROAD_COND_1,ROAD_COND_2,LIGHTING,CONTROL_DEVICE,CHP_ROAD_TYPE,PEDESTRIAN_ACCIDENT,BICYCLE_ACCIDENT,MOTORCYCLE_ACCIDENT,TRUCK_ACCIDENT,NOT_PRIVATE_PROPERTY,ALCOHOL_INVOLVED,STWD_VEHTYPE_AT_FAULT,CHP_VEHTYPE_AT_FAULT,COUNT_SEVERE_INJ,COUNT_VISIBLE_INJ,COUNT_COMPLAINT_PAIN,COUNT_PED_KILLED,COUNT_PED_INJURED,COUNT_BICYCLIST_KILLED,COUNT_BICYCLIST_INJURED,COUNT_MC_KILLED,COUNT_MC_INJURED,PRIMARY_RAMP,SECONDARY_RAMP,LATITUDE,LONGITUDE,COUNTY,CITY,POINT_X,POINT_Y
6517410,2014,2014-08-09,9360,2014-06-06,0740,17693,,5,1,9,4900,0,3,5,,2,005,"PEPPER RD","MECHAM RD",0.00,,Y,A,-,N,,,,,,,,,,Y,3,0,1,2,A,-,09,21802,A,N,D,C,A,A,H,-,A,A,0,,,,,Y,,A,08,0,1,0,0,0,0,0,0,0,"- ","- ",38.285530000000001,-122.74733000000001,SONOMA,UNINCORPORATED,-122.7472999,38.285449989999996
6517448,2014,2016-01-28,9360,2014-06-03,2130,019405,,2,2,9,4900,0,1,3,,1,051,"RT 12","LLANO RD",0.00,,Y,A,-,Y,SON,4,12,-,-,11.040,I,5,E,Y,3,0,3,3,A,-,01,23152,A,N,B,C,A,A,H,-,C,A,0,,,,,Y,Y,A,01,0,2,1,0,0,0,0,0,0,"- ","- ",38.41169,-122.79487,SONOMA,UNINCORPORATED,-122.79495215,38.411724409999998
6517464,2014,2014-08-11,9360,2014-06-03,0855,013513,,2,1,9,4900,0,2,4,,1,024,"CALISTOGA RD","SAINT HELENA RD",1584.00,N,N,B,-,N,,,,,,,,,,Y,4,0,2,2,A,-,05,21460,A,N,A,C,A,A,H,-,A,D,0,,,,,Y,,A,01,0,0,2,0,0,0,0,0,0,"- ","- ",38.508969999999998,-122.65277,SONOMA,UNINCORPORATED,-122.65264667,38.508710479999998
6517511,2014,2016-04-14,9360,2014-06-08,1048,015420,,7,1,5,4908,0,1,2,,1,060,"RT 101","CORONA RD",10.00,N,N,A,-,Y,SON,4,101,-,-,6.830,H,-,N,Y,3,0,3,2,A,-,04,21703,,N,C,C,A,A,H,-,A,D,1,,,,,Y,,A,01,0,3,0,0,0,0,0,0,0,"- ","- ",38.263779999999997,-122.65915,SONOMA,PETALUMA,-122.65910329,38.263908659999998
6517519,2014,2014-08-11,9360,2014-06-02,1545,013838,,1,2,9,4900,0,2,4,,1,052,"SEBASTOPOL RD","BURBANK AV",0.00,,Y,A,-,N,,,,,,,,,,Y,3,0,3,1,C,-,18,,,N,E,I,A,A,H,-,A,D,0,,,,,Y,,-,"- ",0,2,1,0,0,0,0,0,0,"- ","- ",38.4283,-122.73491,SONOMA,UNINCORPORATED,-122.73532992,38.428249899999997
6525044,2014,2014-08-07,9360,2014-05-18,1835,19833,,7,2,5,4908,0,2,4,,1,047,"LAKEVILLE HWY","OLD LAKEVILLE RD #2",800.00,S,N,A,-,N,,,,,,,,,,Y,2,0,2,2,A,-,08,22107,,N,A,C,A,A,H,-,A,D,0,,,,,Y,,A,01,1,0,1,0,0,0,0,0,0,"- ","- ",38.182499999999997,-122.53545,SONOMA,PETALUMA,-122.54209843,38.189835260000002
6525056,2014,2016-04-14,9360,2014-05-20,0605,15034,,2,1,5,4908,0,1,2,,1,060,"RT 101","CAULFIELD LN",20.00,S,N,A,-,Y,SON,4,101,-,-,3.980,H,-,S,Y,4,0,3,3,A,-,04,21703,,N,C,C,A,A,H,-,A,D,1,,,,,Y,,A,01,0,0,3,0,0,0,0,0,0,"- ","- ",38.237439999999999,-122.62024,SONOMA,PETALUMA,-122.62022498,38.237572440000001
6525080,2014,2016-04-14,9360,2014-05-21,0753,13911,,3,1,9,4900,0,1,2,,2,030,"RT 101","FULTON RD",2112.00,S,N,A,-,Y,SON,4,101,-,-,25.490,H,-,S,Y,3,0,1,2,A,-,07,21658,A,N,B,C,A,A,H,-,A,D,1,,,Y,,Y,,A,07,0,1,0,0,0,0,0,0,1,"- ","- ",38.503279999999997,-122.76584,SONOMA,UNINCORPORATED,-122.76464086,38.502377420000002
6525107,2014,2016-04-12,9360,2014-05-18,1430,18859,,7,2,9,4900,0,2,4,,1,034,"RT 116","2ND ST",132.00,E,N,A,-,Y,SON,4,116,-,-,19.520,H,-,E,Y,4,0,2,2,A,-,08,22107,,N,B,C,A,A,H,-,A,D,0,,,,,Y,,A,01,0,0,2,0,0,0,0,0,0,"- ","- ",38.473579999999998,-122.8929,SONOMA,UNINCORPORATED,-122.89273421,38.473627960000002
6526402,2014,2014-07-08,4905,2014-03-31,0753,SR8702,10604,1,5,6,4905,0,0,0,,0,004,"MOUNTAIN HAWK","RATERS DR",111.00,N,N,B,-,N,,,,,,,,,,Y,3,0,1,1,A,-,05,21651,A,N,E,I,A,B,H,-,A,D,0,,,,,Y,,A,01,0,1,0,0,0,0,0,0,0,"- ","- ",,,SONOMA,"SANTA ROSA",-122.64283308,38.464901900000001
6526406,2014,2014-07-08,4905,2014-03-27,0841,SR8702,10604,4,5,6,4905,0,0,0,,0,004,"MONTECITO BL","SAINT MARY DR",69.00,W,N,B,-,N,,,,,,,,,,Y,4,0,1,1,A,-,03,22350,,N,E,I,A,B,H,-,A,A,0,,,,,Y,,A,07,0,0,1,0,0,0,0,0,0,"- ","- ",,,SONOMA,"SANTA ROSA",-122.66503006000001,38.478122540000001
6526410,2014,2014-07-08,4905,2014-03-18,0758,SR375,10607,2,5,6,4905,0,0,0,,0,007,"DUTTON AV","FREITAS CT",0.00,,Y,A,-,N,,,,,,,,,,Y,4,0,2,2,A,-,09,21800,B,N,D,C,A,A,H,-,A,D,0,,,,,Y,,A,01,0,0,2,0,0,0,0,0,0,"- ","- ",,,SONOMA,"SANTA ROSA",-122.72496993,38.427669999999999
6526414,2014,2015-11-12,4905,2014-03-20,1932,SR379,10605,4,5,6,4905,0,0,0,,0,005,"RT 12","FULTON RD",5.00,E,N,A,-,Y,SON,4,12,-,R,12.950,H,-,W,N,4,0,1,2,A,-,03,22350,,N,C,D,A,A,H,-,A,A,0,,,,,Y,,A,01,0,0,1,0,0,0,0,0,0,"- ","- ",,,SONOMA,"SANTA ROSA",-122.76905273,38.427743229999997
6526461,2014,2014-07-08,4905,2014-03-29,1014,SR8917,10601,6,5,6,4905,0,0,0,,0,001,"CLEVELAND AV","STATE FARM DR",170.00,S,N,C,-,N,,,,,,,,,,Y,4,0,2,2,A,-,08,22100,A,N,B,C,A,B,H,-,A,D,0,,,,,Y,,A,01,0,0,2,0,0,0,0,0,0,"- ","- ",,,SONOMA,"SANTA ROSA",-122.72839999999999,38.465773030000001
6526962,2014,2014-07-18,4905,2014-04-01,1032,SR215,10601,2,5,6,4905,0,0,0,,0,001,"PINER RD","INDUSTRIAL DR",1056.00,W,N,C,-,N,,,,,,,,,,N,4,0,2,2,A,-,03,22350,,N,C,C,A,B,H,-,A,D,0,,,,,Y,,-,,0,0,2,0,0,0,0,0,0,"- ","- ",,,SONOMA,"SANTA ROSA",-122.74225585000001,38.469458189999997
6526966,2014,2014-07-18,4905,2014-04-22,2143,SR447,10609,2,5,6,4905,0,0,0,,0,009,"B ST","7TH ST",0.00,,Y,A,-,N,,,,,,,,,,Y,4,0,1,2,A,-,09,21801,A,N,A,C,A,A,H,-,C,A,0,,,,,Y,,A,01,0,0,1,0,0,0,0,0,0,"- ","- ",,,SONOMA,"SANTA ROSA",-122.71731998,38.441989890000002
6526973,2014,2014-07-18,4905,2014-04-14,1211,SR8704,10608,1,5,6,4905,0,0,0,,0,008,"WINTERHAVEN AV","PETALUMA HILL RD",10.00,W,N,A,-,N,,,,,,,,,,N,4,0,1,1,C,-,18,,,N,E,I,A,A,H,-,A,A,0,,,,,Y,,-,"- ",0,0,1,0,0,0,0,0,0,"- ","- ",,,SONOMA,"SANTA ROSA",-122.70419473,38.409162780000003
6526974,2014,2014-07-18,4905,2014-04-16,1824,SR452,10608,3,5,6,4905,0,0,0,,0,008,"SANTA ROSA AV","ELSA DR",0.00,,Y,A,-,N,,,,,,,,,,Y,4,0,2,2,A,-,09,21801,A,N,A,C,A,A,H,-,A,A,0,,,Y,,Y,,A,07,0,0,2,0,0,0,0,0,1,"- ","- ",,,SONOMA,"SANTA ROSA",-122.7135,38.405609910000003
6527546,2014,2014-07-17,4905,2014-04-09,2103,SR422,10604,3,5,6,4905,0,0,0,,0,004,"MIDDLE RINCON RD","GRANADA DR",100.00,N,N,B,-,N,,,,,,,,,,Y,4,0,1,1,A,-,01,23152,E,N,E,I,A,A,H,-,C,D,0,,,,,Y,,A,01,0,0,1,0,0,0,0,0,0,"- ","- ",,,SONOMA,"SANTA ROSA",-122.66937874,38.470772760000003
6527558,2014,2014-07-17,4905,2014-04-12,1148,SR8917,10607,6,5,6,4905,0,0,0,,0,007,"HEARN AV","DOWD DR",75.00,E,N,A,-,N,,,,,,,,,,Y,4,0,2,3,A,-,03,22350,,N,C,C,A,A,H,-,A,A,0,,,,,Y,,A,01,0,0,2,0,0,0,0,0,0,"- ","- ",,,SONOMA,"SANTA ROSA",-122.71920817,38.414412540000001
6527569,2014,2014-07-17,4905,2014-04-22,2239,SR473,10605,2,5,6,4905,0,0,0,,0,005,"HEWETT ST","LINK LN",10.00,E,N,A,-,N,,,,,,,,,,N,3,0,1,2,A,-,"- ",,,M,G,B,B,A,H,-,C,A,0,Y,,,,Y,Y,A,01,0,1,0,0,1,0,0,0,0,"- ","- ",,,SONOMA,"SANTA ROSA",-122.73353509,38.437309079999999
6527570,2014,2014-07-17,4905,2014-04-04,1250,SR400,10606,5,5,6,4905,0,0,0,,0,006,"MONTGOMERY DR","JACQUELINE DR",160.00,E,N,B,C,N,,,,,,,,,,N,4,0,1,2,A,-,01,23152,E,N,A,C,A,B,H,-,A,D,0,,,,,Y,Y,A,01,0,0,1,0,0,0,0,0,0,"- ","- ",,,SONOMA,"SANTA ROSA",-122.67588958,38.451590349999996
6527582,2014,2014-07-17,4905,2014-04-07,1338,SR215,10606,1,5,6,4905,0,0,0,,0,006,"BENNETT VALLEY RD","TACHEVAH DR",600.00,W,N,A,-,N,,,,,,,,,,Y,3,0,1,1,A,-,08,22107,,N,E,I,A,A,H,-,A,D,0,,,,,Y,,A,01,0,1,0,0,0,0,0,0,0,"- ","- ",,,SONOMA,"SANTA ROSA",-122.67785644999999,38.43038645
6527585,2014,2014-07-17,4905,2014-04-05,0118,SR452,10606,6,5,6,4905,0,0,0,,0,006,"BENNETT VALLEY RD","BETHARDS DR",810.00,N,N,B,-,N,,,,,,,,,,Y,4,0,1,1,A,-,01,23152,A,N,B,I,A,B,H,-,D,A,0,,,,,Y,Y,A,01,0,0,1,0,0,0,0,0,0,"- ","- ",,,SONOMA,"SANTA ROSA",-122.67505198000001,38.427011980000003
6527593,2014,2014-07-17,4905,2014-04-18,1718,SR8703,10608,5,5,6,4905,0,0,0,,0,008,"PETALUMA HILL RD","KAWANA SPRINGS RD",144.00,N,N,A,-,N,,,,,,,,,,Y,4,0,1,2,A,-,03,22350,,M,C,C,A,A,H,-,A,A,0,,,,,Y,Y,A,01,0,0,1,0,0,0,0,0,0,"- ","- ",,,SONOMA,"SANTA ROSA",-122.70427556999999,38.416895529999998
6527597,2014,2014-07-17,4905,2014-04-13,1846,SR458,10607,7,5,6,4905,0,0,0,,0,007,"STONY POINT RD","N POINT PKWY",0.00,,Y,A,-,N,,,,,,,,,,N,4,0,1,2,A,-,08,22107,,M,C,C,A,A,H,-,A,A,0,,,,,Y,,-,,0,0,1,0,0,0,0,0,0,"- ","- ",,,SONOMA,"SANTA ROSA",-122.73996987,38.41605989
6527598,2014,2015-12-04,4905,2014-04-02,0656,SR8704,10607,3,5,6,4905,0,0,0,,0,007,"STONY POINT RD","RT 12",400.00,S,N,B,-,N,,,,,,,,,,N,4,0,1,2,A,-,03,22350,,N,C,C,A,B,H,-,B,A,0,,,,,Y,,A,01,0,0,1,0,0,0,0,0,0,"- ","- ",,,SONOMA,"SANTA ROSA",-122.74169797,38.42959613
6527621,2014,2014-07-18,4902,2014-04-18,2247,341,,5,5,2,4902,0,0,0,,0,,"GRAVENSTEIN WY","WILFORD LN",0.00,,Y,A,-,N,,,,,,,,,,N,2,0,1,2,A,-,"- ",,,F,G,H,B,A,H,-,B,D,0,Y,,,,Y,,-,,1,0,0,0,1,0,0,0,0,"- ","- ",,,SONOMA,COTATI,-122.70849990000001,38.331629909999997
6527741,2014,2016-03-05,4905,2014-03-28,0644,SR455,10604,5,5,6,4905,0,0,0,,0,004,"4TH ST","FARMERS LN",0.00,,Y,C,-,Y,SON,4,12,-,-,17.697,I,5,E,Y,4,0,1,2,A,-,12,21453,A,N,D,C,A,B,H,-,B,A,0,,,,,Y,,A,01,0,0,1,0,0,0,0,0,0,"- ","- ",,,SONOMA,"SANTA ROSA",-122.68848033,38.449719979999998
6527745,2014,2014-07-08,4905,2014-03-30,1857,SR457,10603,7,5,6,4905,0,0,0,,0,003,"WEST COLLEGE AV","EARDLEY AV",0.00,,Y,A,-,N,,,,,,,,,,N,3,0,1,2,A,-,07,21658,A,M,H,G,A,A,H,-,A,D,0,,Y,,,Y,,A,01,0,1,0,0,0,0,1,0,0,"- ","- ",,,SONOMA,"SANTA ROSA",-122.73584991,38.445579979999998
6527753,2014,2015-11-12,4905,2014-03-19,1959,SR423,10604,3,5,6,4905,0,0,0,,0,004,"RT 12",BOAS,0.00,,Y,A,-,Y,SON,4,12,-,-,19.830,I,5,W,Y,4,0,1,2,A,-,01,23152,A,F,C,C,A,A,H,-,C,A,0,,,,,Y,Y,A,01,0,0,1,0,0,0,0,0,0,"- ","- ",,,SONOMA,"SANTA ROSA",-122.65784133,38.46505698
6528367,2014,2014-08-12,4908,2014-06-19,1804,2716,13,4,5,5,4908,0,0,0,,0,001,"MCGREGOR AV","SOUTH MCDOWELL BL",0.00,,Y,A,-,N,,,,,,,,,,N,3,0,1,2,A,-,05,21650,,N,D,C,A,A,H,-,A,A,0,,,Y,,Y,,C,03,0,1,0,0,0,0,0,0,1,"- ","- ",,,SONOMA,PETALUMA,-122.62017993000001,38.24600994
6530509,2014,2014-08-19,9360,2014-06-19,0330,019744,,4,3,9,4900,0,3,5,,2,002,"RIEBLI RD","FOOTHILL RANCH RD",528.00,E,N,A,-,N,,,,,,,,,,Y,3,0,1,1,A,-,01,23152,A,N,E,I,A,A,H,-,D,D,0,,,,,Y,Y,A,01,0,1,0,0,0,0,0,0,0,"- ","- ",38.508740000000003,-122.70475,SONOMA,UNINCORPORATED,-122.70485653,38.509889020000003
6530521,2014,2016-03-23,9360,2014-06-10,1130,013513,,2,1,9,4900,0,2,4,,1,034,"FULTON RD","AIRPORT BL",35.00,S,N,A,-,N,,,,,,,,,,N,4,0,1,2,A,-,03,22350,,N,C,C,A,A,H,-,A,A,0,,,Y,,Y,,A,01,0,0,1,0,0,0,0,0,1,"- ","- ",38.511180000000003,-122.76989,SONOMA,UNINCORPORATED,-122.76990884,38.51106386
6530532,2014,2015-04-20,9350,2014-06-11,1640,13775,,3,2,9,4900,0,1,3,,2,137,"RT 37","LAKEVILLE RD",233.00,E,N,A,-,Y,SON,4,37,-,-,2.100,H,-,W,Y,3,0,1,2,A,-,03,22350,,N,C,C,A,A,H,-,A,A,0,,,Y,,Y,,C,02,0,1,0,0,0,0,0,0,1,"- ","- ",38.134639999999997,-122.47582,SONOMA,UNINCORPORATED,-122.47587973,38.134489299999998
6531259,2014,2014-08-14,4902,2014-06-16,1347,609,,1,5,2,4902,0,0,0,,0,,"WEST COTATI AV","WEST COTATI",4.00,N,N,A,-,N,,,,,,,,,,Y,4,0,1,1,A,-,03,22350,,N,F,A,A,A,H,-,A,D,0,,,,,Y,,A,01,0,0,1,0,0,0,0,0,0,"- ","- ",,,SONOMA,COTATI,-122.71923,38.332099999999997
6531778,2014,2014-08-12,4902,2014-06-18,2243,335,COTAT,3,5,2,4902,0,0,0,,0,,"WEST SIERRA AV","539 W SIERRA AV",0.00,N,N,A,-,N,,,,,,,,,,Y,2,0,1,1,C,-,18,,,N,E,I,A,A,H,-,C,D,0,,,,,Y,,-,"- ",1,0,0,0,0,0,0,0,0,"- ","- ",,,SONOMA,COTATI,-122.71231,38.321739999999998
6532502,2014,2015-01-02,4907,2014-05-19,1122,SD1430,10701,1,5,2,4907,0,0,0,,0,SO1,"W NAPA ST","5TH ST WEST",20.00,E,N,A,-,N,,,,,,,,,,N,4,0,1,2,A,-,03,22350,,N,C,C,A,A,H,-,A,A,0,,,,,Y,,A,01,0,0,1,0,0,0,0,0,0,"- ","- ",,,SONOMA,SONOMA,-122.46800079,38.292913470000002
6536277,2014,2014-07-30,9360,2014-05-22,1142,19366,,4,1,9,4900,0,3,5,,2,003,"OLIVET RD","RIVER RD",1263.00,S,N,A,-,N,,,,,,,,,,Y,3,0,1,1,A,-,08,22107,,N,F,A,A,A,H,-,A,D,0,,,Y,,Y,,C,02,0,1,0,0,0,0,0,0,1,"- ","- ",38.480719999999998,-122.81667,SONOMA,UNINCORPORATED,-122.8171475,38.481328240000003
6536278,2014,2014-07-30,4904,2014-05-24,1356,412,,6,5,4,4904,0,0,0,,0,001,"COMMERCE BL","LIGHT POLE N608",26.00,W,N,A,-,N,,,,,,,,,,Y,4,0,1,2,A,-,00,23103,A,N,D,C,A,A,H,-,A,A,0,,,,,Y,,A,01,0,0,1,0,0,0,0,0,0,"- ","- ",,,SONOMA,"ROHNERT PARK",,
6536662,2014,2016-04-14,9360,2014-06-06,1645,18462,,5,2,9,4900,0,1,2,,2,040,"10TH HOLE DR","STEELE LN",175.00,S,N,A,-,Y,SON,4,101,-,-,21.710,H,-,S,Y,3,0,1,3,A,-,03,22350,,N,C,C,A,A,H,-,A,D,1,,,,,Y,,A,01,0,1,0,0,0,0,0,0,0,"- ","- ",38.273499999999999,-122.43340000000001,SONOMA,UNINCORPORATED,-122.72631335,38.459284699999998
6536732,2014,2016-04-12,9360,2014-05-31,0940,020136,,6,1,9,4900,0,1,3,,1,053,"RT 116","LONE PINE RD",75.00,E,N,A,-,Y,SON,4,116,-,-,30.340,H,-,W,N,4,0,1,3,A,-,03,22350,,N,C,C,A,A,H,-,A,D,0,,,,,Y,,A,08,0,0,1,0,0,0,0,0,0,"- ","- ",38.365650000000002,-122.78134,SONOMA,UNINCORPORATED,-122.78120035000001,38.365147999999998
6536893,2014,2016-04-14,9360,2014-06-14,1505,18462,,6,2,9,4900,0,1,2,,2,050,"RT 101","OLD REDWOOD HWY",425.00,N,N,A,-,Y,SON,4,101,-,-,7.730,H,-,S,Y,4,0,1,2,A,-,03,22350,,N,C,C,A,A,H,-,A,D,1,,,,,Y,,A,01,0,0,1,0,0,0,0,0,0,"- ","- ",38.27525,-122.6742,SONOMA,UNINCORPORATED,-122.67104376,38.272771149999997
6537837,2014,2014-07-28,4905,2014-05-02,0122,SR481,10605,5,5,6,4905,0,0,0,,0,005,"WEST COLLEGE AV","MARLOW RD",0.00,,Y,A,-,N,,,,,,,,,,Y,4,0,1,2,A,-,12,21453,A,N,D,C,A,A,H,-,C,A,0,,,,,Y,,-,"- ",0,0,1,0,0,0,0,0,0,"- ","- ",,,SONOMA,"SANTA ROSA",-122.75129998,38.445239890000003
6537986,2014,2016-04-12,9325,2014-06-28,2030,020218,,6,2,9,4900,0,1,3,,1,072,"RT 121","BURNDALE RD",12.00,S,N,A,-,Y,SON,4,121,-,-,9.110,H,-,N,Y,3,0,1,1,A,-,01,23152,A,N,E,I,A,A,H,-,B,D,0,,,,,Y,Y,A,01,0,1,0,0,0,0,0,0,0,"- ","- ",38.246389999999998,-122.42182,SONOMA,UNINCORPORATED,-122.42188496,38.246450330000002
6538362,2014,2014-08-13,9360,2014-06-24,1820,020160,,2,2,9,4900,0,3,5,,2,003,"ELPHICK RD","WITTER RD",2112.00,W,N,A,-,N,,,,,,,,,,Y,3,0,2,1,A,-,03,22350,,N,E,I,A,A,H,-,A,D,0,,,,,Y,,A,07,0,1,1,0,0,0,0,0,0,"- ","- ",38.382510000000003,-122.81913,SONOMA,UNINCORPORATED,-122.81554,38.386769999999999
6538374,2014,2016-04-14,9360,2014-06-25,2320,019405,,3,3,9,4900,0,1,2,,2,020,"RT 101","ARATA LN",528.00,S,N,B,-,Y,SON,4,101,-,-,30.570,H,-,S,Y,3,0,1,1,A,-,03,22350,,N,E,J,A,A,H,-,D,D,1,,,,,Y,,A,01,0,1,0,0,0,0,0,0,0,"- ","- ",38.565379999999998,-122.82677,SONOMA,UNINCORPORATED,-122.82210015,38.560681469999999
6538639,2014,2014-07-21,4901,2014-04-29,2045,005,,2,5,2,4901,0,0,0,,0,,"EAST ST","BROAD ST",76.00,N,N,A,-,N,,,,,,,,,,N,3,0,1,2,A,-,11,21950,B,N,G,B,D,A,H,-,C,D,0,Y,,,,Y,,N,60,0,1,0,0,1,0,0,0,0,"- ","- ",,,SONOMA,CLOVERDALE,-123.01563455,38.80691461
6538763,2014,2014-06-26,4905,2014-02-14,2151,SR469,10607,5,5,6,4905,0,0,0,,0,007,"STONY POINT RD","SEBASTOPOL RD",200.00,S,N,A,-,N,,,,,,,,,,Y,4,0,1,1,A,-,03,22350,,N,E,I,A,A,H,-,C,A,0,,,,,Y,,A,01,0,0,1,0,0,0,0,0,0,"- ","- ",,,SONOMA,"SANTA ROSA",-122.74125845,38.426315719999998
6540162,2014,2014-08-12,9360,2014-06-01,0645,020567,,7,1,9,4900,0,2,4,,1,042,"ROHNERT PARK EXPWY","PETALUMA HILL RD",0.00,,Y,E,-,N,,,,,,,,,,Y,4,0,1,2,A,-,03,22350,,N,C,C,A,A,H,-,B,A,0,,,,,Y,,D,22,0,0,1,0,0,0,0,0,0,"- ","- ",38.346119999999999,-122.66683,SONOMA,UNINCORPORATED,-122.66688997999999,38.345979909999997
6540225,2014,2014-08-19,9360,2014-06-10,1500,18828,,2,2,9,4900,0,2,4,,1,012,"DRY CREEK RD","LYTTON SPRINGS RD",0.00,,Y,A,-,N,,,,,,,,,,Y,3,0,1,2,A,-,04,21703,,N,B,C,A,A,H,-,A,D,0,,,,Y,Y,,G,25,0,1,0,0,0,0,0,0,0,"- ","- ",38.64902,-122.91056,SONOMA,UNINCORPORATED,-122.91038991000001,38.648789890000003
6540237,2014,2014-08-08,9360,2014-06-17,1300,015552,,2,1,9,4900,0,3,5,,2,006,"CAZADERO HWY","HUCKLEBERRY HEIGHTS",1056.00,N,N,A,-,N,,,,,,,,,,N,3,0,1,2,D,-,00,,,N,B,C,A,A,H,-,A,D,0,,,,,Y,,-,"- ",0,1,0,0,0,0,0,0,0,"- ","- ",38.490870000000001,-123.06246,SONOMA,UNINCORPORATED,-123.06219412999999,38.490566299999998
6541516,2014,2014-08-05,4908,2014-06-23,0805,2725,6,1,5,5,4908,0,0,0,,0,003,"LAKEVILLE ST","MADISON ST",20.00,N,N,A,-,N,,,,,,,,,,N,4,0,1,2,A,-,03,22350,,N,C,C,A,A,H,-,A,D,0,,,,,Y,,D,22,0,0,1,0,0,0,0,0,0,"- ","- ",,,SONOMA,PETALUMA,-122.63899753,38.239730979999997
6543216,2014,2014-07-30,4905,2014-05-08,0922,SR383,10609,4,5,6,4905,0,0,0,,0,009,"BROOKWOOD AV","BUSH ST",50.00,S,N,A,-,N,,,,,,,,,,Y,3,0,1,2,C,-,18,,,N,B,E,A,A,H,-,A,A,0,,,,,Y,,-,"- ",0,1,0,0,0,0,0,0,0,"- ","- ",,,SONOMA,"SANTA ROSA",-122.70097841,38.436724730000002
6543219,2014,2014-08-05,4905,2014-06-02,1528,SR8703,10605,1,5,6,4905,0,0,0,,0,005,"FULTON RD","OCCIDINTAL RD",40.00,N,N,A,-,N,,,,,,,,,,N,4,0,1,2,A,-,03,22350,,N,C,C,A,A,H,-,A,A,0,,,,,Y,,E,22,0,0,1,0,0,0,0,0,0,"- ","- ",,,SONOMA,"SANTA ROSA",-122.76943003,38.429110180000002
6543226,2014,2015-10-23,4905,2014-06-24,0753,SR8702,10608,2,5,6,4905,0,0,0,,0,008,"SANTA ROSA AV","YOLANDA AV",81.00,S,N,A,-,N,,,,,,,,,,N,4,0,1,3,A,-,03,22350,,M,C,C,A,A,H,-,A,A,0,,,,,Y,,D,22,0,0,1,0,0,0,0,0,0,"- ","- ",,,SONOMA,"SANTA ROSA",-122.7135361,38.412987520000001
6543227,2014,2014-08-20,4905,2014-06-03,1512,SR284,10604,2,5,6,4905,0,0,0,,0,004,"MIDDLE RINCON RD","MONTECITO BL",0.00,,Y,A,-,N,,,,,,,,,,Y,4,0,2,2,A,-,12,21453,A,N,D,C,A,A,H,-,A,A,0,,,,,Y,,A,01,0,0,2,0,0,0,0,0,0,"- ","- ",,,SONOMA,"SANTA ROSA",-122.67239997999999,38.475859980000003
6543230,2014,2014-08-20,4905,2014-06-22,1951,SR394,10608,7,5,6,4905,0,0,0,,0,008,"SANTA ROSA AV","HEARN AV",300.00,S,N,A,-,N,,,,,,,,,,N,4,0,1,2,A,-,03,22350,,F,B,G,A,A,D,-,A,D,0,,Y,,,Y,,D,22,0,0,1,0,0,0,1,0,0,"- ","- ",,,SONOMA,"SANTA ROSA",-122.71354592,38.414405930000001
6543283,2014,2014-08-04,4905,2014-05-01,0740,SR8704,10604,4,5,6,4905,0,0,0,,0,004,"MIDDLE RINCON RD","SPEERS RD",0.00,,Y,A,-,N,,,,,,,,,,N,4,0,1,2,A,-,09,21802,A,N,D,G,A,A,H,-,A,A,0,,Y,,,Y,,A,01,0,0,1,0,0,0,1,0,0,"- ","- ",,,SONOMA,"SANTA ROSA",-122.66765998,38.47033991
6543286,2014,2014-08-18,4905,2014-06-12,1538,SR422,10609,4,5,6,4905,0,0,0,,0,009,"5TH ST","HUMBOLDT ST",0.00,,N,A,-,N,,,,,,,,,,N,2,0,1,1,A,-,03,22350,,N,F,A,A,A,H,-,A,A,0,,,Y,,Y,,C,02,1,0,0,0,0,0,0,0,1,"- ","- ",,,SONOMA,"SANTA ROSA",-122.71307997,38.441739990000002
6543298,2014,2014-08-18,4905,2014-06-21,1751,SR466,10609,6,5,6,4905,0,0,0,,0,009,"3RD ST","D ST",0.00,,Y,A,-,N,,,,,,,,,,N,4,0,1,2,A,-,10,21950,A,N,G,B,B,A,H,-,A,A,0,Y,,,,Y,,A,01,0,0,1,0,1,0,0,0,0,"- ","- ",,,SONOMA,"SANTA ROSA",-122.71177991,38.440389920000001
6543302,2014,2014-08-18,4905,2014-06-18,1340,SR284,10603,3,5,6,4905,0,0,0,,0,003,"GUERNEVILLE RD","FULTON RD",40.00,W,N,A,-,N,,,,,,,,,,N,4,0,1,2,A,-,03,22350,,N,C,C,A,A,H,-,A,A,0,,,,,Y,,A,01,0,0,1,0,0,0,0,0,0,"- ","- ",,,SONOMA,"SANTA ROSA",-122.76976972999999,38.452550000000002
6543315,2014,2016-04-14,4905,2014-05-27,1931,SR423,10604,2,5,6,4905,0,0,0,,0,004,"FARMERS LN","SONOMA HWY",250.00,S,N,A,-,Y,SON,4,12,-,T,18.490,H,-,E,N,4,0,1,2,A,-,03,22350,,N,C,C,A,A,H,-,A,A,0,,,,,Y,,A,07,0,0,1,0,0,0,0,0,0,"- ","- ",,,SONOMA,"SANTA ROSA",-122.68835563,38.448944539999999
6543334,2014,2014-08-18,4905,2014-06-04,1509,SE375,10608,3,5,6,4905,0,0,0,,0,008,"KAWANA SPRINGS RD","SANTA ROSA AV",640.00,E,N,A,-,N,,,,,,,,,,N,3,0,1,2,B,-,22,,,N,D,G,A,A,H,-,A,D,0,,Y,,,Y,,L,04,0,1,0,0,0,0,1,0,0,"- ","- ",,,SONOMA,"SANTA ROSA",-122.7113256,38.416468430000002