CASE_ID,ACCIDENT_YEAR,PROC_DATE,JURIS,COLLISION_DATE,COLLISION_TIME,OFFICER_ID,REPORTING_DISTRICT,DAY_OF_WEEK,CHP_SHIFT,POPULATION,CNTY_CITY_LOC,SPECIAL_COND,BEAT_TYPE,CHP_BEAT_TYPE,CITY_DIVISION_LAPD,CHP_BEAT_CLASS,BEAT_NUMBER,PRIMARY_RD,SECONDARY_RD,DISTANCE,DIRECTION,INTERSECTION,WEATHER_1,WEATHER_2,STATE_HWY_IND,CALTRANS_COUNTY,CALTRANS_DISTRICT,STATE_ROUTE,ROUTE_SUFFIX,POSTMILE_PREFIX,POSTMILE,LOCATION_TYPE,RAMP_INTERSECTION,SIDE_OF_HWY,TOW_AWAY,COLLISION_SEVERITY,NUMBER_KILLED,NUMBER_INJURED,PARTY_COUNT,PRIMARY_COLL_FACTOR,PCF_CODE_OF_VIOL,PCF_VIOL_CATEGORY,PCF_VIOLATION,PCF_VIOL_SUBSECTION,HIT_AND_RUN,TYPE_OF_COLLISION,MVIW,PED_ACTION,ROAD_SURFACE,ROAD_COND_1,ROAD_COND_2,LIGHTING,CONTROL_DEVICE,CHP_ROAD_TYPE,PEDESTRIAN_ACCIDENT,BICYCLE_ACCIDENT,MOTORCYCLE_ACCIDENT,TRUCK_ACCIDENT,NOT_PRIVATE_PROPERTY,ALCOHOL_INVOLVED,STWD_VEHTYPE_AT_FAULT,CHP_VEHTYPE_AT_FAULT,COUNT_SEVERE_INJ,COUNT_VISIBLE_INJ,COUNT_COMPLAINT_PAIN,COUNT_PED_KILLED,COUNT_PED_INJURED,COUNT_BICYCLIST_KILLED,COUNT_BICYCLIST_INJURED,COUNT_MC_KILLED,COUNT_MC_INJURED,PRIMARY_RAMP,SECONDARY_RAMP,LATITUDE,LONGITUDE,COUNTY,CITY,POINT_X,POINT_Y
6659173,2014,2016-05-14,4905,2014-09-27,0242,SR475,10604,6,5,6,4905,0,0,0,,0,004,"HIGHWAY 12","CARDINAL WY",90.00,E,N,A,-,Y,SON,4,12,-,-,19.080,H,-,E,Y,3,0,4,1,A,-,01,23152,A,M,E,I,A,A,D,-,C,D,0,,,,,Y,Y,A,01,0,4,0,0,0,0,0,0,0,"- ","- ",,,SONOMA,"SANTA ROSA",-122.67000154999999,38.461536539999997
6659197,2014,2014-10-16,4905,2014-09-26,1521,SR8704,10607,5,5,6,4905,0,0,0,,0,007,"HEARN AV","WEST AV",240.00,E,N,A,-,N,,,,,,,,,,Y,4,0,3,2,A,-,03,22350,,N,C,C,A,A,H,-,A,D,0,,,,,Y,,A,01,0,0,3,0,0,0,0,0,0,"- ","- ",,,SONOMA,"SANTA ROSA",-122.72617242,38.414288730000003
6659330,2014,2014-10-15,4905,2014-08-01,0222,SR255,10603,5,5,6,4905,0,0,0,,0,003,"GUERNEVILLE RD","MARLOW RD",0.00,,Y,A,-,N,,,,,,,,,,Y,3,0,2,2,A,-,12,21453,A,N,D,C,A,A,H,-,C,A,0,,,,,Y,,A,01,0,1,1,0,0,0,0,0,0,"- ","- ",,,SONOMA,"SANTA ROSA",-122.75138999000001,38.452649880000003
6659346,2014,2014-10-15,4905,2014-08-13,1705,SR284,10607,3,5,6,4905,0,0,0,,0,007,"CORPORATE CENTER  PKWY","CHALLENGER WY",30.00,S,N,A,-,N,,,,,,,,,,Y,3,0,2,2,A,-,03,22350,,N,C,C,A,A,H,-,A,D,0,,,,,Y,,A,01,0,2,0,0,0,0,0,0,0,"- ","- ",,,SONOMA,"SANTA ROSA",-122.75328961,38.424827999999998
6659350,2014,2014-10-15,4905,2014-08-02,1357,SR8917,10606,6,5,6,4905,0,0,0,,0,006,"SONOMA AV","BROOKWOOD AV",0.00,,Y,A,-,N,,,,,,,,,,Y,3,0,2,2,A,-,12,21453,A,N,D,C,A,A,H,-,A,A,0,,,,,Y,,A,01,0,1,1,0,0,0,0,0,0,"- ","- ",,,SONOMA,"SANTA ROSA",-122.70282987,38.440379960000001
6663925,2014,2016-06-18,9325,2014-10-08,0730,015176,,3,1,9,4900,0,1,3,,1,072,"RT 121","NAPA COUNTY LINE",1056.00,S,N,A,-,Y,SON,4,121,-,-,11.420,H,-,S,Y,3,0,1,2,A,-,05,21460,A,N,B,C,A,A,H,-,A,D,0,,,,,Y,,A,01,0,1,0,0,0,0,0,0,0,"- ","- ",38.250570000000003,-122.38245000000001,SONOMA,UNINCORPORATED,-122.38266111999999,38.250619210000004
6664448,2014,2014-10-20,4905,2014-08-30,0723,SR8917,10606,6,5,6,4905,0,0,0,,0,006,"MONTGOMERY DR","YULUPA AV",0.00,,Y,A,-,N,,,,,,,,,,N,4,0,1,2,D,-,00,,,N,D,G,A,A,H,-,A,A,0,,Y,,,Y,,-,"- ",0,0,1,0,0,0,1,0,0,"- ","- ",,,SONOMA,"SANTA ROSA",-122.67925986,38.449439959999999
6664717,2014,2016-06-18,9360,2014-10-03,1640,019359,,5,2,9,4900,0,1,3,,1,041,"RT 12","DUER RD",250.00,W,N,A,-,Y,SON,4,12,-,-,10.590,H,-,E,Y,4,0,1,2,A,-,03,22350,,N,C,C,A,A,H,-,A,D,0,,,,,Y,,D,22,0,0,1,0,0,0,0,0,0,"- ","- ",38.40746,-122.80463,SONOMA,UNINCORPORATED,-122.80188256,38.408488890000001
6664770,2014,2016-06-28,9360,2014-10-08,1615,016045,,3,2,9,4900,0,1,2,,2,050,"RT 101","GOLF COURSE RD",200.00,S,N,A,-,Y,SON,4,101,-,-,14.840,H,-,N,N,4,0,2,2,A,-,07,21658,A,N,B,C,A,A,H,-,A,D,1,,,,,Y,,D,22,0,0,2,0,0,0,0,0,0,"- ","- ",,,SONOMA,UNINCORPORATED,-122.71274072,38.362063880000001
6664774,2014,2014-12-18,9360,2014-10-07,2145,018497,,2,2,9,4900,0,3,5,,2,005,"WATERTROUGH RD","BURNSIDE RD",1056.00,S,N,A,-,N,,,,,,,,,,Y,4,0,1,1,A,-,08,22107,,N,E,I,A,A,H,-,D,D,0,,,,,Y,,D,22,0,0,1,0,0,0,0,0,0,"- ","- ",,,SONOMA,UNINCORPORATED,-122.84682262,38.385639699999999
6665016,2014,2016-06-18,9360,2014-10-03,1513,16000,,5,2,9,4900,0,1,3,,1,051,"RT 12","IRWIN LN",175.00,W,N,A,-,Y,SON,4,12,-,-,11.210,H,-,W,Y,4,0,1,2,A,-,03,22350,,N,C,C,A,A,H,-,A,D,0,,,,,Y,,A,07,0,0,1,0,0,0,0,0,0,"- ","- ",38.413400000000003,-122.79221,SONOMA,UNINCORPORATED,-122.79258253,38.413101509999997
6665032,2014,2016-06-28,9360,2014-10-06,1729,16652,,1,2,6,4905,0,1,2,,2,040,"RT 101","BAKER AV",360.00,S,N,A,-,Y,SON,4,101,-,-,18.940,H,-,S,N,4,0,1,3,A,-,03,22350,,N,C,C,A,A,H,-,A,D,1,,,,,Y,,A,01,0,0,1,0,0,0,0,0,0,"- ","- ",38.420639999999999,-122.71581999999999,SONOMA,"SANTA ROSA",-122.71563826000001,38.42101126
6665036,2014,2014-12-12,9360,2014-10-05,1425,18196,,7,2,9,4900,0,3,5,,2,005,"TODD RD","OLD GRAVENSTEIN HWY",1584.00,E,N,A,-,N,,,,,,,,,,Y,4,0,3,2,A,-,05,21460,A,N,A,C,A,A,H,-,A,D,0,,,,,Y,,A,07,0,0,3,0,0,0,0,0,0,"- ","- ",38.371040000000001,-122.77983,SONOMA,UNINCORPORATED,-122.77968,38.371318289999998
6665040,2014,2014-12-12,9360,2014-10-03,1430,20819,,5,2,9,4900,0,2,4,,1,052,"TODD RD","MOORLAND AV",0.00,,Y,A,-,N,,,,,,,,,,Y,4,0,1,2,A,-,09,21802,A,N,D,C,A,A,H,-,A,A,0,,,,,Y,,A,01,0,0,1,0,0,0,0,0,0,"- ","- ",38.387219999999999,-122.71901,SONOMA,UNINCORPORATED,-122.71857998999999,38.387109969999997
6665536,2014,2014-12-19,4903,2014-10-15,1623,1328,2,3,5,3,4903,0,0,0,,0,00S,"HEALDSBURG AV","EXCHANGE AV",486.00,N,N,A,-,N,,,,,,,,,,Y,4,0,1,3,A,-,03,22350,,N,C,C,A,A,H,-,A,D,0,,,,,Y,,D,73,0,0,1,0,0,0,0,0,0,"- ","- ",,,SONOMA,HEALDSBURG,-122.86913659,38.606288640000002
6666190,2014,2014-12-16,9360,2014-10-10,1245,19366,,5,1,5,4908,0,1,2,,1,060,"RT 101","EAST WASHINGTON ST",523.00,N,N,A,-,Y,,,101,,,,,,,N,4,0,1,2,A,-,03,22350,,N,C,C,A,A,H,-,A,D,0,,,,,Y,,A,01,0,0,1,0,0,0,0,0,0,"- ","- ",38.248519999999999,-122.63077,SONOMA,PETALUMA,-122.63076246,38.248534560000003
6666214,2014,2014-12-16,4908,2014-10-14,1522,2697,2,2,5,5,4908,0,0,0,,0,002,"LAKEVILLE ST","EAST D ST",100.00,E,N,B,-,N,,,,,,,,,,Y,4,0,1,2,A,-,09,21804,A,N,D,C,A,A,H,-,A,A,0,,,Y,,Y,,A,01,0,0,1,0,0,0,0,0,1,"- ","- ",,,SONOMA,PETALUMA,-122.63371404,38.236803190000003
6666563,2014,2014-12-26,9360,2014-10-12,0315,20819,,7,3,5,4908,0,1,2,,2,050,"RT 101","PETALLUMA BLVD N",2112.00,N,N,A,-,Y,,,101,,,,,,,Y,4,0,1,1,A,-,08,22107,,N,E,I,A,A,H,-,D,D,0,,,,,Y,,D,22,0,0,1,0,0,0,0,0,0,"- ","- ",38.277050000000003,-122.67667,SONOMA,PETALUMA,-122.67664625,38.27708097
6667271,2014,2014-12-16,9360,2014-10-08,1205,015034,,3,1,9,4900,0,2,4,,1,054,"BODEGA AV","MIDDLE TWO ROCK RD",0.00,,Y,A,-,N,,,,,,,,,,N,4,0,1,2,A,-,08,22107,,N,H,G,A,A,B,-,A,D,0,,Y,,,Y,,D,22,0,0,1,0,0,0,1,0,0,"- ","- ",38.241950000000003,-122.67886,SONOMA,UNINCORPORATED,-122.75074999,38.260879989999999
6667410,2014,2016-07-07,9360,2014-10-13,0830,013513,,1,1,9,4900,0,1,2,,1,010,"RT 101","CLOVERDALE BL",4013.00,S,N,A,-,Y,SON,4,101,-,-,49.670,H,-,S,Y,4,0,1,2,A,-,07,21658,A,N,B,C,A,A,H,-,A,D,0,,,,Y,Y,,G,27,0,0,1,0,0,0,0,0,0,"- ","- ",38.775170000000003,-123.00139,SONOMA,UNINCORPORATED,-123.00025732,38.773785570000001
6671498,2014,2014-11-12,4904,2014-09-28,1704,453,,7,5,4,4904,0,0,0,,0,001,"SNYDER LN","GOLF COURSE DR",0.00,,Y,A,-,N,,,,,,,,,,Y,4,0,1,2,A,-,12,21453,A,N,D,C,A,A,H,-,A,A,0,,,,,Y,,A,01,0,0,1,0,0,0,0,0,0,"- ","- ",,,SONOMA,"ROHNERT PARK",-122.68582988,38.36726994
6673555,2014,2014-12-16,9360,2014-11-14,1256,17693,,5,1,6,4905,0,1,2,,2,040,"RT 101","HEARN AV",300.00,S,N,A,-,Y,,,,,,,,,,N,4,0,1,2,A,-,07,21658,A,N,D,C,A,A,H,-,A,D,0,,,,,Y,,A,07,0,0,1,0,0,0,0,0,0,"- ","- ",38.24485,-122.4301,SONOMA,"SANTA ROSA",-122.71612707,38.413755950000002
6673559,2014,2014-12-16,9360,2014-11-14,2200,20369,,5,3,3,4903,0,1,2,,2,020,"RT 101","HEALDSBURG AV",310.00,N,N,A,-,Y,,,,,,,,,,Y,3,0,2,1,A,-,08,22107,,N,E,I,A,A,C,-,D,D,0,,,,,Y,,J,48,0,2,0,0,0,0,0,0,0,"- ","- ",38.3628,-122.5224,SONOMA,HEALDSBURG,,
6676707,2014,2014-12-15,9360,2014-10-15,0810,15420,,3,1,9,4900,0,2,4,,1,024,"PORTER CREEK RD","POSTWOOD LN",3696.00,E,N,B,C,N,,,,,,,,,,Y,4,0,1,1,A,-,08,22107,,N,E,I,A,B,H,-,A,D,0,,,,,Y,,A,01,0,0,1,0,0,0,0,0,0,"- ","- ",38.549370000000003,-122.66961000000001,SONOMA,UNINCORPORATED,-122.67017353999999,38.54967345
6676719,2014,2014-12-15,9360,2014-10-12,1520,18196,,7,2,9,4900,0,2,4,,1,042,"PETALUMA HILL RD","E RAILROAD AV",0.00,,Y,A,-,N,,,,,,,,,,Y,3,0,1,2,A,-,09,21802,A,N,D,C,A,A,H,-,A,A,0,,,,,Y,,A,01,0,1,0,0,0,0,0,0,0,"- ","- ",38.314219999999999,-122.66683,SONOMA,UNINCORPORATED,-122.66670987000001,38.314279919999997
6677941,2014,2014-12-15,4904,2014-10-11,1144,368,,6,5,4,4904,0,0,0,,0,003,"ROHNERT PARK EXPY","ROHNERT PARK",250.00,E,N,A,-,N,,,,,,,,,,Y,3,0,1,4,A,-,04,21703,,N,C,C,A,A,H,-,A,A,0,,,,,Y,,A,01,0,1,0,0,0,0,0,0,0,"- ",SF,,,SONOMA,"ROHNERT PARK",-122.71395865,38.348467450000001
6677957,2014,2016-06-24,4907,2014-10-14,1448,SD1430,10703,2,5,2,4907,0,0,0,,0,SO1,"W NAPA ST","6TH ST",180.00,W,N,A,-,Y,SON,4,12,-,-,36.870,H,-,E,N,4,0,1,2,A,-,04,21703,,N,C,C,A,A,H,-,A,A,0,,,,,Y,,A,01,0,0,1,0,0,0,0,0,0,"- ","- ",,,SONOMA,SONOMA,-122.47021675000001,38.293134360000003
6679644,2014,2014-12-29,4908,2014-10-25,1344,2926,2,6,5,5,4908,0,0,0,,0,002,"EAST WASHINGTON ST","FAIRGROUNDS DR",0.00,,Y,B,-,N,,,,,,,,,,N,4,0,1,2,A,-,09,21801,A,N,D,C,A,A,H,-,A,D,0,,,Y,,Y,,D,23,0,0,1,0,0,0,0,0,1,"- ","- ",,,SONOMA,PETALUMA,-122.63169986,38.242919929999999
6679657,2014,2014-12-02,4904,2014-10-21,1405,268,,2,5,4,4904,0,0,0,,0,,"ARLEN DR","ALMOND ST",141.00,W,N,A,-,N,,,,,,,,,,N,4,0,2,2,A,-,08,22103,,N,D,C,A,A,H,-,A,A,0,,,,,Y,,A,01,0,0,2,0,0,0,0,0,0,"- ","- ",,,SONOMA,"ROHNERT PARK",-122.70403274,38.340384800000002
6679665,2014,2014-12-24,4904,2014-10-14,1545,337,,2,5,4,4904,0,0,0,,0,,"SOUTHWEST BL","COMMERCE BL",0.00,,Y,A,-,N,,,,,,,,,,N,3,0,2,2,A,-,09,21800,A,N,D,C,A,A,H,-,A,A,0,,,,,Y,,A,01,0,1,1,0,0,0,0,0,0,"- ","- ",,,SONOMA,"ROHNERT PARK",-122.71176991,38.336289989999997
6680044,2014,2014-12-24,4904,2014-10-11,1342,377,,6,5,4,4904,0,0,0,,0,,"ENTERPRISE DR","HUNTER DR",0.00,,Y,A,-,N,,,,,,,,,,N,4,0,2,2,A,-,09,21802,A,N,D,C,A,A,H,-,A,A,0,,,,,Y,,A,01,0,0,2,0,0,0,0,0,0,"- ","- ",,,SONOMA,"ROHNERT PARK",-122.70825996000001,38.34464998
6683480,2014,2016-07-07,9360,2014-10-17,1625,020176,,5,2,9,4900,0,1,2,,1,060,"RT 101","RT 116",50.00,N,N,B,-,Y,SON,4,101,-,-,3.670,H,-,N,Y,3,0,1,2,A,-,06,21755,,N,B,C,A,A,D,-,A,D,1,,,Y,,Y,,C,02,0,1,0,0,0,0,0,0,1,"- ","- ",38.232199999999999,-122.61709999999999,SONOMA,UNINCORPORATED,-122.61786229000001,38.233417670000001
6686059,2014,2015-01-07,4908,2014-10-23,1345,2697,13,4,5,5,4908,0,0,0,,0,001,"EAST WASHINGTON ST","MARIA DR",30.00,W,N,A,-,N,,,,,,,,,,N,4,0,1,2,A,-,21,22106,,N,C,-,A,A,H,-,A,A,0,,,,,Y,,A,01,0,0,1,0,0,0,0,0,0,"- ","- ",,,SONOMA,PETALUMA,-122.62283103999999,38.252553110000001
6688854,2014,2014-11-19,9360,2014-10-29,0825,013440,,3,1,2,4902,0,1,2,,2,050,"RT 101","RT 116",1056.00,S,N,A,-,Y,,,101,,,,,,,N,4,0,1,2,A,-,04,21703,,N,C,C,A,A,H,-,A,D,0,,,,,Y,,A,01,0,0,1,0,0,0,0,0,0,"- ","- ",38.326830000000001,-122.71297,SONOMA,COTATI,-122.71287427,38.326830960000002
6688862,2014,2014-11-18,9360,2014-10-25,1230,018859,,6,1,9,4900,0,3,5,,2,001,"WESTSIDE RD","RIO VISTA RD",1584.00,E,N,C,-,N,,,,,,,,,,Y,4,0,1,1,A,-,01,23152,A,N,F,A,A,B,D,-,A,D,0,,,,,Y,Y,D,22,0,0,1,0,0,0,0,0,0,"- ","- ",38.511229999999998,-122.92309,SONOMA,UNINCORPORATED,-122.923158,38.511647199999999
6690978,2014,2014-12-30,4908,2014-10-26,1406,2926,7,7,5,5,4908,0,0,0,,0,003,"PETALLUMA BLVD N","AUTO CENTER DR",0.00,,Y,A,-,N,,,,,,,,,,N,4,0,2,2,A,-,21,22106,,N,D,C,A,A,H,-,A,A,0,,,,,Y,,A,01,0,0,2,0,0,0,0,0,0,"- ","- ",,,SONOMA,PETALUMA,-122.67043999000001,38.269719889999998
6694035,2014,2016-06-18,9350,2014-10-27,1740,020831,,1,2,9,4900,0,1,3,,2,137,"RT 37","RT 121",20.00,E,N,A,-,Y,SON,4,37,-,-,3.910,H,-,W,Y,4,0,1,2,A,-,03,22350,,N,C,C,A,A,H,-,A,A,0,,,,,Y,,A,01,0,0,1,0,0,0,0,0,0,"- ","- ",38.151090000000003,-122.44917,SONOMA,UNINCORPORATED,-122.44923462,38.151032129999997
6694076,2014,2016-06-18,9325,2014-10-30,1410,019067,,4,2,9,4900,0,1,3,,1,063,"RT 12","W THOMPSON AV",50.00,W,N,B,-,Y,SON,4,12,-,-,35.440,I,5,E,N,4,0,1,2,A,-,03,22350,,N,C,C,A,A,H,-,A,A,0,,,,,Y,,D,22,0,0,1,0,0,0,0,0,0,"- ","- ",38.30988,-122.4795,SONOMA,UNINCORPORATED,-122.47901014999999,38.309139020000003
6694180,2014,2014-12-31,9325,2014-10-30,1300,019181,,4,1,9,4900,0,3,5,,2,006,"RIVERSIDE DR","BOYES BL",0.00,,Y,A,-,N,,,,,,,,,,N,4,0,1,2,A,-,05,21650,1,N,H,G,A,A,H,-,A,D,0,,Y,,,Y,,L,04,0,0,1,0,0,0,1,0,0,"- ","- ",38.313130000000001,-122.48811000000001,SONOMA,UNINCORPORATED,-122.48805998,38.313249949999999
6696624,2014,2015-01-06,9325,2014-10-19,1215,17869,,7,1,9,4900,0,3,5,,2,006,"CEDAR AV","AGUA CALIENTE RD",0.00,,Y,A,-,N,,,,,,,,,,N,4,0,1,2,A,-,09,21802,A,N,D,C,A,A,H,-,A,A,0,,,,,Y,,A,01,0,0,1,0,0,0,0,0,0,"- ","- ",38.325000000000003,-122.489,SONOMA,UNINCORPORATED,-122.4894199,38.325219969999999
6697088,2014,2014-12-11,4904,2014-11-05,0423,331,,3,5,4,4904,0,0,0,,0,,"COMMERCE BL","REDWOOD DR",192.00,S,N,A,-,N,,,,,,,,,,Y,3,0,1,1,A,-,03,22350,,N,E,I,A,A,H,-,C,D,0,,,,,Y,,A,01,0,1,0,0,0,0,0,0,0,"- ","- ",,,SONOMA,"ROHNERT PARK",-122.71344999999999,38.365900000000003
6697365,2014,2014-11-21,9360,2014-09-26,1235,020819,,5,1,3,4903,0,3,5,,2,001,"WESTSIDE RD","FELTA RD",2270.00,N,N,B,-,N,,,,,,,,,,N,3,0,1,2,A,-,03,22350,,N,H,G,A,A,H,-,A,D,0,,Y,,,Y,,L,04,0,1,0,0,0,0,1,0,0,"- ","- ",38.585830000000001,-122.88048999999999,SONOMA,HEALDSBURG,-122.88042869,38.58796959
6697935,2014,2016-06-18,9360,2014-10-30,2014,018520,,4,2,9,4900,0,1,3,,1,037,"RT 116","GUERNEVILLE RD",0.00,,Y,B,-,Y,SON,4,116,-,-,21.800,I,5,W,Y,3,0,2,3,A,-,01,23152,A,N,A,C,A,A,H,-,D,D,0,,,,,Y,Y,D,22,0,2,0,0,0,0,0,0,0,"- ","- ",38.450279999999999,-122.86758,SONOMA,UNINCORPORATED,-122.86785942,38.450568359999998
6697947,2014,2016-06-17,9360,2014-11-05,1848,019485,,3,2,9,4900,0,1,3,,1,061,"RT 1","TIMBER COVE RD",21120.00,N,N,A,-,Y,SON,4,1,-,-,39.160,H,-,N,Y,3,0,1,1,A,-,08,22107,,N,E,I,A,A,H,-,D,D,0,,,,,Y,,D,22,0,1,0,0,0,0,0,0,0,"- ","- ",,,SONOMA,UNINCORPORATED,-123.31433226,38.56368973
6698071,2014,2014-12-09,4908,2014-10-29,1554,2697,5,3,5,5,4908,0,0,0,,0,003,"KEOKUK ST","CHERRY ST",158.00,N,N,A,-,N,,,,,,,,,,Y,3,0,1,2,A,-,08,22107,,N,D,E,A,A,H,-,A,D,0,,,,,Y,,D,22,0,1,0,0,0,0,0,0,0,"- ","- ",,,SONOMA,PETALUMA,-122.64899928,38.242271420000002
6698096,2014,2015-01-08,4908,2014-11-02,0714,1543,1,7,5,5,4908,0,0,0,,0,002,"LAKEVILLE ST","EAST D ST",0.00,,Y,A,-,N,,,,,,,,,,Y,4,0,1,2,A,-,12,21453,A,N,D,C,A,A,H,-,A,A,0,,,,,Y,,A,01,0,0,1,0,0,0,0,0,0,"- ","- ",,,SONOMA,PETALUMA,-122.63399999000001,38.236959939999998
6698422,2014,2016-06-28,9360,2014-10-26,0910,17693,,7,1,6,4905,0,1,2,,2,040,"RT 101","3RD ST",430.00,S,N,A,-,Y,SON,4,101,-,-,19.930,H,-,S,Y,3,0,1,1,A,-,03,22350,,N,F,A,A,A,H,-,A,D,1,,,Y,,Y,,C,02,0,1,0,0,0,0,0,0,1,FR,"- ",38.260959999999997,-122.43035999999999,SONOMA,"SANTA ROSA",-122.71705172999999,38.435066339999999
6704416,2014,2016-06-28,9360,2014-11-13,0740,016013,,4,1,6,4905,0,1,2,,2,030,"RT 101","MENDOCINO AV",200.00,N,N,B,-,Y,SON,4,101,-,-,22.850,H,-,N,N,4,0,2,2,A,-,03,22350,,N,C,C,A,B,H,-,A,A,1,,,,,Y,,D,22,0,0,2,0,0,0,0,0,0,"- ","- ",38.475540000000002,-122.73102,SONOMA,"SANTA ROSA",-122.7311979,38.475117210000001
6705642,2014,2016-06-18,9360,2014-10-25,0130,020819,,6,3,9,4900,0,1,3,,1,051,"RT 12","MERCED AV",2640.00,W,N,B,G,Y,SON,4,12,-,-,11.570,H,-,W,N,4,0,1,1,A,-,08,22107,,N,F,A,A,A,H,-,D,D,0,,Y,,,Y,,L,04,0,0,1,0,0,0,1,0,0,"- ","- ",38.417749999999998,-122.7846,SONOMA,UNINCORPORATED,-122.7876102,38.415986179999997
6705699,2014,2014-11-24,4900,2014-09-26,0657,SD2219,11101,5,5,3,4980,0,0,0,,0,WI1,"SHILOH RD","19TH HOLE DR",5.00,W,N,E,-,N,,,,,,,,,,Y,2,0,2,2,A,-,05,21460,A,N,D,C,A,A,H,-,A,D,0,,,Y,,Y,,C,02,1,1,0,0,0,0,0,0,1,"- ","- ",,,SONOMA,WINDSOR,-122.80442748,38.525709650000003
6705883,2014,2016-06-18,9360,2014-11-01,1235,19366,,6,1,9,4900,0,1,3,,1,037,"RT 116","GREEN VALLEY RD",8448.00,W,N,A,-,Y,SON,4,116,-,-,14.380,H,-,W,Y,2,0,1,1,A,-,08,22107,,N,F,A,A,A,H,-,A,D,0,,,Y,,Y,,C,02,1,0,0,0,0,0,0,0,1,"- ","- ",38.480890000000002,-122.95972999999999,SONOMA,UNINCORPORATED,-122.96172443,38.494199289999997
6707849,2014,2016-06-18,9325,2014-11-03,1815,012894,,1,2,9,4900,0,1,3,,1,063,"RT 12","ARNOLD DR",4224.00,S,N,A,-,Y,SON,4,12,-,-,31.450,H,-,W,Y,3,0,1,1,C,-,18,,,N,E,I,A,A,H,-,D,D,0,,,,,Y,,-,"- ",0,1,0,0,0,0,0,0,0,"- ","- ",38.364409999999999,-122.51013,SONOMA,UNINCORPORATED,-122.50772047,38.3620625
6707906,2014,2015-01-08,9325,2014-11-04,1820,012894,,2,2,9,4900,0,2,4,,1,064,"ARNOLD DR","AGUA CALIENTE RD",0.00,,Y,A,-,N,,,,,,,,,,Y,3,0,3,2,A,-,09,21803,A,N,D,C,A,A,H,-,A,A,0,,,,,Y,,A,01,0,1,2,0,0,0,0,0,0,"- ","- ",38.320320000000002,-122.50266000000001,SONOMA,UNINCORPORATED,-122.50199925,38.320375499999997
6709488,2014,2015-01-09,9360,2014-11-11,1745,016652,,2,2,6,4905,0,1,2,,2,030,"RT 101","STEELE LN",120.00,N,N,A,-,Y,,,101,,,,,,,Y,4,0,1,4,A,-,03,22350,,N,C,C,A,A,H,-,B,D,0,,,,,Y,,D,22,0,0,1,0,0,0,0,0,0,"- ","- ",38.460509999999999,-122.72646,SONOMA,"SANTA ROSA",-122.72638519,38.46051559
6709492,2014,2015-01-16,9360,2014-11-10,1715,015187,,1,2,9,4900,0,3,5,,2,002,"FRANZ VALLEY RD","SPENCER LN",2640.00,S,N,A,-,N,,,,,,,,,,Y,3,0,1,1,A,-,08,22107,,N,E,I,A,A,H,-,D,D,0,,,,,Y,,D,22,0,1,0,0,0,0,0,0,0,"- ","- ",38.616340000000001,-122.68458,SONOMA,UNINCORPORATED,-122.68450378,38.616343399999998
6709992,2014,2016-06-18,9325,2014-11-10,1714,15447,,1,2,9,4900,0,1,3,,1,063,"RT 12","SIERRA DR",30.00,E,N,A,-,Y,SON,4,12,-,-,35.220,H,-,W,Y,4,0,1,3,A,-,03,22350,,N,C,C,A,A,H,-,B,A,0,,,Y,,Y,,A,07,0,0,1,0,0,0,0,0,0,"- ","- ",38.312609999999999,-122.48084,SONOMA,UNINCORPORATED,-122.48067635,38.312277629999997
6709994,2014,2016-06-18,9325,2014-11-06,1719,12894,,4,2,9,4900,0,1,3,,1,063,"RT 12","SIERRA DR",50.00,S,N,A,-,Y,SON,4,12,-,-,35.220,H,-,W,N,4,0,2,2,A,-,21,22106,,N,C,C,A,A,H,-,C,D,0,,,,,Y,,A,07,0,0,2,0,0,0,0,0,0,"- ","- ",38.312669999999997,-122.48023000000001,SONOMA,UNINCORPORATED,-122.48067635,38.312277629999997
6710060,2014,2016-07-07,9360,2014-11-06,1222,020176,,4,1,9,4900,0,1,2,,2,040,"RT 101","STEELE LN",1875.00,S,N,A,-,Y,SON,4,101,-,-,21.390,H,-,N,Y,4,0,1,2,A,-,03,22350,,N,C,C,A,A,H,-,A,D,1,,,,,Y,,A,01,0,0,1,0,0,0,0,0,0,"- ","- ",38.455950000000001,-122.7259,SONOMA,UNINCORPORATED,-122.72593573,38.454628749999998
6710945,2014,2015-01-07,9360,2014-11-08,0635,19833,,6,1,4,4904,0,1,2,,2,050,"RT 101","RT 116",2640.00,N,N,A,-,Y,,,101,,,,,,,Y,4,0,1,2,A,-,03,22350,,N,C,C,A,A,C,-,B,D,0,,,,,Y,,A,01,0,0,1,0,0,0,0,0,0,"- ","- ",38.338200000000001,-122.71276,SONOMA,"ROHNERT PARK",-122.71275887,38.338200010000001
6712676,2014,2014-12-10,4905,2014-09-10,1556,SR467,10608,3,5,6,4905,0,0,0,,0,008,"SANTA ROSA AV","FLOWER AV",0.00,,Y,A,-,N,,,,,,,,,,Y,4,0,1,3,A,-,03,22350,,N,B,C,F,A,H,-,A,D,0,Y,,,Y,Y,,A,01,0,0,1,0,1,0,0,0,0,"- ","- ",,,SONOMA,"SANTA ROSA",-122.71350999000001,38.424239929999999
6712688,2014,2014-12-30,4905,2014-10-23,1152,SR347,10602,4,5,6,4905,0,0,0,,0,002,"STEELE LN","COUNTY CENTER DR",85.00,W,N,A,-,N,,,,,,,,,,N,4,0,1,2,A,-,09,21804,A,F,G,B,F,A,H,-,A,D,0,Y,,,,Y,,D,22,0,0,1,0,1,0,0,0,0,"- ","- ",,,SONOMA,"SANTA ROSA",-122.72509672,38.460020729999997
6712696,2014,2014-12-23,4905,2014-10-28,0834,SR487,10604,2,5,6,4905,0,0,0,,0,004,"GARFIELD PARK AV","DUPONT DR",10.00,N,N,A,-,N,,,,,,,,,,N,2,0,1,2,A,-,10,21950,A,N,G,B,B,A,H,-,A,A,0,Y,,,,Y,,D,22,1,0,0,0,1,0,0,0,0,"- ","- ",,,SONOMA,"SANTA ROSA",-122.65460231,38.469031139999998