CASE_ID,ACCIDENT_YEAR,PROC_DATE,JURIS,COLLISION_DATE,COLLISION_TIME,OFFICER_ID,REPORTING_DISTRICT,DAY_OF_WEEK,CHP_SHIFT,POPULATION,CNTY_CITY_LOC,SPECIAL_COND,BEAT_TYPE,CHP_BEAT_TYPE,CITY_DIVISION_LAPD,CHP_BEAT_CLASS,BEAT_NUMBER,PRIMARY_RD,SECONDARY_RD,DISTANCE,DIRECTION,INTERSECTION,WEATHER_1,WEATHER_2,STATE_HWY_IND,CALTRANS_COUNTY,CALTRANS_DISTRICT,STATE_ROUTE,ROUTE_SUFFIX,POSTMILE_PREFIX,POSTMILE,LOCATION_TYPE,RAMP_INTERSECTION,SIDE_OF_HWY,TOW_AWAY,COLLISION_SEVERITY,NUMBER_KILLED,NUMBER_INJURED,PARTY_COUNT,PRIMARY_COLL_FACTOR,PCF_CODE_OF_VIOL,PCF_VIOL_CATEGORY,PCF_VIOLATION,PCF_VIOL_SUBSECTION,HIT_AND_RUN,TYPE_OF_COLLISION,MVIW,PED_ACTION,ROAD_SURFACE,ROAD_COND_1,ROAD_COND_2,LIGHTING,CONTROL_DEVICE,CHP_ROAD_TYPE,PEDESTRIAN_ACCIDENT,BICYCLE_ACCIDENT,MOTORCYCLE_ACCIDENT,TRUCK_ACCIDENT,NOT_PRIVATE_PROPERTY,ALCOHOL_INVOLVED,STWD_VEHTYPE_AT_FAULT,CHP_VEHTYPE_AT_FAULT,COUNT_SEVERE_INJ,COUNT_VISIBLE_INJ,COUNT_COMPLAINT_PAIN,COUNT_PED_KILLED,COUNT_PED_INJURED,COUNT_BICYCLIST_KILLED,COUNT_BICYCLIST_INJURED,COUNT_MC_KILLED,COUNT_MC_INJURED,PRIMARY_RAMP,SECONDARY_RAMP,LATITUDE,LONGITUDE,COUNTY,CITY,POINT_X,POINT_Y
6806020,2015,2016-09-07,9360,2015-02-03,1645,016045,,2,2,9,4900,0,1,2,,2,050,"RT 101","TODD RD",250.00,S,N,A,-,Y,SON,4,101,-,-,16.490,H,-,N,Y,4,0,1,4,A,-,03,22350,,N,C,C,A,A,H,-,A,D,1,,,,,Y,,D,22,0,0,1,0,0,0,0,0,0,"- ","- ",38.385649999999998,-122.71908999999999,SONOMA,UNINCORPORATED,-122.71607287,38.385566519999998
6806032,2015,2016-10-17,9360,2015-01-31,1217,020082,,6,1,9,4900,0,2,4,,1,038,"OCCIDINTAL RD","RT 116",230.00,W,N,A,-,Y,SON,4,116,-,R,24.054,I,6,E,Y,4,0,1,2,A,-,09,21801,A,N,A,C,A,A,H,-,A,A,0,,,,,Y,Y,D,22,0,0,1,0,0,0,0,0,0,"- ","- ",38.725589999999997,-122.84918999999999,SONOMA,UNINCORPORATED,-122.84831282,38.425844470000001
6806072,2015,2015-03-03,9360,2015-01-27,1720,015434,,2,2,9,4900,0,2,4,,2,056,"STONY POINT RD","ROBLAR RD",2112.00,N,N,A,-,N,,,,,,,,,,Y,4,0,1,1,A,-,08,22107,,N,E,I,A,A,H,-,B,D,0,,,,,Y,,D,23,0,0,1,0,0,0,0,0,0,"- ","- ",38.319580000000002,-122.73511999999999,SONOMA,UNINCORPORATED,-122.73503332999999,38.319910669999999
6806076,2015,2016-05-02,9360,2015-01-29,2035,020498,,4,2,9,4900,0,2,4,,1,042,"PETALUMA HILL RD","HUNTER LN",3168.00,N,N,A,-,N,,,,,,,,,,Y,3,0,1,1,A,-,08,22107,,N,E,I,A,A,H,-,D,D,0,,,,,Y,Y,D,22,0,1,0,0,0,0,0,0,0,"- ","- ",38.393210000000003,-122.69243,SONOMA,UNINCORPORATED,-122.69229133,38.392160009999998
6806812,2015,2016-10-17,9360,2015-01-30,2315,020522,,5,3,9,4900,0,1,3,,1,013,"RT 116","OLD CAZADERO RD",450.00,E,N,A,-,Y,SON,4,116,-,-,11.330,H,-,W,Y,4,0,1,1,A,-,01,23152,A,N,E,I,A,A,H,-,D,D,0,,,,,Y,Y,A,01,0,0,1,0,0,0,0,0,0,"- ","- ",38.497500000000002,-123.006,SONOMA,UNINCORPORATED,-123.00607921,38.49734428
6807965,2015,2015-02-27,9325,2015-01-27,1450,17478,,2,2,9,4900,0,2,4,,2,054,"ARNOLD DR","FOWLER CREEK RD",60.00,S,N,B,-,N,,,,,,,,,,Y,4,0,1,2,A,-,08,22107,,N,B,C,A,A,H,-,A,D,0,,,,,Y,,D,22,0,0,1,0,0,0,0,0,0,"- ","- ",38.285119999999999,-122.49267,SONOMA,UNINCORPORATED,-122.49273808,38.285815460000002
6808793,2015,2015-03-05,4908,2015-02-08,1312,2926,2,7,5,5,4908,0,0,0,,0,002,"LAKEVILLE ST","WILSON ST",15.00,W,N,C,-,N,,,,,,,,,,N,4,0,1,2,A,-,09,21802,A,N,D,C,A,B,H,-,A,A,0,,,,,Y,,A,01,0,0,1,0,0,0,0,0,0,"- ","- ",,,SONOMA,PETALUMA,-122.62946224,38.235610000000001
6809159,2015,2015-03-05,4908,2015-02-08,0940,2926,2,7,5,5,4908,0,0,0,,0,002,"PAYRAN ST","JEFFERSON ST",0.00,,Y,C,-,N,,,,,,,,,,N,4,0,1,2,A,-,12,22450,A,M,A,B,D,B,H,-,A,A,0,Y,,,,Y,,N,60,0,0,1,0,1,0,0,0,0,"- ","- ",,,SONOMA,PETALUMA,-122.62835995,38.239679950000003
6811921,2015,2016-10-26,9360,2015-01-28,1405,13440,9360,3,2,6,4905,0,1,3,,1,041,"RT 12","FARMERS LN",2640.00,W,N,A,-,Y,SON,4,12,-,R,17.200,H,-,E,N,4,0,1,2,A,-,03,22350,,N,C,C,A,A,H,-,A,D,1,,,,,Y,,A,01,0,0,1,0,0,0,0,0,0,"- ","- ",38.43479,-122.69368,SONOMA,"SANTA ROSA",-122.69452007,38.43439017
6813524,2015,2015-03-10,9325,2015-02-01,1650,019625,,7,2,9,4900,0,2,4,,1,055,"LEVERONI RD","HARRIS RD",170.00,E,N,A,-,N,,,,,,,,,,Y,3,0,1,1,A,-,01,23152,A,N,E,I,A,A,H,-,A,A,0,,,,,Y,Y,A,01,0,1,0,0,0,0,0,0,0,"- ","- ",38.277610000000003,-122.47281,SONOMA,UNINCORPORATED,-122.47243684,38.277439229999999
6813952,2014,2015-03-06,4907,2014-12-17,1640,SR452,10609,3,5,2,4907,0,0,0,,0,009,"SONOMA AV","D ST",378.00,W,N,C,-,N,,,,,,,,,,Y,4,0,2,4,C,-,18,,,N,C,C,A,B,H,-,A,A,0,,,,,Y,,-,"- ",0,0,2,0,0,0,0,0,0,"- ","- ",,,SONOMA,SONOMA,-122.71095321,38.437326560000002
6813972,2014,2015-03-06,4905,2014-12-31,1042,SR8705,10601,3,5,6,4905,0,0,0,,0,001,"DITTY AV","RUSSELL AV",0.00,,Y,A,-,N,,,,,,,,,,Y,4,0,1,2,A,-,09,21801,A,N,D,C,A,A,H,-,A,D,0,,,,,Y,,A,01,0,0,1,0,0,0,0,0,0,"- ","- ",,,SONOMA,"SANTA ROSA",-122.74051999,38.467389959999998
6813980,2014,2015-03-06,4905,2014-12-30,1717,SR284,10602,2,5,6,4905,0,0,0,,0,002,"MENDOCINO AV","STEELE LN",474.00,N,N,A,-,N,,,,,,,,,,Y,4,0,1,2,A,-,09,21804,A,N,D,C,A,A,H,-,A,D,0,,,,,Y,,A,01,0,0,1,0,0,0,0,0,0,"- ","- ",,,SONOMA,"SANTA ROSA",-122.71777573,38.462227560000002
6814380,2015,2015-03-14,4905,2015-02-03,1250,SR8906,10608,2,5,6,4905,0,0,0,,0,008,"SANTA ROSA AV","BARHAM AV",20.00,S,N,A,-,N,,,,,,,,,,N,4,0,1,2,A,-,03,22350,,N,C,C,A,A,H,-,A,A,0,,,,,Y,,I,09,0,0,1,0,0,0,0,0,0,"- ","- ",,,SONOMA,"SANTA ROSA",-122.71324672,38.427149239999999
6815017,2015,2015-04-27,4905,2015-04-03,0749,SR487,10609,5,5,6,4905,0,0,0,,0,009,"SOUTH E ST","TUPPER ST",350.00,S,N,A,-,N,,,,,,,,,,N,3,0,1,2,A,-,09,21804,A,N,D,C,A,A,H,-,A,D,0,,,,,Y,,A,01,0,1,0,0,0,0,0,0,0,"- ","- ",,,SONOMA,"SANTA ROSA",-122.7061082,38.436408
6815037,2015,2015-04-27,4905,2015-03-02,0715,SR8917,10609,1,5,6,4905,0,0,0,,0,009,"6TH ST","MORGAN ST",0.00,,Y,B,-,N,,,,,,,,,,Y,4,0,2,2,A,-,12,21453,A,N,D,C,A,A,H,-,A,A,0,,,,,Y,,-,"- ",0,0,2,0,0,0,0,0,0,"- ","- ",,,SONOMA,"SANTA ROSA",-122.7193999,38.439889919999999
6816199,2015,2015-03-06,9360,2015-02-04,1520,016652,,3,2,9,4900,0,3,5,,2,003,"PINER RD","HARTMAN LN",540.00,E,N,B,-,N,,,,,,,,,,Y,3,0,2,1,A,-,08,22107,,N,E,I,A,A,H,-,A,D,0,,,,,Y,,A,01,0,1,1,0,0,0,0,0,0,"- ","- ",38.461730000000003,-122.79526,SONOMA,UNINCORPORATED,-122.79565337,38.467196940000001
6816755,2015,2015-03-05,4904,2015-02-08,0332,237,,7,5,4,4904,0,0,0,,0,003,"SNYDER LN","SOUTHWEST BL",0.00,,Y,B,-,N,,,,,,,,,,Y,3,0,1,1,A,-,01,23153,A,N,E,I,A,A,H,-,C,A,0,,,,,Y,Y,-,,0,1,0,0,0,0,0,0,0,"- ","- ",,,SONOMA,"ROHNERT PARK",-122.68541992999999,38.339619910000003
6819023,2015,2016-10-20,9360,2015-02-05,1820,018667,,4,2,6,4905,0,1,2,,2,040,"RT 101","TODD RD",755.00,N,N,A,-,Y,SON,4,101,-,-,16.680,H,-,N,Y,2,0,3,5,A,-,03,22350,,M,C,C,A,A,H,-,C,D,1,,,,,Y,,A,08,1,1,1,0,0,0,0,0,0,"- ","- ",38.388500000000001,-122.71561,SONOMA,"SANTA ROSA",-122.71605289,38.388323540000002
6819027,2015,2016-10-26,9360,2015-02-10,1535,016045,,2,2,2,4902,0,1,2,,2,050,"RT 101","RT 116",75.00,N,N,A,-,Y,SON,4,101,-,-,12.867,R,2,S,N,4,0,1,2,A,-,03,22350,,N,C,C,A,A,H,-,A,A,1,,,,Y,Y,,F,26,0,0,1,0,0,0,0,0,0,"- ","- ",38.331919999999997,-122.71346,SONOMA,COTATI,-122.71288303999999,38.333778330000001
6820964,2015,2015-04-08,9360,2015-02-09,0525,015034,,1,3,9,4900,0,2,4,,1,047,"LAKEVILLE RD","LAKEVILLE #2 SOUTH",230.00,N,N,B,-,N,,,,,,,,,,Y,4,0,1,3,A,-,05,21460,A,N,B,C,A,B,H,-,C,D,0,,,,Y,Y,,D,22,0,0,1,0,0,0,0,0,0,"- ","- ",38.185870000000001,-122.53921,SONOMA,UNINCORPORATED,-122.53930699999999,38.186028
6820992,2015,2015-03-09,9360,2015-02-01,1145,020082,,7,1,9,4900,0,2,4,,1,032,"RIVER RD","OLIVET RD",0.00,,Y,A,-,N,,,,,,,,,,N,3,0,1,2,A,-,09,21801,A,N,D,G,A,A,H,-,A,A,0,,Y,,,Y,,D,22,0,1,0,0,0,0,1,0,0,"- ","- ",38.483780000000003,-122.82016,SONOMA,UNINCORPORATED,-122.81987992000001,38.484019969999999
6820996,2015,2016-10-26,9360,2015-02-01,0210,019681,,7,3,5,4908,0,1,2,,1,060,"RT 101","EAST WASHINGTON ST",2640.00,N,N,A,-,Y,SON,4,101,-,-,5.580,H,-,S,Y,2,0,1,2,A,-,01,23152,A,N,C,C,A,A,H,-,D,D,1,,,,,Y,Y,A,01,1,0,0,0,0,0,0,0,0,"- ","- ",38.251080000000002,-122.63625,SONOMA,PETALUMA,-122.64064998000001,38.253449430000003
6821000,2015,2015-03-11,9360,2015-02-06,0820,016223,,5,1,9,4900,0,3,5,,2,003,"AIRPORT BL","SKYLANE BL",0.00,,Y,C,-,N,,,,,,,,,,Y,4,0,2,2,A,-,21,22106,,N,D,C,A,B,H,-,A,A,0,,,,Y,Y,,A,01,0,0,2,0,0,0,0,0,0,"- ","- ",38.511130000000001,-122.80036,SONOMA,UNINCORPORATED,-122.80031995,38.511049880000002
6821016,2015,2015-03-09,9360,2015-02-13,1640,020160,,5,2,9,4900,0,2,4,,1,044,"ADOBE RD","CASA GRANDE RD",300.00,E,N,A,-,N,,,,,,,,,,N,4,0,1,2,A,-,03,22350,,N,C,C,A,A,H,-,A,D,0,,,,,Y,,D,22,0,0,1,0,0,0,0,0,0,"- ","- ",38.255180000000003,-122.58472,SONOMA,UNINCORPORATED,-122.58415415,38.254837039999998
6821066,2015,2015-03-17,4908,2015-02-11,2121,2676,12,3,5,5,4908,0,0,0,,0,001,"CAULFIELD LN","GARFIELD DR",30.00,E,N,A,-,N,,,,,,,,,,Y,3,0,1,1,C,-,18,,,N,A,I,A,A,H,-,C,A,0,,,,,Y,,-,"- ",0,1,0,0,0,0,0,0,0,"- ","- ",,,SONOMA,PETALUMA,-122.60465671999999,38.252905579999997
6821428,2015,2015-03-06,4908,2015-02-03,1040,2173,,2,5,5,4908,0,0,0,,0,003,"EAST WASHINGTON ST","WILSON ST",0.00,,Y,A,-,N,,,,,,,,,,N,3,0,1,2,D,-,00,,,N,D,G,A,A,H,-,A,D,0,,Y,,,Y,,-,"- ",0,1,0,0,0,0,1,0,0,"- ","- ",,,SONOMA,PETALUMA,-122.63519992000001,38.239049999999999
6821489,2015,2015-03-06,4908,2015-02-07,1815,3185,2,6,5,5,4908,0,0,0,,0,002,"EAST WASHINGTON ST","ELLIS ST",30.00,E,N,A,-,N,,,,,,,,,,N,4,0,3,2,A,-,21,22106,,N,C,C,A,A,H,-,C,A,0,,,,,Y,,A,01,0,0,3,0,0,0,0,0,0,"- ","- ",,,SONOMA,PETALUMA,-122.63084098,38.243837999999997
6821507,2015,2015-03-06,9360,2015-02-07,0750,019405,,6,1,9,4900,0,2,4,,1,044,"OLD ADOBE RD","CORONA RD",528.00,S,N,B,-,N,,,,,,,,,,Y,3,0,1,1,A,-,01,23152,A,N,E,I,A,B,H,-,A,D,0,,,,,Y,Y,A,01,0,1,0,0,0,0,0,0,0,"- ","- ",,,SONOMA,UNINCORPORATED,-122.63795716,38.285113019999997
6822079,2015,2015-02-26,9360,2015-01-29,1701,18790,,4,2,9,4900,0,2,4,,1,024,"PORTER CREEK RD","CALISTOGA RD",100.00,W,N,A,-,N,,,,,,,,,,Y,3,0,2,1,A,-,08,22107,,N,F,A,A,A,H,-,A,D,0,,,Y,,Y,,C,02,0,1,1,0,0,0,0,0,2,"- ","- ",38.551000000000002,-122.65131,SONOMA,UNINCORPORATED,-122.65074709,38.551811370000003
6822918,2015,2015-03-18,9325,2015-02-04,1850,020257,,3,2,9,4900,0,3,5,,2,006,"CAVEDALE RD","RT 12",8976.00,N,N,A,-,N,,,,,,,,,,Y,4,0,1,1,A,-,01,23152,A,N,E,I,A,A,H,-,D,D,0,,,,,Y,Y,D,22,0,0,1,0,0,0,0,0,0,"- ","- ",38.204689999999999,-122.28351000000001,SONOMA,UNINCORPORATED,-122.47708797,38.346359970000002
6822948,2015,2015-03-18,9360,2015-02-16,1220,013440,9360,1,1,9,4900,0,2,4,,1,038,"BODEGA HWY","SEXTON RD",376.00,S,N,A,-,N,,,,,,,,,,N,4,0,1,2,A,-,09,21801,A,N,D,C,A,A,H,-,A,D,0,,,,Y,Y,,A,01,0,0,1,0,0,0,0,0,0,"- ","- ",38.392139999999998,-122.87867,SONOMA,UNINCORPORATED,-122.88109342,38.391331749999999
6826149,2015,2015-03-20,4908,2015-02-10,1552,2926,10,2,5,5,4908,0,0,0,,0,004,"NORTH MCDOWELL BL","RAINIER AV",100.00,N,N,A,-,N,,,,,,,,,,N,4,0,1,2,A,-,03,22350,,N,C,C,A,A,H,-,A,A,0,,,,,Y,,A,07,0,0,1,0,0,0,0,0,0,"- ","- ",,,SONOMA,PETALUMA,-122.63869179,38.256341519999999
6826566,2015,2015-03-19,4908,2015-02-26,1541,1944,4,4,5,5,4908,0,0,0,,0,002,"N WEBSTER ST","WESTERN AV",5.00,N,N,A,-,N,,,,,,,,,,Y,3,0,3,2,A,-,01,23152,A,N,A,C,A,A,H,-,A,D,0,,,,,Y,Y,D,22,0,2,1,0,0,0,0,0,0,"- ","- ",,,SONOMA,PETALUMA,-122.65261609,38.230062869999998
6827870,2015,2016-10-26,9360,2015-02-17,1710,016577,,2,2,5,4908,0,1,2,,1,060,"RT 101","EAST WASHINGTON ST",4224.00,,N,B,-,Y,SON,4,101,-,-,5.640,H,-,N,Y,4,0,1,3,A,-,07,21658,A,N,B,C,A,A,H,-,A,D,1,,,Y,,Y,,D,22,0,0,1,0,0,0,0,0,1,"- ","- ",38.253839999999997,-122.64111,SONOMA,PETALUMA,-122.64164587,38.254168139999997
6827902,2015,2016-10-17,9360,2015-02-20,1300,019862,,5,1,9,4900,0,1,3,,1,037,"RT 116","GREEN VALLEY RD",4752.00,E,N,B,-,Y,SON,4,116,-,-,16.880,H,-,W,Y,3,0,2,2,A,-,05,21460,A,N,A,C,A,A,H,-,A,D,0,,,,,Y,,A,01,0,1,1,0,0,0,0,0,0,"- ","- ",38.476990000000001,-122.93321,SONOMA,UNINCORPORATED,-122.93764837000001,38.477591959999998
6827918,2015,2016-10-20,9360,2015-02-24,1830,018828,,2,2,6,4905,0,1,2,,2,040,"RT 101","STEELE LN",2112.00,S,N,A,-,Y,SON,4,101,-,-,21.360,H,-,S,Y,4,0,2,5,A,-,04,21703,,N,C,C,A,A,H,-,D,D,1,,,,,Y,,A,01,0,0,2,0,0,0,0,0,0,"- ","- ",38.454079999999998,-122.72629999999999,SONOMA,"SANTA ROSA",-122.72615979,38.45413585
6830402,2015,2015-03-06,4905,2015-01-13,0010,SR485,10606,2,5,6,4905,0,0,0,,0,006,"MONTGOMERY DR","MISSION BL",150.00,W,N,A,-,N,,,,,,,,,,Y,2,0,3,1,A,-,08,22107,,F,E,I,A,A,H,-,C,D,0,,,,,Y,,A,01,1,2,0,0,0,0,0,0,0,"- ","- ",,,SONOMA,"SANTA ROSA",-122.67153946000001,38.456937879999998
6830413,2015,2015-03-06,4905,2015-01-18,2341,SR472,10601,7,5,6,4905,0,0,0,,0,001,"PINER RD","RANGE AV",2.00,E,N,A,E,N,,,,,,,,,,Y,3,0,1,1,A,-,08,22107,,M,E,I,A,A,H,-,C,A,0,,,,,Y,,A,01,0,1,0,0,0,0,0,0,0,"- ","- ",,,SONOMA,"SANTA ROSA",-122.73251304,38.472030500000002
6830450,2015,2015-03-06,4905,2015-01-19,1046,SR492,10606,1,5,6,4905,0,0,0,,0,006,"SUMMERFIELD RD","MONTGOMERY DR",500.00,S,N,A,-,N,,,,,,,,,,Y,4,0,1,4,A,-,03,22350,,N,C,C,A,A,H,-,A,D,0,,,,,Y,,A,07,0,0,1,0,0,0,0,0,0,"- ","- ",,,SONOMA,"SANTA ROSA",-122.67216000000001,38.454940000000001
6830459,2015,2015-03-06,4905,2015-01-01,1518,SR408,10608,4,5,6,4905,0,0,0,,0,008,"PETALUMA HILL RD","WINTERHAVEN AV",100.00,N,N,A,-,N,,,,,,,,,,Y,4,0,1,2,A,-,04,21703,,M,C,C,A,A,H,-,A,D,0,,,,,Y,,A,07,0,0,1,0,0,0,0,0,0,"- ","- ",,,SONOMA,"SANTA ROSA",-122.70414583,38.409433929999999
6830466,2015,2015-03-06,4905,2015-01-23,1408,SR415,10604,5,5,6,4905,0,0,0,,0,004,"CALISTOGA RD","HOYAL DR",0.00,,Y,A,-,N,,,,,,,,,,Y,4,0,1,3,A,-,08,22107,,N,D,C,A,A,H,-,A,A,0,,,,,Y,,A,01,0,0,1,0,0,0,0,0,0,"- ","- ",,,SONOMA,"SANTA ROSA",-122.65819998000001,38.481809980000001
6830554,2015,2016-09-14,4905,2015-01-10,2232,SR5955,10601,6,5,6,4905,0,0,0,,0,001,"STEELE LN","RT 101",0.00,,Y,A,-,Y,SON,4,101,-,-,21.955,R,4,S,,3,0,3,2,A,-,01,23152,A,N,D,C,A,A,H,-,C,A,0,,,,,Y,Y,A,01,0,1,2,0,0,0,0,0,0,"- ",TO,38.460099999999997,-122.7268,SONOMA,"SANTA ROSA",-122.72657854000001,38.462947620000001
6830662,2015,2015-03-11,4905,2015-01-01,1920,SR452,10608,4,5,6,4905,0,0,0,,0,008,"SANTA ROSA AV","BURT ST",35.00,S,N,A,-,N,,,,,,,,,,Y,4,0,1,2,A,-,03,22350,,M,C,C,A,B,H,-,C,A,0,,,,,Y,,D,22,0,0,1,0,0,0,0,0,0,"- ","- ",,,SONOMA,"SANTA ROSA",-122.71352760000001,38.40958388
6830665,2014,2015-03-26,4905,2014-12-13,1844,SR460,10608,6,5,6,4905,0,0,0,,0,008,"SANTA ROSA AV","YOLANDA AV",0.00,,Y,B,-,N,,,,,,,,,,Y,4,0,1,4,A,-,12,21453,A,M,D,C,A,A,H,-,D,A,0,,,,,Y,,A,01,0,0,1,0,0,0,0,0,0,"- ","- ",,,SONOMA,"SANTA ROSA",-122.71353987000001,38.413209950000002
6830701,2015,2016-10-26,4905,2015-01-08,1259,SR452,10607,4,5,6,4905,0,0,0,,0,007,"RT 12","FULTON RD",0.00,,Y,A,-,Y,SON,4,12,-,R,12.940,I,5,W,Y,3,0,2,8,A,-,12,21453,A,N,D,C,A,A,H,-,A,A,0,,,,,Y,,A,01,0,1,1,0,0,0,0,0,0,"- ","- ",,,SONOMA,"SANTA ROSA",-122.76922003999999,38.427682500000003
6830713,2015,2015-03-10,4905,2015-01-07,1952,SR401,10607,3,5,6,4905,0,0,0,,0,007,"CORBY AV","BELLEVUE AV",128.00,N,N,A,-,N,,,,,,,,,,Y,4,0,1,1,A,-,01,23152,A,N,E,I,A,A,H,-,C,D,0,,,,,Y,Y,D,22,0,0,1,0,0,0,0,0,0,"- ","- ",,,SONOMA,"SANTA ROSA",-122.71807488,38.401860579999997
6831303,2015,2015-03-17,4905,2015-02-18,1522,SR8703,10608,3,5,6,4905,0,0,0,,0,008,"SANTA ROSA AV",SOUTHSIDE,250.00,S,N,A,-,N,,,,,,,,,,N,4,0,1,2,A,-,03,22350,,N,C,C,A,A,H,-,A,D,0,,,,,Y,,A,01,0,0,1,0,0,0,0,0,0,"- ","- ",,,SONOMA,"SANTA ROSA",,
6831328,2015,2016-05-02,4905,2015-01-14,1803,SR346,10602,3,5,6,4905,0,0,0,,0,002,"FOUNTAINGROVE PKWY","MENDOCINO AV",0.00,,Y,A,-,N,,,,,,,,,,Y,3,0,2,2,A,-,09,21453,C,N,A,C,A,A,H,-,C,A,0,,,,,Y,,D,22,0,2,0,0,0,0,0,0,0,"- ","- ",,,SONOMA,"SANTA ROSA",-122.7286699,38.474719880000002
6831332,2015,2015-03-17,4905,2015-02-02,1550,SR5959,10605,1,5,6,4905,0,0,0,,0,005,"WEST 9TH ST","NORTH DUTTON AV",0.00,,Y,A,-,N,,,,,,,,,,N,2,0,1,2,A,-,09,21801,A,N,A,C,A,A,H,-,A,A,0,,,Y,,Y,,D,22,1,0,0,0,0,0,0,0,1,"- ","- ",,,SONOMA,"SANTA ROSA",-122.72897998000001,38.441609970000002
6831348,2015,2016-10-26,4905,2015-02-04,1742,SR8705,10604,3,5,6,4905,0,0,0,,0,004,"RT 12","MIDDLE RINCON RD",100.00,E,N,B,-,Y,SON,4,12,-,-,19.460,H,-,W,N,4,0,1,3,A,-,03,22350,,N,C,C,A,A,H,-,B,A,0,,,,,Y,,D,22,0,0,1,0,0,0,0,0,0,"- ","- ",,,SONOMA,"SANTA ROSA",-122.66406348,38.464104210000002
6835428,2015,2016-09-07,9360,2015-02-08,2125,19681,,7,2,9,4900,0,1,2,,2,050,"RT 101","RAILROAD AV",5280.00,S,N,C,-,Y,SON,4,101,-,-,8.900,H,-,N,Y,3,0,1,1,A,-,03,22350,,N,E,I,A,B,H,-,D,D,1,,,,,Y,,A,01,0,1,0,0,0,0,0,0,0,"- ","- ",38.292589999999997,-122.6974,SONOMA,UNINCORPORATED,-122.68622898,38.284700399999998
6836032,2015,2015-03-12,4905,2015-02-04,0334,SR394,10604,3,5,6,4905,0,0,0,,0,004,"PARKHURST DR","CALISTOGA RD",50.00,W,N,A,-,N,,,,,,,,,,Y,3,0,1,2,A,-,01,23152,E,N,C,E,A,A,H,-,C,D,0,,,,,Y,,A,01,0,1,0,0,0,0,0,0,0,"- ","- ",,,SONOMA,"SANTA ROSA",-122.65588176,38.478261940000003
6836035,2015,2015-03-12,4905,2015-02-16,1749,SR8703,10602,1,5,6,4905,0,0,0,,0,002,"MENDOCINO AV","RUSSELL AV",10.00,S,N,A,-,N,,,,,,,,,,N,4,0,1,2,A,-,07,21658,A,N,B,G,A,A,H,-,A,D,0,,Y,,,Y,Y,L,04,0,0,1,0,0,0,1,0,0,"- ","- ",,,SONOMA,"SANTA ROSA",-122.72212225,38.46938634
6836036,2015,2015-03-12,4905,2015-02-08,1129,SR487,10602,7,5,6,4905,0,0,0,,0,002,"MENDOCINO O/C","SCHURMAN DR",1.00,S,N,C,-,N,,,,,,,,,,N,3,0,1,2,A,-,10,21950,A,N,G,B,B,B,H,-,A,A,0,Y,,,,Y,,A,01,0,1,0,0,1,0,0,0,0,"- ","- ",,,SONOMA,"SANTA ROSA",-122.718296,38.463126000000003
6836090,2015,2015-03-11,4905,2015-02-01,1517,SR401,10607,7,5,6,4905,0,0,0,,0,007,"HEARN AV","CORBY AV",100.00,W,N,A,-,N,,,,,,,,,,N,4,0,1,2,A,-,09,21801,A,N,D,C,A,A,H,-,A,D,0,,,,,Y,,A,01,0,0,1,0,0,0,0,0,0,"- ","- ",,,SONOMA,"SANTA ROSA",-122.71780275,38.414352280000003
6837869,2015,2015-03-20,4908,2015-02-21,2136,2675,5,6,5,5,4908,0,0,0,,0,003,"KENTUCKY ST","PROSPECT ST",300.00,N,N,A,-,N,,,,,,,,,,N,3,0,1,2,A,-,08,22107,,N,C,E,A,A,H,-,C,D,0,,,,,Y,,A,01,0,1,0,0,0,0,0,0,0,"- ","- ",,,SONOMA,PETALUMA,-122.64354624000001,38.237822489999999
6839711,2015,2015-03-19,4908,2015-02-26,0915,1543,11,4,5,5,4908,0,0,0,,0,004,"SONOMA MOUNTAIN  PKWY","CAMPUS CIR",314.00,S,N,A,-,N,,,,,,,,,,Y,4,0,1,2,A,-,03,22350,,N,C,C,A,A,H,-,A,A,0,,,,,Y,,A,01,0,0,1,0,0,0,0,0,0,"- ","- ",,,SONOMA,PETALUMA,-122.63664946,38.266438960000002
6840676,2015,2015-03-23,4908,2015-03-02,1151,2926,6,1,5,5,4908,0,0,0,,0,002,"EAST WASHINGTON ST","GREY ST",75.00,W,N,A,-,N,,,,,,,,,,N,4,0,1,2,A,-,03,22350,,N,C,C,A,A,H,-,A,D,0,,,,,Y,,A,07,0,0,1,0,0,0,0,0,0,"- ","- ",,,SONOMA,PETALUMA,-122.639206,38.236330000000002
6841712,2015,2016-10-20,9360,2015-02-25,0937,13838,,3,1,6,4905,0,1,2,,2,040,"RT 101","BAKER AV",139.00,S,N,A,-,Y,SON,4,101,-,-,18.927,R,2,S,Y,3,0,1,2,A,-,08,22107,,N,B,I,A,A,H,-,A,D,1,,,Y,,Y,,C,02,0,1,0,0,0,0,0,0,1,TO,"- ",38.251399999999997,-122.426,SONOMA,"SANTA ROSA",-122.71567333,38.420824969999998
6841735,2015,2016-09-07,9360,2015-03-03,1815,018828,,2,2,9,4900,0,1,2,,1,010,"RT 101","ASTI POST OFFICE RD",3168.00,N,N,A,-,Y,SON,4,101,-,-,48.440,H,-,S,Y,4,0,1,1,A,-,08,22107,,N,E,I,A,A,H,-,B,D,1,,,,Y,Y,,F,26,0,0,1,0,0,0,0,0,0,"- ","- ",38.762520000000002,-122.98638,SONOMA,UNINCORPORATED,-122.98417911999999,38.761624730000001
6841871,2015,2016-10-17,9360,2015-02-24,0815,13440,9360,2,1,9,4900,0,1,3,,1,053,"RT 116","GILCHRIST RD",528.00,E,N,A,-,Y,SON,4,116,-,-,32.420,H,-,W,Y,3,0,1,1,A,-,08,22107,,N,E,I,A,A,H,-,A,D,0,,,,,Y,,A,01,0,1,0,0,0,0,0,0,0,"- ","- ",38.40119,-122.87102,SONOMA,UNINCORPORATED,-122.75652198,38.342788949999999