CASE_ID,ACCIDENT_YEAR,PROC_DATE,JURIS,COLLISION_DATE,COLLISION_TIME,OFFICER_ID,REPORTING_DISTRICT,DAY_OF_WEEK,CHP_SHIFT,POPULATION,CNTY_CITY_LOC,SPECIAL_COND,BEAT_TYPE,CHP_BEAT_TYPE,CITY_DIVISION_LAPD,CHP_BEAT_CLASS,BEAT_NUMBER,PRIMARY_RD,SECONDARY_RD,DISTANCE,DIRECTION,INTERSECTION,WEATHER_1,WEATHER_2,STATE_HWY_IND,CALTRANS_COUNTY,CALTRANS_DISTRICT,STATE_ROUTE,ROUTE_SUFFIX,POSTMILE_PREFIX,POSTMILE,LOCATION_TYPE,RAMP_INTERSECTION,SIDE_OF_HWY,TOW_AWAY,COLLISION_SEVERITY,NUMBER_KILLED,NUMBER_INJURED,PARTY_COUNT,PRIMARY_COLL_FACTOR,PCF_CODE_OF_VIOL,PCF_VIOL_CATEGORY,PCF_VIOLATION,PCF_VIOL_SUBSECTION,HIT_AND_RUN,TYPE_OF_COLLISION,MVIW,PED_ACTION,ROAD_SURFACE,ROAD_COND_1,ROAD_COND_2,LIGHTING,CONTROL_DEVICE,CHP_ROAD_TYPE,PEDESTRIAN_ACCIDENT,BICYCLE_ACCIDENT,MOTORCYCLE_ACCIDENT,TRUCK_ACCIDENT,NOT_PRIVATE_PROPERTY,ALCOHOL_INVOLVED,STWD_VEHTYPE_AT_FAULT,CHP_VEHTYPE_AT_FAULT,COUNT_SEVERE_INJ,COUNT_VISIBLE_INJ,COUNT_COMPLAINT_PAIN,COUNT_PED_KILLED,COUNT_PED_INJURED,COUNT_BICYCLIST_KILLED,COUNT_BICYCLIST_INJURED,COUNT_MC_KILLED,COUNT_MC_INJURED,PRIMARY_RAMP,SECONDARY_RAMP,LATITUDE,LONGITUDE,COUNTY,CITY,POINT_X,POINT_Y
82409437,2024,2024-06-10,4905,2024-05-21,"650 ",1060284,,2,5,6,4905,0,0,0,,0,,"SEBASTOPOL RD","ROBERTS AV",0.00,,Y,A,-,N,,,,,,,,,,N,4,0,1,2,A,-,03,22350,,N,C,C,A,A,H,-,A,D,0,,,,,Y,,A,01,0,0,1,0,0,0,0,0,0,"- ","- ",,,SONOMA,"SANTA ROSA",-122.72280120849609,38.431186676025391
82409443,2024,2024-06-10,4905,2024-05-27,1019,1068927,,1,5,6,4905,0,0,0,,0,005,"3RD ST","BRITTAIN LN",0.00,,Y,A,-,N,,,,,,,,,,Y,4,0,2,2,A,-,03,22350,,N,C,C,A,A,H,-,A,D,0,,,,,Y,,A,01,0,0,2,0,0,0,0,0,0,"- ","- ",,,SONOMA,"SANTA ROSA",-122.7530517578125,38.435317993164062
82409630,2024,2024-06-10,4905,2024-05-03,1711,1060561,,5,5,6,4905,0,0,0,,0,004,"FOUNTAINGROVE PW","STAGECOACH RD",20.00,W,N,A,-,N,,,,,,,,,,N,3,0,1,2,A,-,03,22350,,F,C,C,A,A,H,-,A,A,0,,,,,Y,Y,A,01,0,1,0,0,0,0,0,0,0,"- ","- ",,,SONOMA,"SANTA ROSA",-122.71098327636719,38.486019134521484
82414535,2024,2024-06-14,4907,2024-05-10,2104,1103069,,5,5,2,4907,0,0,0,,0,,"HWY 12","RAMON ST",227.00,N,N,A,-,Y,,,,,,,,,,Y,4,0,3,4,A,-,01,23152,A,N,C,C,A,A,H,-,C,A,0,,,,,Y,Y,A,01,0,0,3,0,0,0,0,0,0,"- ","- ",,,SONOMA,SONOMA,-122.47516632080078,38.299129486083984
82414542,2024,2024-06-14,4907,2024-05-12,1447,1102865,,7,5,2,4907,0,0,0,,0,SO1,BROADWAY,"MACARTHUR ST",0.00,,Y,A,-,N,,,,,,,,,,N,3,0,2,1,C,-,18,,,N,F,A,A,A,H,-,A,A,0,,,Y,,Y,,-,"- ",0,2,0,0,0,0,0,0,2,"- ","- ",38.282539367675781,-122.46202087402344,SONOMA,SONOMA,-122.45896911621094,38.284748077392578
82415268,2024,2024-06-17,4905,2024-05-30,1550,1060541,,4,5,6,4905,0,0,0,,0,009,"SANTA ROSA AV","SOUTH A ST",0.00,,Y,A,-,N,,,,,,,,,,N,4,0,1,2,A,-,03,22350,,N,D,C,A,A,H,-,A,A,0,,,Y,,Y,,C,03,0,0,1,0,0,0,0,0,1,"- ","- ",,,SONOMA,"SANTA ROSA",-122.71128082275391,38.43145751953125
82415273,2024,2024-06-17,4905,2024-05-31,1533,1068926,,5,5,6,4905,0,0,0,,0,,"3RD ST","BROCKHURST DR",15.00,E,N,A,-,N,,,,,,,,,,N,3,0,4,3,A,-,03,22350,,N,C,C,A,A,H,-,A,A,0,,,,,Y,,A,01,0,1,3,0,0,0,0,0,0,"- ","- ",,,SONOMA,"SANTA ROSA",-122.74408721923828,38.433929443359375
82415282,2024,2024-06-17,4905,2024-06-03,1123,1060513,,1,5,6,4905,0,0,0,,0,002,"DEXTER ST","HUMBOLDT ST",15.00,E,N,A,-,N,,,,,,,,,,N,3,0,1,1,A,-,08,22107,,N,E,I,A,A,H,-,A,D,0,,,Y,,Y,,C,02,0,1,0,0,0,0,0,0,1,"- ","- ",,,SONOMA,"SANTA ROSA",-122.71419525146484,38.457279205322266
82419970,2024,2024-06-21,4905,2024-05-30,1706,1060550,,4,5,6,4905,0,0,0,,0,009,"COLLEGE AV","KING ST",0.00,,Y,A,-,N,,,,,,,,,,Y,2,0,1,2,A,-,09,21801,A,N,D,C,A,A,H,-,A,A,0,,,Y,,Y,Y,A,07,1,0,0,0,0,0,0,0,1,"- ","- ",,,SONOMA,"SANTA ROSA",-122.71087646484375,38.445472717285156
82419972,2024,2024-06-21,4905,2024-06-04,1550,1060550,,2,5,6,4905,0,0,0,,0,003,"PINERCREST DR","FRANCISCO AV",220.00,W,N,A,-,N,,,,,,,,,,N,2,0,1,2,A,-,03,22350,,F,D,C,A,A,H,-,A,D,0,,,,,Y,,D,22,1,0,0,0,0,0,0,0,0,"- ","- ",,,SONOMA,"SANTA ROSA",-122.76134490966797,38.469577789306641
82419973,2024,2024-06-21,4905,2024-06-06,1131,1060509,,4,5,6,4905,0,0,0,,0,003,"PINER RD","MARLOW RD",40.00,E,N,A,-,N,,,,,,,,,,Y,3,0,1,2,A,-,08,22107,,N,A,C,A,A,H,-,A,A,0,,,,,Y,,A,01,0,1,0,0,0,0,0,0,0,"- ","- ",,,SONOMA,"SANTA ROSA",-122.75103759765625,38.467109680175781
82426753,2024,2024-07-01,4905,2024-06-11,1642,1060474,,2,5,6,4905,0,0,0,,0,008,"PETALUMA HILL RD","YOLANDA AV",545.00,N,N,A,-,N,,,,,,,,,,Y,3,0,1,3,A,-,03,22350,,N,C,C,A,A,H,-,A,D,0,,,,,Y,,A,01,0,1,0,0,0,0,0,0,0,"- ","- ",,,SONOMA,"SANTA ROSA",-122.70429992675781,38.414745330810547
82431044,2024,2024-07-05,4905,2024-05-10,1640,1068708,,5,5,6,4905,0,0,0,,0,,"2300 SONOMA AV./CHASE BANK","FARMERS LN",30.00,E,N,A,-,N,,,,,,,,,,N,3,0,1,2,B,-,22,,,N,G,B,F,A,H,-,A,D,0,Y,,,,Y,,A,01,0,1,0,0,1,0,0,0,0,"- ","- ",,,SONOMA,"SANTA ROSA",-122.68759918212891,38.444545745849609
82431047,2024,2024-07-05,4905,2024-06-04,1722,1060474,,2,5,6,4905,0,0,0,,0,006,"YULUPA AV","BETHARDS DR",320.00,N,N,A,-,N,,,,,,,,,,N,3,0,1,2,A,-,09,21804,A,N,E,I,A,A,H,-,A,D,0,,,Y,,Y,,A,01,0,1,0,0,0,0,0,0,1,"- ","- ",,,SONOMA,"SANTA ROSA",-122.6676025390625,38.426738739013672
82431052,2024,2024-07-05,4905,2024-06-19,"755 ",1060561,,3,5,6,4905,0,0,0,,0,002,"BICENTENNIAL WY","RANGE AV",355.00,E,N,A,-,N,,,,,,,,,,N,3,0,1,2,A,-,03,22350,,N,C,C,A,A,H,-,A,D,0,,,,,Y,,D,22,0,1,0,0,0,0,0,0,0,"- ","- ",,,SONOMA,"SANTA ROSA",-122.73125457763672,38.470790863037109
82432152,2024,2024-07-08,4905,2024-06-08,1204,1068708,,6,5,6,4905,0,0,0,,0,003,"MARLOW RD","GUERNEVILLE RD",315.00,S,N,A,-,N,,,,,,,,,,Y,4,0,2,2,A,-,09,21804,A,N,D,C,A,A,H,-,A,D,0,,,,,Y,,A,01,0,0,2,0,0,0,0,0,0,"- ","- ",,,SONOMA,"SANTA ROSA",-122.75132751464844,38.451793670654297
82443140,2024,2024-07-19,4905,2024-07-03,1227,1068713,,3,5,6,4905,0,0,0,,0,003,"1915 FULTON RD","SAM DR",0.00,,Y,A,-,N,,,,,,,,,,N,4,0,1,2,A,-,04,21703,,N,C,C,A,A,D,-,A,D,0,,,,,Y,,A,01,0,0,1,0,0,0,0,0,0,"- ","- ",,,SONOMA,"SANTA ROSA",-122.76972961425781,38.468086242675781
82444437,2024,2024-07-22,4905,2024-07-10,1208,1068927,,3,5,6,4905,0,0,0,,0,006,"MONTGOMERY DR","FARMERS LN",0.00,,Y,A,-,N,,,,,,,,,,Y,3,0,1,2,A,-,09,21801,A,N,A,C,A,A,H,-,A,A,0,,,,,Y,,D,72,0,1,0,0,0,0,0,0,0,"- ","- ",,,SONOMA,"SANTA ROSA",-122.68804168701172,38.446540832519531
82508515,2024,2024-07-23,4904,2024-06-07,2055,1040561,,5,5,4,4904,0,0,0,,0,,"STATE FARM DR","ROHNERT PARK EXPY",73.00,S,N,A,-,N,,,,,,,,,,N,4,0,1,2,A,-,03,22350,,N,C,C,A,A,H,-,B,A,0,,,,,Y,,A,01,0,0,1,0,0,0,0,0,0,"- ","- ",38.348400115966797,-122.70603942871094,SONOMA,"ROHNERT PARK",-122.70601654052734,38.348171234130859
82700048,2024,2024-07-26,4905,2024-07-06,1055,1068920,,6,5,6,4905,0,0,0,,0,,"APPLETREE DR","FULTON RD",515.00,W,N,A,-,N,,,,,,,,,,N,3,0,1,2,A,-,08,22107,,F,G,B,E,A,H,-,A,D,0,Y,,,,Y,,-,99,0,1,0,0,1,0,0,0,0,"- ","- ",,,SONOMA,"SANTA ROSA",-122.77142333984375,38.455051422119141
82800270,2024,2024-07-29,4907,2024-07-10,"832 ",1102533,,3,5,2,4907,0,0,0,,0,,"NAPA RD",BROADWAY,20.00,E,N,A,-,N,,,,,,,,,,N,3,0,1,2,A,-,08,22100,A,N,B,C,A,A,H,-,A,A,0,,,,Y,Y,,A,01,0,1,0,0,0,0,0,0,0,"- ","- ",38.274330139160156,-122.46266937255859,SONOMA,SONOMA,-122.45774078369141,38.29193115234375
8281350,2016,2017-02-15,4904,2016-12-09,2053,466,,5,5,4,4904,0,0,0,,0,003,"CAMINO COLEGIO","CASA WY",0.00,,Y,A,-,N,,,,,,,,,,N,4,0,1,2,A,-,03,22350,,N,A,C,A,A,H,-,B,A,0,,,Y,,Y,,C,02,0,0,1,0,0,0,0,0,1,"- ","- ",38.336770000000001,-122.68988,SONOMA,"ROHNERT PARK",-122.68988997,38.336829889999997
8281976,2016,2017-01-26,4907,2016-12-30,1351,SD1922,10703,5,5,2,4907,0,0,0,,0,,"5TH ST WEST","W NAPA ST",0.00,,Y,A,-,N,,,,,,,,,,N,4,0,1,2,A,-,00,10740,,N,G,-,F,A,H,-,A,D,0,Y,Y,,,Y,,L,04,0,0,1,0,1,0,0,0,0,"- ","- ",,,SONOMA,SONOMA,-122.46806997,38.292919949999998
8281992,2016,2017-03-04,4900,2016-12-17,1241,SD2192,11101,6,5,3,4980,0,0,0,,0,WI1,"OLD REDWOOD HWY","LAKEWOOD DR",0.00,,Y,A,-,Y,SON,4,101,-,-,29.561,R,4,N,N,4,0,1,2,A,-,10,21950,A,N,G,B,B,A,H,-,A,A,0,Y,,,,Y,,A,07,0,0,1,0,1,0,0,0,0,"- ","- ",,,SONOMA,WINDSOR,-122.81031012,38.549430200000003
8283093,2016,2017-03-04,4906,2016-12-14,2207,445,4906,3,5,2,4906,0,0,0,,0,,"RT 116","TOCCHINI ST",10.00,N,N,C,-,Y,SON,4,116,-,-,25.370,I,5,W,N,4,0,1,2,A,-,08,22107,,N,B,C,A,B,H,-,C,A,0,,,,,Y,,-,,0,0,1,0,0,0,0,0,0,"- ","- ",38.409019999999998,-122.84048,SONOMA,SEBASTOPOL,-122.83997065,38.40891723
8284437,2016,2017-02-15,4908,2016-12-19,1853,2675,2,1,5,5,4908,0,0,0,,0,002,"LAKEVILLE ST","EAST D ST",20.00,E,N,A,-,N,,,,,,,,,,N,4,0,1,2,A,-,12,21453,A,N,D,C,A,A,H,-,A,A,0,,,Y,,Y,,C,02,0,0,1,0,0,0,0,0,1,"- ","- ",,,SONOMA,PETALUMA,-122.63394280999999,38.236928640000002
8289500,2017,2017-02-23,4908,2017-01-19,0854,3251,2,4,5,5,4908,0,0,0,,0,002,"EAST WASHINGTON ST","LAKEVILLE ST",0.00,,Y,A,-,N,,,,,,,,,,Y,4,0,1,2,A,-,12,21453,A,N,D,C,A,B,H,-,A,B,0,,,,Y,Y,,D,22,0,0,1,0,0,0,0,0,0,"- ","- ",38.23807,-122.63601,SONOMA,PETALUMA,-122.63600988,38.23805995
8289659,2017,2017-01-27,4908,2017-01-11,1336,2736,7,3,5,5,4908,0,0,0,,0,003,"CORONA RD","INDUSTRIAL AV",0.00,,Y,B,-,N,,,,,,,,,,Y,4,0,2,2,A,-,09,21801,A,N,D,C,A,A,H,-,A,D,0,,,,,Y,,A,01,0,0,2,0,0,0,0,0,0,"- ","- ",38.262149999999998,-122.66034000000001,SONOMA,PETALUMA,-122.66032998999999,38.262159949999997
8289913,2017,2017-02-02,4904,2017-01-03,0603,469,CENTR,2,5,4,4904,0,0,0,,0,002,"ROHNERT PARK EXPWY","STATE FARM DR",0.00,,Y,C,-,N,,,,,,,,,,N,4,0,1,2,A,-,03,22350,,N,C,C,A,B,H,-,C,A,0,,,,,Y,,D,22,0,0,1,0,0,0,0,0,0,"- ","- ",38.348399999999998,-122.70604,SONOMA,"ROHNERT PARK",-122.70600992,38.34852995
8289927,2016,2017-02-01,4904,2016-12-09,2248,483,,5,5,4,4904,0,0,0,,0,002,"REDWOOD DR","ROHNERT PARK EXPWY",27.00,W,N,C,-,N,,,,,,,,,,Y,4,0,2,2,A,-,03,22350,,N,D,C,A,B,H,-,C,A,0,,,,,Y,Y,A,07,0,0,2,0,0,0,0,0,0,"- ","- ",38.348460000000003,-122.71701,SONOMA,"ROHNERT PARK",-122.71689000000001,38.34843
8292006,2017,2017-01-25,4907,2017-01-12,1301,SD2360,10704,4,5,2,4907,0,0,0,,0,SO1,"2ND ST E","CHASE ST",0.00,,Y,B,-,N,,,,,,,,,,Y,4,0,2,2,A,-,09,21802,A,N,D,C,A,A,H,-,A,A,0,,,,,Y,,A,07,0,0,2,0,0,0,0,0,0,"- ","- ",,,SONOMA,SONOMA,-122.45526993,38.286169940000001
8292054,2017,2017-05-26,4900,2017-01-10,0931,SD2091,11101,2,5,3,4980,0,0,0,,0,WI1,"OLD REDWOOD HWY","3RD ST",0.00,,Y,C,-,N,,,,,,,,,,Y,4,0,2,2,A,-,09,21801,A,N,A,C,A,B,H,-,A,D,0,,,,,Y,,A,01,0,0,2,0,0,0,0,0,0,"- ","- ",,,SONOMA,WINDSOR,-122.80500991,38.545589919999998
8298434,2017,2017-02-16,4902,2017-01-19,1324,338,,4,5,2,4902,0,0,0,,0,,"OLD REDWOOD HWY","COMMERCE BL",0.00,,Y,A,-,N,,,,,,,,,,N,4,0,1,2,A,-,03,22350,,N,C,C,A,A,H,-,A,A,0,,,,,Y,,A,01,0,0,1,0,0,0,0,0,0,"- ","- ",,,SONOMA,COTATI,-122.71179998,38.33240997
8300104,2017,2017-02-03,4907,2017-01-20,0824,SD1440,10703,5,5,2,4907,0,0,0,,0,SO1,"2ND ST WEST","W NAPA",0.00,,Y,B,-,N,,,,,,,,,,N,4,0,1,2,A,-,03,22350,,N,C,C,A,B,H,-,A,A,0,,,,,Y,,A,01,0,0,1,0,0,0,0,0,0,"- ","- ",,,SONOMA,SONOMA,-122.4612399,38.292239950000003
8302016,2017,2017-02-15,4904,2017-01-22,1035,485,,7,5,4,4904,0,0,0,,0,,"EAST COTATI AV","ROMAN DR",200.00,W,N,A,-,N,,,,,,,,,,Y,4,0,2,2,A,-,07,21658,A,N,C,C,A,A,H,-,A,D,0,,,,,Y,,A,01,0,0,2,0,0,0,0,0,0,"- ","- ",38.336269999999999,-122.68182,SONOMA,"ROHNERT PARK",-122.68233752,38.336179999999999
8302890,2017,2017-02-02,4902,2017-01-24,1235,334,SONOM,2,5,2,4902,0,0,0,,0,,"REDWOOD DR","RT 116",280.00,N,N,A,-,N,,,,,,,,,,N,4,0,1,3,A,-,03,22350,,N,C,C,A,A,H,-,A,A,0,,,,,Y,,A,01,0,0,1,0,0,0,0,0,0,"- ","- ",,,SONOMA,COTATI,-122.99608164,38.480469999999997
8306236,2017,2017-03-01,4902,2017-02-12,1508,334,SONOM,7,5,2,4902,0,0,0,,0,,"EAST COTATI AV","CHARLES ST",52.00,W,N,A,-,N,,,,,,,,,,Y,4,0,1,2,A,-,03,22350,,N,C,C,A,A,H,-,A,D,0,,,,,Y,,A,01,0,0,1,0,0,0,0,0,0,"- ","- ",,,SONOMA,COTATI,-122.7041706,38.326927179999998
8308349,2016,2017-02-16,4908,2016-12-28,1606,2747,2,3,5,5,4908,0,0,0,,0,004,"LAKEVILLE ST","WEST CT",250.00,W,N,A,-,N,,,,,,,,,,N,4,0,1,2,A,-,03,22350,,N,C,C,A,A,H,-,A,D,0,,,,,Y,,A,01,0,0,1,0,0,0,0,0,0,"- ","- ",,,SONOMA,PETALUMA,,
8309623,2017,2017-02-27,4908,2017-02-07,0821,849,14,2,5,5,4908,0,0,0,,0,001,"SOUTH MCDOWELL BL","BERRYDALE DR",100.00,N,N,C,-,N,,,,,,,,,,Y,4,0,2,4,A,-,03,22350,,N,C,C,A,B,H,-,A,D,0,,,,,Y,,A,07,0,0,2,0,0,0,0,0,0,"- ","- ",38.241779999999999,-122.61255,SONOMA,PETALUMA,-122.61287403,38.241889
83097235,2024,2024-08-01,4904,2024-05-03,"828 ",1040615,,5,5,4,4904,0,0,0,,0,003,"SNYDER LN","JASMINE CIR",329.00,S,N,A,-,N,,,,,,,,,,N,2,0,1,2,A,-,10,21950,A,F,G,B,B,A,H,-,A,A,0,Y,,,,Y,,A,01,1,0,0,0,1,0,0,0,0,"- ","- ",38.344570159912109,-122.68553161621094,SONOMA,"ROHNERT PARK",-122.68549346923828,38.343475341796875
8313274,2017,2017-05-26,4900,2017-02-06,1635,SD1894,11101,1,5,3,4980,0,0,0,,0,WI1,"BROOKS RD SOUTH","LAKEWOOD DR",31.00,N,N,C,-,N,,,,,,,,,,Y,3,0,1,2,A,-,12,21453,A,N,-,C,A,B,H,-,A,A,0,,,,,Y,,A,01,0,1,0,0,0,0,0,0,0,"- ","- ",,,SONOMA,WINDSOR,-122.80635611,38.547890649999999
8314083,2017,2017-03-07,4905,2017-02-07,1506,SR474,10602,2,5,6,4905,0,0,0,,0,002,"CHANATE RD","MENDOCINO AV",160.00,E,N,B,-,N,,,,,,,,,,Y,4,0,1,2,A,-,03,22350,,N,C,C,A,A,H,-,A,D,0,,,,,Y,,A,08,0,0,1,0,0,0,0,0,0,"- ","- ",,,SONOMA,"SANTA ROSA",-122.71887954,38.465255110000001
8314084,2017,2017-03-10,4905,2017-01-21,2230,SR519,10604,6,5,6,4905,0,0,0,,0,004,"CALISTOGA RD","MONTE VERDE DR",194.00,N,N,B,C,N,,,,,,,,,,N,4,0,1,2,A,-,11,21954,A,N,G,B,E,B,H,-,C,D,0,Y,,,,Y,Y,N,60,0,0,1,0,1,0,0,0,0,"- ","- ",,,SONOMA,"SANTA ROSA",-122.65430522,38.472630420000002
8314087,2017,2017-06-27,4905,2017-02-03,1741,SR473,10601,5,5,6,4905,0,0,0,,0,001,"WEST STEELE LN","RT 101",10.00,W,N,C,-,Y,SON,4,101,-,-,21.558,R,4,S,N,4,0,1,2,A,-,03,22350,,M,C,C,A,B,H,-,B,A,0,,,,,Y,,D,22,0,0,1,0,0,0,0,0,0,"- ",SO,,,SONOMA,"SANTA ROSA",-122.72614367,38.457049089999998
8314111,2016,2017-03-15,4905,2016-12-24,1208,SR518,10609,6,5,6,4905,0,0,0,,0,009,"COLLEGE AV","CLEVELAND AV",0.00,,Y,A,-,N,,,,,,,,,,Y,4,0,1,2,A,-,03,22350,,M,C,C,A,A,H,-,A,A,0,,,,,Y,,A,01,0,0,1,0,0,0,0,0,0,"- ","- ",,,SONOMA,"SANTA ROSA",-122.72662996,38.445889909999998
8314122,2017,2017-03-10,4905,2017-01-22,0944,SR418,10608,7,5,6,4905,0,0,0,,0,008,"BENNETT VALLEY RD","SOUTH E ST",0.00,,Y,B,-,N,,,,,,,,,,N,3,0,2,2,A,-,03,22350,,N,D,C,A,B,H,-,A,A,0,,,,,Y,,A,01,0,1,1,0,0,0,0,0,0,"- ","- ",,,SONOMA,"SANTA ROSA",-122.70443988,38.432359920000003
8314123,2017,2017-03-07,4905,2017-02-10,1800,SR8707,10601,5,5,6,4905,0,0,0,,0,001,"CLEVELAND AV","PINER RD",0.00,,Y,C,-,N,,,,,,,,,,Y,3,0,3,2,A,-,17,21451,A,N,D,C,A,B,H,-,C,A,0,,,,,Y,,A,01,0,1,2,0,0,0,0,0,0,"- ","- ",,,SONOMA,"SANTA ROSA",-122.73072000000001,38.472479970000002
8314131,2017,2017-03-07,4905,2017-02-08,1731,SR474,10607,3,5,6,4905,0,0,0,,0,007,"STONY POINT RD","GIFFEN AV",10.00,S,N,B,-,N,,,,,,,,,,Y,4,0,2,2,A,-,03,22350,,N,C,C,A,B,H,-,B,D,0,,,,,Y,,D,22,0,0,2,0,0,0,0,0,0,"- ","- ",,,SONOMA,"SANTA ROSA",-122.74017746,38.418082599999998
8314133,2017,2017-03-10,4905,2017-01-06,1517,SR8920,10607,5,5,6,4905,0,0,0,,0,007,"HEARN AV","DUTTON AV",213.00,W,N,B,-,N,,,,,,,,,,N,4,0,1,2,A,-,03,22350,,N,C,C,A,A,H,-,A,A,0,,,,,Y,,A,01,0,0,1,0,0,0,0,0,0,"- ","- ",,,SONOMA,"SANTA ROSA",-122.73003355,38.414230089999997
8314142,2017,2017-03-10,4905,2017-01-27,1445,SR418,10608,5,5,6,4905,0,0,0,,0,008,"SANTA ROSA AV","BAKER AV",30.00,N,N,A,-,N,,,,,,,,,,N,4,0,1,3,A,-,03,22350,,N,C,C,A,A,H,-,A,A,0,,,,,Y,,D,22,0,0,1,0,0,0,0,0,0,"- ","- ",,,SONOMA,"SANTA ROSA",-122.71355,38.421252410000001
8314147,2017,2017-03-07,4905,2017-02-03,1236,SR526,10603,5,5,6,4905,0,0,0,,0,003,"FULTON RD","GUERNEVILLE RD",20.00,S,N,C,-,N,,,,,,,,,,N,4,0,1,2,A,-,03,22350,,N,B,C,A,B,H,-,A,A,0,,,,,Y,,A,01,0,0,1,0,0,0,0,0,0,"- ","- ",,,SONOMA,"SANTA ROSA",-122.76963000000001,38.452495059999997
8314159,2017,2017-03-07,4905,2017-02-16,0742,SR413,10602,4,5,6,4905,0,0,0,,0,002,"PACIFIC AV","HUMBOLDT ST",125.00,W,N,B,-,N,,,,,,,,,,Y,4,0,1,3,C,-,18,,,N,B,E,A,B,H,-,A,D,0,,,,Y,Y,,-,"- ",0,0,1,0,0,0,0,0,0,"- ","- ",,,SONOMA,"SANTA ROSA",-122.71484647,38.453299770000001
8314228,2016,2017-03-14,4905,2016-12-01,1927,SR473,10602,4,5,6,4905,0,0,0,,0,002,"HUMBOLDT ST","PACIFIC AV",0.00,,Y,A,-,N,,,,,,,,,,N,3,0,1,2,A,-,12,21453,A,N,D,G,A,A,H,-,C,A,0,,Y,,,Y,,L,04,0,1,0,0,0,0,1,0,0,"- ","- ",,,SONOMA,"SANTA ROSA",-122.71440994,38.45328997
8314508,2017,2017-06-27,4904,2017-02-12,1840,498,,7,5,4,4904,0,0,0,,0,002,"ROHNERT PARK EXPWY","RT 101",0.00,,Y,A,-,Y,SON,4,101,-,-,13.712,R,4,N,N,4,0,1,2,A,-,08,22107,,N,D,C,A,A,H,-,C,A,0,,,,,Y,,A,01,0,0,1,0,0,0,0,0,0,"- ",SO,38.348480000000002,-122.71484,SONOMA,"ROHNERT PARK",-122.7128884,38.346011849999996
8314511,2017,2017-03-09,4904,2017-01-23,1700,437,,1,5,4,4904,0,0,0,,0,,"COUNTRY CLUB DR","COPELAND CREEK DR",296.00,N,N,A,-,N,,,,,,,,,,N,4,0,1,3,A,-,03,22350,,N,C,C,A,A,H,-,A,D,0,,,,,Y,,D,22,0,0,1,0,0,0,0,0,0,"- ","- ",38.343940000000003,-122.69583,SONOMA,"ROHNERT PARK",-122.69612382,38.344614049999997
8314645,2017,2017-03-14,4904,2017-01-27,1315,491,,5,5,4,4904,0,0,0,,0,,"SNYDER LN","COMINO CORTO",15.00,S,N,A,-,N,,,,,,,,,,N,4,0,1,2,A,-,04,21703,,N,C,C,A,A,H,-,A,A,0,,,,,Y,,A,01,0,0,1,0,0,0,0,0,0,"- ","- ",,,SONOMA,"ROHNERT PARK",-122.68547863000001,38.34152881
8314973,2016,2017-05-22,4905,2016-11-14,0942,SR8911,,1,5,6,4905,0,0,0,,0,004,"BOAS DR","RT 12",0.00,,Y,A,-,Y,SON,4,12,-,-,19.830,I,6,W,N,4,0,1,2,A,-,10,21950,A,N,G,B,B,A,H,-,A,A,0,Y,,,,Y,,A,01,0,0,1,0,1,0,0,0,0,"- ","- ",,,SONOMA,"SANTA ROSA",-122.65784133,38.46505698
8314986,2016,2017-03-10,4905,2016-11-16,1644,SR422,,3,5,6,4905,0,0,0,,0,002,"COLLEGE AV","MONROE ST",30.00,E,N,A,-,N,,,,,,,,,,N,4,0,3,3,A,-,03,22350,,N,C,C,A,A,H,-,A,D,0,,,,,Y,,A,07,0,0,3,0,0,0,0,0,0,"- ","- ",,,SONOMA,"SANTA ROSA",-122.70542761999999,38.44530245
8315903,2017,2017-03-07,4904,2017-02-19,2106,367,,7,5,4,4904,0,0,0,,0,003,"LANCASTER DR","LIMAN WY",0.00,,Y,B,C,N,,,,,,,,,,Y,3,0,1,3,A,-,01,23152,A,N,D,E,A,B,H,-,C,A,0,,,,,Y,Y,A,01,0,1,0,0,0,0,0,0,0,"- ","- ",38.326419999999999,-122.69173000000001,SONOMA,"ROHNERT PARK",-122.69167991,38.326429959999999
8316055,2016,2017-03-24,4905,2016-12-15,2222,SR523,10606,4,5,6,4905,0,0,0,,0,006,"FARMERS LN","MONTGOMERY DR",0.00,,Y,B,C,N,,,,,,,,,,Y,2,0,1,2,A,-,10,21950,C,N,G,B,B,B,H,-,C,A,0,Y,,,,Y,,A,01,1,0,0,0,1,0,0,0,0,"- ","- ",,,SONOMA,"SANTA ROSA",-122.68803997000001,38.446539899999998
8316075,2016,2017-03-10,4905,2016-12-07,1229,SR8911,10602,3,5,6,4905,0,0,0,,0,002,"RIDGWAY DR","MENDOCINO AV",200.00,W,N,B,-,N,,,,,,,,,,Y,4,0,1,2,A,-,09,21801,A,N,H,A,A,A,H,-,A,D,0,,,Y,,Y,,A,01,0,0,1,0,0,0,0,0,1,"- ","- ",,,SONOMA,"SANTA ROSA",-122.71826548,38.450063960000001
8316576,2017,2018-01-10,4906,2017-02-08,1452,407,4906,3,5,2,4906,0,0,0,,0,,"RT 116","PALM AV",60.00,N,N,A,-,Y,SON,4,116,-,R,27.330,I,5,E,N,4,0,1,3,A,-,03,22350,,N,C,C,A,A,H,-,A,D,0,,,,,Y,,D,82,0,0,1,0,0,0,0,0,0,"- ","- ",,,SONOMA,SEBASTOPOL,-122.81884712999999,38.394316150000002
8317016,2017,2017-03-02,4903,2017-02-19,0806,1165,3,7,5,3,4903,0,0,0,,0,,"CENTER ST","CENTER ST 434",0.00,,N,C,-,N,,,,,,,,,,N,2,0,1,2,A,-,03,22350,,N,G,B,F,B,H,-,A,D,0,Y,,,,Y,,A,08,1,0,0,0,1,0,0,0,0,"- ","- ",38.634700000000002,-122.86947000000001,SONOMA,HEALDSBURG,-122.870209,38.613446000000003
8318542,2017,2017-05-31,4903,2017-02-03,1356,1384,3,5,5,3,4903,0,0,0,,0,,"HEALDSBURG AV","MATHESON ST",325.00,S,N,C,-,N,,,,,,,,,,N,3,0,1,2,A,-,09,21804,A,N,G,B,C,B,H,-,A,D,0,Y,,,,Y,,A,01,0,1,0,0,1,0,0,0,0,"- ","- ",38.609580000000001,-122.87027,SONOMA,HEALDSBURG,-122.87029869,38.609477589999997