CASE_ID,ACCIDENT_YEAR,PROC_DATE,JURIS,COLLISION_DATE,COLLISION_TIME,OFFICER_ID,REPORTING_DISTRICT,DAY_OF_WEEK,CHP_SHIFT,POPULATION,CNTY_CITY_LOC,SPECIAL_COND,BEAT_TYPE,CHP_BEAT_TYPE,CITY_DIVISION_LAPD,CHP_BEAT_CLASS,BEAT_NUMBER,PRIMARY_RD,SECONDARY_RD,DISTANCE,DIRECTION,INTERSECTION,WEATHER_1,WEATHER_2,STATE_HWY_IND,CALTRANS_COUNTY,CALTRANS_DISTRICT,STATE_ROUTE,ROUTE_SUFFIX,POSTMILE_PREFIX,POSTMILE,LOCATION_TYPE,RAMP_INTERSECTION,SIDE_OF_HWY,TOW_AWAY,COLLISION_SEVERITY,NUMBER_KILLED,NUMBER_INJURED,PARTY_COUNT,PRIMARY_COLL_FACTOR,PCF_CODE_OF_VIOL,PCF_VIOL_CATEGORY,PCF_VIOLATION,PCF_VIOL_SUBSECTION,HIT_AND_RUN,TYPE_OF_COLLISION,MVIW,PED_ACTION,ROAD_SURFACE,ROAD_COND_1,ROAD_COND_2,LIGHTING,CONTROL_DEVICE,CHP_ROAD_TYPE,PEDESTRIAN_ACCIDENT,BICYCLE_ACCIDENT,MOTORCYCLE_ACCIDENT,TRUCK_ACCIDENT,NOT_PRIVATE_PROPERTY,ALCOHOL_INVOLVED,STWD_VEHTYPE_AT_FAULT,CHP_VEHTYPE_AT_FAULT,COUNT_SEVERE_INJ,COUNT_VISIBLE_INJ,COUNT_COMPLAINT_PAIN,COUNT_PED_KILLED,COUNT_PED_INJURED,COUNT_BICYCLIST_KILLED,COUNT_BICYCLIST_INJURED,COUNT_MC_KILLED,COUNT_MC_INJURED,PRIMARY_RAMP,SECONDARY_RAMP,LATITUDE,LONGITUDE,COUNTY,CITY,POINT_X,POINT_Y
8477258,2017,2017-10-24,4908,2017-09-30,1741,2939,6,6,5,5,4908,0,0,0,,0,003,"LAKEVILLE ST","MADISON ST",110.00,W,N,A,-,N,,,,,,,,,,N,3,0,1,1,A,-,03,22350,,N,H,G,A,A,H,-,A,D,0,,Y,,,Y,,L,04,0,1,0,0,0,0,1,0,0,"- ","- ",38.239649999999997,-122.63896,SONOMA,PETALUMA,-122.63926877999999,38.23985433
84792533,2025,2025-08-07,4907,2025-07-17,1634,1102768,,4,5,2,4907,0,0,0,,0,,BROADWAY,"MACARTHUR ST",0.00,,Y,A,-,N,,,,,,,,,,N,3,0,1,2,A,-,12,21453,A,N,D,G,A,A,H,-,A,A,0,,Y,,,Y,,L,04,0,1,0,0,0,0,1,0,0,"- ","- ",38.282539367675781,-122.46202087402344,SONOMA,SONOMA,-122.45896911621094,38.284748077392578
84806029,2025,2025-08-18,4907,2025-08-05,1559,1102499,,2,5,2,4907,0,0,0,,0,,"NAPA ST","7TH ST W",132.00,W,N,A,-,N,,,,,,,,,,N,4,0,2,3,A,-,04,21703,,N,C,C,A,A,H,-,A,A,0,,,,,Y,,A,01,0,0,2,0,0,0,0,0,0,"- ","- ",38.291851043701172,-122.47393798828125,SONOMA,SONOMA,-122.47224426269531,38.293331146240234
8481536,2017,2017-11-17,4908,2017-10-17,1817,2939,13,2,5,5,4908,0,0,0,,0,001,"WILLIAMS DR","LINDBERG LN",175.00,N,N,A,-,N,,,,,,,,,,N,2,0,1,1,C,-,18,,,N,H,A,A,A,H,-,A,D,0,,,,,Y,,-,"- ",1,0,0,0,0,0,0,0,0,"- ","- ",38.244010000000003,-122.6182,SONOMA,PETALUMA,-122.61869686999999,38.244288470000001
8481720,2017,2018-06-28,4907,2017-10-05,1629,SD2251,,4,5,2,4907,0,0,0,,0,SO1,BROADWAY,"NEWCOMB ST",311.00,S,N,A,-,Y,SON,4,12,-,-,38.260,H,-,E,N,3,0,1,2,A,-,05,21650,1,N,D,G,A,A,H,-,A,D,0,,Y,,,Y,,L,04,0,1,0,0,0,0,1,0,0,"- ","- ",,,SONOMA,SONOMA,-122.45940443000001,38.282005679999997
84823935,2025,2025-09-01,4904,2025-04-21,1438,1040631,,1,5,4,4904,0,0,0,,0,002,"COMMERCE BLVD","ROHNERT PARK EXPY",484.00,S,N,A,-,N,,,,,,,,,,Y,4,0,1,2,A,-,09,21801,A,N,D,C,A,A,H,-,A,D,0,,,,,Y,,D,22,0,0,1,0,0,0,0,0,0,"- ","- ",38.348220825195312,-122.70942687988281,SONOMA,"ROHNERT PARK",-122.70955657958984,38.347202301025391
8483346,2017,2017-11-14,4903,2017-09-23,1905,1434,2,6,5,3,4903,0,0,0,,0,,"HEALDSBURG AV","EXCHANGE AV",353.00,N,N,A,-,N,,,,,,,,,,Y,2,0,1,2,A,-,00,23123,A,N,C,C,A,A,H,-,B,D,0,,,,,Y,,A,01,1,0,0,0,0,0,0,0,0,"- ","- ",38.605899999999998,-122.86926,SONOMA,HEALDSBURG,-122.8690004,38.605939290000002
84844055,2025,2025-09-15,4913,2025-08-20,"751 ",1103058,,3,5,3,4980,0,0,0,,0,,"DECANTER CI","CORK ST",195.00,S,N,A,-,N,,,,,,,,,,N,3,0,1,2,A,-,05,21651,B,N,G,B,E,A,H,-,A,A,0,Y,,,,Y,,A,01,0,1,0,0,1,0,0,0,0,"- ","- ",38.537578582763672,-122.81685638427734,SONOMA,WINDSOR,-122.81708526611328,38.537086486816406
84845517,2025,2025-09-16,4907,2025-08-25,1622,1102499,,1,5,2,4907,0,0,0,,0,,"HWY 12","LYON ST",0.00,,Y,A,-,Y,,,,,,,,,,N,4,0,3,2,A,-,04,21703,,N,C,C,A,A,H,-,A,D,0,,,,,Y,,A,01,0,0,3,0,0,0,0,0,0,"- ","- ",38.295219421386719,-122.47760772705078,SONOMA,SONOMA,-122.47550964355469,38.296646118164062
8485307,2017,2017-12-19,4908,2017-11-08,1600,2747,10,3,5,5,4908,0,0,0,,0,004,"NORTH MCDOWELL BL","EAST WASHINGTON ST",0.00,,Y,C,-,N,,,,,,,,,,N,4,0,1,2,A,-,05,21650,1,F,D,G,A,B,H,-,C,A,0,,Y,,,Y,,L,04,0,0,1,0,0,0,1,0,0,"- ","- ",38.249180000000003,-122.62573999999999,SONOMA,PETALUMA,-122.62583992,38.249189940000001
84859009,2025,2025-09-25,4913,2025-08-20,"912 ",1102907,,3,5,3,4980,0,0,0,,0,008,"7590 CONDE LN, WINDSOR","MITCHELL LN",295.00,S,N,A,-,N,,,,,,,,,,N,3,0,1,2,A,-,09,21801,A,N,D,C,A,A,H,-,A,D,0,,,,Y,Y,,F,26,0,1,0,0,0,0,0,0,0,"- ","- ",,,SONOMA,WINDSOR,-122.81671905517578,38.5318603515625
84862331,2025,2025-09-29,4902,2025-09-06,1119,105364,,6,5,2,4902,0,0,0,,0,,"OLD REDWOOD HWY","GRAVENSTEIN WAY",0.00,,Y,A,-,N,,,,,,,,,,N,3,0,1,2,A,-,09,21801,A,N,B,C,A,A,H,-,A,A,0,,,,Y,Y,,-,"- ",0,1,0,0,0,0,0,0,0,"- ","- ",,,SONOMA,COTATI,-122.71054840087891,38.331188201904297
84865292,2025,2025-09-30,4904,2025-08-11,1120,1040642,,1,5,4,4904,0,0,0,,0,001,"SNYDER LN","CIRCULO GRANDE",46.00,N,N,A,-,N,,,,,,,,,,Y,2,0,1,2,A,-,03,22350,,N,C,C,A,A,H,-,A,A,0,,,Y,,Y,,C,02,1,0,0,0,0,0,0,0,1,"- ","- ",38.352901458740234,-122.68562316894531,SONOMA,"ROHNERT PARK",-122.68570709228516,38.352817535400391
84865293,2025,2025-09-30,4904,2025-08-13,1531,1040642,,3,5,4,4904,0,0,0,,0,002,"SB ROHNERT PARK EX OFFRAMP","ROHNERT PARK EXPY",5.00,N,N,A,-,N,,,,,,,,,,N,2,0,1,2,A,-,10,21950,A,N,G,B,B,A,H,-,A,A,0,Y,,,,Y,,A,01,1,0,0,0,1,0,0,0,0,"- ","- ",38.348480224609375,-122.71484375,SONOMA,"ROHNERT PARK",-122.71482849121094,38.348453521728516
8486693,2017,2017-11-29,4904,2017-10-25,1755,501,SONOM,3,5,4,4904,0,0,0,,0,002,"GOLF COURSE DR","REDWOOD DR",210.00,W,N,A,-,N,,,,,,,,,,N,4,0,1,2,A,-,08,22107,,N,D,C,A,A,H,-,A,D,0,,,,,Y,,A,01,0,0,1,0,0,0,0,0,0,"- ","- ",,,SONOMA,"ROHNERT PARK",-122.71587267,38.36327
84878689,2025,2025-10-09,4904,2025-09-25,1533,1040610,,4,5,4,4904,0,0,0,,0,,"ROHNERT PARK EXPY","ROHNERT PARK EX S OFFRAMP",0.00,,Y,A,-,Y,,,,,,,,,,Y,4,0,2,2,A,-,12,21453,A,N,D,C,A,A,H,-,A,A,0,,,,,Y,,B,01,0,0,2,0,0,0,0,0,0,"- ","- ",,,SONOMA,"ROHNERT PARK",-122.71482849121094,38.348442077636719
8488004,2017,2017-11-15,4908,2017-10-08,2200,3189,3,7,5,5,4908,0,0,0,,0,002,"I ST","GRANT AV",5.00,W,N,A,-,N,,,,,,,,,,Y,4,0,2,1,A,-,03,22350,,N,E,I,A,A,H,-,C,A,0,,,,,Y,,A,01,0,0,2,0,0,0,0,0,0,"- ","- ",38.221029999999999,-122.63308000000001,SONOMA,PETALUMA,-122.63306612,38.221042859999997
8488012,2017,2017-11-15,4908,2017-10-25,1921,2939,5,3,5,5,4908,0,0,0,,0,003,"PETALLUMA BLVD N","CHERRY ST",0.00,,Y,A,-,N,,,,,,,,,,Y,3,0,1,2,A,-,09,21802,A,N,B,C,A,A,H,-,C,A,0,,,Y,,Y,,A,01,0,1,0,0,0,0,0,0,1,"- ","- ",38.242910000000002,-122.64415,SONOMA,PETALUMA,-122.6441899,38.242919970000003
84884712,2025,2025-10-14,4904,2025-09-15,1353,1040610,,1,5,4,4904,0,0,0,,0,003,"COMMERCE BLVD","ENTERPRISE DR",48.00,S,N,A,-,N,,,,,,,,,,Y,2,0,1,2,A,-,03,22350,,N,C,C,A,A,H,-,A,A,0,,,,,Y,,A,01,1,0,0,0,0,0,0,0,0,"- ","- ",38.344718933105469,-122.71183013916016,SONOMA,"ROHNERT PARK",-122.71200561523438,38.344741821289062
84888436,2025,2025-10-16,4904,2025-09-06,1655,1040620,,6,5,4,4904,0,0,0,,0,002,"COMMERCE BLVD","HUNTER DR",36.00,S,N,A,-,N,,,,,,,,,,N,4,0,1,2,A,-,17,21235,G,N,D,C,A,A,H,-,A,A,0,,,Y,,Y,,C,03,0,0,1,0,0,0,0,0,1,"- ","- ",38.346088409423828,-122.70995330810547,SONOMA,"ROHNERT PARK",-122.71000671386719,38.345935821533203
8489049,2017,2017-12-29,4904,2017-10-25,0840,368,4904,3,5,4,4904,0,0,0,,0,003,"CAMINO CORTO","SNYDER LN",25.00,W,N,A,-,N,,,,,,,,,,N,4,0,2,3,A,-,21,22106,,N,C,C,A,A,H,-,A,A,0,,,,,Y,,A,01,0,0,2,0,0,0,0,0,0,"- ","- ",38.341650000000001,-122.68552,SONOMA,"ROHNERT PARK",-122.68556718000001,38.341568649999999
84900218,2025,2025-10-24,4902,2025-10-05,"616 ",105361,,7,5,2,4902,0,0,0,,0,,"OLD REDWOOD HWY","HENRY ST",172.00,S,N,A,-,N,,,,,,,,,,Y,4,0,1,1,A,-,08,22107,,N,E,I,A,A,H,-,C,D,0,,,,,Y,,A,01,0,0,1,0,0,0,0,0,0,"- ","- ",,,SONOMA,COTATI,-122.70478057861328,38.3248291015625
8491992,2017,2018-05-21,4906,2017-08-02,1428,467,4906,3,5,2,4906,0,0,0,,0,,"RT 116","WALLACE ST",186.00,S,N,A,-,Y,SON,4,116,-,-,26.560,H,-,E,N,3,0,1,3,A,-,03,22350,,N,C,C,A,A,H,-,A,A,0,,,,,Y,,A,01,0,1,0,0,0,0,0,0,0,"- ","- ",38.404339999999998,-122.82547,SONOMA,SEBASTOPOL,-122.82563351,38.404402070000003
8492000,2017,2018-05-17,4906,2017-08-13,1455,462,4906,7,5,2,4906,0,0,0,,0,,"BODEGA AV","DUTTON AV",0.00,,Y,A,-,N,,,,,,,,,,N,4,0,1,2,A,-,03,22350,,F,C,-,A,A,H,-,A,A,0,,,,,Y,,D,22,0,0,1,0,0,0,0,0,0,"- ","- ",38.29824,-122.83485,SONOMA,SEBASTOPOL,-122.82801990999999,38.400279939999997
8492345,2017,2017-11-29,4908,2017-10-28,1808,3192,5,6,5,5,4908,0,0,0,,0,003,"PETALLUMA BLVD N","SYCAMORE LN",100.00,S,N,A,-,N,,,,,,,,,,Y,4,0,5,3,A,-,03,22350,,N,C,C,A,A,H,-,B,A,0,,,,,Y,Y,A,01,0,0,5,0,0,0,0,0,0,"- ","- ",38.246589999999998,-122.64521999999999,SONOMA,PETALUMA,-122.64515208,38.246332270000003
8493185,2017,2018-07-06,4906,2017-08-23,1534,467,4906,3,5,2,4906,0,0,0,,0,,"SEBASTOPOL AV","BARNES AV",104.00,E,N,A,-,Y,SON,4,12,-,-,9.340,H,-,E,N,3,0,1,3,A,-,15,26453,,N,C,C,A,A,H,-,A,A,0,,,,,Y,,A,01,0,1,0,0,0,0,0,0,0,"- ","- ",38.402070000000002,-122.82153,SONOMA,SEBASTOPOL,-122.82238421,38.402309709999997
8493193,2017,2018-07-06,4906,2017-08-02,1759,407,4906,3,5,2,4906,0,0,0,,0,,"RT 116","BURNETT ST",0.00,,Y,A,-,Y,SON,4,116,-,R,26.780,H,-,E,Y,4,0,1,2,A,-,08,22100,B,N,B,C,A,A,H,-,A,D,0,,,Y,,Y,Y,A,01,0,0,1,0,0,0,0,0,1,"- ","- ",38.401449999999997,-122.82382,SONOMA,SEBASTOPOL,-122.82380424,38.401433359999999
8493262,2017,2018-05-04,4904,2017-09-02,1815,466,,6,5,4,4904,0,0,0,,0,,"GOLF COURSE DR","LIGHT RP1043",12.00,W,N,A,-,N,,,,,,,,,,N,3,0,2,2,A,-,04,21703,,N,C,C,A,A,H,-,A,D,0,,,,,Y,,A,01,0,1,1,0,0,0,0,0,0,"- ","- ",,,SONOMA,"ROHNERT PARK",,
84938525,2025,2025-11-20,4904,2025-10-25,1146,1040603,,6,5,4,4904,0,0,0,,0,002,"REDWOOD DR","MARTIN AVE",51.00,N,N,B,-,N,,,,,,,,,,Y,3,0,2,3,A,-,03,22350,,N,C,C,A,B,H,-,A,A,0,,,,,Y,,A,01,0,2,0,0,0,0,0,0,0,"- ","- ",38.351409912109375,-122.7161865234375,SONOMA,"ROHNERT PARK",-122.71611022949219,38.351375579833984
8494743,2017,2017-11-29,4908,2017-10-04,2030,2939,13,3,5,5,4908,0,0,0,,0,001,"SOUTH MCDOWELL BL","MCKENZIE AV",0.00,,Y,A,-,N,,,,,,,,,,N,4,0,1,2,A,-,10,21950,A,F,G,B,B,A,H,-,C,A,0,Y,,,,Y,,A,01,0,0,1,0,1,0,0,0,0,"- ","- ",38.247259999999997,-122.62236,SONOMA,PETALUMA,-122.62242990999999,38.247279890000002
8494818,2017,2017-12-07,4900,2017-11-01,1429,SD1536,11101,3,5,3,4980,0,0,0,,0,WI1,"OLD REDWOOD HWY","RICHARDSON ST",0.00,,Y,A,-,N,,,,,,,,,,N,3,0,1,2,A,-,11,21954,A,N,G,B,D,A,H,-,A,D,0,Y,,,,Y,,N,60,0,1,0,0,1,0,0,0,0,"- ","- ",,,SONOMA,WINDSOR,-122.81179992,38.548689940000003
8495360,2017,2017-12-26,4900,2017-11-08,0930,SD2593,11101,3,5,3,4980,0,0,0,,0,WI1,"SHILOH RD","CALETTI AV",3.70,W,N,C,-,N,,,,,,,,,,N,3,0,1,2,A,-,06,21750,A,N,B,C,A,B,H,-,A,D,0,,,,,Y,Y,A,01,0,1,0,0,0,0,0,0,0,"- ","- ",,,SONOMA,WINDSOR,-122.79358293999999,38.525769830000002
8496946,2017,2018-02-17,4905,2017-10-04,1613,SR284,10605,3,5,6,4905,0,0,0,,0,005,"FULTON RD","COUNTRYSIDE DR",72.00,N,N,A,-,N,,,,,,,,,,N,4,0,1,2,A,-,03,22350,,N,C,C,A,A,H,-,A,D,0,,,,,Y,,A,01,0,0,1,0,0,0,0,0,0,"- ","- ",,,SONOMA,"SANTA ROSA",-122.76976273,38.431606969999997
84976782,2025,2025-12-18,4904,2025-07-23,1527,1040493,,3,5,4,4904,0,0,0,,0,001,"SNYDER LN","HOLLY AVE (E)",0.00,,Y,A,-,N,,,,,,,,,,Y,4,0,1,2,A,-,12,22450,A,N,D,C,A,A,H,-,A,A,0,,,,,Y,,A,01,0,0,1,0,0,0,0,0,0,"- ","- ",38.370609283447266,-122.68563842773438,SONOMA,"ROHNERT PARK",-122.68585968017578,38.370662689208984
84980561,2025,2025-12-22,4907,2025-11-30,2028,1103147,,7,5,2,4907,0,0,0,,0,SO_1,"2ND ST WEST","BETTENCOURT ST",200.00,S,N,A,-,N,,,,,,,,,,N,3,0,1,2,A,-,01,23152,B,N,C,E,A,A,H,-,C,D,0,,,,,Y,Y,A,01,0,1,0,0,0,0,0,0,0,"- ","- ",38.285858154296875,-122.46424102783203,SONOMA,SONOMA,-122.46212005615234,38.286792755126953
84986678,2025,2025-12-26,4913,2025-12-02,1207,1101496,,2,5,3,4980,0,0,0,,0,008,"OLD REDWOOD HW","MILLER LN",35.00,N,N,A,-,N,,,,,,,,,,Y,2,0,1,3,C,-,18,,,N,D,E,A,A,H,-,A,D,0,,,,,Y,,-,"- ",1,0,0,0,0,0,0,0,0,"- ","- ",38.558868408203125,-122.82156372070312,SONOMA,WINDSOR,-122.82157897949219,38.558952331542969
84988451,2025,2025-12-29,4904,2025-11-13,"53  ",1040641,,4,5,4,4904,0,0,0,,0,001,"SNYDER LN","HOLLY AVE (W)",10.00,N,N,C,-,N,,,,,,,,,,Y,4,0,2,4,A,-,01,23152,A,N,C,E,A,B,H,-,C,A,0,,,,Y,Y,Y,A,01,0,0,2,0,0,0,0,0,0,"- ","- ",38.370609283447266,-122.68579864501953,SONOMA,"ROHNERT PARK",-122.68585968017578,38.370685577392578
84988934,2025,2025-12-29,4909,2025-11-19,2359,00044,,3,5,4,4904,0,0,0,,0,,"VINE ST","LOT R8",0.00,,Y,C,-,N,,,,,,,,,,N,4,0,1,2,A,-,01,23152,A,N,G,B,E,B,H,-,C,D,0,Y,,,,Y,Y,B,01,0,0,1,0,1,0,0,0,0,"- ","- ",,,SONOMA,"ROHNERT PARK",,
8499011,2017,2018-02-21,4904,2017-11-11,1520,505,,6,5,4,4904,0,0,0,,0,003,"SOUTHWEST BL","LIGHT POLE #425",5.00,W,N,A,-,N,,,,,,,,,,N,4,0,1,2,A,-,12,22450,A,N,H,G,A,A,H,-,A,D,0,,Y,,,Y,,A,01,0,0,1,0,0,0,1,0,0,"- ","- ",,,SONOMA,"ROHNERT PARK",,
8499597,2017,2017-12-05,4905,2017-10-26,1648,SR473,10602,4,5,6,4905,0,0,0,,0,002,"BICENTENNIAL WY","VENTURA AV",100.00,W,N,A,-,N,,,,,,,,,,Y,4,0,1,2,A,-,01,23152,F,M,C,C,A,A,H,-,A,A,0,,,,,Y,,D,22,0,0,1,0,0,0,0,0,0,"- ","- ",,,SONOMA,"SANTA ROSA",-122.72466937,38.470226160000003
8499604,2017,2018-06-08,4905,2017-11-16,0831,SR353,16050,4,5,6,4905,0,0,0,,0,005,"DUTTON AV","RT 12",175.00,S,N,B,-,N,,,,,,,,,,Y,4,0,1,2,A,-,09,21801,A,N,D,C,A,B,H,-,A,D,0,,,,,Y,,D,22,0,0,1,0,0,0,0,0,0,"- ",EO,,,SONOMA,"SANTA ROSA",-122.72606291,38.432677669999997
8499619,2017,2017-12-06,4905,2017-09-24,1058,SR418,10606,7,5,6,4905,0,0,0,,0,006,"HOEN AV","LYNN CT",50.00,W,N,A,-,N,,,,,,,,,,Y,3,0,3,4,A,-,03,22350,,N,C,C,A,A,H,-,A,D,0,,,,,Y,,A,01,0,3,0,0,0,0,0,0,0,"- ","- ",,,SONOMA,"SANTA ROSA",-122.67433894,38.438573120000001
8499643,2017,2017-12-05,4905,2017-10-19,0723,SR341,10607,4,5,6,4905,0,0,0,,0,007,"STONY POINT RD","GIFFEN AV",0.00,,Y,A,-,N,,,,,,,,,,Y,4,0,1,3,A,-,09,21801,A,N,D,C,A,A,D,-,A,A,0,,,,,Y,,A,01,0,0,1,0,0,0,0,0,0,"- ","- ",,,SONOMA,"SANTA ROSA",-122.74017992,38.418109989999998
8499644,2017,2017-12-05,4905,2017-10-08,1358,SR8917,10605,7,5,6,4905,0,0,0,,0,005,"FULTON RD","SAN SEBASTIAN AV",0.00,,Y,A,-,N,,,,,,,,,,Y,4,0,1,2,A,-,09,21804,A,N,D,C,A,A,H,-,A,A,0,,,,,Y,,A,01,0,0,1,0,0,0,0,0,0,"- ","- ",,,SONOMA,"SANTA ROSA",-122.76960989,38.431419929999997
8499672,2017,2017-12-05,4905,2017-09-19,1641,SR484,10604,2,5,6,4905,0,0,0,,0,004,"MISSION BL","RANDALL LN",75.00,S,N,A,-,N,,,,,,,,,,Y,4,0,2,2,A,-,08,22107,,N,D,C,A,A,H,-,A,D,0,,,,,Y,,A,01,0,0,2,0,0,0,0,0,0,"- ","- ",,,SONOMA,"SANTA ROSA",-122.67630942,38.461224620000003
8499676,2017,2017-12-05,4905,2017-09-27,1552,SR394,10609,3,5,6,4905,0,0,0,,0,009,"E ST","3RD ST",0.00,,Y,A,-,N,,,,,,,,,,Y,3,0,1,2,A,-,09,21801,A,N,A,C,A,A,H,-,A,A,0,,,,,Y,,D,22,0,1,0,0,0,0,0,0,0,"- ","- ",,,SONOMA,"SANTA ROSA",-122.71011991,38.441129979999999
8499679,2017,2017-12-05,4905,2017-10-06,1654,SR383,10603,5,5,6,4905,0,0,0,,0,003,"MARLOW RD","GUERNEVILLE RD",290.00,S,N,A,-,N,,,,,,,,,,Y,3,0,2,2,A,-,09,21804,A,N,D,C,A,A,H,-,A,D,0,,,,,Y,,D,22,0,1,1,0,0,0,0,0,0,"- ","- ",,,SONOMA,"SANTA ROSA",-122.75133,38.451862339999998
8500112,2017,2017-12-01,4905,2017-10-06,2330,SE83,10607,5,5,6,4905,0,0,0,,0,007,"STONY POINT RD","YUBA DR",280.00,S,N,A,-,N,,,,,,,,,,Y,4,0,2,3,A,-,08,22100,B,N,D,C,A,A,H,-,C,A,0,,,,,Y,,A,01,0,0,2,0,0,0,0,0,0,"- ","- ",,,SONOMA,"SANTA ROSA",-122.74144045,38.406361029999999
8500124,2017,2017-12-01,4905,2017-10-21,1826,SR469,10604,6,5,6,4905,0,0,0,,0,004,"MISSION BL","RANDALL LN",130.00,S,N,A,-,N,,,,,,,,,,Y,3,0,1,1,A,-,01,23152,A,N,E,I,A,A,H,-,A,D,0,,,,,Y,Y,A,07,0,1,0,0,0,0,0,0,0,"- ","- ",,,SONOMA,"SANTA ROSA",-122.67629329,38.461074070000002
8500137,2017,2017-12-06,4905,2017-09-22,2148,SR514,1060,5,5,6,4905,0,0,0,,0,003,"FULTON RD","GUERNEVILLE RD",36.00,S,N,A,-,N,,,,,,,,,,N,4,0,1,2,A,-,01,23152,A,M,C,C,A,A,H,-,C,A,0,,,,,Y,Y,A,01,0,0,1,0,0,0,0,0,0,"- ","- ",,,SONOMA,"SANTA ROSA",-122.76963000000001,38.452451109999998
8500157,2017,2017-12-06,4905,2017-09-28,1118,SR474,1060,4,5,6,4905,0,0,0,,0,002,"MENDOCINO AV","CHANATE RD",12.00,S,N,A,-,N,,,,,,,,,,N,3,0,1,2,A,-,10,21950,A,N,G,B,-,A,H,-,A,A,0,Y,,,,Y,,A,07,0,1,0,0,1,0,0,0,0,"- ","- ",,,SONOMA,"SANTA ROSA",-122.71936322000001,38.465029790000003
8500275,2017,2017-12-11,4908,2017-11-06,0815,2736,12,1,5,5,4908,0,0,0,,0,001,"CASA GRANDE RD","ALLEN ST",0.00,,Y,B,-,N,,,,,,,,,,N,4,0,2,3,A,-,10,21950,A,N,G,B,D,A,H,-,A,D,0,Y,,,,Y,,A,07,0,0,2,0,2,0,0,0,0,"- ","- ",38.247320000000002,-122.59246,SONOMA,PETALUMA,-122.59239992000001,38.247309999999999
8500477,2017,2017-12-04,4905,2017-10-24,1229,SR215,10607,2,5,6,4905,0,0,0,,0,007,"STONY POINT RD","NORTHPOINT  PKWY",60.00,S,N,A,-,N,,,,,,,,,,Y,4,0,1,2,A,-,07,21658,A,N,E,I,A,A,D,-,A,D,0,,,,,Y,,A,01,0,0,1,0,0,0,0,0,0,"- ","- ",,,SONOMA,"SANTA ROSA",-122.73995291999999,38.415895749999997
8500552,2017,2017-12-04,4905,2017-11-16,1059,SR474,10602,4,5,6,4905,0,0,0,,0,002,"4TH ST","PIERCE ST",57.00,W,N,B,-,N,,,,,,,,,,Y,3,0,1,2,A,-,08,22107,,N,B,E,A,B,H,-,A,D,0,,,,,Y,,A,01,0,1,0,0,0,0,0,0,0,"- ","- ",,,SONOMA,"SANTA ROSA",-122.70522851,38.444645719999997
8500556,2017,2017-12-04,4905,2017-11-15,1837,SR394,10609,3,5,6,4905,0,0,0,,0,009,"SONOMA AV","SOUTH E ST",0.00,,Y,C,-,N,,,,,,,,,,N,3,0,1,2,A,-,10,21950,A,N,G,B,B,B,H,-,C,A,0,Y,,,,Y,,A,08,0,1,0,0,1,0,0,0,0,"- ","- ",,,SONOMA,"SANTA ROSA",-122.70843991,38.438809919999997
8500663,2017,2018-07-06,4902,2017-11-20,1850,105348,,1,5,2,4902,0,0,0,,0,,"RT 116","W COTATI AV",20.00,E,N,B,-,Y,SON,4,116,-,-,34.700,H,-,W,Y,4,0,2,3,A,-,03,22350,,N,C,C,A,A,H,-,B,D,0,,,,,Y,,A,01,0,0,2,0,0,0,0,0,0,"- ","- ",,,SONOMA,COTATI,-122.71897054,38.332058430000004
8500802,2017,2017-12-21,4908,2017-11-15,1920,2173,7,3,5,5,4908,0,0,0,,0,003,"PETALLUMA BLVD N","INDUSTRIAL AV",0.00,,Y,C,-,N,,,,,,,,,,N,4,0,1,2,A,-,03,22350,,N,C,C,A,B,H,-,C,A,0,,,,,Y,,A,01,0,0,1,0,0,0,0,0,0,"- ","- ",38.268909999999998,-122.67058,SONOMA,PETALUMA,-122.67061988,38.268989900000001
8503682,2017,2018-06-08,4905,2017-11-15,0623,SR215,10609,3,5,6,4905,0,0,0,,0,009,"6TH ST","MORGAN ST",0.00,,Y,C,-,N,,,,,,,,,,N,3,0,1,2,A,-,11,21954,A,N,G,B,D,B,H,-,C,A,0,Y,,,,Y,,N,60,0,1,0,0,1,0,0,0,0,"- ","- ",,,SONOMA,"SANTA ROSA",-122.7193999,38.439889919999999
8503844,2017,2018-07-06,4905,2017-11-05,1955,SR529,10606,7,5,6,4905,0,0,0,,0,006,"RT 12","MIDDLE RINCON RD",490.00,W,N,B,-,Y,SON,4,12,-,-,19.350,H,-,E,Y,2,0,1,2,A,-,09,21804,A,N,B,C,A,A,H,-,C,D,0,,,Y,,Y,,A,07,1,0,0,0,0,0,0,0,1,"- ","- ",,,SONOMA,"SANTA ROSA",-122.66591434,38.463556320000002
8504131,2017,2018-07-02,4906,2017-12-05,1453,451,4906,2,5,2,4906,0,0,0,,0,,"RT 116","PITT AV",0.00,,Y,A,-,Y,SON,4,116,-,-,26.390,I,5,E,N,2,0,1,2,A,-,06,21755,A,N,H,G,A,A,H,-,A,A,0,,Y,,,Y,,L,04,1,0,0,0,0,0,1,0,0,"- ","- ",,,SONOMA,SEBASTOPOL,-122.82807812999999,38.405265729999996
85042435,2025,2026-02-04,4904,2025-12-26,1823,1040590,,5,5,4,4904,0,0,0,,0,,"COUNTRY CLUB DR","WALNUT CI",0.00,,Y,-,-,N,,,,,,,,,,N,4,0,1,2,-,-,"- ",,,N,A,C,A,A,H,-,C,A,0,,,,,Y,,-,"- ",0,0,1,0,0,0,0,0,0,"- ","- ",,,SONOMA,"ROHNERT PARK",-122.69587707519531,38.343814849853516
8504622,2017,2018-05-24,4905,2017-08-04,0815,SR323,10604,5,5,6,4905,0,0,0,,0,004,"RT 12","STREAMSIDE DR",700.00,E,N,A,B,Y,SON,4,12,-,-,18.630,H,-,E,Y,4,0,3,3,A,-,03,22350,,N,C,C,A,A,H,-,A,D,0,,,,,Y,,A,01,0,0,3,0,0,0,0,0,0,"- ","- ",,,SONOMA,"SANTA ROSA",-122.67654924999999,38.457543690000001