CASE_ID,ACCIDENT_YEAR,PROC_DATE,JURIS,COLLISION_DATE,COLLISION_TIME,OFFICER_ID,REPORTING_DISTRICT,DAY_OF_WEEK,CHP_SHIFT,POPULATION,CNTY_CITY_LOC,SPECIAL_COND,BEAT_TYPE,CHP_BEAT_TYPE,CITY_DIVISION_LAPD,CHP_BEAT_CLASS,BEAT_NUMBER,PRIMARY_RD,SECONDARY_RD,DISTANCE,DIRECTION,INTERSECTION,WEATHER_1,WEATHER_2,STATE_HWY_IND,CALTRANS_COUNTY,CALTRANS_DISTRICT,STATE_ROUTE,ROUTE_SUFFIX,POSTMILE_PREFIX,POSTMILE,LOCATION_TYPE,RAMP_INTERSECTION,SIDE_OF_HWY,TOW_AWAY,COLLISION_SEVERITY,NUMBER_KILLED,NUMBER_INJURED,PARTY_COUNT,PRIMARY_COLL_FACTOR,PCF_CODE_OF_VIOL,PCF_VIOL_CATEGORY,PCF_VIOLATION,PCF_VIOL_SUBSECTION,HIT_AND_RUN,TYPE_OF_COLLISION,MVIW,PED_ACTION,ROAD_SURFACE,ROAD_COND_1,ROAD_COND_2,LIGHTING,CONTROL_DEVICE,CHP_ROAD_TYPE,PEDESTRIAN_ACCIDENT,BICYCLE_ACCIDENT,MOTORCYCLE_ACCIDENT,TRUCK_ACCIDENT,NOT_PRIVATE_PROPERTY,ALCOHOL_INVOLVED,STWD_VEHTYPE_AT_FAULT,CHP_VEHTYPE_AT_FAULT,COUNT_SEVERE_INJ,COUNT_VISIBLE_INJ,COUNT_COMPLAINT_PAIN,COUNT_PED_KILLED,COUNT_PED_INJURED,COUNT_BICYCLIST_KILLED,COUNT_BICYCLIST_INJURED,COUNT_MC_KILLED,COUNT_MC_INJURED,PRIMARY_RAMP,SECONDARY_RAMP,LATITUDE,LONGITUDE,COUNTY,CITY,POINT_X,POINT_Y
8796579,2018,2019-03-06,4905,2018-12-11,1752,SR537,10608,2,5,6,4905,0,0,0,,0,008,"KAWANA SPRINGS RD","SANTA ROSA AV",0.00,,Y,A,-,N,,,,,,,,,,N,3,0,1,2,A,-,09,21804,A,N,D,G,A,A,H,-,C,A,0,,Y,,,Y,,L,04,0,1,0,0,0,0,1,0,0,"- ","- ",,,SONOMA,"SANTA ROSA",-122.71356201171875,38.416450500488281
8797604,2019,2019-02-14,4908,2019-01-20,1828,3305,7,7,5,5,4908,0,0,0,,0,004,"OLD REDWOOD HWY","NORTH MCDOWELL BL",0.00,,Y,C,-,N,,,,,,,,,,Y,4,0,2,2,A,-,09,21453,C,N,D,C,A,B,H,-,C,A,0,,,,,Y,,A,07,0,0,2,0,0,0,0,0,0,"- ","- ",38.280479431152344,-122.668212890625,SONOMA,PETALUMA,-122.6693115234375,38.275619506835938
8799900,2019,2019-02-28,4903,2019-02-01,1319,1384,3,5,5,3,4903,0,0,0,,0,,"PLAZA ST","HEALDSBURG AV",0.00,,Y,C,-,N,,,,,,,,,,N,2,0,1,2,A,-,03,22350,,N,H,G,A,B,H,-,A,D,0,,Y,,,Y,,L,04,1,0,0,0,0,0,1,0,0,"- ","- ",38.611030578613281,-122.8707275390625,SONOMA,HEALDSBURG,-122.87075042724609,38.611038208007812
8805099,2018,2019-03-19,4905,2018-12-09,1833,SR532,10605,7,5,6,4905,0,0,0,,0,005,"FULTON RD","N WRIGHT RD",0.00,,Y,A,-,Y,SON,4,12,-,R,12.940,I,5,E,N,4,0,1,2,A,-,05,21650,1,N,D,G,A,A,H,-,C,A,0,,Y,,,Y,,L,04,0,0,1,0,0,0,1,0,0,"- ","- ",,,SONOMA,"SANTA ROSA",-122.7691650390625,38.427478790283203
8805552,2019,2019-02-28,4908,2019-02-12,1554,2747,6,2,5,5,4908,0,0,0,,0,003,"PETALLUMA BLVD N","CINNABAR RD",100.00,N,N,B,-,N,,,,,,,,,,N,4,0,1,3,A,-,03,22350,,N,C,C,A,A,H,-,A,D,0,,,,,Y,,A,08,0,0,1,0,0,0,0,0,0,"- ","- ",38.248001098632812,-122.64499664306641,SONOMA,PETALUMA,-122.64605712890625,38.249061584472656
8806743,2019,2019-03-07,4908,2019-01-18,2134,3186,12,5,5,5,4908,0,0,0,,0,001,"ELY BL SOUTH","CAULFIELD LN",0.00,,Y,A,-,N,,,,,,,,,,N,4,0,1,2,A,-,12,22450,A,N,D,C,A,B,H,-,C,D,0,,,,,Y,,A,01,0,0,1,0,0,0,0,0,0,"- ","- ",38.249988555908203,-122.60733795166016,SONOMA,PETALUMA,-122.60736846923828,38.249931335449219
8808608,2019,2020-01-10,4900,2019-08-29,1713,2502,,4,5,3,4980,0,0,0,,0,,"SHILOH RD","CONDE LN",23.00,W,N,A,-,N,,,,,,,,,,N,4,0,1,2,A,-,03,22350,,N,C,C,A,A,H,-,A,A,0,,,,,Y,,-,,0,0,1,0,0,0,0,0,0,"- ","- ",,,SONOMA,WINDSOR,-122.79743957519531,38.525810241699219
8809085,2019,2019-03-21,4904,2019-02-26,1833,516,4904,2,5,4,4904,0,0,0,,0,003,"SNYDER LN","SOUTHWEST BL",0.00,,Y,C,-,N,,,,,,,,,,Y,4,0,1,2,A,-,09,21800,,N,A,C,A,B,H,-,C,B,0,,,,,Y,,A,01,0,0,1,0,0,0,0,0,0,"- ","- ",38.339698791503906,-122.68546295166016,SONOMA,"ROHNERT PARK",-122.68541717529297,38.339618682861328
8809419,2019,2019-04-02,4908,2019-02-22,1850,3384,6,5,5,5,4908,0,0,0,,0,003,"EAST WASHINGTON ST","VALLEJO ST",1.00,W,N,A,-,N,,,,,,,,,,N,2,0,1,2,A,-,10,21950,A,N,G,B,B,A,H,-,C,D,0,Y,,,,Y,,A,01,1,0,0,0,1,0,0,0,0,"- ","- ",38.241031646728516,-122.6334228515625,SONOMA,PETALUMA,-122.63345336914062,38.24102783203125
8809798,2018,2019-03-11,4905,2018-12-29,2149,SR383,10608,6,5,6,4905,0,0,0,,0,008,"SANTA ROSA AV","HEARN AV",0.00,,Y,A,-,N,,,,,,,,,,Y,4,0,2,2,A,-,09,21453,C,N,A,C,A,A,H,-,C,A,0,,,,,Y,,A,01,0,0,2,0,0,0,0,0,0,"- ","- ",,,SONOMA,"SANTA ROSA",-122.71354675292969,38.415229797363281
8809810,2018,2019-03-11,4905,2018-12-30,1806,SR8917,10609,7,5,6,4905,0,0,0,,0,009,"3RD ST","B ST",10.00,W,N,A,-,N,,,,,,,,,,N,3,0,1,2,A,-,05,21650,1,N,A,G,A,A,H,-,C,A,0,,Y,,,Y,,L,04,0,1,0,0,0,0,1,0,0,"- ","- ",,,SONOMA,"SANTA ROSA",-122.71510314941406,38.438915252685547
8810150,2019,2019-03-11,4904,2019-01-07,1417,520,,1,5,4,4904,0,0,0,,0,,"SOUTHWEST BL","ADRIAN DR",0.00,,Y,B,-,N,,,,,,,,,,N,4,0,1,2,A,-,12,22450,A,N,D,C,A,A,H,-,A,A,0,,,,,Y,,A,01,0,0,1,0,0,0,0,0,0,"- ","- ",38.361469268798828,-122.70516204833984,SONOMA,"ROHNERT PARK",-122.70516967773438,38.336078643798828
8811492,2019,2019-03-14,4900,2019-02-17,1519,SD2224,11101,7,5,3,4980,0,0,0,,0,WI1,"MARKET ST","MARKET ST 100",0.00,,Y,A,-,N,,,,,,,,,,N,4,0,1,1,A,-,05,21650,A,N,E,I,A,A,H,-,A,D,0,,,,,Y,,A,07,0,0,1,0,0,0,0,0,0,"- ","- ",,,SONOMA,WINDSOR,-122.81375300000001,38.548696
8811922,2019,2019-04-05,4908,2019-02-14,1351,2747,10,4,5,5,4908,0,0,0,,0,004,"EAST WASHINGTON ST","MCDOWELL BL",125.00,E,N,A,-,N,,,,,,,,,,Y,4,0,1,1,C,-,18,,,N,E,I,A,A,H,-,A,A,0,,,,,Y,,-,"- ",0,0,1,0,0,0,0,0,0,"- ","- ",38.249179840087891,-122.62574005126953,SONOMA,PETALUMA,-122.6256103515625,38.249481201171875
8812009,2019,2019-03-18,4905,2019-02-01,2206,SR422,10602,5,5,6,4905,0,0,0,,0,002,"MENDOCINO AV","ADMINISTRATION DR",825.00,N,N,C,-,N,,,,,,,,,,Y,3,0,3,2,A,-,05,21460,C,N,D,C,A,B,H,-,C,D,0,,,,,Y,,A,01,0,1,2,0,0,0,0,0,0,"- ","- ",,,SONOMA,"SANTA ROSA",-122.72059631347656,38.467117309570312
8812012,2019,2019-03-01,4905,2019-01-23,1740,SR523,10605,3,5,6,4905,0,0,0,,0,005,"NORTH DUTTON AV","WEST 9TH ST",0.00,,-,A,-,N,,,,,,,,,,Y,4,0,2,3,A,-,09,21801,A,N,D,C,A,A,H,-,C,A,0,,,,,Y,,A,01,0,0,2,0,0,0,0,0,0,"- ","- ",,,SONOMA,"SANTA ROSA",-122.72898101806641,38.441608428955078
8812017,2019,2019-03-04,4905,2019-02-12,1821,SR8923,10607,2,5,6,4905,0,0,0,,0,007,"WEST AV","LEO DR",0.00,,Y,C,-,N,,,,,,,,,,N,4,0,1,2,A,-,10,21950,A,N,A,B,B,B,H,-,C,A,0,Y,,,,Y,,A,01,0,0,1,0,1,0,0,0,0,"- ","- ",,,SONOMA,"SANTA ROSA",-122.7275390625,38.418369293212891
8812036,2019,2019-03-01,4905,2019-01-23,2131,SR523,10601,3,5,6,4905,0,0,0,,0,001,"CLEVELAND AV","GUERNEVILLE RD",0.00,,Y,A,-,N,,,,,,,,,,Y,3,0,1,2,A,-,09,21801,A,N,A,C,A,A,H,-,C,A,0,,,,,Y,,A,01,0,1,0,0,0,0,0,0,0,"- ","- ",,,SONOMA,"SANTA ROSA",-122.72837829589844,38.4598388671875
8812066,2019,2019-03-01,4905,2019-02-15,2349,SR422,10307,5,5,6,4905,0,0,0,,0,007,"SOUTH WRIGHT RD","KIRBY LN",130.00,S,N,C,-,N,,,,,,,,,,Y,4,0,1,2,A,-,01,23152,A,N,E,I,A,B,H,-,C,D,0,,,,,Y,Y,A,01,0,0,1,0,0,0,0,0,0,"- ","- ",,,SONOMA,"SANTA ROSA",-122.76883697509766,38.411731719970703
8812070,2019,2019-03-01,4905,2019-02-01,0732,SR545,10602,5,5,6,4905,0,0,0,,0,002,"NORTH ST","PACIFIC AV",0.00,,Y,B,-,N,,,,,,,,,,Y,4,0,2,2,A,-,09,21801,A,N,D,C,A,B,H,-,A,A,0,,,,,Y,,A,01,0,0,2,0,0,0,0,0,0,"- ","- ",,,SONOMA,"SANTA ROSA",-122.70815277099609,38.453121185302734
8812078,2019,2019-03-01,4905,2019-02-02,1145,SR497,10607,6,5,6,4905,0,0,0,,0,007,"SEBASTOPOL RD","STONY POINT RD",0.00,,Y,A,-,N,,,,,,,,,,Y,4,0,1,2,A,-,03,22350,,N,D,C,A,A,H,-,A,A,0,,,,,Y,,A,01,0,0,1,0,0,0,0,0,0,"- ","- ",,,SONOMA,"SANTA ROSA",-122.74134826660156,38.426860809326172
8812088,2019,2019-02-28,4905,2019-01-08,0810,SR353,10608,2,5,6,4905,0,0,0,,0,008,"BENNETT VALLEY RD","FARMERS LN",2666.00,E,N,B,-,N,,,,,,,,,,Y,3,0,2,3,A,-,03,22350,,N,C,C,A,A,H,-,A,D,0,,,,,Y,,A,07,0,1,1,0,0,0,0,0,0,"- ","- ",,,SONOMA,"SANTA ROSA",-122.68016815185547,38.431358337402344
8812096,2019,2019-02-28,4905,2019-01-04,2030,SR524,10608,5,5,6,4905,0,0,0,,0,008,"BENNETT VALLEY RD","SANTA ROSA AV",0.00,,Y,A,-,N,,,,,,,,,,N,4,0,1,2,A,-,10,21950,A,N,G,B,B,A,H,-,C,A,0,Y,,,,Y,,A,01,0,0,1,0,1,0,0,0,0,"- ","- ",,,SONOMA,"SANTA ROSA",-122.71109771728516,38.430511474609375
8812099,2019,2019-03-01,4905,2019-01-09,1327,1060535,10608,3,5,6,4905,0,0,0,,0,008,"PETALUMA HILL RD","YOLANDA AV",190.00,N,N,B,-,N,,,,,,,,,,Y,4,0,1,3,A,-,03,22350,,N,C,C,A,B,H,-,A,A,0,,,,,Y,,A,01,0,0,1,0,0,0,0,0,0,"- ","- ",,,SONOMA,"SANTA ROSA",-122.70431518554688,38.413772583007812
8812116,2019,2019-02-28,4905,2019-01-09,1906,SR383,10602,3,5,6,4905,0,0,0,,0,002,"MENDOCINO AV","CHANATE RD",0.00,,N,B,-,N,,,,,,,,,,N,4,0,1,2,A,-,10,21950,A,F,G,B,B,A,H,-,C,A,0,Y,,,,Y,,A,01,0,0,1,0,1,0,0,0,0,"- ","- ",,,SONOMA,"SANTA ROSA",-122.71938323974609,38.465061187744141
8812124,2019,2019-02-28,4905,2019-01-09,1603,SR440,11003,3,5,6,4905,0,0,0,,0,,"3RD ST","B ST",89.00,N,N,B,-,N,,,,,,,,,,N,3,0,1,2,A,-,09,21804,A,N,D,G,A,B,H,-,A,D,0,,Y,,,Y,,L,04,0,1,0,0,0,0,1,0,0,"- ","- ",,,SONOMA,"SANTA ROSA",-122.71479797363281,38.439048767089844
8812128,2019,2019-02-28,4905,2019-01-02,1001,SR8712,10608,3,5,6,4905,0,0,0,,0,008,"BENNETT VALLEY RD","HENDLEY ST",0.00,,Y,A,-,N,,,,,,,,,,Y,3,0,3,2,C,-,18,,,N,D,C,A,A,H,-,A,D,0,,,,,Y,,-,"- ",0,2,1,0,0,0,0,0,0,"- ","- ",,,SONOMA,"SANTA ROSA",-122.70558800000001,38.432045000000002
8812152,2019,2019-02-28,4905,2019-01-16,0621,SR413,10609,3,5,6,4905,0,0,0,,0,009,"COLLEGE AV","MORGAN ST",6.00,W,N,B,-,N,,,,,,,,,,N,4,0,1,2,A,-,11,21950,B,N,G,B,B,B,H,-,C,A,0,Y,,,,Y,Y,N,60,0,0,1,0,1,0,0,0,0,"- ","- ",,,SONOMA,"SANTA ROSA",-122.72254943847656,38.445770263671875
8813634,2019,2019-03-18,4908,2019-02-19,1128,2747,1,2,5,5,4908,0,0,0,,0,002,"HOWARD ST","LIBERTY ST",0.00,,Y,A,-,N,,,,,,,,,,N,4,0,1,2,A,-,08,22107,,N,B,G,A,A,H,-,A,D,0,,Y,,,Y,,A,01,0,0,1,0,0,0,1,0,0,"- ","- ",38.231800079345703,-122.64237213134766,SONOMA,PETALUMA,-122.64218902587891,38.231670379638672
8813638,2019,2019-03-18,4908,2019-02-20,1443,2747,1,3,5,5,4908,0,0,0,,0,002,"WASHINGTON ST","PETALUMA BL NORTH",10.00,W,N,A,-,N,,,,,,,,,,Y,3,0,4,3,A,-,08,22107,,N,D,C,A,A,H,-,A,A,0,,,,,Y,,A,01,0,2,2,0,0,0,0,0,0,"- ","- ",38.235801696777344,-122.64115142822266,SONOMA,PETALUMA,-122.64121246337891,38.235763549804688
8813683,2019,2019-04-23,4905,2019-02-01,1549,SR383,10601,5,5,6,4905,0,0,0,,0,001,"COLLEGE AV","RT 101",100.00,E,N,C,-,Y,SON,4,101,-,-,20.630,R,4,S,Y,3,0,1,2,A,-,03,22350,,N,C,C,A,B,H,-,A,A,0,,,,,Y,,A,01,0,1,0,0,0,0,0,0,0,"- ",SO,,,SONOMA,"SANTA ROSA",-122.722900390625,38.444080352783203
8813754,2019,2019-03-27,4905,2019-02-07,0542,SR510,10607,4,5,6,4905,0,0,0,,0,007,"CORBY AV","HEARN AV",0.00,,Y,A,-,N,,,,,,,,,,Y,4,0,1,2,A,-,12,21453,,N,D,C,A,A,H,-,C,A,0,,,,,Y,,A,07,0,0,1,0,0,0,0,0,0,"- ","- ",,,SONOMA,"SANTA ROSA",-122.71746063232422,38.414299011230469
8813758,2019,2019-03-21,4905,2019-02-03,0540,SR531,10602,7,5,6,4905,0,0,0,,0,002,"PACIFIC AV","SLATER ST",140.00,E,N,B,C,N,,,,,,,,,,Y,3,0,1,2,A,-,01,23152,A,N,C,E,A,B,H,-,C,D,0,,,,,Y,Y,A,01,0,1,0,0,0,0,0,0,0,"- ","- ",,,SONOMA,"SANTA ROSA",-122.71526336669922,38.45330810546875
8814543,2019,2019-03-08,4904,2019-02-04,1500,337,,1,5,4,4904,0,0,0,,0,003,"COLLEGE VIEW DR","BRIDGIT DR",270.00,N,N,B,-,N,,,,,,,,,,N,3,0,2,3,A,-,03,22350,,N,C,E,A,A,H,-,A,A,0,,,,,Y,,A,01,0,1,1,0,0,0,0,0,0,"- ","- ",38.334739685058594,-122.70619964599609,SONOMA,"ROHNERT PARK",-122.70620727539062,38.334659576416016
8814746,2019,2019-04-30,4904,2019-02-04,1238,337,,1,5,4,4904,0,0,0,,0,001,"MEDICAL CENTER DR","OAK VIEW CIR",0.00,,Y,A,-,N,,,,,,,,,,N,4,0,1,2,A,-,09,21804,A,N,D,C,A,A,H,-,A,A,0,,,,,Y,,A,01,0,0,1,0,0,0,0,0,0,"- ","- ",38.347599029541016,-122.68309783935547,SONOMA,"ROHNERT PARK",-122.683103,38.347580000000001
8817881,2019,2019-03-22,4908,2019-03-01,0833,2173,3,5,5,5,4908,0,0,0,,0,002,"EAST D ST","COPELAND ST",0.00,,Y,B,-,N,,,,,,,,,,N,4,0,1,2,A,-,09,21802,A,N,D,C,A,A,H,-,A,D,0,,,,,Y,,A,01,0,0,1,0,0,0,0,0,0,"- ","- ",38.235790252685547,-122.63504028320312,SONOMA,PETALUMA,-122.63507843017578,38.23577880859375
8818281,2019,2019-03-21,4908,2019-02-15,1639,3300,13,5,5,5,4908,0,0,0,,0,001,"SOUTH MCDOWELL BL","CAULFIELD LN",17.00,N,N,B,-,N,,,,,,,,,,N,4,0,1,3,A,-,03,22350,,N,C,C,A,A,H,-,A,A,0,,,,,Y,,A,01,0,0,1,0,0,0,0,0,0,"- ","- ",38.243160247802734,-122.61512756347656,SONOMA,PETALUMA,-122.61519622802734,38.243198394775391
8818865,2019,2019-04-08,4900,2019-03-12,0749,SD2224,11101,2,5,3,4980,0,0,0,,0,WI1,"WINDSOR RIVER RD","WINDSOR AV",220.00,,N,A,-,N,,,,,,,,,,N,4,0,4,4,A,-,03,22350,,N,C,C,A,A,H,-,A,D,0,,,,,Y,,D,22,0,0,4,0,0,0,0,0,0,"- ","- ",,,SONOMA,WINDSOR,-122.81889343261719,38.547260284423828
8819226,2019,2019-04-25,4904,2019-02-06,0827,337,,3,5,4,4904,0,0,0,,0,,"ROHNERT PARK EXPWY","RT 101",374.00,E,N,A,-,Y,SON,4,101,-,-,13.899,R,4,S,N,3,0,1,2,A,-,04,21703,,N,C,C,A,A,H,-,A,A,0,,,,,Y,,A,07,0,1,0,0,0,0,0,0,0,"- ",NO,38.348480224609375,-122.71484375,SONOMA,"ROHNERT PARK",-122.71318817138672,38.348712921142578
8819585,2019,2019-03-27,4902,2019-02-24,1738,105345,,7,5,2,4902,0,0,0,,0,,"OLD REDWOOD HWY","CLOTHIER LN",0.00,,Y,B,-,N,,,,,,,,,,Y,3,0,1,2,A,-,09,21802,A,N,B,C,A,A,H,-,A,A,0,,,,,Y,,A,01,0,1,0,0,0,0,0,0,0,"- ","- ",,,SONOMA,COTATI,-122.70012664794922,38.319179534912109
8820305,2019,2019-04-15,4908,2019-03-11,1252,2926,5,1,5,5,4908,0,0,0,,0,002,"SUNSET DR","PAULA LN",600.00,W,N,A,-,N,,,,,,,,,,N,3,0,1,1,C,-,18,,,N,G,H,A,A,H,-,A,D,0,,,Y,,Y,,-,"- ",0,1,0,0,0,0,0,0,1,"- ","- ",38.238979339599609,-122.66040802001953,SONOMA,PETALUMA,-122.66241455078125,38.2393798828125
8822390,2019,2019-04-22,4902,2019-03-05,1705,105341,,2,5,2,4902,0,0,0,,0,,"OLD REDWOOD HWY","GEORGE ST",32.00,N,N,C,-,N,,,,,,,,,,Y,4,0,1,2,A,-,03,22350,,N,D,C,A,B,H,-,A,D,0,,,,,Y,,A,01,0,0,1,0,0,0,0,0,0,"- ","- ",,,SONOMA,COTATI,-122.70803070068359,38.32843017578125
8825699,2019,2019-05-30,4908,2019-03-21,1042,2747,15,4,5,5,4908,0,0,0,,0,001,"LAKEVILLE HWY","PINE VIEW WY",0.00,,Y,A,-,Y,SON,4,116,-,-,36.920,I,5,W,Y,4,0,1,2,A,-,09,21802,A,N,D,C,A,A,H,-,A,D,0,,,,Y,Y,,F,21,0,0,1,0,0,0,0,0,0,"- ","- ",38.231258392333984,-122.58438110351562,SONOMA,PETALUMA,-122.58493804931641,38.231651306152344
8826800,2019,2019-04-08,4900,2019-03-07,1143,SD2224,11101,4,5,3,4980,0,0,0,,0,WI1,"STARR RD","ROBIE WY",383.00,N,N,A,-,N,,,,,,,,,,Y,3,0,1,2,A,-,08,22107,,N,C,E,A,A,H,-,A,D,0,,,,,Y,,D,22,0,1,0,0,0,0,0,0,0,"- ","- ",,,SONOMA,WINDSOR,-122.82608795166016,38.553081512451172
8827331,2019,2019-04-15,4908,2019-03-21,1200,2926,10,4,5,5,4908,0,0,0,,0,004,"EAST MADISON ST","RENE DR",300.00,E,N,A,-,N,,,,,,,,,,N,4,0,1,2,C,-,18,,,N,G,B,E,A,H,-,A,D,0,Y,,,,Y,,-,"- ",0,0,1,0,1,0,0,0,0,"- ","- ",38.256519317626953,-122.62364959716797,SONOMA,PETALUMA,-122.62293243408203,38.257137298583984
8828605,2019,2019-04-23,4905,2019-02-08,2320,SR422,10601,5,5,6,4905,0,0,0,,0,001,"COFFEY LN","BLUEBELL DR",140.00,E,N,B,-,N,,,,,,,,,,Y,4,0,1,2,A,-,01,23152,A,N,C,E,A,B,H,-,C,D,0,,,,,Y,Y,A,07,0,0,1,0,0,0,0,0,0,"- ","- ",,,SONOMA,"SANTA ROSA",-122.74381256103516,38.467361450195312
8828609,2019,2019-04-29,4905,2019-01-26,2006,SR501,10603,6,5,6,4905,0,0,0,,0,003,"NORTH DUTTON AV","WEST COLLEGE AV",25.00,S,N,A,-,N,,,,,,,,,,Y,4,0,2,2,A,-,01,23152,A,F,C,C,A,A,H,-,C,D,0,,,,,Y,Y,A,01,0,0,2,0,0,0,0,0,0,"- ","- ",,,SONOMA,"SANTA ROSA",-122.73045349121094,38.44573974609375
8828625,2019,2019-04-17,4905,2019-01-23,1355,SR440,10607,3,5,6,4905,0,0,0,,0,007,"HEARN AV","WHITEWOOD DR",178.00,W,N,A,-,N,,,,,,,,,,N,4,0,1,4,A,-,03,22350,,N,C,C,A,A,H,-,A,A,0,,,,,Y,,D,22,0,0,1,0,0,0,0,0,0,"- ","- ",,,SONOMA,"SANTA ROSA",-122.72116851806641,38.414360046386719
8828633,2019,2019-04-15,4905,2019-02-20,1133,SR413,,3,5,6,4905,0,0,0,,0,005,"STONY POINT RD","OCCIDINTAL RD",100.00,N,N,A,-,N,,,,,,,,,,Y,4,0,1,2,C,-,18,,,N,B,C,A,A,H,-,A,D,0,,,,,Y,,-,"- ",0,0,1,0,0,0,0,0,0,"- ","- ",,,SONOMA,"SANTA ROSA",-122.74199676513672,38.432064056396484
8828745,2019,2019-04-17,4905,2019-03-08,1810,SR8920,10602,5,5,6,4905,0,0,0,,0,002,"COLLEGE AV","GLENN ST",0.00,,Y,A,-,N,,,,,,,,,,Y,3,0,1,2,A,-,09,21804,A,N,D,C,A,A,H,-,C,D,0,,,Y,,Y,,D,22,0,1,0,0,0,0,0,0,1,"- ","- ",,,SONOMA,"SANTA ROSA",-122.72041320800781,38.445728302001953
8829048,2019,2019-04-16,4905,2019-03-26,1639,SR549,10602,2,5,6,4905,0,0,0,,0,002,"HUMBOLDT ST","LEWIS RD",0.00,,Y,A,-,N,,,,,,,,,,N,4,0,1,2,A,-,09,21804,A,N,D,C,A,A,H,-,A,D,0,,,,,Y,,A,01,0,0,1,0,0,0,0,0,0,"- ","- ",,,SONOMA,"SANTA ROSA",-122.7142333984375,38.462020874023438
8829068,2019,2019-04-17,4905,2019-03-06,1322,SR474,11003,3,5,6,4905,0,0,0,,0,,"RANGE AV","GUERNEVILLE RD",800.00,S,N,A,-,N,,,,,,,,,,N,4,0,1,2,A,-,09,21804,A,N,D,C,A,B,H,-,A,D,0,,,,,Y,,A,07,0,0,1,0,0,0,0,0,0,"- ","- ",,,SONOMA,"SANTA ROSA",-122.73258209228516,38.456745147705078
8829076,2019,2019-04-12,4905,2019-03-02,1618,SR502,10607,6,5,6,4905,0,0,0,,0,007,"DUTTON AV","SEBASTOPOL RD",75.00,W,N,A,-,N,,,,,,,,,,N,4,0,1,2,A,-,05,21202,,F,H,G,A,B,H,-,A,D,0,,Y,,,Y,,L,04,0,0,1,0,0,0,1,0,0,"- ","- ",,,SONOMA,"SANTA ROSA",-122.72537231445312,38.430820465087891
8829080,2019,2019-04-12,4905,2019-03-07,1507,SR473,10609,4,5,6,4905,0,0,0,,0,009,"7TH ST","E ST",140.00,W,N,A,-,N,,,,,,,,,,N,3,0,1,2,A,-,11,21954,A,N,G,B,D,A,H,-,A,D,0,Y,,,,Y,,N,60,0,1,0,0,1,0,0,0,0,"- ","- ",,,SONOMA,"SANTA ROSA",-122.71163177490234,38.443828582763672
8829092,2019,2019-04-17,4905,2019-03-18,0549,SR541,10608,1,5,6,4905,0,0,0,,0,008,"MAPLE AV","BROOKWOOD AV",0.00,,Y,A,-,N,,,,,,,,,,Y,4,0,1,2,A,-,08,22107,,N,B,C,A,A,H,-,C,A,0,,,,,Y,,A,01,0,0,1,0,0,0,0,0,0,"- ","- ",,,SONOMA,"SANTA ROSA",-122.69940185546875,38.4339599609375
8829137,2019,2019-04-15,4905,2019-02-08,1906,SR538,10608,5,5,6,4905,0,0,0,,0,008,"ASTON AV","MIRAS LN",75.00,E,N,C,-,N,,,,,,,,,,N,4,0,2,2,A,-,01,23152,F,N,C,C,A,B,H,-,C,A,0,,,,,Y,,A,01,0,0,2,0,0,0,0,0,0,"- ","- ",,,SONOMA,"SANTA ROSA",-122.70432281494141,38.425178527832031
8829247,2019,2019-04-15,4905,2019-02-26,0724,SR323,10608,2,5,6,4905,0,0,0,,0,008,"BENNETT VALLEY RD","SOUTH E ST",0.00,,Y,B,C,N,,,,,,,,,,Y,4,0,2,2,A,-,12,21453,A,N,D,C,A,B,H,-,A,A,0,,,,,Y,,A,01,0,0,2,0,0,0,0,0,0,"- ","- ",,,SONOMA,"SANTA ROSA",-122.70443725585938,38.432361602783203
8829255,2019,2019-04-15,4905,2019-02-03,0106,SR422,10603,7,5,6,4905,0,0,0,,0,003,"NORTH DUTTON AV","WEST COLLEGE AV",340.00,N,N,C,-,N,,,,,,,,,,Y,4,0,1,2,A,-,01,23152,A,N,D,C,A,B,H,-,C,D,0,,,,,Y,Y,A,01,0,0,1,0,0,0,0,0,0,"- ","- ",,,SONOMA,"SANTA ROSA",-122.73056793212891,38.446731567382812
8829267,2019,2019-04-15,4905,2019-02-26,1545,SR474,10601,2,5,6,4905,0,0,0,,0,001,"COFFEY LN","SAN MIGUEL RD",0.00,,Y,C,-,N,,,,,,,,,,N,4,0,1,2,A,-,08,22107,,N,D,G,A,B,H,-,A,A,0,,Y,,,Y,,L,04,0,0,1,0,0,0,1,0,0,"- ","- ",,,SONOMA,"SANTA ROSA",-122.74700927734375,38.474529266357422
8829432,2019,2019-04-03,4901,2019-03-13,0016,099,,3,5,2,4901,0,0,0,,0,,"CLOVERDALE BL","LIGHT POLE 150",20.00,N,N,A,-,N,,,,,,,,,,Y,3,0,1,1,A,-,01,23152,F,N,H,A,A,A,H,-,C,D,0,,,,,Y,,A,01,0,1,0,0,0,0,0,0,0,"- ","- ",38.798599243164062,-123.01838684082031,SONOMA,CLOVERDALE,,
8829952,2019,2019-03-29,4908,2019-03-08,1500,2747,2,5,5,5,4908,0,0,0,,0,002,"EAST WASHINGTON ST","VALLEJO ST",0.00,,Y,A,-,N,,,,,,,,,,N,3,0,1,2,A,-,10,21950,A,F,G,B,B,A,H,-,A,D,0,Y,,,,Y,,A,07,0,1,0,0,1,0,0,0,0,"- ","- ",38.241001129150391,-122.63300323486328,SONOMA,PETALUMA,-122.63345336914062,38.241031646728516
8830476,2019,2019-03-28,4903,2019-02-14,1615,942,2,4,5,3,4903,0,0,0,,0,,"HEALDSBURG AV","MILL ST",0.00,,Y,A,-,N,,,,,,,,,,N,3,0,1,2,A,-,10,21950,A,N,G,B,B,A,H,-,A,A,0,Y,,,,Y,,A,01,0,1,0,0,1,0,0,0,0,"- ","- ",38.608791351318359,-122.87039947509766,SONOMA,HEALDSBURG,-122.86991119384766,38.608261108398438