CASE_ID,ACCIDENT_YEAR,PROC_DATE,JURIS,COLLISION_DATE,COLLISION_TIME,OFFICER_ID,REPORTING_DISTRICT,DAY_OF_WEEK,CHP_SHIFT,POPULATION,CNTY_CITY_LOC,SPECIAL_COND,BEAT_TYPE,CHP_BEAT_TYPE,CITY_DIVISION_LAPD,CHP_BEAT_CLASS,BEAT_NUMBER,PRIMARY_RD,SECONDARY_RD,DISTANCE,DIRECTION,INTERSECTION,WEATHER_1,WEATHER_2,STATE_HWY_IND,CALTRANS_COUNTY,CALTRANS_DISTRICT,STATE_ROUTE,ROUTE_SUFFIX,POSTMILE_PREFIX,POSTMILE,LOCATION_TYPE,RAMP_INTERSECTION,SIDE_OF_HWY,TOW_AWAY,COLLISION_SEVERITY,NUMBER_KILLED,NUMBER_INJURED,PARTY_COUNT,PRIMARY_COLL_FACTOR,PCF_CODE_OF_VIOL,PCF_VIOL_CATEGORY,PCF_VIOLATION,PCF_VIOL_SUBSECTION,HIT_AND_RUN,TYPE_OF_COLLISION,MVIW,PED_ACTION,ROAD_SURFACE,ROAD_COND_1,ROAD_COND_2,LIGHTING,CONTROL_DEVICE,CHP_ROAD_TYPE,PEDESTRIAN_ACCIDENT,BICYCLE_ACCIDENT,MOTORCYCLE_ACCIDENT,TRUCK_ACCIDENT,NOT_PRIVATE_PROPERTY,ALCOHOL_INVOLVED,STWD_VEHTYPE_AT_FAULT,CHP_VEHTYPE_AT_FAULT,COUNT_SEVERE_INJ,COUNT_VISIBLE_INJ,COUNT_COMPLAINT_PAIN,COUNT_PED_KILLED,COUNT_PED_INJURED,COUNT_BICYCLIST_KILLED,COUNT_BICYCLIST_INJURED,COUNT_MC_KILLED,COUNT_MC_INJURED,PRIMARY_RAMP,SECONDARY_RAMP,LATITUDE,LONGITUDE,COUNTY,CITY,POINT_X,POINT_Y
90008793,2015,2015-10-19,9360,2015-08-04,1400,015434,,2,2,6,4905,0,1,2,,2,040,"US 101 N/B TO SR 12 W/B","RT 12",300.00,N,N,A,-,Y,,,,,,,,,,Y,4,0,1,2,A,-,03,22350,,N,C,C,A,A,H,-,A,D,0,,,,,Y,,A,07,0,0,1,0,0,0,0,0,0,"- ","- ",38.431330000000003,-122.71514999999999,SONOMA,"SANTA ROSA",-122.71552079999999,38.432026800000003
90008840,2015,2015-10-19,9360,2015-08-13,0700,016000,,4,1,9,4900,0,3,5,,2,005,"D STREET","SAN ANTONIO ROAD",0.00,,Y,B,-,N,,,,,,,,,,N,3,0,1,2,A,-,05,21460,A,N,B,G,A,B,H,-,A,D,0,,Y,,,Y,,A,01,0,1,0,0,0,0,1,0,0,"- ","- ",38.190629999999999,-122.66244,SONOMA,UNINCORPORATED,-122.66251990000001,38.190559899999997
90009036,2015,2015-10-19,9325,2015-07-23,1918,019067,,4,2,9,4900,0,1,3,,1,051,SR-121,"BONNEAU RD",1056.00,S,N,A,-,Y,,,121,,,,,,,Y,2,0,2,2,A,-,08,22107,,N,A,C,A,A,H,-,A,D,0,,,,,Y,,A,01,2,0,0,0,0,0,0,0,0,"- ","- ",38.233849999999997,-122.46057,SONOMA,UNINCORPORATED,-122.46061693,38.233832890000002
90009598,2015,2015-10-19,9360,2015-08-09,1005,016660,,7,1,2,4902,0,1,2,,2,050,"US 101 N/B","SR-116(GRAVENSTEIN HWY)",3168.00,S,N,A,-,Y,,,,,,,,,,Y,4,0,1,2,A,-,01,23152,A,N,C,C,A,A,H,-,A,D,0,,,,,Y,Y,A,01,0,0,1,0,0,0,0,0,0,"- ","- ",38.322389999999999,-122.71326999999999,SONOMA,COTATI,,
90009720,2015,2015-10-19,9350,2015-08-07,1235,019875,,5,1,9,4900,0,1,3,,2,237,"SR-37 W/B","SOLANO COUNTY LINE",600.00,W,N,A,-,Y,,,37,,,,,,W,Y,4,0,1,2,A,-,03,22350,,N,C,C,A,A,H,-,A,D,0,,,,,Y,,E,22,0,0,1,0,0,0,0,0,0,"- ","- ",38.155839999999998,-122.40912,SONOMA,UNINCORPORATED,-122.40912213,38.155802610000002
90009762,2015,2015-10-19,9350,2015-08-08,1500,020731,,6,2,9,4900,0,3,5,,2,005,"SAN ANTONIO ROAD","I STREET",881.00,E,N,A,-,N,,,,,,,,,,N,2,0,1,1,A,-,03,22350,,N,F,A,A,A,A,B,A,D,0,,Y,,,Y,,L,04,1,0,0,0,0,0,1,0,0,"- ","- ",38.182960000000001,-122.62814,SONOMA,UNINCORPORATED,-122.63129167,38.183328400000001
90010181,2015,2015-10-19,9360,2015-08-15,1330,019405,,6,1,9,4900,0,1,2,,1,060,"US-101 N/B","SAN ANTONIO RD",528.00,S,N,A,-,Y,,,101,,,,,,N,Y,4,0,2,3,A,-,03,22350,,N,C,C,A,A,H,-,A,D,0,,,,,Y,,D,22,0,0,2,0,0,0,0,0,0,"- ","- ",38.187249999999999,-122.60092,SONOMA,UNINCORPORATED,-122.60086164000001,38.187253830000003
90010311,2015,2015-10-19,9360,2015-08-17,1830,018482,,1,2,9,4900,0,3,5,,2,001,"KINLEY DRIVE","DRY CREEK ROAD",390.00,S,N,B,-,N,,,,,,,,,,Y,3,0,1,2,A,-,01,23152,A,N,A,C,A,A,H,-,A,D,0,,,,,Y,Y,A,08,0,1,0,0,0,0,0,0,0,"- ","- ",38.62567,-122.87909000000001,SONOMA,UNINCORPORATED,-122.87918969,38.625769579999996
90010802,2015,2015-10-19,9360,2015-08-07,1250,016577,,5,1,9,4900,0,1,2,,1,060,"US-101 (S/B)","KASTANIA RD",0.00,,Y,A,-,Y,,,101,,,,,,,Y,3,0,1,2,A,-,08,22107,,N,D,A,A,A,H,-,A,D,0,,,,,Y,,A,01,0,1,0,0,0,0,0,0,0,"- ","- ",38.210610000000003,-122.6009,SONOMA,UNINCORPORATED,-122.60085802,38.210628489999998
90011101,2015,2015-10-19,9360,2015-08-17,1600,016652,,1,2,9,4900,0,2,4,,1,044,"ADOBE RD","STAGE GULCH RD",3696.00,W,N,A,-,N,,,,,,,,,,Y,4,0,1,2,A,-,09,21804,A,N,C,C,A,A,H,-,A,D,0,,,,Y,Y,,A,07,0,0,1,0,0,0,0,0,0,"- ","- ",38.242130000000003,-122.53744,SONOMA,UNINCORPORATED,-122.53715969,38.24197616
90011546,2015,2015-10-19,9360,2015-08-04,1331,018520,,2,1,9,4900,0,1,3,,1,051,"SR-12 W/B TO US-101 S/B",SR-12,125.00,N,N,C,-,Y,,,,,,,,,,Y,2,0,3,3,A,-,08,22107,,N,A,C,A,B,H,-,A,D,0,,,,,Y,,D,22,1,0,2,0,0,0,0,0,0,"- ","- ",38.431840000000001,-122.71581999999999,SONOMA,UNINCORPORATED,,
90011970,2015,2015-10-19,9360,2015-08-22,1705,019824,,6,2,5,4908,0,1,2,,2,050,"US-101 S/B","PETALUMA BLVDN",436.00,N,N,A,-,Y,,,101,,,,,,S,Y,4,0,1,2,A,-,03,22350,,N,C,C,A,A,H,-,A,D,0,,,,,Y,,A,01,0,0,1,0,0,0,0,0,0,"- ","- ",38.27328,-122.67225999999999,SONOMA,PETALUMA,-122.67205278,38.273548580000003
90011988,2015,2015-10-19,9360,2015-08-22,1238,016577,,6,1,9,4900,0,1,3,,1,021,SR-128,"PINE FLAT RD",1584.00,E,N,A,-,Y,,,128,,,,,,,Y,4,0,1,1,A,-,08,22107,,N,E,I,A,A,H,-,A,D,0,,,,,Y,,A,01,0,0,1,0,0,0,0,0,0,"- ","- ",38.668700000000001,-122.80934000000001,SONOMA,UNINCORPORATED,-122.80930807,38.668740360000001
90012252,2015,2015-10-19,9360,2015-08-21,1305,019405,,5,1,9,4900,0,1,2,,2,030,"US-101 N/B","RIVER RD",5280.00,S,N,A,-,Y,,,101,,,,,,N,Y,4,0,1,3,A,-,03,22350,,M,C,C,A,A,H,-,A,D,0,,,,,Y,,-,99,0,0,1,0,0,0,0,0,0,"- ","- ",38.486980000000003,-122.74298,SONOMA,UNINCORPORATED,-122.74302461000001,38.486917149999996
90012777,2015,2015-10-19,9325,2015-08-09,1930,020242,,7,2,9,4900,0,1,3,,1,051,SR-121,"MEADOWLARK LN",230.00,S,N,A,-,Y,,,121,,,,,,,Y,4,0,2,3,A,-,09,21801,A,N,A,C,A,A,H,-,A,D,0,,,,,Y,,A,01,0,0,2,0,0,0,0,0,0,"- ","- ",38.221789999999999,-122.4563,SONOMA,UNINCORPORATED,-122.45621353999999,38.221821509999998
9001288,2019,2019-12-30,4905,2019-11-19,0821,SR413,10608,2,5,6,4905,0,0,0,,0,008,"PETALUMA HILL RD","PRESSLEY ST",0.00,,Y,A,-,N,,,,,,,,,,N,4,0,1,2,A,-,09,21802,A,N,D,C,A,A,H,-,A,A,0,,,,,Y,,A,01,0,0,1,0,0,0,0,0,0,"- ","- ",,,SONOMA,"SANTA ROSA",-122.71038818359375,38.427608489990234
9001292,2019,2019-12-30,4905,2019-11-08,1659,SR410,10605,5,5,6,4905,0,0,0,,0,005,"MARLOW RD","WEST COLLEGE AV",115.00,N,N,A,-,N,,,,,,,,,,Y,4,0,1,2,A,-,01,23152,A,M,C,C,A,A,H,-,B,A,0,,,,,Y,Y,A,07,0,0,1,0,0,0,0,0,0,"- ","- ",,,SONOMA,"SANTA ROSA",-122.75129699707031,38.445556640625
9001300,2019,2019-12-31,4905,2019-11-07,2022,SR383,10602,4,5,6,4905,0,0,0,,0,002,"4TH ST","ALDERBROOK DR",65.00,W,N,B,-,N,,,,,,,,,,Y,3,0,1,1,A,-,01,23152,A,N,E,I,A,A,H,-,C,D,0,,,Y,,Y,Y,C,02,0,1,0,0,0,0,0,0,1,"- ","- ",,,SONOMA,"SANTA ROSA",-122.69843292236328,38.449264526367188
90013540,2015,2015-10-19,9360,2015-08-14,0815,019744,,5,1,9,4900,0,2,4,,1,032,"RIVER ROAD","SCENIC AVE",0.00,,Y,A,-,N,,,,,,,,,,N,4,0,1,2,A,-,08,22107,,M,G,B,F,A,H,-,A,D,0,Y,,,,Y,,-,99,0,0,1,0,1,0,0,0,0,"- ","- ",38.505809999999997,-122.91386,SONOMA,UNINCORPORATED,-122.91374997,38.505969909999997
90014056,2015,2015-10-19,9360,2015-08-30,1145,016660,,7,1,9,4900,0,1,2,,2,050,"US-101 S/B","OLD REDWOOD HWY O/C",1584.00,N,N,A,-,Y,,,,,,,,,,Y,4,0,2,2,A,-,03,22350,,N,C,C,A,A,H,-,A,D,0,,,,,Y,,A,01,0,0,2,0,0,0,0,0,0,"- ","- ",38.273679999999999,-122.67215,SONOMA,UNINCORPORATED,-122.85753717999999,38.597156750000003
90014632,2015,2015-10-19,9360,2015-08-29,1525,018859,,6,2,9,4900,0,1,3,,1,063,SR-1,SR-116,75.00,N,N,A,-,Y,,,1,,,,,,,Y,4,0,1,2,A,-,09,21802,A,N,A,C,A,A,H,-,A,A,0,,,,,Y,Y,A,01,0,0,1,0,0,0,0,0,0,"- ","- ",38.436929999999997,-123.10389000000001,SONOMA,UNINCORPORATED,-123.10390398,38.436904069999997
90015092,2015,2015-10-19,9325,2015-08-16,1932,020242,,7,2,9,4900,0,3,5,,2,005,"MACARTHUR ST","8TH ST  E",335.00,E,N,A,-,N,,,,,,,,,,Y,3,0,1,1,A,-,01,23152,A,N,E,I,A,A,H,-,B,D,0,,,,,Y,Y,A,01,0,1,0,0,0,0,0,0,0,"- ","- ",38.282510000000002,-122.43568,SONOMA,UNINCORPORATED,-122.43574261000001,38.282459449999998
90015845,2015,2015-10-19,9360,2015-08-25,1525,018520,,2,2,6,4905,0,1,2,,2,030,"US-101 N/B","MENDOCINO AVE",528.00,S,N,A,-,Y,,,,,,,,,,Y,4,0,1,3,A,-,03,22350,,N,C,C,A,A,H,-,A,D,0,,,,,Y,,A,01,0,0,1,0,0,0,0,0,0,"- ","- ",38.491819999999997,-122.74977,SONOMA,"SANTA ROSA",,
90016167,2015,2015-10-19,9360,2015-09-01,0755,013513,,2,1,9,4900,0,1,2,,2,040,"US 101 N/B","SR-12 E/B",535.00,N,N,A,-,Y,,,,,,,,,,Y,4,0,1,2,A,-,03,22350,,N,C,C,A,A,H,-,A,D,0,,,,,Y,,A,01,0,0,1,0,0,0,0,0,0,"- ","- ",38.432450000000003,-122.7157,SONOMA,UNINCORPORATED,,
90016791,2015,2015-10-19,9350,2015-09-10,0630,020740,,4,1,9,4900,0,1,3,,2,137,"SR-37 W/B","LAKEVILLE HWY",100.00,E,N,A,-,Y,,,37,,,,,,W,Y,2,0,1,2,A,-,03,22350,,N,F,I,A,A,H,-,A,A,0,,,Y,,Y,,C,02,1,0,0,0,0,0,0,0,1,"- ","- ",38.134369999999997,-122.47620000000001,SONOMA,UNINCORPORATED,-122.47616669999999,38.134315059999999
90017151,2015,2015-10-19,9325,2015-08-16,0745,019659,,7,1,9,4900,0,1,3,,1,053,"SR-116 E/B","COUNTY DUMP RD",450.00,E,N,A,-,Y,,,116,,,,,,E,Y,1,1,0,1,C,-,18,,,N,E,I,A,A,H,-,A,D,0,,,,,Y,,-,"- ",0,0,0,0,0,0,0,0,0,"- ","- ",38.243490000000001,-122.50462,SONOMA,UNINCORPORATED,-122.5046901,38.243582879999998
90017253,2015,2015-10-19,9360,2015-08-21,0930,016660,,5,1,9,4900,0,3,5,,2,005,"MILLBRAE AVE","PRIMROSE AVE",118.00,W,N,A,-,N,,,,,,,,,,Y,4,0,1,2,A,-,08,22107,,N,B,C,A,A,H,-,A,A,0,,,,,Y,,D,22,0,0,1,0,0,0,0,0,0,"- ","- ",38.369540000000001,-122.73766000000001,SONOMA,UNINCORPORATED,-122.73763172,38.369500010000003
90017392,2015,2015-10-19,9325,2015-08-30,1100,019590,,7,1,9,4900,0,3,5,,2,006,"AGUA CALIENTE RD","BROOKSIDE RD",10.00,E,N,A,-,N,,,,,,,,,,Y,4,0,1,2,A,-,09,21801,A,N,D,C,A,A,H,-,A,A,0,,,,,Y,,A,07,0,0,1,0,0,0,0,0,0,"- ","- ",38.322859999999999,-122.49559000000001,SONOMA,UNINCORPORATED,-122.49544830000001,38.322651450000002
90017521,2015,2015-10-19,9325,2015-09-05,1615,019972,,6,2,9,4900,0,2,4,,2,054,"ARNOLD DR.","WATMAUGH RD.",175.00,S,N,A,-,N,,,,,,,,,,Y,4,0,1,3,A,-,03,22350,,N,C,C,A,A,H,-,A,D,0,,,,,Y,,A,01,0,0,1,0,0,0,0,0,0,"- ","- ",38.259810000000002,-122.4829,SONOMA,UNINCORPORATED,-122.48329914,38.260126229999997
90017631,2015,2015-10-19,9360,2015-09-04,1710,019824,,5,2,9,4900,0,2,4,,1,044,"OLD ADOBE RD","CORONA RD",2600.00,N,N,A,-,N,,,,,,,,,,Y,4,0,1,2,A,-,08,22107,,N,D,C,A,A,H,-,A,D,0,,,,,Y,,A,07,0,0,1,0,0,0,0,0,0,"- ","- ",38.292380000000001,-122.65058000000001,SONOMA,UNINCORPORATED,-122.6468239,38.29011208
90018081,2015,2015-10-19,9360,2015-09-05,1116,018196,,6,1,9,4900,0,1,2,,2,030,"US-101 N/B","RIVER ROAD O/C",4224.00,S,N,A,-,Y,,,,,,,,,,Y,4,0,1,2,A,-,03,22350,,N,C,C,A,A,H,-,A,D,0,,,,,Y,,D,22,0,0,1,0,0,0,0,0,0,"- ","- ",38.248809999999999,-122.74464999999999,SONOMA,UNINCORPORATED,-122.74510699,38.488390559999999
90018739,2015,2015-10-19,9360,2015-09-07,0620,014998,,1,1,9,4900,0,1,3,,1,041,SR-12,"DUNBAR RD",1056.00,W,N,A,-,Y,,,12,,,,,,,Y,4,0,1,1,A,-,08,22107,,N,E,I,A,A,H,-,B,D,0,,,,,Y,,A,07,0,0,1,0,0,0,0,0,0,"- ","- ",38.397329999999997,-122.53583999999999,SONOMA,UNINCORPORATED,-122.53586265,38.397303639999997
90019060,2015,2015-10-19,9360,2015-09-07,1501,018520,,1,2,9,4900,0,3,5,,2,003,"SLUSSER RD","STEELE RANCH RD",189.00,S,N,A,-,N,,,,,,,,,,Y,2,0,2,1,A,-,08,22107,,N,E,I,A,A,H,-,A,D,0,,,,,Y,,A,01,1,1,0,0,0,0,0,0,0,"- ","- ",38.496220000000001,-122.82711,SONOMA,UNINCORPORATED,-122.82675999999999,38.495699000000002
90019265,2015,2015-10-19,9325,2015-09-10,1425,017478,,4,2,9,4900,0,2,4,,1,055,"NAPA ROAD","5TH ST  E",200.00,E,N,A,-,N,,,,,,,,,,Y,4,0,2,2,A,-,08,22107,,N,A,C,A,A,H,-,A,D,0,,,,,Y,,A,01,0,0,2,0,0,0,0,0,0,"- ","- ",38.273490000000002,-122.44625000000001,SONOMA,UNINCORPORATED,-122.44969599,38.27422258
90019688,2015,2015-10-19,9360,2015-09-01,1752,018520,,2,2,9,4900,0,1,2,,2,030,"US-101 S/B","RIVER RD",475.00,S,N,A,-,Y,,,101,,,,,,S,Y,3,0,2,2,A,-,03,22350,,N,C,C,A,A,H,-,A,D,0,,,Y,,Y,,C,02,0,1,1,0,0,0,0,0,2,"- ","- ",38.492370000000001,-122.75087000000001,SONOMA,UNINCORPORATED,-122.75093921,38.492272079999999
90020122,2015,2015-10-19,9360,2015-09-17,1842,020176,,4,2,9,4900,0,2,4,,1,057,"PETALUMA BLVD NORTH","CORONA RD",460.00,N,N,A,-,N,,,,,,,,,,N,3,0,1,2,A,-,01,23152,A,F,B,G,A,A,H,-,A,D,0,,Y,,,Y,Y,A,01,0,1,0,0,0,0,1,0,0,"- ","- ",38.260680000000001,-122.66202,SONOMA,UNINCORPORATED,-122.66197943,38.260575729999999
90020721,2015,2015-10-19,9360,2015-09-11,1415,016000,,5,2,9,4900,0,2,4,,1,054,"VALLEY FORD ROAD",SR-1,0.00,,Y,A,-,Y,,,,,,,,,,Y,3,0,1,2,A,-,21,22106,,N,B,C,A,A,H,-,A,D,0,,,Y,,Y,,C,02,0,1,0,0,0,0,0,0,1,"- ","- ",38.316429999999997,-122.89646,SONOMA,UNINCORPORATED,-122.89651988,38.316429900000003
90020957,2015,2015-10-19,9360,2015-09-14,0805,013440,9360,1,1,9,4900,0,1,2,,2,030,"US -101 NORTHBOUND","MENDOCINO AVE. O/C",25.00,N,N,B,-,Y,,,,,,,,,,N,4,0,1,2,A,-,03,22350,,N,C,C,A,A,H,-,A,D,0,,,,,Y,,D,22,0,0,1,0,0,0,0,0,0,"- ","- ",38.474739999999997,-122.73106,SONOMA,UNINCORPORATED,,
90021163,2015,2015-10-19,9360,2015-09-16,1335,013440,9360,3,1,9,4900,0,2,4,,1,038,"OCCIDENTAL RD.","FURLONG RD",3168.00,W,N,B,C,N,,,,,,,,,,N,4,0,1,1,A,-,00,22017,,N,E,I,A,B,H,-,A,D,0,,,,,Y,,A,07,0,0,1,0,0,0,0,0,0,"- ","- ",,,SONOMA,UNINCORPORATED,-122.90572492,38.407597789999997
90022417,2015,2016-02-24,9360,2015-09-18,1920,016000,,5,2,9,4900,0,1,3,,1,045,"SR-116 (STAGE GULCH)","LAKEVILLE ROAD",0.00,,Y,A,-,Y,,,116,,,,,,,Y,1,1,0,2,A,-,01,23152,A,N,D,C,A,A,H,-,C,A,0,,,,,Y,,A,07,0,0,0,0,0,0,0,0,0,"- ","- ",38.212049999999998,-122.54928,SONOMA,UNINCORPORATED,-122.54927526,38.212039310000002
90022629,2015,2015-10-19,9360,2015-09-18,2335,020819,,5,3,9,4900,0,3,5,,2,005,"PHILLIPS AVE","BUTLER AVE",0.00,,Y,A,-,N,,,,,,,,,,Y,3,0,1,1,A,-,01,23152,A,N,E,I,A,A,H,-,D,A,0,,,,,Y,Y,D,22,0,1,0,0,0,0,0,0,0,"- ","- ",38.399250000000002,-122.74845999999999,SONOMA,UNINCORPORATED,-122.74843998999999,38.39922997
90023656,2015,2015-10-19,9360,2015-09-21,1510,016045,,1,2,9,4900,0,1,2,,1,060,"U.S.-101 N/B","KASTANIA RD",1320.00,N,N,A,-,Y,,,,,,,,,,Y,3,0,1,1,A,-,08,22107,,N,F,I,A,A,H,-,A,D,0,,,Y,,Y,,C,02,0,1,0,0,0,0,0,0,1,"- ","- ",38.212679999999999,-122.60151999999999,SONOMA,UNINCORPORATED,,
90023998,2015,2015-10-19,9360,2015-09-19,2145,020369,,6,2,9,4900,0,2,4,,1,012,"DRY CREEK RD","ABEL WAY",315.00,N,N,A,-,N,,,,,,,,,,Y,4,0,1,1,A,-,08,22107,,N,E,I,A,A,H,-,D,D,0,,,,,Y,,A,01,0,0,1,0,0,0,0,0,0,"- ","- ",38.637149999999998,-122.89958,SONOMA,UNINCORPORATED,-122.89957708,38.636274870000001
90025724,2015,2015-10-19,9350,2015-09-26,1954,020831,,6,2,9,4900,0,1,3,,2,137,"SR-37 E/B",SR-121,1760.00,W,N,A,-,Y,,,37,,,,,,E,Y,4,0,6,2,A,-,03,22350,,N,C,C,A,A,H,-,D,D,0,,,,,Y,,A,01,0,0,6,0,0,0,0,0,0,"- ","- ",38.148739999999997,-122.45263,SONOMA,UNINCORPORATED,-122.45262077,38.148727729999997
90025765,2015,2015-10-19,9350,2015-09-25,1540,020979,,5,2,9,4900,0,1,3,,2,237,"SR-37 W/B","NOBLE RD",183.00,W,N,A,-,Y,,,37,,,,,,W,Y,4,0,1,3,A,-,03,22350,,N,C,C,A,A,H,-,A,D,0,,,,,Y,,A,01,0,0,1,0,0,0,0,0,0,"- ","- ",38.154760000000003,-122.42368999999999,SONOMA,UNINCORPORATED,-122.42368313,38.154689329999997
90026614,2015,2015-10-19,9360,2015-09-22,1925,016045,,2,2,9,4900,0,1,2,,2,050,"US 101 S/B","RAILROAD AVE U/C",1320.00,S,N,A,-,Y,,,,,,,,,,Y,3,0,1,1,A,-,08,22107,,N,E,I,A,A,H,-,D,D,0,,,,,Y,,A,07,0,1,0,0,0,0,0,0,0,"- ","- ",38.299230000000001,-122.70466,SONOMA,UNINCORPORATED,-122.70578612,38.300623289999997
90026963,2015,2015-10-19,9360,2015-09-24,0550,016660,,4,3,9,4900,0,1,3,,1,045,"SR-116 (STAGE GULCH RD)","ADOBE RD",1584.00,W,N,A,-,Y,,,116,,,,,,,Y,3,0,1,1,A,-,08,22107,,N,F,J,A,A,H,-,D,D,0,,,,,Y,,A,01,0,1,0,0,0,0,0,0,0,"- ","- ",38.230420000000002,-122.53191,SONOMA,UNINCORPORATED,-122.5318649,38.230411340000003
90027212,2015,2015-10-19,9360,2015-09-25,0835,017693,,5,1,9,4900,0,1,2,,2,040,"US-101 N/B","SR-12 E/B",300.00,S,N,A,-,Y,,,,,,,,,,Y,4,0,1,2,A,-,03,22350,,N,C,C,A,A,H,-,A,D,0,,,,,Y,,A,01,0,0,1,0,0,0,0,0,0,"- ","- ",38.428510000000003,-122.71495,SONOMA,UNINCORPORATED,,
90029723,2015,2015-10-19,9360,2015-10-02,0625,017693,,5,1,6,4905,0,1,2,,2,040,"US-101 N/B TO STEELE LN.","STEELE LANE",20.00,S,N,A,-,Y,,,101,,,,R,,N,N,4,0,1,3,A,-,01,23152,A,N,C,C,A,A,H,-,B,D,0,,,,,Y,Y,A,01,0,0,1,0,0,0,0,0,0,"- ","- ",38.459809999999997,-122.72574,SONOMA,"SANTA ROSA",-122.72574,38.459809999999997
90030472,2015,2015-10-19,9360,2015-10-02,0637,019405,,5,1,6,4905,0,1,2,,2,030,"US-101 S/B TO STEELE LN","STEELE LANE",5.00,S,N,A,-,Y,,,101,,,,R,,S,N,4,0,1,2,D,-,00,,,M,H,C,A,A,H,-,A,A,0,,,,,Y,,-,"- ",0,0,1,0,0,0,0,0,0,"- ","- ",38.460859999999997,-122.72685,SONOMA,"SANTA ROSA",-122.72685,38.460859999999997
90031739,2015,2015-10-19,9360,2015-10-07,1640,015552,,3,2,9,4900,0,1,3,,1,061,SR-1,"ANNAPOLIS RD",5280.00,S,N,A,-,Y,,,1,,,,,,,N,3,0,1,1,A,-,03,22350,,N,E,I,A,A,H,-,A,D,0,,,Y,,Y,,C,02,0,1,0,0,0,0,0,0,1,"- ","- ",38.687130000000003,-123.42618,SONOMA,UNINCORPORATED,-123.42617516999999,38.687132910000003
90031843,2015,2015-10-19,9360,2015-09-29,0630,016223,,2,1,9,4900,0,1,3,,1,041,SR-12,"HOFF RD",528.00,E,N,A,-,Y,,,12,,,,,,,Y,3,0,1,2,A,-,05,21460,A,N,A,C,A,A,H,-,B,D,0,,,,,Y,,A,01,0,1,0,0,0,0,0,0,0,"- ","- ",38.427709999999998,-122.55994,SONOMA,UNINCORPORATED,-122.5599318,38.427723700000001
90031999,2015,2015-10-19,9360,2015-10-06,1155,011932,9360,2,1,9,4900,0,3,5,,2,005,"S. MOORLAND AVE","TODD RD O/C",133.00,S,N,A,-,N,,,,,,,,,,Y,4,0,1,1,A,-,08,22107,,N,E,I,A,A,H,-,A,D,0,,,,,Y,,A,01,0,0,1,0,0,0,0,0,0,"- ","- ",38.38608,-122.7176,SONOMA,UNINCORPORATED,-122.71776395000001,38.386735229999999
90032650,2015,2015-10-19,9360,2015-08-26,1725,013268,,3,2,9,4900,0,2,4,,2,056,"STONY POINT ROAD","RAILROAD AVE",42.00,N,N,A,-,N,,,,,,,,,,Y,4,0,1,1,A,-,08,22107,,N,E,J,A,A,H,-,A,D,0,,,,,Y,,A,01,0,0,1,0,0,0,0,0,0,"- ","- ",38.299219999999998,-122.71271,SONOMA,UNINCORPORATED,-122.71267582999999,38.299300559999999
90032712,2015,2015-10-19,9360,2015-10-12,1850,015187,,1,2,9,4900,0,1,2,,1,010,"US-101 N/B","CITRUS FAIR DR.",214.00,S,N,A,-,Y,,,101,,,,,,N,Y,3,0,1,1,A,-,08,22107,,N,F,A,A,A,H,-,D,D,0,,,,,Y,,A,07,0,1,0,0,0,0,0,0,0,"- ","- ",38.799579999999999,-123.01289,SONOMA,UNINCORPORATED,-123.01296997999999,38.799576629999997
90033200,2015,2015-10-19,9350,2015-10-15,1600,018797,,4,2,9,4900,0,1,3,,2,137,"SR-37 E/B","LAKEVILLE HWY",528.00,W,N,A,-,Y,,,37,,,,,,E,Y,4,0,3,4,A,-,03,22350,,N,C,C,A,A,H,-,A,D,0,,,,,Y,,A,07,0,0,3,0,0,0,0,0,0,"- ","- ",38.119480000000003,-122.50055,SONOMA,UNINCORPORATED,-122.50048296,38.119374749999999
90033305,2015,2015-10-19,9325,2015-10-01,1925,019067,,4,2,9,4900,0,1,3,,1,063,SR-12,"CAVEDALE ROAD",125.00,E,N,A,-,Y,,,12,,,,,,,Y,4,0,1,2,A,-,09,21801,A,N,D,C,A,A,H,-,D,D,0,,,,,Y,,D,22,0,0,1,0,0,0,0,0,0,"- ","- ",38.336750000000002,-122.49274,SONOMA,UNINCORPORATED,-122.49261881,38.336826440000003
90033579,2015,2015-10-19,9360,2015-10-06,0535,014455,,2,3,9,4900,0,1,2,,2,050,"US-101 N/B","PETALUMA BLVD. NORTH O/C",4752.00,N,N,B,-,Y,,,101,,,,,,N,Y,3,0,1,1,A,-,08,22107,,N,E,I,A,A,H,-,C,D,0,,,,,Y,,A,01,0,1,0,0,0,0,0,0,0,"- ","- ",38.281480000000002,-122.68187,SONOMA,UNINCORPORATED,-122.68194219999999,38.28138594
90034313,2015,2015-10-20,9325,2015-10-16,1955,019847,,5,2,9,4900,0,1,3,,1,051,"SR-121 S/B","MANGEL RANCH ROAD",2640.00,N,N,A,-,Y,,,,,,,,,,Y,4,0,1,3,A,-,03,22350,,N,C,C,A,A,H,-,D,D,0,,,,,Y,,D,22,0,0,1,0,0,0,0,0,0,"- ","- ",38.105670000000003,-122.26362,SONOMA,UNINCORPORATED,-122.44398647,38.18165802