CASE_ID,ACCIDENT_YEAR,PROC_DATE,JURIS,COLLISION_DATE,COLLISION_TIME,OFFICER_ID,REPORTING_DISTRICT,DAY_OF_WEEK,CHP_SHIFT,POPULATION,CNTY_CITY_LOC,SPECIAL_COND,BEAT_TYPE,CHP_BEAT_TYPE,CITY_DIVISION_LAPD,CHP_BEAT_CLASS,BEAT_NUMBER,PRIMARY_RD,SECONDARY_RD,DISTANCE,DIRECTION,INTERSECTION,WEATHER_1,WEATHER_2,STATE_HWY_IND,CALTRANS_COUNTY,CALTRANS_DISTRICT,STATE_ROUTE,ROUTE_SUFFIX,POSTMILE_PREFIX,POSTMILE,LOCATION_TYPE,RAMP_INTERSECTION,SIDE_OF_HWY,TOW_AWAY,COLLISION_SEVERITY,NUMBER_KILLED,NUMBER_INJURED,PARTY_COUNT,PRIMARY_COLL_FACTOR,PCF_CODE_OF_VIOL,PCF_VIOL_CATEGORY,PCF_VIOLATION,PCF_VIOL_SUBSECTION,HIT_AND_RUN,TYPE_OF_COLLISION,MVIW,PED_ACTION,ROAD_SURFACE,ROAD_COND_1,ROAD_COND_2,LIGHTING,CONTROL_DEVICE,CHP_ROAD_TYPE,PEDESTRIAN_ACCIDENT,BICYCLE_ACCIDENT,MOTORCYCLE_ACCIDENT,TRUCK_ACCIDENT,NOT_PRIVATE_PROPERTY,ALCOHOL_INVOLVED,STWD_VEHTYPE_AT_FAULT,CHP_VEHTYPE_AT_FAULT,COUNT_SEVERE_INJ,COUNT_VISIBLE_INJ,COUNT_COMPLAINT_PAIN,COUNT_PED_KILLED,COUNT_PED_INJURED,COUNT_BICYCLIST_KILLED,COUNT_BICYCLIST_INJURED,COUNT_MC_KILLED,COUNT_MC_INJURED,PRIMARY_RAMP,SECONDARY_RAMP,LATITUDE,LONGITUDE,COUNTY,CITY,POINT_X,POINT_Y
90034319,2015,2015-10-20,9360,2015-09-27,1035,016660,,7,1,9,4900,0,3,5,,2,005,"ROBLAR RD","ORCHARD STATION RD",528.00,E,N,A,-,N,,,,,,,,,,N,2,0,1,1,A,-,08,22107,,N,F,A,A,A,H,-,A,D,0,,Y,,,Y,,L,04,1,0,0,0,0,0,1,0,0,"- ","- ",38.321199999999997,-122.76618999999999,SONOMA,UNINCORPORATED,-122.76661899,38.321161580000002
90034938,2015,2015-10-20,9360,2015-10-13,1530,015434,,2,2,9,4900,0,2,4,,1,046,"WARM SPRINGS RD","SONOMA MOUNTAIN RD",3168.00,N,N,A,-,N,,,,,,,,,,Y,3,0,1,2,A,-,05,21460,A,N,A,C,A,A,H,-,A,D,0,,,,,Y,,D,22,0,1,0,0,0,0,0,0,0,"- ","- ",38.373449999999998,-122.5472,SONOMA,UNINCORPORATED,-122.54782055,38.373975809999997
90038239,2015,2015-10-26,9360,2015-10-18,2300,020522,,7,3,9,4900,0,3,5,,2,003,"STEWARTS POINT-SKAGGS SPRINGS RD",SR-1,14256.00,E,N,A,-,N,,,,,,,,,,N,4,0,1,1,A,-,01,23152,F,N,E,I,A,A,H,-,D,D,0,,,,,Y,Y,A,01,0,0,1,0,0,0,0,0,0,"- ","- ",38.391500000000001,-123.21250000000001,SONOMA,UNINCORPORATED,-123.36286118,38.653758209999999
90040362,2015,2015-10-29,9360,2015-10-19,1700,015812,,1,2,9,4900,0,3,5,,2,005,"WESTERN AVENUE","CLEVELAND LANE",1584.00,E,N,A,-,N,,,,,,,,,,Y,3,0,1,1,A,-,08,22107,,N,E,I,A,A,H,-,A,D,0,,,,,Y,,A,01,0,1,0,0,0,0,0,0,0,"- ","- ",38.230519999999999,-122.65939,SONOMA,UNINCORPORATED,-122.65786736,38.230631889999998
90040569,2015,2015-10-29,9350,2015-10-24,1420,017450,,6,2,9,4900,0,1,3,,2,237,"SR-37 E/B","SONOMA-SOLANO COUNTY LINE",300.00,W,N,A,-,Y,,,37,,,,,,E,N,4,0,1,2,A,-,03,22350,,N,C,C,A,A,H,-,A,D,0,,,,,Y,,A,01,0,0,1,0,0,0,0,0,0,"- ","- ",38.155749999999998,-122.40797000000001,SONOMA,UNINCORPORATED,-122.40797068000001,38.155738169999999
90042315,2015,2015-11-02,9360,2015-10-22,1545,019359,,4,2,6,4905,0,1,2,,2,030,"US-101 N/B","STEELE LN",150.00,N,N,A,-,Y,,,101,,,,,,N,Y,4,0,2,2,A,-,03,22350,,N,C,C,A,A,H,-,A,D,0,,,,,Y,,A,07,0,0,2,0,0,0,0,0,0,"- ","- ",38.462989999999998,-122.72623,SONOMA,"SANTA ROSA",-122.72640093,38.462966219999998
90042673,2015,2015-11-02,9325,2015-10-20,0750,015786,,2,1,9,4900,0,1,3,,1,053,SR-116,"E. BONNESS ROAD",2640.00,W,N,A,-,Y,,,116,,,,,,,Y,2,0,1,2,A,-,03,22350,,N,D,C,A,A,H,-,A,D,0,,,Y,Y,Y,,C,02,1,0,0,0,0,0,0,0,1,"- ","- ",38.25132,-122.47584999999999,SONOMA,UNINCORPORATED,-122.47591064,38.251270429999998
90043183,2015,2015-11-03,9360,2015-10-22,1830,020082,,4,2,6,4905,0,1,2,,2,040,"US-101 SOUTHBOUND","HEARN AVE",912.00,S,N,A,-,Y,,,101,,,,,,S,Y,4,0,1,2,A,-,03,22350,,N,C,C,A,A,H,-,B,D,0,,,,,Y,,D,22,0,0,1,0,0,0,0,0,0,"- ","- ",38.41046,-122.71628,SONOMA,"SANTA ROSA",-122.71617603999999,38.4104606
90043663,2015,2015-11-03,9325,2015-10-25,0050,020261,,7,3,9,4900,0,2,4,,1,055,"NAPA ROAD","ARROWHEAD MOUNTAIN ROAD",100.00,S,N,A,-,N,,,,,,,,,,Y,3,0,1,1,A,-,08,22107,,N,F,A,A,A,H,-,D,D,0,,,,,Y,,D,22,0,1,0,0,0,0,0,0,0,"- ","- ",38.261749999999999,-122.39906000000001,SONOMA,UNINCORPORATED,,
90043933,2015,2016-01-06,9360,2015-09-14,0810,014998,,1,1,9,4900,0,2,4,,1,024,"PETRIFIED FOREST RD","SHARP RD",2640.00,W,N,B,C,N,,,,,,,,,,Y,1,1,0,1,A,-,01,23152,E,N,E,I,A,B,H,-,A,D,0,,,,,Y,,A,01,0,0,0,0,0,0,0,0,0,"- ","- ",38.559730000000002,-122.63196000000001,SONOMA,UNINCORPORATED,-122.63399853,38.558954800000002
90045423,2015,2015-11-05,9360,2015-10-18,1350,016577,,7,1,9,4900,0,1,2,,2,020,"US-101 N/B","OLD REDWOOD HWY",1584.00,N,N,B,-,Y,,,,,,,,,,N,3,0,1,1,A,-,08,22107,,N,E,I,A,A,H,-,A,D,0,,,,,Y,,A,07,0,1,0,0,0,0,0,0,0,"- ","- ",38.550939999999997,-122.81197,SONOMA,UNINCORPORATED,-122.85766662,38.597437290000002
90045474,2015,2015-11-05,9360,2015-10-26,0535,014455,,1,3,5,4908,0,1,2,,1,060,"US-101 S/B","OLD REDWOOD HIGHWAY O/C",100.00,S,N,E,-,Y,,,101,,,,,,S,N,4,0,1,4,A,-,03,22350,,N,C,C,A,B,D,-,D,D,0,,,,,Y,,A,07,0,0,1,0,0,0,0,0,0,"- ","- ",38.271740000000001,-122.66961999999999,SONOMA,PETALUMA,-122.66965754,38.271692710000004
90047247,2015,2015-11-09,9360,2015-10-24,1345,016076,,6,1,9,4900,0,1,3,,1,021,"RT 128","FRANZ VALLEY RD",5280.00,E,N,A,-,Y,,,128,,,,,,,Y,3,0,2,2,A,-,21,22106,,N,B,C,A,A,H,-,A,D,0,,,,,Y,,A,01,0,2,0,0,0,0,0,0,0,"- ","- ",38.621070000000003,-122.66191000000001,SONOMA,UNINCORPORATED,-122.66195223,38.621030439999998
90047938,2015,2015-11-10,9350,2015-10-23,1330,020201,,5,1,9,4900,0,1,3,,2,137,"SR-37 W/B","LAKEVILLE HIGHWAY",500.00,E,N,A,-,Y,,,37,,,,,,W,Y,4,0,3,4,A,-,03,22350,,N,C,C,A,A,H,-,A,D,0,,,,Y,Y,,F,27,0,0,3,0,0,0,0,0,0,"- ","- ",38.13505,-122.47495000000001,SONOMA,UNINCORPORATED,-122.47495171,38.135052829999999
90049515,2015,2015-11-12,9360,2015-10-30,0805,017693,,5,1,9,4900,0,3,5,,2,003,"FULTON RD","PARNELL RD",210.00,N,N,A,-,N,,,,,,,,,,Y,4,0,1,2,A,-,03,22350,,N,C,C,A,A,H,-,A,D,0,,,,,Y,,A,08,0,0,1,0,0,0,0,0,0,"- ","- ",38.490679999999998,-122.77012999999999,SONOMA,UNINCORPORATED,-122.77012721,38.489806819999998
90049834,2015,2015-11-12,9360,2015-10-31,1445,018828,,6,2,9,4900,0,2,4,,1,024,"MARK WEST SPRINGS RD","LESLIE RD",4224.00,W,N,A,-,N,,,,,,,,,,Y,3,0,1,1,A,-,08,22107,,N,E,I,A,A,H,-,A,D,0,,,,,Y,,A,01,0,1,0,0,0,0,0,0,0,"- ","- ",38.53884,-122.72186000000001,SONOMA,UNINCORPORATED,-122.72152436,38.539153429999999
90049848,2015,2015-11-12,9360,2015-10-29,0629,014455,,4,1,9,4900,0,2,4,,1,047,"LAKEVILLE RD.","CANNON LANE",0.00,,Y,E,-,N,,,,,,,,,,Y,4,0,1,2,A,-,21,22106,,N,D,C,A,A,H,-,D,D,0,,,,Y,Y,,G,27,0,0,1,0,0,0,0,0,0,"- ","- ",38.19455,-122.54427,SONOMA,UNINCORPORATED,-122.54425000000001,38.194489949999998
90051209,2015,2015-11-16,9360,2015-10-27,0655,013838,,2,1,9,4900,0,1,3,,1,041,"CALISTOGA RD","CHALFANT ROAD",1584.00,S,N,B,-,N,,,,,,,,,,Y,3,0,1,1,A,-,08,22107,,N,E,I,A,A,H,-,A,D,0,,,,,Y,,A,01,0,1,0,0,0,0,0,0,0,"- ","- ",38.540129999999998,-122.64758,SONOMA,UNINCORPORATED,-122.64799368,38.540379809999997
90051419,2015,2015-11-16,9360,2015-10-30,0745,016660,,5,1,9,4900,0,2,4,,1,042,"PETALUMA HILL RD","ROBERTS RD",536.00,S,N,A,-,N,,,,,,,,,,Y,4,0,1,3,A,-,03,22350,,N,C,C,A,A,H,-,A,D,0,,,,,Y,,D,22,0,0,1,0,0,0,0,0,0,"- ","- ",38.327069999999999,-122.66670999999999,SONOMA,UNINCORPORATED,-122.66672194,38.327407659999999
90051536,2015,2015-11-16,9360,2015-11-01,1058,015420,,7,1,9,4900,0,2,4,,1,024,"PORTER CREEK RD","POSTWOOD LN",3696.00,E,N,C,-,N,,,,,,,,,,Y,3,0,2,2,A,-,03,22350,,N,A,C,A,B,H,-,A,D,0,,,,,Y,,A,01,0,1,1,0,0,0,0,0,0,"- ","- ",38.549460000000003,-122.66963,SONOMA,UNINCORPORATED,-122.67017353999999,38.54967345
90051772,2015,2015-11-16,9360,2015-11-01,1520,018828,,7,2,3,4903,0,1,2,,2,020,"US-101 S/B","WESTSIDE RD",3168.00,S,N,B,-,Y,,,101,,,,,,S,Y,4,0,2,1,A,-,03,22350,,N,E,I,A,B,H,-,A,D,0,,,,,Y,,A,01,0,0,2,0,0,0,0,0,0,"- ","- ",38.601149999999997,-122.86449,SONOMA,HEALDSBURG,-122.86447391,38.60117511
90051887,2015,2015-11-16,9360,2015-11-01,2335,020329,,7,3,9,4900,0,2,4,,1,024,"MARK WEST SPRINGS ROAD","MARK WEST LANE",1584.00,E,N,C,-,N,,,,,,,,,,Y,4,0,2,2,A,-,03,22350,,N,D,C,A,B,H,-,D,D,0,,,,,Y,,A,01,0,0,2,0,0,0,0,0,0,"- ","- ",38.531700000000001,-122.72584999999999,SONOMA,UNINCORPORATED,-122.72200008,38.52796008
90052836,2015,2015-11-17,9325,2015-11-12,0626,015674,,4,1,9,4900,0,1,3,,1,063,SR-12,"VERANO AVE",0.00,,Y,A,-,Y,,,,,,,,,,N,3,0,1,2,A,-,10,21950,A,N,G,B,B,A,H,-,A,A,0,Y,,,,Y,,A,01,0,1,0,0,1,0,0,0,0,"- ","- ",38.180900000000001,-122.2834,SONOMA,UNINCORPORATED,,
90052909,2015,2015-11-17,9360,2015-11-03,1430,018667,,2,2,9,4900,0,1,3,,1,041,SR-12,"DUNBAR ROAD",2640.00,W,N,A,-,Y,,,12,,,,,,,Y,4,0,1,2,A,-,05,21460,A,N,B,C,A,A,H,-,A,D,0,,,,,Y,,D,22,0,0,1,0,0,0,0,0,0,"- ","- ",38.39555,-122.53382000000001,SONOMA,UNINCORPORATED,-122.53382505,38.395544170000001
90053540,2015,2015-11-18,9360,2015-11-12,1718,015187,,4,2,9,4900,0,1,2,,2,030,"US-101 S/B","AIRPORT BLVD",1056.00,N,N,A,-,Y,,,101,,,,,,S,Y,4,0,1,3,A,-,03,22350,,N,C,C,A,A,H,-,D,D,0,,,,,Y,,A,07,0,0,1,0,0,0,0,0,0,"- ","- ",38.515189999999997,-122.78041,SONOMA,UNINCORPORATED,-122.7804344,38.515165529999997
90053567,2015,2015-11-18,9360,2015-11-06,1010,019833,,5,1,6,4905,0,3,5,,2,001,"WEST DRY CREEK ROAD","WESTSIDE ROAD",3696.00,N,N,A,-,N,,,,,,,,,,N,3,0,1,1,A,-,08,22107,,N,F,A,A,A,H,-,A,D,0,,Y,,,Y,,L,04,0,1,0,0,0,0,1,0,0,"- ","- ",38.608469999999997,-122.88826,SONOMA,"SANTA ROSA",-122.89161009,38.6121032
90054763,2015,2015-11-19,9360,2015-11-08,1725,016000,,7,2,5,4908,0,1,2,,2,050,"US-101 S/B","PETALUMA BLVDN",100.00,N,N,A,-,Y,,,101,,,,,,S,N,4,0,2,3,A,-,03,22350,,N,C,C,A,B,H,-,C,D,0,,,,,Y,,A,01,0,0,2,0,0,0,0,0,0,"- ","- ",38.27223,-122.6703,SONOMA,PETALUMA,-122.67031634999999,38.272208990000003
90056600,2015,2015-11-20,9360,2015-11-09,0725,016045,,1,1,9,4900,0,1,2,,2,040,"U.S.-101 S/B","TODD RD",6336.00,N,N,B,C,Y,,,,,,,,,,N,4,0,1,2,A,-,04,21703,,N,C,C,A,B,H,-,A,D,0,,,,,Y,,A,01,0,0,1,0,0,0,0,0,0,"- ","- ",38.405149999999999,-122.71628,SONOMA,UNINCORPORATED,-122.71620331,38.40366435
90056904,2015,2015-11-23,9350,2015-11-13,1350,020979,,5,1,9,4900,0,1,3,,2,237,"SR-37 E/B","NOBLE RD",297.00,W,N,A,-,Y,,,37,,,,,,E,Y,4,0,4,2,A,-,03,22350,,N,C,C,A,A,H,-,A,D,0,,,,,Y,,A,07,0,0,4,0,0,0,0,0,0,"- ","- ",38.15466,-122.42321,SONOMA,UNINCORPORATED,-122.42321724999999,38.154734609999998
90058337,2015,2015-11-24,9360,2015-11-07,1235,016660,,6,1,9,4900,0,1,3,,1,053,SR-116,"COOPER RD",686.00,E,N,A,-,Y,,,116,,,,,,,N,4,0,2,3,A,-,03,22350,,N,C,C,A,A,H,-,A,D,0,,,,,Y,,D,22,0,0,2,0,0,0,0,0,0,"- ","- ",38.378889999999998,-122.79796,SONOMA,UNINCORPORATED,-122.79795629,38.378899699999998
90059093,2015,2015-11-24,9360,2015-11-11,0835,013513,,3,1,9,4900,0,1,2,,2,020,"US 101 N/B","ARATA LANE",300.00,N,N,A,-,Y,,,,,,,,,,Y,4,0,1,2,A,-,03,22350,,N,C,C,A,A,H,-,A,D,0,,,,,Y,,A,01,0,0,1,0,0,0,0,0,0,"- ","- ",38.563079999999999,-122.82416000000001,SONOMA,UNINCORPORATED,-122.82350844,38.562469999999998
90059481,2015,2015-11-25,9325,2015-11-03,1529,015447,,2,2,9,4900,0,3,5,,2,006,"CAVEDALE RD",SR-12,6864.00,E,N,A,-,N,,,,,,,,,,Y,4,0,2,2,A,-,17,21662,A,N,A,C,A,A,H,-,A,D,0,,,,,Y,,A,01,0,0,2,0,0,0,0,0,0,"- ","- ",38.345050000000001,-122.47841,SONOMA,UNINCORPORATED,-122.47791409,38.343999699999998
90059584,2015,2015-11-25,9360,2015-11-18,1610,016045,,3,2,9,4900,0,1,2,,2,050,"U.S.-101 N/B","ROHNERT PARK EXP O/C",1584.00,N,N,A,-,Y,,,,,,,,,,Y,4,0,2,1,A,-,08,22107,,N,E,I,A,A,H,-,A,D,0,,,,,Y,,D,23,0,0,2,0,0,0,0,0,0,"- ","- ",38.35378,-122.71302,SONOMA,UNINCORPORATED,-122.7130243,38.352830689999998
90059710,2015,2015-11-25,9360,2015-11-14,1245,019824,,6,1,9,4900,0,2,4,,1,022,"OLD REDWOOD HWY","URSULINE RD",320.00,N,N,A,-,Y,,,,,,,,,,Y,4,0,1,2,A,-,08,22107,,N,C,E,A,A,H,-,A,D,0,,,,,Y,,A,01,0,0,1,0,0,0,0,0,0,"- ","- ",38.493169999999999,-122.74344000000001,SONOMA,UNINCORPORATED,-122.74280644,38.492692650000002
90061086,2015,2015-11-30,9325,2015-11-21,1725,019590,,6,2,9,4900,0,1,3,,1,072,SR-121,"BURNDALE RD",12.00,S,N,A,-,Y,,,121,,,,,,,Y,4,0,1,2,A,-,03,22350,,N,C,C,A,A,H,-,D,D,0,,,,,Y,,D,22,0,0,1,0,0,0,0,0,0,"- ","- ",38.246470000000002,-122.42173,SONOMA,UNINCORPORATED,-122.42172964,38.246453840000001
90061172,2015,2015-11-30,9360,2015-11-14,1800,019794,,6,2,9,4900,0,2,4,,1,012,"DRY CREEK RD",US-101,45.00,W,N,A,-,N,,,,,,,,,,Y,4,0,2,2,A,-,09,21801,A,N,A,C,A,A,H,-,C,D,0,,,,,Y,,A,01,0,0,2,0,0,0,0,0,0,"- ","- ",38.626280000000001,-122.87882,SONOMA,UNINCORPORATED,-122.87838757,38.626269999999998
90061915,2015,2015-11-30,9360,2015-09-18,0943,016660,,5,1,9,4900,0,2,4,,1,052,"STONY POINT RD","SCENIC AVE",1056.00,N,N,A,-,N,,,,,,,,,,Y,1,1,0,1,A,-,08,22107,,N,E,I,A,A,H,-,A,D,0,,,,,Y,,A,07,0,0,0,0,0,0,0,0,0,"- ","- ",38.379280000000001,-122.74136,SONOMA,UNINCORPORATED,-122.74145158,38.379180429999998
9006209,2019,2020-01-07,4906,2019-11-01,1936,462,,5,5,2,4906,0,0,0,,0,4906,"VINE AV","CALDER AV",0.00,,-,A,-,N,,,,,,,,,,N,3,0,1,2,A,-,01,23152,A,N,C,E,A,A,H,-,D,A,0,,,,,Y,Y,A,01,0,1,0,0,0,0,0,0,0,"- ","- ",38.398708343505859,-122.82479858398438,SONOMA,SEBASTOPOL,-122.82479095458984,38.398700714111328
90063225,2015,2015-12-01,9360,2015-11-19,1315,018790,,4,1,9,4900,0,1,3,,1,041,"STATE ROUTE 12","LAWNDALE ROAD",100.00,E,N,A,-,Y,,,12,,,,,,,Y,4,0,1,2,A,-,04,21703,,N,C,C,A,A,H,-,A,D,0,,,,,Y,,A,01,0,0,1,0,0,0,0,0,0,"- ","- ",38.432090000000002,-122.57038,SONOMA,UNINCORPORATED,-122.57035744,38.43214184
90063527,2015,2015-12-02,9360,2015-11-17,1235,014998,,2,1,9,4900,0,2,4,,1,046,"BENNETT VALLEY RD","MATANZAS CREEK",150.00,W,N,A,-,N,,,,,,,,,,Y,2,0,1,1,A,-,08,22107,,N,E,I,A,A,H,-,A,D,0,,,Y,,Y,,C,02,1,0,0,0,0,0,0,0,1,"- ","- ",38.385069999999999,-122.59923999999999,SONOMA,UNINCORPORATED,-122.59921414,38.385164160000002
90063639,2015,2015-12-02,9360,2015-11-19,1655,018859,,4,2,9,4900,0,2,4,,1,038,"BOHEMIAN HIGHWAY","VAN NESS AVE",45.00,S,N,A,-,N,,,,,,,,,,Y,4,0,1,1,A,-,08,22107,,N,E,I,A,A,H,-,C,D,0,,,,,Y,,A,01,0,0,1,0,0,0,0,0,0,"- ","- ",38.423929999999999,-122.95603,SONOMA,UNINCORPORATED,-122.95603884000001,38.423865710000001
90064232,2015,2015-12-02,9360,2015-11-21,1758,016000,,6,2,9,4900,0,2,4,,1,044,"OLD ADOBE RD","SR-116 (STAGE GULCH RD)",2640.00,W,N,A,-,N,,,,,,,,,,N,2,0,1,2,A,-,11,21954,A,N,G,B,D,A,H,-,D,D,0,Y,,,,Y,,N,60,1,0,0,0,1,0,0,0,0,"- ","- ",38.242930000000001,-122.53881,SONOMA,UNINCORPORATED,,
9006478,2019,2020-01-09,4906,2019-10-15,1638,469,4906,2,5,2,4906,0,0,0,,0,,"JEWELL AV","WILLOW ST",15.00,S,N,A,-,N,,,,,,,,,,Y,4,0,1,2,A,-,03,22350,,N,C,C,A,A,H,-,A,A,0,,,,,Y,,A,01,0,0,1,0,0,0,0,0,0,"- ","- ",38.399608612060547,-122.82630157470703,SONOMA,SEBASTOPOL,-122.82743835449219,38.398929595947266
90065857,2015,2015-12-04,9360,2015-11-24,1845,014883,,2,2,6,4905,0,1,3,,1,051,"SR-12 E/B TO STONY POINT RD","STONY POINT RD",6.00,W,N,B,-,Y,,,12,,,,R,,E,N,4,0,1,2,A,-,03,22350,,N,D,G,A,A,H,-,C,A,0,,Y,,,Y,,A,01,0,0,1,0,0,0,1,0,0,"- ","- ",38.429850000000002,-122.74209,SONOMA,"SANTA ROSA",-122.74209,38.429850000000002
90066099,2015,2016-02-02,9360,2015-11-28,2030,018196,,6,2,9,4900,0,3,5,,2,005,"ROHNERT PARK EXPY","STONY POINT ROAD",800.00,E,N,A,-,Y,,,,,,,,,,Y,2,0,1,1,A,-,08,22107,,N,E,I,A,A,H,-,D,A,0,,,,,Y,,A,01,1,0,0,0,0,0,0,0,0,"- ","- ",38.352800000000002,-122.73820000000001,SONOMA,UNINCORPORATED,-122.73857927,38.35298006
90067339,2015,2015-12-08,9360,2015-11-26,1025,013513,,4,1,6,4905,0,1,2,,2,040,"US 101 N/B","YOLANDA AVENUE",4224.00,S,N,A,-,Y,,,,,,,,,,Y,3,0,1,1,A,-,08,22107,,N,E,I,A,A,H,-,A,D,0,,,,,Y,,A,01,0,1,0,0,0,0,0,0,0,"- ","- ",38.402619999999999,-122.71592,SONOMA,"SANTA ROSA",,
90067369,2015,2015-12-08,9360,2015-11-26,0415,020176,,4,3,9,4900,0,1,2,,2,050,"S/B US-101","RAILROAD AVE",590.00,N,N,A,-,Y,,,101,,,,,,,Y,4,0,1,2,A,-,03,22350,,N,D,C,A,A,H,-,D,D,0,,,,,Y,,A,01,0,0,1,0,0,0,0,0,0,"- ","- ",38.304789999999997,-122.70923000000001,SONOMA,UNINCORPORATED,-122.70926918000001,38.304757479999999
9006744,2019,2020-02-11,4908,2019-12-25,1759,3412,4,3,5,5,4908,0,0,0,,0,002,"WESTERN AV","HILL DR",27.00,E,N,B,-,N,,,,,,,,,,Y,3,0,1,2,A,-,08,22107,,N,C,E,A,A,H,-,C,D,0,,,,,Y,,A,01,0,1,0,0,0,0,0,0,0,"- ","- ",38.229648590087891,-122.65393829345703,SONOMA,PETALUMA,-122.65382385253906,38.229648590087891
90067840,2015,2015-12-08,9360,2015-11-30,1815,015187,,1,2,9,4900,0,2,4,,1,024,"MARK WEST SPRINGS RD.","LAVELL RD",138.00,E,N,B,-,N,,,,,,,,,,N,2,0,1,2,A,-,11,21954,A,N,G,B,D,A,H,-,D,A,0,Y,,,,Y,Y,N,60,1,0,0,0,1,0,0,0,0,"- ","- ",38.49644,-122.75162,SONOMA,UNINCORPORATED,-122.75140833,38.496340070000002
9006851,2019,2020-02-07,4908,2019-12-31,1735,2674,12,2,5,5,4908,0,0,0,,0,001,"ELY BL SOUTH","CAULFIELD LN",0.00,,Y,A,-,N,,,,,,,,,,Y,4,0,1,2,A,-,12,22450,A,N,D,C,A,A,H,-,C,A,0,,,,,Y,,A,01,0,0,1,0,0,0,0,0,0,"- ","- ",38.249988555908203,-122.60733795166016,SONOMA,PETALUMA,-122.60736846923828,38.249931335449219
9006875,2019,2020-02-07,4908,2019-12-31,1320,1944,6,2,5,5,4908,0,0,0,,0,003,"LAKEVILLE ST","EAST WASHINGTON ST",10.00,W,N,A,-,N,,,,,,,,,,N,4,0,1,2,A,-,03,22350,,N,C,C,A,A,H,-,A,A,0,,,,,Y,,A,01,0,0,1,0,0,0,0,0,0,"- ","- ",38.238071441650391,-122.63600921630859,SONOMA,PETALUMA,-122.63603973388672,38.238075256347656
90069276,2015,2015-12-10,9360,2015-12-01,1555,015812,,2,2,9,4900,0,2,4,,1,024,"CALISTOGA ROAD","SAINT HELENA ROAD",1584.00,N,N,A,-,N,,,,,,,,,,Y,3,0,1,1,A,-,08,22107,,N,E,I,A,A,H,-,A,D,0,,,,,Y,,D,22,0,1,0,0,0,0,0,0,0,"- ","- ",38.510269999999998,-122.65317,SONOMA,UNINCORPORATED,-122.65264667,38.508710479999998
90069788,2015,2015-12-10,9325,2015-11-08,1915,019590,,7,2,9,4900,0,1,3,,1,051,SR-121,"MANGEL RANCH RD",93.00,S,N,A,-,Y,,,121,,,,,,,Y,2,0,2,2,C,-,18,,,N,A,C,A,A,H,-,D,D,0,,,,,Y,,-,"- ",2,0,0,0,0,0,0,0,0,"- ","- ",38.17615,-122.4516,SONOMA,UNINCORPORATED,-122.45159202000001,38.17610895
90071772,2015,2015-12-11,9360,2015-12-07,0616,011932,9360,1,1,9,4900,0,1,2,,2,050,"US-101 S/B","RAILROAD AVE",1056.00,N,N,B,-,Y,,,101,,,,,,S,Y,3,0,4,3,A,-,04,21703,,N,C,C,A,B,H,-,D,D,0,,,,,Y,,A,01,0,1,3,0,0,0,0,0,0,"- ","- ",38.306530000000002,-122.71065,SONOMA,UNINCORPORATED,-122.71071256,38.306477569999998
90072994,2015,2015-12-15,9360,2015-12-02,1750,013268,,3,2,6,4905,0,1,3,,1,051,"SR-12 W/B","SANTA ROSA AVENUE",300.00,E,N,A,-,Y,,,12,,,,,,W,Y,4,0,1,2,A,-,03,22350,,N,C,C,A,A,H,-,C,D,0,,,,,Y,,A,01,0,0,1,0,0,0,0,0,0,"- ","- ",38.431379999999997,-122.71014,SONOMA,"SANTA ROSA",-122.71012414,38.431320810000003
90074571,2015,2015-12-15,9350,2015-12-09,1635,020225,,3,2,9,4900,0,1,3,,2,137,"SR-37 E/B","LAKEVILLE ROAD",5280.00,W,N,B,-,Y,,,37,,,,,,E,N,4,0,2,2,A,-,03,22350,,N,C,C,A,A,H,-,A,D,0,,,,,Y,,A,01,0,0,2,0,0,0,0,0,0,"- ","- ",38.142879999999998,-122.46163,SONOMA,UNINCORPORATED,-122.46161696,38.142858060000002
90075512,2015,2015-12-16,9325,2015-12-09,0910,015176,,3,1,9,4900,0,3,5,,2,005,"EAST NAPA STREET","8TH ST  E",80.00,W,N,B,F,N,,,,,,,,,,N,4,0,1,1,A,-,08,22107,,N,E,I,A,B,H,-,A,D,0,,,,,Y,,A,07,0,0,1,0,0,0,0,0,0,"- ","- ",38.289859999999997,-122.4362,SONOMA,UNINCORPORATED,-122.43604679000001,38.28978652
90075761,2015,2015-12-16,9360,2015-12-07,0710,016045,,1,1,9,4900,0,1,3,,1,053,S.R.-116,"STONY POINT RD",3432.00,W,N,B,-,Y,,,,,,,,,,Y,4,0,1,1,A,-,08,22107,,N,E,I,A,B,H,-,B,D,0,,,,Y,Y,,F,26,0,0,1,0,0,0,0,0,0,"- ","- ",38.338540000000002,-122.74874,SONOMA,UNINCORPORATED,,
90080438,2015,2015-12-22,9360,2015-12-06,1214,018790,,7,1,9,4900,0,1,3,,1,041,SR-12,"MELITA ROAD",375.00,E,N,B,C,Y,,,12,,,,,,,Y,4,0,2,1,A,-,08,22107,,N,E,I,A,B,H,-,A,D,0,,,,,Y,,A,01,0,0,2,0,0,0,0,0,0,"- ","- ",38.452950000000001,-122.62169,SONOMA,UNINCORPORATED,-122.621666,38.453005349999998