CASE_ID,ACCIDENT_YEAR,PROC_DATE,JURIS,COLLISION_DATE,COLLISION_TIME,OFFICER_ID,REPORTING_DISTRICT,DAY_OF_WEEK,CHP_SHIFT,POPULATION,CNTY_CITY_LOC,SPECIAL_COND,BEAT_TYPE,CHP_BEAT_TYPE,CITY_DIVISION_LAPD,CHP_BEAT_CLASS,BEAT_NUMBER,PRIMARY_RD,SECONDARY_RD,DISTANCE,DIRECTION,INTERSECTION,WEATHER_1,WEATHER_2,STATE_HWY_IND,CALTRANS_COUNTY,CALTRANS_DISTRICT,STATE_ROUTE,ROUTE_SUFFIX,POSTMILE_PREFIX,POSTMILE,LOCATION_TYPE,RAMP_INTERSECTION,SIDE_OF_HWY,TOW_AWAY,COLLISION_SEVERITY,NUMBER_KILLED,NUMBER_INJURED,PARTY_COUNT,PRIMARY_COLL_FACTOR,PCF_CODE_OF_VIOL,PCF_VIOL_CATEGORY,PCF_VIOLATION,PCF_VIOL_SUBSECTION,HIT_AND_RUN,TYPE_OF_COLLISION,MVIW,PED_ACTION,ROAD_SURFACE,ROAD_COND_1,ROAD_COND_2,LIGHTING,CONTROL_DEVICE,CHP_ROAD_TYPE,PEDESTRIAN_ACCIDENT,BICYCLE_ACCIDENT,MOTORCYCLE_ACCIDENT,TRUCK_ACCIDENT,NOT_PRIVATE_PROPERTY,ALCOHOL_INVOLVED,STWD_VEHTYPE_AT_FAULT,CHP_VEHTYPE_AT_FAULT,COUNT_SEVERE_INJ,COUNT_VISIBLE_INJ,COUNT_COMPLAINT_PAIN,COUNT_PED_KILLED,COUNT_PED_INJURED,COUNT_BICYCLIST_KILLED,COUNT_BICYCLIST_INJURED,COUNT_MC_KILLED,COUNT_MC_INJURED,PRIMARY_RAMP,SECONDARY_RAMP,LATITUDE,LONGITUDE,COUNTY,CITY,POINT_X,POINT_Y
90674394,2018,2018-03-05,9360,2018-02-17,0025,021354,,6,3,9,4900,0,2,4,,1,043,"OLD REDWOOD HWY","E RAILROAD AVE",58.00,N,N,A,-,N,,,,,,,,,,Y,4,0,1,2,A,-,01,23152,A,N,D,C,A,A,H,-,D,A,0,,,,,Y,Y,A,01,0,0,1,0,0,0,0,0,0,"- ","- ",38.314350128173828,-122.69441223144531,SONOMA,UNINCORPORATED,-122.69451141357422,38.314449310302734
90674526,2018,2018-03-05,9360,2018-02-21,1632,021896,,3,2,9,4900,0,1,2,,2,040,"US-101 S/B","HEARN AVE",4224.00,S,N,A,-,Y,,,101,,,,,,S,Y,4,0,2,4,A,-,03,22350,,N,C,C,A,A,H,-,A,D,0,,,,,Y,,A,07,0,0,2,0,0,0,0,0,0,"- ","- ",38.401981353759766,-122.71620941162109,SONOMA,UNINCORPORATED,-122.71621704101562,38.401981353759766
90674630,2018,2018-03-05,9360,2018-02-22,1750,018790,,4,2,9,4900,0,2,4,,1,034,"GUERNEVILLE ROAD","JAHN DR",150.00,W,N,A,-,N,,,,,,,,,,Y,4,0,1,3,A,-,03,22350,,N,C,C,A,A,H,-,A,D,0,,,,,Y,,A,01,0,0,1,0,0,0,0,0,0,"- ","- ",38.452480316162109,-122.80198669433594,SONOMA,UNINCORPORATED,-122.80186462402344,38.452541351318359
90675117,2018,2018-03-05,9360,2018-02-13,0855,013838,,2,1,6,4905,0,1,2,,2,040,US-101,"BAKER AVE",500.00,N,N,A,-,Y,,,101,,,,,,,Y,4,0,1,4,A,-,03,22350,,F,C,C,A,A,H,-,A,D,0,,,,,Y,,D,22,0,0,1,0,0,0,0,0,0,"- ","- ",38.422859191894531,-122.71511077880859,SONOMA,"SANTA ROSA",-122.71503448486328,38.422847747802734
90675453,2018,2018-03-06,9360,2018-02-22,0840,020092,,4,1,9,4900,0,1,3,,1,045,"SR-116 (STAGE GULCH)","OLD ADOBE RD",2640.00,W,N,A,-,Y,,,116,,,,,,,Y,4,0,1,1,A,-,08,22107,,N,F,A,A,A,H,-,A,D,0,,,,Y,Y,,G,25,0,0,1,0,0,0,0,0,0,"- ","- ",38.229969024658203,-122.53191375732422,SONOMA,UNINCORPORATED,-122.53187561035156,38.22998046875
90675464,2018,2018-03-06,9360,2018-02-26,0550,011631,,1,3,4,4904,0,1,2,,2,050,"US-101 NORTHBOUND","THE ROHNERT PARK EXPRESSWAY OVERCROSSING",2376.00,N,N,B,C,Y,,,101,,,,,,N,Y,4,0,2,3,A,-,03,22350,,N,C,C,A,B,H,-,D,D,0,,,,,Y,,A,01,0,0,2,0,0,0,0,0,0,"- ","- ",38.354808807373047,-122.71286010742188,SONOMA,"ROHNERT PARK",-122.71298217773438,38.354808807373047
90675779,2018,2018-03-06,9360,2018-02-25,1350,021815,,7,1,9,4900,0,2,4,,1,032,"RIVER RD","FULTON RD",0.00,,Y,A,-,N,,,,,,,,,,N,4,0,1,2,A,-,12,21453,A,N,D,G,A,A,H,-,A,A,0,,Y,,,Y,,A,01,0,0,1,0,0,0,1,0,0,"- ","- ",38.496551513671875,-122.77007293701172,SONOMA,UNINCORPORATED,-122.77008819580078,38.496528625488281
90676858,2018,2018-03-07,9360,2018-02-20,0740,014455,,2,1,5,4908,0,1,2,,1,060,"US-101 S/B","CORONA RD. O/C",300.00,S,N,A,-,Y,,,101,,,,,,S,N,4,0,2,3,A,-,03,22350,,N,C,C,A,A,H,-,A,D,0,,,,,Y,,A,01,0,0,2,0,0,0,0,0,0,"- ","- ",38.262889862060547,-122.65760803222656,SONOMA,PETALUMA,-122.65762329101562,38.262870788574219
90676867,2018,2018-03-07,9360,2018-02-20,1208,014455,,2,1,9,4900,0,2,4,,1,042,"PETALUMA HILL RD. (1900 BLOCK)","ALAN DR.",100.00,S,N,A,-,N,,,,,,,,,,N,4,0,1,2,A,-,03,22350,,N,C,C,A,A,H,-,A,D,0,,,,,Y,,A,01,0,0,1,0,0,0,0,0,0,"- ","- ",38.325721740722656,-122.66667938232422,SONOMA,UNINCORPORATED,-122.66670989990234,38.325946807861328
90677122,2018,2018-03-07,9360,2018-03-01,0700,016652,,4,1,9,4900,0,2,4,,1,046,"BENNETT VALLEY RD","GRANGE RD",3960.00,W,N,C,-,N,,,,,,,,,,Y,3,0,1,1,A,-,08,22107,,N,E,I,A,B,H,-,A,D,0,,,,,Y,,A,01,0,1,0,0,0,0,0,0,0,"- ","- ",38.409568786621094,-122.64443206787109,SONOMA,UNINCORPORATED,-122.64402008056641,38.407814025878906
90677160,2018,2018-03-07,9360,2018-03-01,2135,014998,,4,2,9,4900,0,1,2,,2,050,"US 101 (N/B)","RAILROAD AVE",7392.00,S,N,B,C,Y,,,,,,,,,,Y,3,0,1,1,A,-,03,22350,,N,F,A,A,B,H,-,D,D,0,,,,,Y,,A,07,0,1,0,0,0,0,0,0,0,"- ","- ",38.288078308105469,-122.69004821777344,SONOMA,UNINCORPORATED,-122.69151306152344,38.288501739501953
90677499,2018,2018-03-08,9360,2018-02-28,2145,014998,,3,2,9,4900,0,1,2,,1,060,"US 101 (N/B)","CORONA AVE",394.00,S,N,B,C,Y,,,,,,,,,,Y,4,0,1,3,A,-,03,22350,,N,C,E,A,B,H,-,D,D,0,,,,,Y,,A,01,0,0,1,0,0,0,0,0,0,"- ","- ",38.263149261474609,-122.65769958496094,SONOMA,UNINCORPORATED,-122.65801239013672,38.263099670410156
90680629,2018,2018-03-13,9360,2018-03-02,1910,021614,,5,2,9,4900,0,2,4,,1,032,SR-116,"RIVER RD",195.00,W,N,C,-,N,,,116,,,,,,,Y,3,0,2,2,A,-,05,21460,A,N,A,C,A,B,H,-,C,D,0,,,,,Y,,A,01,0,2,0,0,0,0,0,0,0,"- ","- ",38.502300262451172,-122.99600219726562,SONOMA,UNINCORPORATED,-122.99600219726562,38.502304077148438
90681674,2018,2018-04-17,9360,2018-03-04,0630,019703,,7,1,9,4900,0,2,4,,1,024,"PETRIFIED FOREST RD","SHARPE RD",1584.00,S,N,B,-,N,,,,,,,,,,N,4,0,1,1,A,-,08,22107,,N,E,I,A,C,H,-,B,D,0,,,,,Y,,D,22,0,0,1,0,0,0,0,0,0,"- ","- ",38.559711456298828,-122.63020324707031,SONOMA,UNINCORPORATED,-122.63057708740234,38.559791564941406
90682230,2018,2018-03-14,9360,2018-03-08,1615,020038,,4,2,6,4905,0,1,2,,2,040,"US-101 S/B","3RD ST",250.00,N,N,A,-,Y,,,101,,,,,,S,N,4,0,1,2,A,-,01,23152,A,M,C,C,A,A,H,-,A,D,0,,,,,Y,Y,D,22,0,0,1,0,0,0,0,0,0,"- ","- ",38.437801361083984,-122.71858978271484,SONOMA,"SANTA ROSA",-122.71856689453125,38.437816619873047
90682270,2018,2018-03-14,9360,2018-03-08,0730,018828,,4,1,9,4900,0,1,3,,1,041,SR-12,"WARM SPRINGS ROAD",2851.00,E,N,B,-,Y,,,12,,,,,,,Y,3,0,2,2,A,-,08,22107,,N,A,C,A,B,H,-,A,D,0,,,,,Y,,A,01,0,2,0,0,0,0,0,0,0,"- ","- ",38.40673828125,-122.54199981689453,SONOMA,UNINCORPORATED,-122.54190826416016,38.406787872314453
90682505,2018,2018-03-15,9360,2018-03-08,1600,021456,,4,2,9,4900,0,2,4,,1,044,"OLD ADOBE RD","FRATES RD",1056.00,N,N,A,-,N,,,,,,,,,,Y,4,0,1,2,A,-,09,21804,A,N,C,C,A,A,H,-,A,D,0,,,,,Y,,A,01,0,0,1,0,0,0,0,0,0,"- ","- ",38.253368377685547,-122.58142852783203,SONOMA,UNINCORPORATED,-122.581298828125,38.253242492675781
90682532,2018,2018-03-15,9360,2018-03-07,1500,015240,,3,2,9,4900,0,3,5,,2,003,"HARRISON GRADE RD","TANUDA RD",48.00,W,N,B,-,N,,,,,,,,,,Y,3,0,1,1,A,-,01,23152,A,N,E,I,A,A,H,-,A,D,0,,,,,Y,Y,D,22,0,1,0,0,0,0,0,0,0,"- ","- ",38.418590545654297,-122.93475341796875,SONOMA,UNINCORPORATED,-122.93465423583984,38.418601989746094
90683978,2018,2018-03-19,9325,2018-03-05,1345,015674,,1,1,9,4900,0,2,4,,2,054,"ARNOLD DR","WATMAUGH RD",0.00,,Y,A,-,N,,,,,,,,,,Y,4,0,1,2,A,-,12,21453,A,N,D,C,A,A,H,-,A,A,0,,,,,Y,,A,01,0,0,1,0,0,0,0,0,0,"- ","- ",38.260551452636719,-122.48358917236328,SONOMA,UNINCORPORATED,-122.48362731933594,38.260528564453125
90684859,2018,2018-03-19,9360,2018-03-09,2140,020740,,5,2,6,4905,0,2,4,,1,042,"PETALUMA HILL ROAD","OLD PETALUMA HILL ROAD",500.00,S,N,A,-,N,,,,,,,,,,Y,3,0,1,1,C,-,18,,,N,E,H,A,A,H,-,D,D,0,,,,,Y,,-,"- ",0,1,0,0,0,0,0,0,0,"- ","- ",38.407478332519531,-122.70097351074219,SONOMA,"SANTA ROSA",-122.70356750488281,38.410057067871094
90684895,2018,2018-03-19,9360,2018-03-09,1440,018828,,5,2,9,4900,0,1,3,,1,045,"SR-116 (STAGE GULCH ROAD)","ADOBE ROAD",792.00,W,N,B,-,Y,,,116,,,,,,,Y,4,0,1,2,A,-,03,22350,,N,C,C,A,A,H,-,A,D,0,,,,,Y,,A,01,0,0,1,0,0,0,0,0,0,"- ","- ",38.234809875488281,-122.52809906005859,SONOMA,UNINCORPORATED,-122.52810668945312,38.234813690185547
90688710,2018,2018-03-23,9325,2018-03-13,1155,019847,,2,1,2,4907,0,1,3,,1,051,SR-121,"FLYING ARROW RANCH ROAD",1056.00,S,N,B,C,Y,,,,,,,,,,Y,4,0,1,1,A,-,08,22107,,N,E,I,A,B,H,-,A,D,0,,,,,Y,,A,08,0,0,1,0,0,0,0,0,0,"- ","- ",38.204761505126953,-122.45052337646484,SONOMA,SONOMA,,
90688898,2018,2018-03-23,9350,2018-03-16,1531,021075,,5,2,9,4900,0,1,3,,2,237,"SR-37 WB","NOBLE ROAD",2112.00,W,N,A,-,Y,,,37,,,,,,W,Y,4,0,1,3,A,-,03,22350,,N,C,C,A,A,H,-,A,D,0,,,,,Y,,A,01,0,0,1,0,0,0,0,0,0,"- ","- ",38.154121398925781,-122.43000030517578,SONOMA,UNINCORPORATED,-122.42999267578125,38.154075622558594
9068908,2020,2020-10-09,4904,2020-04-03,1823,412,,5,5,4,4904,0,0,0,,0,,"SOUTHWEST BL","BURTON AV",0.00,,Y,A,-,N,,,,,,,,,,N,4,0,1,2,A,-,09,21800,A,N,D,G,A,A,H,-,A,A,0,,Y,,,Y,,A,07,0,0,1,0,0,0,1,0,0,"- ","- ",38.339771270751953,-122.70053100585938,SONOMA,"ROHNERT PARK",-122.70050811767578,38.339729309082031
9068909,2020,2020-07-21,4904,2020-04-05,2108,542,,7,5,4,4904,0,0,0,,0,003,"CIELO CIR","CREST CT",18.00,S,N,A,-,N,,,,,,,,,,Y,4,0,1,2,A,-,03,22350,,N,B,E,A,A,H,-,C,D,0,,,,,Y,,A,01,0,0,1,0,0,0,0,0,0,"- ","- ",,,SONOMA,"ROHNERT PARK",-122.686767578125,38.336841583251953
90689418,2018,2018-03-26,9360,2018-03-15,2245,014883,,4,3,6,4905,0,1,2,,2,030,"US-101 S/B","BICENTENNIAL WAY",1056.00,S,N,B,C,Y,,,101,,,,,,S,Y,4,0,1,2,A,-,03,22350,,N,C,C,A,B,H,-,C,D,0,,,,,Y,,D,22,0,0,1,0,0,0,0,0,0,"- ","- ",38.467941284179688,-122.72834777832031,SONOMA,"SANTA ROSA",-122.72837829589844,38.467929840087891
90690610,2018,2018-03-27,9360,2018-03-16,1650,021815,,5,2,9,4900,0,3,5,,2,003,"AIRPORT BLVD","NORTH LAUGHLIN RD",0.00,,Y,B,-,N,,,,,,,,,,Y,4,0,2,3,A,-,09,21802,A,N,D,C,A,B,H,-,A,A,0,,,,,Y,,A,01,0,0,2,0,0,0,0,0,0,"- ","- ",38.511100769042969,-122.80024719238281,SONOMA,UNINCORPORATED,-122.80032348632812,38.511051177978516
90690739,2018,2018-03-27,9360,2018-03-17,1645,021456,,6,2,9,4900,0,1,2,,2,050,"US-101 S/B","PETALUMA BLVD N OVERCROSSING",460.00,N,N,A,-,Y,,,,,,,,,,Y,4,0,1,2,A,-,03,22350,,N,C,C,A,A,H,-,A,D,0,,,,,Y,,A,07,0,0,1,0,0,0,0,0,0,"- ","- ",38.272899627685547,-122.671142578125,SONOMA,UNINCORPORATED,-122.61592102050781,38.22918701171875
90691563,2018,2018-03-28,9360,2018-03-19,1640,013440,,1,2,9,4900,0,1,2,,2,050,"US-101 N/B","TODD RD O/C",200.00,S,N,B,-,Y,,,101,,,,,,N,N,3,0,1,2,A,-,03,22350,,N,C,C,A,A,H,-,A,D,0,,,,,Y,,A,01,0,1,0,0,0,0,0,0,0,"- ","- ",38.386009216308594,-122.71611785888672,SONOMA,UNINCORPORATED,-122.71607208251953,38.386009216308594
90691640,2018,2018-03-28,9360,2018-03-19,1621,013838,,1,2,6,4905,0,1,2,,2,040,"US-101 S/B",SR-12,1500.00,S,N,B,-,Y,,,101,,,,,,S,Y,4,0,1,4,A,-,03,22350,,N,C,C,A,A,H,-,A,D,0,,,,,Y,,A,07,0,0,1,0,0,0,0,0,0,"- ","- ",38.42803955078125,-122.71495056152344,SONOMA,"SANTA ROSA",-122.7152099609375,38.428031921386719
90692404,2018,2018-03-29,9360,2018-03-21,0650,014455,,3,1,9,4900,0,1,2,,2,050,"US-101 N/B","OLD REDWOOD HIGHWAY O/C",7392.00,N,N,B,C,Y,,,101,,,,,,N,Y,3,0,1,2,A,-,03,22350,,N,C,C,A,B,H,-,B,D,0,,,,,Y,,A,01,0,1,0,0,0,0,0,0,0,"- ","- ",38.287311553955078,-122.68962097167969,SONOMA,UNINCORPORATED,-122.68962097167969,38.287303924560547
90692580,2018,2018-03-29,9360,2018-03-22,0848,021815,,4,1,9,4900,0,1,2,,2,030,"US-101 S/B","RIVER RD",1584.00,N,N,B,-,Y,,,101,,,,,,S,Y,4,0,2,2,A,-,03,22350,,N,C,C,A,B,H,-,A,D,0,,,,,Y,,A,08,0,0,2,0,0,0,0,0,0,"- ","- ",38.499691009521484,-122.76125335693359,SONOMA,UNINCORPORATED,-122.76126098632812,38.499679565429688
90692657,2018,2018-03-29,9360,2018-03-22,1555,021815,,4,2,6,4905,0,1,2,,2,030,"US-101 N/B","MENDOCINO O/C",530.00,N,N,A,-,Y,,,101,,,,,,N,Y,2,0,3,3,A,-,03,22350,,N,C,C,A,A,H,-,A,D,0,,,,,Y,,D,22,1,1,1,0,0,0,0,0,0,"- ","- ",38.475238800048828,-122.73129272460938,SONOMA,"SANTA ROSA",-122.73125457763672,38.475254058837891
90695327,2018,2018-03-30,9360,2018-03-22,1800,016669,,4,2,6,4905,0,1,2,,2,040,"US-101 N/B","HEARN O/C",200.00,N,N,A,-,Y,,,101,,,,,,N,N,4,0,1,2,A,-,03,22350,,M,C,C,A,A,H,-,A,D,0,,,,,Y,,A,01,0,0,1,0,0,0,0,0,0,"- ","- ",38.415828704833984,-122.71597290039062,SONOMA,"SANTA ROSA",-122.71587371826172,38.41583251953125
90696509,2018,2018-04-02,9360,2018-03-23,1230,020038,,5,1,9,4900,0,2,4,,1,047,"LAKEVILLE RD","OLD LAKEVILLE NO 3 RD",310.00,S,N,A,-,N,,,,,,,,,,Y,4,0,1,1,A,-,08,22107,,N,E,I,A,A,H,-,A,D,0,,,,,Y,,A,01,0,0,1,0,0,0,0,0,0,"- ","- ",38.158100128173828,-122.49929046630859,SONOMA,UNINCORPORATED,-122.52227783203125,38.172775268554688
90696828,2018,2018-04-02,9360,2018-03-24,1215,020386,,6,1,9,4900,0,1,2,,2,050,"US-101 S/B","PEPPER RD",1056.00,S,N,B,-,Y,,,101,,,,,,S,Y,4,0,1,1,A,-,08,22107,,N,E,J,A,A,H,-,A,D,0,,,,,Y,,A,01,0,0,1,0,0,0,0,0,0,"- ","- ",38.282390594482422,-122.68364715576172,SONOMA,UNINCORPORATED,-122.68360900878906,38.282444000244141
90696956,2018,2018-04-02,9360,2018-03-26,0200,020905,,1,3,6,4905,0,2,4,,1,052,"STONY POINT ROAD","TODD ROAD",0.00,,Y,A,-,N,,,,,,,,,,Y,3,0,1,2,A,-,01,23152,A,N,D,C,A,A,H,-,C,A,0,,,,,Y,Y,A,07,0,1,0,0,0,0,0,0,0,"- ","- ",38.387241363525391,-122.74149322509766,SONOMA,"SANTA ROSA",-122.74156951904297,38.387138366699219
90697960,2018,2018-04-03,9360,2018-03-27,1100,013838,,2,1,9,4900,0,2,4,,1,024,"PETRIFIED FOREST RD","SHARP ROAD",500.00,N,N,A,-,N,,,,,,,,,,Y,3,0,1,3,A,-,03,22350,,N,C,C,A,A,H,-,A,D,0,,,,,Y,,D,22,0,1,0,0,0,0,0,0,0,"- ","- ",38.561508178710938,-122.62384033203125,SONOMA,UNINCORPORATED,-122.62387847900391,38.560871124267578
90698181,2018,2018-04-04,9360,2018-03-28,0303,016669,,3,3,9,4900,0,2,4,,1,046,"CRANE CANYON RD","ALTA MONTE DR",231.00,E,N,A,-,N,,,,,,,,,,Y,4,0,1,1,A,-,03,22350,,N,E,I,A,A,H,-,D,D,0,,,,,Y,,A,01,0,0,1,0,0,0,0,0,0,"- ","- ",38.370361328125,-122.64048004150391,SONOMA,UNINCORPORATED,-122.64078521728516,38.370067596435547
90698919,2018,2018-04-04,9360,2018-03-27,1308,021314,,2,1,9,4900,0,1,2,,2,020,"US-101 S/B","GEYSERVILLE AVENUE UNDERCROSSING",375.00,N,N,A,-,Y,,,101,,,,,,S,Y,2,0,6,3,A,-,03,22350,,N,C,C,A,A,H,-,A,D,0,,,,,Y,,D,22,2,4,0,0,0,0,0,0,0,"- ","- ",38.691688537597656,-122.88313293457031,SONOMA,UNINCORPORATED,-122.88314819335938,38.691677093505859
90699428,2018,2018-04-05,9360,2018-03-28,0852,014455,,3,1,9,4900,0,2,4,,1,044,"ADOBE RD.","CASA GRANDE RD.",150.00,S,N,A,-,N,,,,,,,,,,N,4,0,1,2,A,-,03,22350,,N,C,C,A,A,H,-,A,D,0,,,,,Y,,A,01,0,0,1,0,0,0,0,0,0,"- ","- ",38.255008697509766,-122.58451843261719,SONOMA,UNINCORPORATED,-122.58457946777344,38.255073547363281
90699822,2018,2018-04-05,9360,2018-03-29,1600,016045,,4,2,9,4900,0,2,4,,1,052,"STONY POINT RD","ROHNERT PARK EXPY",2112.00,S,N,A,-,N,,,,,,,,,,Y,4,0,2,2,A,-,09,21801,A,N,D,C,A,A,H,-,A,D,0,,,,,Y,,D,22,0,0,2,0,0,0,0,0,0,"- ","- ",38.348121643066406,-122.72129821777344,SONOMA,UNINCORPORATED,-122.74127960205078,38.347427368164062
90701258,2018,2018-05-07,9360,2018-03-31,2140,020740,,6,2,6,4905,0,3,5,,2,005,"MILLBRAE AVENUE","LANGNER AVENUE",277.00,W,N,A,-,N,,,,,,,,,,Y,3,0,1,2,A,-,09,21801,A,N,F,A,A,A,H,-,D,D,0,,,Y,,Y,,A,01,0,1,0,0,0,0,0,0,1,"- ","- ",38.369251251220703,-122.72608947753906,SONOMA,"SANTA ROSA",-122.72618865966797,38.369518280029297
90701278,2018,2018-04-09,9360,2018-03-31,1130,020803,,6,1,9,4900,0,3,5,,2,006,"COLEMAN VALLEY RD",SR-1,1982.00,E,N,A,-,N,,,,,,,,,,N,3,0,1,1,A,-,08,22107,,N,F,A,A,A,H,-,A,D,0,,Y,,,Y,,L,04,0,1,0,0,0,0,1,0,0,"- ","- ",38.368251800537109,-123.06488037109375,SONOMA,UNINCORPORATED,-123.06529235839844,38.368221282958984
90701305,2018,2018-04-09,9360,2018-04-06,1332,015420,,5,1,3,4903,0,1,2,,2,020,"US-101 S/B","DRY CREEK RD U/C",1584.00,S,N,B,C,Y,,,101,,,,,,S,Y,3,0,1,1,A,-,03,22350,,N,E,I,A,B,H,-,A,D,0,,,,,Y,,A,01,0,1,0,0,0,0,0,0,0,"- ","- ",38.620098114013672,-122.87863922119141,SONOMA,HEALDSBURG,-122.87863159179688,38.620098114013672
90701796,2017,2018-04-09,9360,2017-11-25,2108,020225,,6,2,9,4900,0,2,4,,1,047,"LAKEVILLE ROAD","OLD LAKEVILLE ROAD NO 1",80.00,S,N,B,-,N,,,,,,,,,,Y,1,1,5,2,A,-,01,23152,F,N,A,C,A,A,H,-,D,D,0,,,,,Y,,A,01,2,3,0,0,0,0,0,0,0,"- ","- ",38.202959999999997,-122.54778,SONOMA,UNINCORPORATED,-122.54775028,38.203021569999997
90701843,2018,2018-04-09,9360,2018-04-02,2145,020731,,1,2,9,4900,0,2,4,,1,042,"PETALUMA HILL ROAD","HUNTER LN",1584.00,N,N,A,-,N,,,,,,,,,,Y,3,0,2,1,A,-,08,22107,,N,E,J,A,A,H,-,D,D,0,,,,,Y,,A,07,0,2,0,0,0,0,0,0,0,"- ","- ",38.388309478759766,-122.68995666503906,SONOMA,UNINCORPORATED,-122.68994903564453,38.388236999511719
9070242,2020,2020-03-23,4905,2020-02-07,1337,SR541,10606,5,5,6,4905,0,0,0,,0,006,"BENNETT VALLEY RD","TACHEVAH DR",1296.00,W,N,A,-,N,,,,,,,,,,Y,2,0,1,2,A,-,09,21804,A,N,D,C,A,A,H,-,A,D,0,,,,,Y,,A,01,1,0,0,0,0,0,0,0,0,"- ","- ",,,SONOMA,"SANTA ROSA",-122.67997741699219,38.431285858154297
9070248,2020,2020-05-19,4905,2020-03-02,1901,SR8712,10601,1,5,6,4905,0,0,0,,0,001,"FRANCES ST","CLEVELAND AV",0.00,,Y,A,-,N,,,,,,,,,,N,4,0,2,2,A,-,09,21801,A,N,D,C,A,A,H,-,C,A,0,,,,,Y,,A,01,0,0,2,0,0,0,0,0,0,"- ","- ",,,SONOMA,"SANTA ROSA",-122.72648620605469,38.450279235839844
9070257,2020,2020-03-18,4905,2020-01-24,1107,SR8713,,5,5,6,4905,0,0,0,,0,002,"ALTRURIA DR","FOUNTAINGROVE PKWY",0.00,,Y,A,-,N,,,,,,,,,,Y,4,0,1,2,A,-,12,21453,A,N,B,C,A,A,H,-,A,A,0,,,,,Y,,A,08,0,0,1,0,0,0,0,0,0,"- ","- ",,,SONOMA,"SANTA ROSA",-122.72080993652344,38.476631164550781
9070264,2020,2020-05-19,4905,2020-03-07,1555,SR541,10607,6,5,6,4905,0,0,0,,0,007,"NORTH DUTTON AV","SARACEN RD",20.00,S,N,A,-,N,,,,,,,,,,Y,3,0,1,1,A,-,01,23152,A,N,E,I,A,A,H,-,A,D,0,,,,,Y,Y,A,07,0,1,0,0,0,0,0,0,0,"- ","- ",,,SONOMA,"SANTA ROSA",-122.73052215576172,38.444034576416016
9070265,2020,2020-03-18,4905,2020-01-21,1901,SR541,,2,5,6,4905,0,0,0,,0,009,"NORTH DUTTON AV","MAXWELL CT",5.00,N,N,B,-,N,,,,,,,,,,Y,3,0,1,2,A,-,11,21954,A,N,G,B,D,B,H,-,C,D,0,Y,,,,Y,Y,N,60,0,1,0,0,1,0,0,0,0,"- ","- ",,,SONOMA,"SANTA ROSA",-122.72930145263672,38.442760467529297
9070269,2020,2020-03-18,4905,2020-01-22,0841,SR413,,3,5,6,4905,0,0,0,,0,006,"MISSION BL","QUIGG DR",0.00,,Y,B,-,N,,,,,,,,,,Y,4,0,3,2,A,-,12,21453,A,N,D,C,A,B,H,-,A,A,0,,,,,Y,,A,07,0,0,3,0,0,0,0,0,0,"- ","- ",,,SONOMA,"SANTA ROSA",-122.67291259765625,38.458030700683594
9070270,2020,2020-03-23,4905,2020-02-12,1508,SR284,10601,3,5,6,4905,0,0,0,,0,001,"CLEVELAND AV","CARRILLO AV",0.00,,Y,A,-,N,,,,,,,,,,N,4,0,1,2,A,-,09,21802,A,N,A,C,A,A,H,-,A,D,0,,,Y,,Y,,C,02,0,0,1,0,0,0,0,0,1,"- ","- ",,,SONOMA,"SANTA ROSA",-122.72657012939453,38.446910858154297
9070273,2020,2020-03-18,4905,2020-01-25,1646,SR518,,6,5,6,4905,0,0,0,,0,005,"DUTTON AV","SEBASTOPOL RD",200.00,N,N,A,-,N,,,,,,,,,,Y,4,0,2,2,A,-,08,22107,,N,D,C,A,A,H,-,A,D,0,,,,,Y,,A,08,0,0,2,0,0,0,0,0,0,"- ","- ",,,SONOMA,"SANTA ROSA",-122.72548675537109,38.431148529052734
9070274,2020,2020-03-23,4905,2020-02-12,1522,SR8924,10602,3,5,6,4905,0,0,0,,0,002,"LOMITAS AV","LEWIS RD",110.00,N,N,A,-,N,,,,,,,,,,Y,4,0,1,2,A,-,08,22102,,N,D,C,A,A,H,-,A,D,0,,,,,Y,,A,01,0,0,1,0,0,0,0,0,0,"- ","- ",,,SONOMA,"SANTA ROSA",-122.71652984619141,38.461532592773438
9070289,2020,2020-03-19,4905,2020-01-23,1624,SR556,,4,5,6,4905,0,0,0,,0,007,"STONY POINT RD","SEBASTOPOL RD",30.00,S,N,A,-,N,,,,,,,,,,N,4,0,1,2,A,-,03,22350,,N,C,C,A,A,H,-,A,A,0,,,,,Y,,A,01,0,0,1,0,0,0,0,0,0,"- ","- ",,,SONOMA,"SANTA ROSA",-122.74134063720703,38.426776885986328
90702918,2018,2018-04-10,9360,2018-04-05,0650,020803,,4,1,9,4900,0,1,3,,1,063,SR-1,"PACIFIC VIEW DR",1700.00,N,N,A,-,Y,,,1,,,,,,,Y,3,0,1,2,A,-,05,21460,A,N,D,C,A,A,H,-,A,D,0,,,,,Y,,A,01,0,1,0,0,0,0,0,0,0,"- ","- ",38.547080993652344,-123.29663848876953,SONOMA,UNINCORPORATED,-123.29666137695312,38.547122955322266