CASE_ID,ACCIDENT_YEAR,PROC_DATE,JURIS,COLLISION_DATE,COLLISION_TIME,OFFICER_ID,REPORTING_DISTRICT,DAY_OF_WEEK,CHP_SHIFT,POPULATION,CNTY_CITY_LOC,SPECIAL_COND,BEAT_TYPE,CHP_BEAT_TYPE,CITY_DIVISION_LAPD,CHP_BEAT_CLASS,BEAT_NUMBER,PRIMARY_RD,SECONDARY_RD,DISTANCE,DIRECTION,INTERSECTION,WEATHER_1,WEATHER_2,STATE_HWY_IND,CALTRANS_COUNTY,CALTRANS_DISTRICT,STATE_ROUTE,ROUTE_SUFFIX,POSTMILE_PREFIX,POSTMILE,LOCATION_TYPE,RAMP_INTERSECTION,SIDE_OF_HWY,TOW_AWAY,COLLISION_SEVERITY,NUMBER_KILLED,NUMBER_INJURED,PARTY_COUNT,PRIMARY_COLL_FACTOR,PCF_CODE_OF_VIOL,PCF_VIOL_CATEGORY,PCF_VIOLATION,PCF_VIOL_SUBSECTION,HIT_AND_RUN,TYPE_OF_COLLISION,MVIW,PED_ACTION,ROAD_SURFACE,ROAD_COND_1,ROAD_COND_2,LIGHTING,CONTROL_DEVICE,CHP_ROAD_TYPE,PEDESTRIAN_ACCIDENT,BICYCLE_ACCIDENT,MOTORCYCLE_ACCIDENT,TRUCK_ACCIDENT,NOT_PRIVATE_PROPERTY,ALCOHOL_INVOLVED,STWD_VEHTYPE_AT_FAULT,CHP_VEHTYPE_AT_FAULT,COUNT_SEVERE_INJ,COUNT_VISIBLE_INJ,COUNT_COMPLAINT_PAIN,COUNT_PED_KILLED,COUNT_PED_INJURED,COUNT_BICYCLIST_KILLED,COUNT_BICYCLIST_INJURED,COUNT_MC_KILLED,COUNT_MC_INJURED,PRIMARY_RAMP,SECONDARY_RAMP,LATITUDE,LONGITUDE,COUNTY,CITY,POINT_X,POINT_Y
91200308,2020,2020-03-03,9360,2020-02-22,1218,19366,,6,1,6,4905,0,1,2,,2,030,"US-101 N/B","BICENTENNIAL WAY",1830.00,S,N,A,-,Y,,,101,,,,,,N,Y,2,0,3,2,A,-,07,21658,A,N,B,C,A,A,H,-,A,D,0,,,,,Y,,A,01,1,1,1,0,0,0,0,0,0,"- ","- ",38.465629577636719,-122.72714996337891,SONOMA,"SANTA ROSA",-122.72716522216797,38.465625762939453
91200860,2020,2020-03-03,9325,2020-01-26,1220,019074,,7,1,9,4900,0,3,5,,2,005,"8TH STREET EAST","NAPA ROAD",0.00,,Y,A,-,N,,,,,,,,,,Y,1,1,2,4,A,-,01,23152,A,N,D,C,A,A,H,-,A,A,0,,,Y,,Y,Y,A,01,2,0,0,0,0,0,0,0,0,"- ","- ",38.272689819335938,-122.43849182128906,SONOMA,UNINCORPORATED,-122.43846893310547,38.272678375244141
91201134,2020,2020-03-03,9325,2020-02-24,1420,021333,,1,2,9,4900,0,1,3,,1,063,"STATE ROUTE 12","ENCINAS LANE",50.00,W,N,A,-,Y,,,12,,,,,,,N,3,0,1,2,D,-,00,,,N,H,G,A,A,H,-,A,D,0,,Y,,,Y,,-,"- ",0,1,0,0,0,0,1,0,0,"- ","- ",38.306060791015625,-122.47776794433594,SONOMA,UNINCORPORATED,-122.47781372070312,38.306049346923828
91202102,2020,2020-03-05,9360,2020-02-25,1530,022371,,2,2,6,4905,0,1,2,,2,040,"US-101 N/B STEELE LN OFR","STEELE LN",20.00,S,N,A,-,Y,,,101,,,,,,N,N,4,0,1,2,A,-,03,22350,,N,C,C,A,A,H,-,A,D,0,,,,,Y,Y,A,07,0,0,1,0,0,0,0,0,0,"- ","- ",38.459648132324219,-122.7257080078125,SONOMA,"SANTA ROSA",-122.72612762451172,38.459625244140625
91202250,2020,2020-03-05,9360,2020-02-27,2100,021904,,4,2,9,4900,0,2,4,,1,024,"PORTER CREEK RD","WILSON ROAD",118.00,E,N,A,-,N,,,,,,,,,,Y,2,0,2,1,A,-,08,22107,,N,E,I,A,A,H,-,D,D,0,,,,,Y,,D,22,1,1,0,0,0,0,0,0,0,"- ","- ",38.549480438232422,-122.66993713378906,SONOMA,UNINCORPORATED,-122.66917419433594,38.549430847167969
91206684,2020,2020-03-12,9360,2020-03-02,1830,022113,,1,2,6,4905,0,1,2,,2,040,"US-101 NB FROM SR-12 W/B","SEBASTOPOL AVENUE",147.00,S,N,A,-,Y,,,101,,,,R,,N,Y,4,0,1,2,A,-,03,22350,,N,C,C,A,A,H,-,C,A,0,,,,,Y,,A,07,0,0,1,0,0,0,0,0,0,"- ","- ",38.432521820068359,-122.71534729003906,SONOMA,"SANTA ROSA",-122.71534729003906,38.432521820068359
91206726,2020,2020-03-12,9360,2020-03-06,0748,020092,,5,1,9,4900,0,1,2,,2,050,"US-101 S/B","WEST SIERRA AVE",200.00,S,N,B,-,Y,,,101,,,,,,S,Y,4,0,1,2,A,-,03,22350,,N,C,C,A,A,H,-,A,D,0,,,,,Y,,A,01,0,0,1,0,0,0,0,0,0,"- ","- ",38.320938110351562,-122.71381378173828,SONOMA,UNINCORPORATED,-122.71382904052734,38.320945739746094
91207454,2020,2020-03-13,9360,2020-03-01,1655,021445,,7,2,4,4904,0,1,2,,2,050,"US-101 S/B TO GOLF COURSE DRIVE","GOLF COURSE DRIVE",300.00,N,N,A,-,Y,,,101,,,,R,,S,N,4,0,1,2,A,-,03,22350,,N,C,C,A,A,H,-,A,D,0,,,,,Y,,D,22,0,0,1,0,0,0,0,0,0,"- ","- ",38.364341735839844,-122.71308898925781,SONOMA,"ROHNERT PARK",-122.71308898925781,38.364341735839844
91208582,2020,2020-03-16,9360,2020-02-27,0949,019794,,4,1,9,4900,0,3,5,,2,003,"LLANO RD","LUDWIG AVE",945.00,N,N,A,-,N,,,,,,,,,,Y,2,0,1,3,A,-,03,22350,,N,C,C,A,A,H,-,A,D,0,,,,,Y,,D,22,1,0,0,0,0,0,0,0,0,"- ","- ",38.399631500244141,-122.78572082519531,SONOMA,UNINCORPORATED,-122.78500366210938,38.399005889892578
91209241,2020,2020-03-16,9360,2020-03-06,0825,022362,,5,1,9,4900,0,1,2,,2,040,"US-101 N/B","HEARN AVE",6442.00,S,N,B,-,Y,,,101,,,,,,N,Y,3,0,1,3,A,-,03,22350,,N,C,C,A,B,H,-,A,D,0,,,,Y,Y,,G,25,0,1,0,0,0,0,0,0,0,"- ","- ",38.396869659423828,-122.71604156494141,SONOMA,UNINCORPORATED,-122.71600341796875,38.396869659423828
91210707,2020,2020-03-18,9360,2020-03-16,1345,020285,,1,1,9,4900,0,2,4,,1,032,"RIVER RD","WILSHIRE DR",1056.00,W,N,A,-,N,,,,,,,,,,Y,3,0,3,1,A,-,08,22107,,N,E,I,A,A,H,-,A,D,0,,,,,Y,,A,07,0,2,1,0,0,0,0,0,0,"- ","- ",38.505229949951172,-122.94286346435547,SONOMA,UNINCORPORATED,-122.94319152832031,38.505992889404297
91214812,2020,2020-03-24,9360,2020-01-29,1414,021187,,3,2,9,4900,0,2,4,,1,054,"BODEGA AVE","MIDDLE TWO ROCK RD",2600.00,E,N,A,-,N,,,,,,,,,,Y,1,1,1,1,A,-,08,22107,,N,E,I,A,A,H,-,A,D,0,,,,,Y,,A,01,1,0,0,0,0,0,0,0,0,"- ","- ",38.264560699462891,-122.74275207519531,SONOMA,UNINCORPORATED,-122.74304962158203,38.264602661132812
91215217,2020,2020-03-25,9360,2020-03-24,1445,021456,,2,2,9,4900,0,1,2,,1,060,"US-101 S/B","GAMBINI RD",1056.00,N,N,B,C,Y,,,101,,,,,,S,Y,4,0,1,2,A,-,03,22350,,N,D,C,A,B,H,-,A,D,0,,,,,Y,,A,01,0,0,1,0,0,0,0,0,0,"- ","- ",38.208160400390625,-122.59944915771484,SONOMA,UNINCORPORATED,-122.59969329833984,38.208049774169922
91215233,2020,2020-03-25,9325,2020-03-19,1710,021385,,4,2,9,4900,0,3,5,,2,005,SR-12,"FISHER LN",3.00,W,N,A,-,Y,,,12,,,,,,,N,3,0,1,2,A,-,09,21802,A,N,D,G,A,A,H,-,A,A,0,,Y,,,Y,,A,01,0,1,0,0,0,0,1,0,0,"- ","- ",38.271701812744141,-122.46080017089844,SONOMA,UNINCORPORATED,-122.46097564697266,38.271724700927734
91215318,2019,2020-03-25,9360,2019-11-01,1415,022333,,5,2,9,4900,0,2,4,,1,047,"LAKEVILLE HIGHWAY","OLD LAKEVILLE ROAD NO 1",385.00,S,N,A,-,N,,,,,,,,,,Y,1,1,1,2,A,-,01,23152,A,N,B,C,A,A,H,-,A,D,0,,,,,Y,Y,A,01,0,1,0,0,0,0,0,0,0,"- ","- ",38.2022705078125,-122.54766082763672,SONOMA,UNINCORPORATED,-122.54766845703125,38.202190399169922
91215615,2020,2020-03-25,9350,2020-03-10,1740,019000,,2,2,9,4900,0,1,3,,2,137,"SR-37 E/B","LAKEVILLE HWY",2640.00,E,N,A,-,Y,,,37,,,,,,E,Y,2,0,2,5,A,-,03,22350,,N,C,C,A,A,H,-,A,D,0,,,,,Y,,A,01,1,1,0,0,0,0,0,0,0,"- ","- ",38.138240814208984,-122.46926116943359,SONOMA,UNINCORPORATED,-122.46926116943359,38.13824462890625
91217601,2020,2020-04-01,9360,2020-03-19,1410,019083,,4,2,9,4900,0,2,4,,1,038,"BODEGA HWY","VALLEY FORD FREESTONE RD",5280.00,W,N,A,-,N,,,,,,,,,,Y,3,0,2,2,A,-,03,22350,,N,C,C,A,A,H,-,A,D,0,,,Y,,Y,,C,02,0,2,0,0,0,0,0,0,2,"- ","- ",38.356060028076172,-122.93820953369141,SONOMA,UNINCORPORATED,-122.93791961669922,38.356250762939453
91217846,2020,2020-03-27,9360,2020-03-20,1500,022370,,5,2,9,4900,0,3,5,,2,003,"GREEN HILL RD","OCCIDENTAL RD",800.00,N,N,A,-,N,,,,,,,,,,Y,3,0,1,1,C,-,18,,,N,H,H,A,A,H,-,A,D,0,,,Y,,Y,,-,"- ",0,1,0,0,0,0,0,0,1,"- ","- ",38.414100646972656,-122.89349365234375,SONOMA,UNINCORPORATED,-122.89299011230469,38.413833618164062
91224416,2020,2020-04-13,9360,2020-03-29,2255,021567,,7,3,6,4905,0,3,5,,2,005,"MILLBRAE AVE","PRIMROSE AVE",144.00,E,N,A,-,N,,,,,,,,,,Y,3,0,1,1,A,-,01,23152,A,M,E,I,A,A,H,-,D,D,0,,,,,Y,Y,A,01,0,1,0,0,0,0,0,0,0,"- ","- ",38.369571685791016,-122.73671722412109,SONOMA,"SANTA ROSA",-122.73671722412109,38.369503021240234
91224430,2020,2020-04-13,9360,2020-04-06,1335,021314,,1,1,9,4900,0,3,5,,2,005,"LUDWIG AVE","LLANO RD",0.00,,Y,A,-,N,,,,,,,,,,Y,4,0,1,2,A,-,09,21804,A,N,D,C,A,A,H,-,A,D,0,,,,,Y,,D,22,0,0,1,0,0,0,0,0,0,"- ","- ",38.397171020507812,-122.78267669677734,SONOMA,UNINCORPORATED,-122.78270721435547,38.397140502929688
91224511,2020,2020-04-13,9360,2020-04-06,2249,020740,,1,3,6,4905,0,1,2,,2,040,"US-101 SOUTHBOUND","TODD ROAD",3000.00,N,N,B,-,Y,,,101,,,,,,S,Y,2,0,1,1,A,-,01,23152,F,N,E,I,A,B,H,-,D,D,0,,,,,Y,,A,01,1,0,0,0,0,0,0,0,0,"- ","- ",38.400211334228516,-122.71623229980469,SONOMA,"SANTA ROSA",-122.71622467041016,38.400211334228516
91224539,2020,2020-04-13,9360,2020-04-06,2252,020740,,1,3,6,4905,0,1,2,,2,040,"US-101 SOUTHBOUND","TODD ROAD",2667.00,N,N,B,-,Y,,,101,,,,,,S,Y,2,0,2,3,C,-,18,,,N,D,C,E,A,H,-,D,D,0,Y,,,,Y,,-,"- ",1,1,0,0,1,0,0,0,0,"- ","- ",38.400211334228516,-122.71623229980469,SONOMA,"SANTA ROSA",-122.71622467041016,38.400211334228516
91224632,2020,2020-04-13,9360,2020-04-10,1928,018828,,5,2,9,4900,0,3,5,,2,004,"MOUNTAIN VIEW AVE","HUNTER LANE",528.00,W,N,A,-,N,,,,,,,,,,Y,4,0,1,1,A,-,08,22107,,N,E,I,A,A,H,-,A,D,0,,,,,Y,,A,01,0,0,1,0,0,0,0,0,0,"- ","- ",38.379379272460938,-122.69700622558594,SONOMA,UNINCORPORATED,-122.69689178466797,38.379428863525391
91224684,2020,2020-04-13,9360,2020-04-11,1450,021456,,6,2,9,4900,0,2,4,,1,042,"PETALUMA HILL RD","ROBERTS ROAD",40.00,N,N,A,-,N,,,,,,,,,,N,3,0,1,2,A,-,08,22107,,N,C,G,A,A,H,-,A,A,0,,Y,,,Y,,L,04,0,1,0,0,0,0,1,0,0,"- ","- ",38.3291015625,-122.66676330566406,SONOMA,UNINCORPORATED,-122.66673278808594,38.328990936279297
91226694,2020,2020-04-17,9360,2020-04-10,1857,019359,,5,2,9,4900,0,1,2,,2,050,"US-101 S/B","PEPPER RD",2800.00,N,N,A,-,Y,,,101,,,,,,S,Y,3,0,1,1,D,-,00,,,N,F,A,A,A,H,-,A,D,0,,,Y,,Y,,-,"- ",0,1,0,0,0,0,0,0,1,"- ","- ",38.289249420166016,-122.69271850585938,SONOMA,UNINCORPORATED,-122.69268798828125,38.289299011230469
91226781,2020,2020-04-17,9360,2020-04-15,1640,022370,,3,2,9,4900,0,3,5,,2,003,"FREI RD",SR-116,0.00,,Y,A,-,Y,,,,,,,,,,Y,4,0,2,2,A,-,17,21451,A,N,A,C,A,A,H,-,A,A,0,,,,,Y,Y,A,07,0,0,2,0,0,0,0,0,0,"- ","- ",38.436981201171875,-122.85762786865234,SONOMA,UNINCORPORATED,,
91226791,2020,2020-04-17,9360,2020-03-05,0500,022371,,4,3,2,4907,0,2,4,,1,024,"PETRIFIED FOREST RD","PORTER CREEK RD",2112.00,E,N,A,-,N,,,,,,,,,,Y,4,0,1,2,A,-,05,21460,A,F,B,C,A,A,H,-,D,D,0,,,,,Y,,D,22,0,0,1,0,0,0,0,0,0,"- ","- ",38.553459167480469,-122.64475250244141,SONOMA,SONOMA,-122.64384460449219,38.553920745849609
91227314,2020,2020-04-20,9360,2020-04-18,1600,022323,,6,2,6,4905,0,3,5,,2,002,"NOONAN RANCH LN","LAVELL RD",0.00,,Y,A,-,N,,,,,,,,,,N,4,0,1,2,A,-,12,22450,A,N,D,C,A,A,H,-,A,A,0,,,,,Y,,A,01,0,0,1,0,0,0,0,0,0,"- ","- ",38.502761840820312,-122.76006317138672,SONOMA,"SANTA ROSA",-122.75997161865234,38.502780914306641
91228023,2020,2020-04-21,9360,2020-02-04,0025,021989,,2,3,6,4905,0,1,2,,2,030,"BICENTENNIAL OFF-RAMP FROM  US-101 N/B","BICENTENNIAL WAY O/C",865.00,S,N,A,-,Y,,,,,,,,,,Y,1,1,0,2,A,-,08,22107,,N,C,E,A,A,H,-,C,D,0,,,,Y,Y,,A,01,0,0,0,0,0,0,0,0,0,"- ","- ",38.46820068359375,-122.72801971435547,SONOMA,"SANTA ROSA",,
91234023,2020,2020-05-05,9360,2020-04-14,0746,013838,,2,1,6,4905,0,2,S,,2,901,"SANTA ROSA AVENUE","HEARN AVENUE",0.00,,Y,A,-,N,,,,,,,,,,Y,4,0,1,2,A,-,01,23152,F,N,B,C,A,A,H,-,A,A,0,,,,,Y,,A,01,0,0,1,0,0,0,0,0,0,"- ","- ",38.415218353271484,-122.71356964111328,SONOMA,"SANTA ROSA",-122.71354675292969,38.415229797363281
91235145,2020,2020-05-08,9350,2020-04-28,1610,017978,,2,2,9,4900,0,1,3,,2,137,"SR-37 E/B",SR-121,660.00,W,N,A,-,Y,,,37,,,,,,E,Y,4,0,1,4,A,-,03,22350,,N,C,C,A,A,H,-,A,D,0,,,,,Y,,A,07,0,0,1,0,0,0,0,0,0,"- ","- ",38.146080017089844,-122.45623016357422,SONOMA,UNINCORPORATED,-122.45626068115234,38.146137237548828
91235172,2020,2020-05-08,9360,2020-04-28,0930,015812,,2,1,9,4900,0,2,4,,1,042,"PETALUMA HILL ROAD","WARRINGTON ROAD",2112.00,S,N,A,-,N,,,,,,,,,,Y,3,0,2,2,A,-,08,22107,,N,D,G,A,A,H,-,A,D,0,,Y,Y,,Y,,L,04,0,2,0,0,0,0,1,0,1,"- ","- ",38.377109527587891,-122.67809295654297,SONOMA,UNINCORPORATED,-122.67764282226562,38.376914978027344
91235186,2020,2020-05-08,9360,2020-04-28,0855,016660,,2,1,9,4900,0,2,4,,1,047,"LAKEVILLE RD","OLD LAKEVILLE ROAD NO 2",3168.00,S,N,A,-,N,,,,,,,,,,Y,4,0,1,2,A,-,03,22350,,N,C,C,A,A,H,-,A,D,0,,,,,Y,,A,01,0,0,1,0,0,0,0,0,0,"- ","- ",38.178791046142578,-122.53011322021484,SONOMA,UNINCORPORATED,-122.53768157958984,38.184432983398438
91236093,2020,2020-05-11,9360,2020-05-09,0030,020740,,6,3,4,4904,0,1,2,,2,050,"US-101 SOUTHBOUND",SR-116,3000.00,N,N,A,-,Y,,,101,,,,,,S,Y,3,0,2,2,A,-,01,23152,A,N,C,C,A,A,H,-,D,D,0,,,,,Y,Y,A,01,0,1,1,0,0,0,0,0,0,"- ","- ",38.3377685546875,-122.71309661865234,SONOMA,"ROHNERT PARK",-122.71291351318359,38.337772369384766
91236365,2020,2020-06-01,9325,2020-05-07,1500,020829,,4,2,9,4900,0,2,4,,2,054,"ARNOLD DRIVE","AVENIDA SEBASTIANI",250.00,N,N,A,-,N,,,,,,,,,,Y,1,1,0,1,A,-,08,22107,,N,E,I,A,A,H,-,A,D,0,,,,,Y,,A,01,0,0,0,0,0,0,0,0,0,"- ","- ",38.264659881591797,-122.48696136474609,SONOMA,UNINCORPORATED,-122.48687744140625,38.264453887939453
91236526,2020,2020-05-12,9360,2020-05-09,1410,020803,,6,2,9,4900,0,1,3,,1,063,SR-1,"SOUTH HARBOUR WAY",1.00,W,N,A,-,Y,,,1,,,,,,,Y,4,0,1,2,A,-,09,21801,A,N,D,C,A,A,H,-,A,D,0,,,,,Y,,A,07,0,0,1,0,0,0,0,0,0,"- ","- ",38.317638397216797,-123.02773284912109,SONOMA,UNINCORPORATED,-123.02775573730469,38.317714691162109
91238722,2020,2020-05-18,9360,2020-05-07,2340,022146,,4,3,9,4900,0,3,5,,2,002,"GEYSERS RD","32625 GEYSERS RD.",472.00,S,N,A,-,N,,,,,,,,,,Y,4,0,1,1,A,-,01,23152,G,N,F,I,A,A,H,-,D,D,0,,,,,Y,Y,D,22,0,0,1,0,0,0,0,0,0,"- ","- ",38.834590911865234,-123.01284027099609,SONOMA,UNINCORPORATED,,
91240154,2020,2020-05-20,9360,2020-05-10,0815,020225,,7,1,9,4900,0,2,4,,1,022,"OLD REDWOOD HWY","PACIFIC HEIGHTS DR",60.00,N,N,B,-,N,,,,,,,,,,Y,4,0,1,2,A,-,09,21802,A,N,B,C,A,A,H,-,A,D,0,,,,,Y,,D,22,0,0,1,0,0,0,0,0,0,"- ","- ",38.5,-122.74987030029297,SONOMA,UNINCORPORATED,-122.74985504150391,38.499889373779297
91240603,2020,2020-08-12,9360,2020-05-19,1220,016524,,2,1,9,4900,0,2,4,,1,032,"RIVER RD.","OLIVET RD",207.00,E,N,B,-,N,,,,,,,,,,N,2,0,1,2,A,-,08,22107,,N,B,G,A,A,H,-,A,D,0,,Y,,,Y,,L,04,1,0,0,0,0,0,1,0,0,"- ","- ",38.484130859375,-122.8189697265625,SONOMA,UNINCORPORATED,-122.81917572021484,38.484146118164062
91241150,2020,2020-05-22,9350,2020-05-14,0950,021075,,4,1,9,4900,0,1,3,,2,137,"SR-37 W/B","LAKEVILLE HWY",250.00,E,N,B,-,Y,,,37,,,,,,W,Y,4,0,2,2,A,-,03,22350,,N,C,C,A,B,H,-,A,D,0,,,,,Y,,A,01,0,0,2,0,0,0,0,0,0,"- ","- ",38.134620666503906,-122.47560119628906,SONOMA,UNINCORPORATED,-122.47561645507812,38.134651184082031
91241749,2020,2020-05-25,9360,2020-05-20,0410,021187,,3,3,9,4900,0,2,4,,1,032,"RIVER RD","LAUGHLIN RD",2640.00,W,N,A,-,N,,,,,,,,,,Y,3,0,2,1,A,-,08,22107,,N,F,I,A,A,H,-,D,D,0,,,,,Y,,A,01,0,1,1,0,0,0,0,0,0,"- ","- ",38.490730285644531,-122.79640960693359,SONOMA,UNINCORPORATED,-122.79618835449219,38.490768432617188
91242462,2020,2020-05-26,9360,2020-05-13,1805,020731,,3,2,9,4900,0,2,4,,1,024,"CALISTOGA ROAD","HARVILLE RD",400.00,N,N,B,-,N,,,,,,,,,,Y,4,0,1,1,A,-,08,22107,,N,E,J,A,B,H,-,A,D,0,,,,,Y,,D,22,0,0,1,0,0,0,0,0,0,"- ","- ",38.490810394287109,-122.66007995605469,SONOMA,UNINCORPORATED,-122.660400390625,38.490550994873047
9124604,2020,2020-09-15,4908,2020-07-02,1304,3306,7,4,5,5,4908,0,0,0,,0,004,"OLD REDWOOD HWY","NORTH MCDOWELL BL",295.00,W,N,A,-,N,,,,,,,,,,Y,4,0,1,2,A,-,09,21804,A,N,D,C,A,A,H,-,A,D,0,,,,,Y,,A,01,0,0,1,0,0,0,0,0,0,"- ","- ",38.275539398193359,-122.66929626464844,SONOMA,PETALUMA,-122.66943359375,38.274814605712891
91246291,2020,2020-06-02,9360,2020-05-23,1535,022333,,6,2,9,4900,0,3,5,,2,004,"ROBERTS RD","LICHAU RD",2640.00,W,N,A,-,N,,,,,,,,,,Y,4,0,1,1,A,-,08,22107,,N,F,J,A,A,H,-,A,D,0,,,Y,,Y,,C,02,0,0,1,0,0,0,0,0,1,"- ","- ",38.331729888916016,-122.65624237060547,SONOMA,UNINCORPORATED,-122.65406036376953,38.332309722900391
91247246,2020,2020-06-04,9360,2020-05-25,1305,014998,,1,1,9,4900,0,3,5,,2,004,"FRANZ VALLEY RD","PORTER CREEK RD",10560.00,N,N,A,-,N,,,,,,,,,,N,4,0,1,2,D,-,00,,,N,A,G,A,A,H,-,A,D,0,,Y,,,Y,,-,"- ",0,0,1,0,0,0,1,0,0,"- ","- ",38.563339233398438,-122.69087219238281,SONOMA,UNINCORPORATED,-122.67514038085938,38.571029663085938
91247254,2020,2020-06-04,9360,2020-05-25,1251,015187,,1,1,9,4900,0,1,2,,2,020,"US-101 N/B","LIMERICK LN",127.00,N,N,A,-,Y,,,101,,,,,,N,Y,2,0,2,2,A,-,03,22350,,N,C,C,A,A,H,-,A,D,0,,,Y,,Y,,A,01,1,1,0,0,0,0,0,0,2,"- ","- ",38.588039398193359,-122.84416961669922,SONOMA,UNINCORPORATED,-122.84419250488281,38.588024139404297
91248745,2020,2020-06-08,9360,2020-05-27,1018,016660,,3,1,3,4980,0,1,2,,2,030,"US 101 S/B","WINDSOR RIVER RD O/C",150.00,N,N,A,-,Y,,,,,,,,,,Y,4,0,1,1,A,-,08,22107,,N,E,I,A,A,H,-,A,D,0,,,,,Y,,D,22,0,0,1,0,0,0,0,0,0,"- ","- ",38.547611236572266,-122.80890655517578,SONOMA,WINDSOR,,
91248849,2020,2020-06-08,9360,2020-05-29,1515,021437,,5,2,9,4900,0,1,2,,2,040,"US-101 N/B","TODD RD O/C",2640.00,N,N,A,-,Y,,,101,,,,,,N,Y,4,0,2,3,A,-,01,23152,G,N,C,C,A,A,H,-,A,D,0,,,,,Y,Y,A,01,0,0,2,0,0,0,0,0,0,"- ","- ",38.393821716308594,-122.71604919433594,SONOMA,UNINCORPORATED,-122.71601867675781,38.393817901611328
91248852,2020,2020-06-08,9360,2020-05-31,1930,020740,,7,2,6,4905,0,1,2,,2,040,"US-101 SOUTHBOUND",SR-12,1000.00,N,N,A,-,Y,,,101,,,,,,S,Y,4,0,1,1,A,-,01,23152,A,M,E,I,A,A,H,-,A,D,0,,,,,Y,Y,D,22,0,0,1,0,0,0,0,0,0,"- ","- ",38.435188293457031,-122.71691131591797,SONOMA,"SANTA ROSA",-122.71707153320312,38.435123443603516
91248859,2020,2020-06-08,9360,2020-05-30,0855,015034,,6,1,9,4900,0,1,2,,2,050,"US 101 S/B","W. RAILROAD AVE",2640.00,S,N,B,-,Y,,,,,,,,,,Y,3,0,1,1,A,-,08,22107,,N,E,I,A,A,H,-,A,D,0,,,,,Y,,A,01,0,1,0,0,0,0,0,0,0,"- ","- ",38.297420501708984,-122.70320129394531,SONOMA,UNINCORPORATED,-122.70323944091797,38.297603607177734
91250678,2020,2020-06-11,9360,2020-06-05,1910,020905,,5,2,9,4900,0,2,4,,1,046,"BENNETT VALLEY ROAD","CARRITHERS RD",2640.00,W,N,A,-,N,,,,,,,,,,Y,2,0,1,2,A,-,05,21460,A,N,A,C,A,A,H,-,A,D,0,,,Y,,Y,,C,02,1,0,0,0,0,0,0,0,1,"- ","- ",38.412570953369141,-122.65135192871094,SONOMA,UNINCORPORATED,-122.64401245117188,38.4080810546875
91251130,2020,2020-06-12,9360,2020-06-05,2325,022323,,5,3,9,4900,0,1,3,,1,071,SR-1,"BAY HILL RD",57.00,E,N,A,-,Y,,,1,,,,,,,Y,3,0,1,1,A,-,01,23152,A,N,E,J,A,A,H,-,D,D,0,,,,,Y,Y,A,01,0,1,0,0,0,0,0,0,0,"- ","- ",38.334548950195312,-122.99337768554688,SONOMA,UNINCORPORATED,-122.99333190917969,38.334487915039062
91251145,2020,2020-06-12,9360,2020-06-07,0735,014998,,7,1,9,4900,0,1,2,,2,050,"US 101 (N/B)",SR-116,1056.00,S,N,A,-,Y,,,,,,,,,,Y,3,0,1,1,A,-,08,22107,,N,E,I,A,A,H,-,A,D,0,,,,,Y,,A,01,0,1,0,0,0,0,0,0,0,"- ","- ",38.324260711669922,-122.71282958984375,SONOMA,UNINCORPORATED,,
91251163,2020,2020-06-12,9360,2020-06-06,1633,019366,,6,2,9,4900,0,2,4,,1,032,"OLD RIVER RD","RIVER RD",0.00,,Y,A,-,N,,,,,,,,,,Y,3,0,1,2,A,-,09,21802,A,F,D,C,A,A,H,-,A,A,0,,,,,Y,,A,07,0,1,0,0,0,0,0,0,0,"- ","- ",38.509479522705078,-122.92259216308594,SONOMA,UNINCORPORATED,-122.99537658691406,38.502468109130859
91251644,2020,2020-06-15,9360,2020-06-04,1635,016223,,4,2,9,4900,0,2,4,,1,032,"RIVER RD","FOREST HILLS RD",180.00,W,N,A,-,N,,,,,,,,,,N,2,0,1,2,A,-,03,22350,,N,G,B,E,A,H,-,A,D,0,Y,,,,Y,,D,22,1,0,0,0,1,0,0,0,0,"- ","- ",38.508769989013672,-122.92671966552734,SONOMA,UNINCORPORATED,-122.92581176757812,38.508853912353516
9125205,2020,2020-11-24,4904,2020-07-08,0453,542,,3,5,4,4904,0,0,0,,0,BEAT2,"ROHNERT PARK EXPWY","RT 101",0.00,,Y,A,-,Y,SON,4,101,-,-,14.028,R,4,S,,4,0,2,2,A,-,12,21453,A,N,D,C,A,A,H,-,C,A,0,,,,,Y,,A,01,0,0,2,0,0,0,0,0,0,"- ",SF,38.348419189453125,-122.71320343017578,SONOMA,"ROHNERT PARK",-122.71324157714844,38.350547790527344