CASE_ID,ACCIDENT_YEAR,PROC_DATE,JURIS,COLLISION_DATE,COLLISION_TIME,OFFICER_ID,REPORTING_DISTRICT,DAY_OF_WEEK,CHP_SHIFT,POPULATION,CNTY_CITY_LOC,SPECIAL_COND,BEAT_TYPE,CHP_BEAT_TYPE,CITY_DIVISION_LAPD,CHP_BEAT_CLASS,BEAT_NUMBER,PRIMARY_RD,SECONDARY_RD,DISTANCE,DIRECTION,INTERSECTION,WEATHER_1,WEATHER_2,STATE_HWY_IND,CALTRANS_COUNTY,CALTRANS_DISTRICT,STATE_ROUTE,ROUTE_SUFFIX,POSTMILE_PREFIX,POSTMILE,LOCATION_TYPE,RAMP_INTERSECTION,SIDE_OF_HWY,TOW_AWAY,COLLISION_SEVERITY,NUMBER_KILLED,NUMBER_INJURED,PARTY_COUNT,PRIMARY_COLL_FACTOR,PCF_CODE_OF_VIOL,PCF_VIOL_CATEGORY,PCF_VIOLATION,PCF_VIOL_SUBSECTION,HIT_AND_RUN,TYPE_OF_COLLISION,MVIW,PED_ACTION,ROAD_SURFACE,ROAD_COND_1,ROAD_COND_2,LIGHTING,CONTROL_DEVICE,CHP_ROAD_TYPE,PEDESTRIAN_ACCIDENT,BICYCLE_ACCIDENT,MOTORCYCLE_ACCIDENT,TRUCK_ACCIDENT,NOT_PRIVATE_PROPERTY,ALCOHOL_INVOLVED,STWD_VEHTYPE_AT_FAULT,CHP_VEHTYPE_AT_FAULT,COUNT_SEVERE_INJ,COUNT_VISIBLE_INJ,COUNT_COMPLAINT_PAIN,COUNT_PED_KILLED,COUNT_PED_INJURED,COUNT_BICYCLIST_KILLED,COUNT_BICYCLIST_INJURED,COUNT_MC_KILLED,COUNT_MC_INJURED,PRIMARY_RAMP,SECONDARY_RAMP,LATITUDE,LONGITUDE,COUNTY,CITY,POINT_X,POINT_Y
9129983,2020,2020-09-09,4905,2020-06-28,2148,SR541,10600,7,5,6,4905,0,0,0,,0,006,"MONTGOMERY DR","YATES DR",28.00,W,N,A,-,N,,,,,,,,,,N,4,0,1,2,A,-,11,21954,A,N,G,B,E,A,H,-,C,D,0,Y,,,,Y,,N,60,0,0,1,0,1,0,0,0,0,"- ","- ",,,SONOMA,"SANTA ROSA",-122.68991088867188,38.446014404296875
91300195,2020,2020-09-08,9360,2020-09-03,1543,018828,,4,2,6,4905,0,1,2,,2,030,"US-101 S/B","MENDOCINO AVE OVER-CROSSING",3168.00,N,N,A,-,Y,,,101,,,,,,S,Y,3,0,4,4,A,-,03,22350,,N,C,C,A,A,H,-,A,D,0,,,,,Y,,A,01,0,1,3,0,0,0,0,0,0,"- ","- ",38.482208251953125,-122.73690795898438,SONOMA,"SANTA ROSA",-122.73686218261719,38.482276916503906
91300491,2020,2020-09-08,9360,2020-09-02,0705,015034,,3,1,9,4900,0,2,4,,1,054,"BODEGA AVE","PAULA LN",85.00,W,N,A,B,N,,,,,,,,,,Y,3,0,2,2,A,-,09,21801,A,N,A,C,A,A,H,-,A,D,0,,,,,Y,,A,01,0,2,0,0,0,0,0,0,0,"- ","- ",38.23468017578125,-122.66152191162109,SONOMA,UNINCORPORATED,-122.66139221191406,38.23468017578125
91300637,2020,2020-09-08,9360,2020-09-01,2230,022257,,2,3,9,4900,0,1,2,,2,030,"COVEY ROAD","JOHNSON LANE",10.00,N,N,A,-,N,,,,,,,,,,Y,3,0,2,1,A,-,01,23152,G,N,E,I,A,A,H,-,D,D,0,,,,,Y,Y,A,07,0,2,0,0,0,0,0,0,0,"- ","- ",38.487419128417969,-122.89012908935547,SONOMA,UNINCORPORATED,-122.89012145996094,38.486377716064453
91301071,2020,2020-09-09,9360,2020-08-29,0500,015812,,6,3,9,4900,0,1,2,,1,010,"US-101 S/B","SONOMA/MENDOCINO COUNTY LINE",1056.00,S,N,B,-,Y,,,101,,,,,,S,Y,4,0,1,2,A,-,01,23152,F,N,C,J,A,A,D,-,D,D,0,,,,,Y,,A,07,0,0,1,0,0,0,0,0,0,"- ","- ",38.850910186767578,-123.03083038330078,SONOMA,UNINCORPORATED,-123.03077697753906,38.850940704345703
91303006,2020,2020-09-11,9360,2020-09-01,0720,015812,,2,1,9,4900,0,3,5,,2,004,"EAST RAILROAD AVENUE","WILLOW AVENUE",90.00,E,N,B,-,N,,,,,,,,,,Y,2,0,1,1,A,-,03,22350,,N,F,A,A,A,H,-,A,A,0,,,Y,,Y,,C,02,1,0,0,0,0,0,0,0,1,"- ","- ",38.3143310546875,-122.6846923828125,SONOMA,UNINCORPORATED,-122.68480682373047,38.314327239990234
91303598,2020,2020-09-14,9360,2020-09-03,1400,020731,,4,2,9,4900,0,2,4,,1,052,"TODD RD","STANDISH AVE",1320.00,W,N,A,-,N,,,,,,,,,,Y,3,0,1,1,A,-,08,22107,,N,F,A,A,A,H,-,A,D,0,,,,,Y,,A,01,0,1,0,0,0,0,0,0,0,"- ","- ",38.387149810791016,-122.728759765625,SONOMA,UNINCORPORATED,-122.72756958007812,38.387165069580078
91303654,2020,2020-09-14,9360,2020-09-05,1245,020803,,6,1,9,4900,0,1,3,,1,061,SR-1,"FORT ROSS ROAD",7075.00,N,N,A,-,Y,,,1,,,,,,,Y,2,0,1,1,A,-,08,22107,,N,F,I,A,A,H,-,A,D,0,,,Y,,Y,,C,02,1,0,0,0,0,0,0,0,1,"- ","- ",38.524559020996094,-123.26461029052734,SONOMA,UNINCORPORATED,-123.26463317871094,38.52459716796875
91304059,2020,2020-09-14,9360,2020-09-06,0150,020828,,7,3,6,4905,0,2,4,,1,024,"PORTER CREEK RD","POSTWOOD LN",267.00,E,N,A,-,N,,,,,,,,,,Y,4,0,1,1,A,-,01,23152,A,N,E,I,A,A,H,-,D,D,0,,,,,Y,Y,A,01,0,0,1,0,0,0,0,0,0,"- ","- ",38.556068420410156,-122.67780303955078,SONOMA,"SANTA ROSA",-122.67829895019531,38.556098937988281
91304643,2020,2020-09-15,9360,2020-09-08,1150,015434,,2,1,9,4900,0,1,2,,2,050,"US 101 S/B","TODD RD",3696.00,S,N,A,-,Y,,,,,,,,,,Y,4,0,2,1,A,-,08,22107,,M,E,I,A,A,H,-,A,D,0,,,,,Y,,A,01,0,0,2,0,0,0,0,0,0,"- ","- ",38.374530792236328,-122.71340179443359,SONOMA,UNINCORPORATED,-122.71632385253906,38.376110076904297
91304935,2020,2020-09-15,9360,2020-09-14,0735,021437,,1,1,9,4900,0,2,4,,1,044,"BROWNS LN","SR-116 (LAKEVILLE HWY)",66.00,N,N,B,-,N,,,,,,,,,,Y,4,0,1,2,A,-,03,22350,,N,D,C,A,A,H,-,A,D,0,,,,,Y,,A,01,0,0,1,0,0,0,0,0,0,"- ","- ",38.225688934326172,-122.57373046875,SONOMA,UNINCORPORATED,-122.573744,38.225596000000003
91305030,2020,2020-09-15,9360,2020-09-11,0645,020092,,5,1,9,4900,0,2,4,,2,056,"ROBLAR ROAD","STONY POINT ROAD",0.00,,Y,E,-,N,,,,,,,,,,Y,2,0,1,2,A,-,09,21802,A,N,A,C,A,A,H,-,A,D,0,,,Y,,Y,,E,22,1,0,0,0,0,0,0,0,1,"- ","- ",38.314121246337891,-122.73554229736328,SONOMA,UNINCORPORATED,-122.73548126220703,38.314121246337891
91305418,2020,2020-09-16,9360,2020-09-04,1700,020731,,5,2,9,4900,0,2,4,,1,052,"STONY POINT RD","TODD RD",100.00,N,N,A,-,N,,,,,,,,,,Y,3,0,3,2,A,-,03,22350,,N,C,C,A,A,H,-,A,A,0,,,,,Y,,A,07,0,1,2,0,0,0,0,0,0,"- ","- ",38.387588500976562,-122.74160766601562,SONOMA,UNINCORPORATED,-122.74156188964844,38.387413024902344
91307044,2020,2020-09-18,9360,2020-09-14,0430,021904,,1,3,6,4905,0,1,2,,2,030,"US-101 SOUTHBOUND","STEELE LN",600.00,N,N,A,-,Y,,,101,,,,,,S,Y,2,0,1,1,A,-,08,22107,,N,E,I,A,A,H,-,C,D,0,,,,,Y,,A,08,1,0,0,0,0,0,0,0,0,"- ","- ",38.461738586425781,-122.72663116455078,SONOMA,"SANTA ROSA",-122.72648620605469,38.461753845214844
91307111,2020,2020-09-18,9360,2020-09-16,1819,020266,,3,2,9,4900,0,1,3,,1,061,SR-1,"MUNIZ RANCH RD",2640.00,S,N,B,-,Y,,,1,,,,,,,Y,4,0,2,2,A,-,06,21751,,N,A,C,A,A,H,-,A,D,0,,,,,Y,,A,01,0,0,2,0,0,0,0,0,0,"- ","- ",38.460819244384766,-123.14437103271484,SONOMA,UNINCORPORATED,-123.14437103271484,38.4608154296875
91307747,2020,2020-09-21,9325,2020-09-19,0430,021382,,6,3,9,4900,0,3,5,,2,006,"LEVERONI RD","5TH ST  W",2112.00,W,N,A,-,N,,,,,,,,,,Y,3,0,1,1,A,-,01,23152,A,N,E,I,A,A,H,-,D,D,0,,,,,Y,Y,A,01,0,1,0,0,0,0,0,0,0,"- ","- ",38.276100158691406,-122.47769927978516,SONOMA,UNINCORPORATED,-122.47750854492188,38.276191711425781
91307800,2020,2020-09-21,9360,2020-09-12,0720,019366,,6,1,9,4900,0,3,5,,2,003,"EASTSIDE RD.","TRENTON-HEALDSBURG RD",1584.00,N,N,A,-,N,,,,,,,,,,Y,4,0,1,2,A,-,05,21460,A,N,A,C,A,A,H,-,A,D,0,,,,,Y,,A,01,0,0,1,0,0,0,0,0,0,"- ","- ",38.501899719238281,-122.86476135253906,SONOMA,UNINCORPORATED,-122.86044311523438,38.507537841796875
91308230,2020,2020-09-21,9360,2020-09-17,1210,015552,,4,1,9,4900,0,1,3,,1,063,SR-1,"EASTSHORE RD",258.00,S,N,A,-,Y,,,1,,,,,,,Y,2,0,1,1,A,-,03,22350,,N,E,I,A,A,H,-,A,D,0,,,,,Y,,A,01,1,0,0,0,0,0,0,0,0,"- ","- ",38.337600708007812,-123.04808044433594,SONOMA,UNINCORPORATED,-123.04803466796875,38.337574005126953
91308662,2020,2020-09-22,9360,2020-09-14,2100,021187,,1,2,9,4900,0,2,4,,1,043,"OLD REDWOOD HWY","RAILROAD AVE",0.00,,Y,A,-,N,,,,,,,,,,Y,3,0,1,2,A,-,08,22107,,N,B,C,A,A,H,-,C,D,0,,,,,Y,Y,A,01,0,1,0,0,0,0,0,0,0,"- ","- ",38.31427001953125,-122.69434356689453,SONOMA,UNINCORPORATED,-122.69438171386719,38.3143310546875
91308765,2020,2020-09-22,9360,2020-09-18,2015,022323,,5,2,3,4980,0,1,2,,2,030,"NB US-101","SHILOH ROAD",898.00,N,N,A,-,Y,,,101,,,,,,,Y,2,0,1,1,A,-,01,23152,A,N,E,I,A,A,H,-,D,D,0,,,,,Y,Y,D,22,1,0,0,0,0,0,0,0,0,"- ","- ",38.527931213378906,-122.79196166992188,SONOMA,WINDSOR,-122.79190826416016,38.527980804443359
91309732,2020,2020-09-23,9325,2020-09-14,0620,015786,,1,1,9,4900,0,2,4,,1,064,"VERANO AVE","MAIN ST",1320.00,W,N,B,-,N,,,,,,,,,,N,3,0,1,2,A,-,11,21954,A,F,G,B,D,A,H,-,D,D,0,Y,,,,Y,,N,60,0,1,0,0,1,0,0,0,0,"- ","- ",38.180999755859375,-122.28489685058594,SONOMA,UNINCORPORATED,-122.48217010498047,38.302730560302734
91310215,2020,2020-09-24,9360,2020-09-10,0828,019366,,4,1,9,4900,0,2,4,,1,032,"RIVER RD","ODD FELLOW PARK RD",16.00,E,N,A,F,N,,,,,,,,,,Y,3,0,2,2,A,-,06,21750,,N,A,C,A,A,H,-,A,A,0,,,,,Y,,A,01,0,2,0,0,0,0,0,0,0,"- ","- ",38.505889892578125,-122.96148681640625,SONOMA,UNINCORPORATED,-122.96143341064453,38.505878448486328
91310782,2020,2020-09-24,9360,2020-09-20,2109,019092,,7,2,9,4900,0,2,4,,1,043,"ELY RD  N","OLD REDWOOD HWY",0.00,,Y,A,-,N,,,,,,,,,,Y,3,0,1,2,A,-,01,23152,A,N,D,C,A,A,H,-,D,D,0,,,,,Y,Y,A,01,0,1,0,0,0,0,0,0,0,"- ","- ",38.283821105957031,-122.66751861572266,SONOMA,UNINCORPORATED,-122.66751098632812,38.283851623535156
91313602,2020,2020-09-28,9360,2020-09-16,2000,021893,,3,2,9,4900,0,1,3,,1,041,SR-12,"HOFF RD",442.00,E,N,A,-,Y,,,12,,,,,,,Y,4,0,1,1,A,-,08,22107,,N,E,I,A,A,H,-,D,D,0,,,,,Y,,A,01,0,0,1,0,0,0,0,0,0,"- ","- ",38.427631378173828,-122.5596923828125,SONOMA,UNINCORPORATED,-122.55971527099609,38.427593231201172
91314603,2020,2020-09-30,9325,2020-09-22,1955,020776,,2,2,9,4900,0,1,3,,1,063,"SR-12 W/B","BOYES BLVD",20.00,E,N,A,-,Y,,,12,,,,,,W,N,4,0,1,2,A,-,03,22350,,F,C,C,A,A,H,-,C,A,0,,,,,Y,,-,99,0,0,1,0,0,0,0,0,0,"- ","- ",38.313808441162109,-122.48146057128906,SONOMA,UNINCORPORATED,-122.48149108886719,38.313789367675781
91315539,2020,2020-10-01,9360,2020-09-19,1815,022370,,6,2,6,4905,0,1,3,,1,041,"SR-12 W/B","SANTA ROSA AVE U/C",380.00,E,N,A,-,Y,,,12,,,,,,W,Y,4,0,2,2,A,-,07,21658,A,N,C,C,A,A,H,-,A,D,0,,,,,Y,,A,01,0,0,2,0,0,0,0,0,0,"- ","- ",38.431251525878906,-122.71044921875,SONOMA,"SANTA ROSA",-122.71044921875,38.431240081787109
91316808,2020,2020-10-02,9360,2020-09-12,0315,022146,,6,3,9,4900,0,2,4,,1,043,"OLD REDWOOD HWY","ELY RD  N",0.00,,Y,E,-,N,,,,,,,,,,Y,2,0,3,1,A,-,03,22350,,N,E,I,A,A,H,-,D,D,0,,,,,Y,,A,01,2,1,0,0,0,0,0,0,0,"- ","- ",38.283611297607422,-122.66739654541016,SONOMA,UNINCORPORATED,-122.66751098632812,38.283851623535156
91317139,2020,2020-10-05,9360,2020-09-21,0417,022289,,1,3,9,4900,0,1,2,,2,030,"US-101 SOUTHBOUND","STEELE LN",1000.00,N,N,A,-,Y,,,,,,,,,,Y,3,0,1,1,A,-,08,22107,,N,E,A,A,A,H,-,C,D,0,,,,,Y,,A,07,0,1,0,0,0,0,0,0,0,"- ","- ",38.462100982666016,-122.72669982910156,SONOMA,UNINCORPORATED,-122.72654724121094,38.462741851806641
91318187,2020,2020-10-06,9360,2020-09-25,1345,022371,,5,1,9,4900,0,3,5,,2,003,"HARRISON GRADE RD","STOETZ LN",500.00,N,N,A,-,N,,,,,,,,,,N,2,0,1,1,A,-,03,22350,,N,F,A,A,A,H,-,A,D,0,,Y,,,Y,,L,04,1,0,0,0,0,0,1,0,0,"- ","- ",38.432289123535156,-122.93018341064453,SONOMA,UNINCORPORATED,-122.9302978515625,38.432262420654297
91318968,2020,2020-10-07,9360,2020-09-28,0035,021904,,1,3,6,4905,0,1,2,,2,030,"US-101 NORTHBOUND","MARK WEST SPRINGS RD",285.00,S,N,F,G,Y,,,,,,,,,,Y,3,0,1,2,A,-,08,22107,,N,B,C,A,A,H,-,C,D,0,,,,,Y,,A,01,0,1,0,0,0,0,0,0,0,"- ","- ",38.493568420410156,-122.75238037109375,SONOMA,"SANTA ROSA",-122.75532531738281,38.495639801025391
91320128,2020,2020-10-08,9360,2020-09-30,1745,021445,,3,2,5,4908,0,1,2,,2,050,"US-101 N/B","PETALUMA BLVD N.",2640.00,N,N,A,-,Y,,,101,,,,,,N,Y,4,0,3,5,A,-,03,22350,,N,C,C,A,A,H,-,A,D,0,,,,,Y,,D,22,0,0,3,0,0,0,0,0,0,"- ","- ",38.277820587158203,-122.67733764648438,SONOMA,PETALUMA,-122.67732238769531,38.277843475341797
91320677,2020,2020-10-09,9360,2020-10-04,1730,021456,,7,2,9,4900,0,1,2,,1,060,"CLOUD LN","HEAVEN LN",950.00,E,N,A,-,N,,,,,,,,,,Y,4,0,1,1,A,-,01,23152,A,N,E,I,A,A,H,-,A,D,0,,,,,Y,Y,D,22,0,0,1,0,0,0,0,0,0,"- ","- ",38.198921203613281,-122.60056304931641,SONOMA,UNINCORPORATED,-122.60060900000001,38.198936000000003
91320823,2020,2020-10-09,9360,2020-10-02,0620,016076,,5,1,9,4900,0,1,2,,2,020,"US 101 S/B","CANYON RD U/C",3696.00,N,N,B,-,Y,,,,,,,,,,N,4,0,1,2,A,-,07,21658,A,N,B,C,A,A,H,-,A,D,0,,,,,Y,,A,01,0,0,1,0,0,0,0,0,0,"- ","- ",38.704189300537109,-122.90492248535156,SONOMA,UNINCORPORATED,,
91320900,2020,2020-10-09,9360,2020-10-05,0540,013838,,1,3,9,4900,0,3,5,,2,005,"BUTLER AVE","STONY POINT RD",0.00,,Y,E,-,N,,,,,,,,,,Y,4,0,1,2,A,-,09,21802,A,N,D,C,A,B,H,-,E,D,0,,,,,Y,,D,22,0,0,1,0,0,0,0,0,0,"- ","- ",38.235698699951172,-122.44290161132812,SONOMA,UNINCORPORATED,-122.74141693115234,38.399250030517578
91321417,2020,2020-10-12,9325,2020-10-10,2000,021083,,6,2,9,4900,0,3,5,,2,005,"WATMAUGH RD","ARNOLD AVE",41.00,W,N,A,-,N,,,,,,,,,,Y,2,0,2,2,A,-,01,23152,A,N,A,C,A,A,H,-,D,D,0,,,,,Y,Y,A,01,1,1,0,0,0,0,0,0,0,"- ","- ",38.260459899902344,-122.48383331298828,SONOMA,UNINCORPORATED,-122.4837646484375,38.260486602783203
91321426,2020,2020-10-12,9325,2020-10-09,0145,021896,,5,3,9,4900,0,3,5,,2,006,"THORNSBERRY ROAD","CLARK RD",2200.00,E,N,A,-,N,,,,,,,,,,Y,4,0,1,1,A,-,01,23152,A,N,E,I,A,A,H,-,D,D,0,,,,,Y,,D,22,0,0,1,0,0,0,0,0,0,"- ","- ",38.286880493164062,-122.41983032226562,SONOMA,UNINCORPORATED,,
91321748,2020,2020-10-12,9360,2020-10-06,0820,015434,,2,1,9,4900,0,3,5,,2,003,"OLIVET RD","W. OLIVET RD",30.00,S,N,A,-,N,,,,,,,,,,Y,4,0,1,2,A,-,03,22350,,N,C,C,A,A,H,-,A,D,0,,,,,Y,,A,01,0,0,1,0,0,0,0,0,0,"- ","- ",38.470329284667969,-122.81620025634766,SONOMA,UNINCORPORATED,-122.81610107421875,38.470046997070312
91322657,2020,2020-10-13,9360,2020-10-08,0755,013838,,4,1,9,4900,0,1,3,,1,041,"W/B SR-12","OAKMONT DRIVE",210.00,E,N,B,-,Y,,,12,,,,,,,N,4,0,1,3,A,-,03,22350,,N,C,C,A,A,H,-,A,D,0,,,,,Y,,E,22,0,0,1,0,0,0,0,0,0,"- ","- ",38.444679260253906,-122.60475158691406,SONOMA,UNINCORPORATED,-122.60458374023438,38.445018768310547
91322753,2020,2020-10-13,9360,2020-10-09,0040,021458,,5,3,9,4900,0,1,2,,2,050,"US-101 S/B (REDWOOD HIGHWAY)","PEPPER AVE",5280.00,N,N,B,-,Y,,,101,,,,,,S,Y,2,0,1,1,A,-,01,23152,A,N,F,A,A,A,H,-,D,D,0,,,,,Y,Y,A,01,1,0,0,0,0,0,0,0,0,"- ","- ",38.294281005859375,-122.70020294189453,SONOMA,UNINCORPORATED,-122.70016479492188,38.294322967529297
91322869,2020,2020-10-13,9360,2020-10-10,1405,021456,,6,2,9,4900,0,2,4,,1,044,"ADOBE RD","HAMILTON RD",0.00,,Y,B,-,N,,,,,,,,,,Y,4,0,2,2,A,-,03,22350,,N,C,C,A,B,H,-,A,D,0,,,,,Y,,A,07,0,0,2,0,0,0,0,0,0,"- ","- ",38.253559112548828,-122.56932067871094,SONOMA,UNINCORPORATED,-122.56037139892578,38.250541687011719
91322993,2020,2020-10-13,9360,2020-10-11,2135,020828,,7,2,9,4900,0,2,4,,1,032,"RIVER RD","FOOTHILL BLVD",253.00,E,N,A,-,N,,,,,,,,,,Y,3,0,1,1,A,-,01,23152,A,N,E,I,A,A,H,-,C,D,0,,,,,Y,Y,A,01,0,1,0,0,0,0,0,0,0,"- ","- ",38.505470275878906,-122.93138122558594,SONOMA,UNINCORPORATED,-122.98280334472656,38.515754699707031
91324860,2020,2020-10-16,9360,2020-10-08,2125,021187,,4,2,9,4900,0,2,4,,1,047,"LAKEVILLE RD","OLD LAKEVILLE ROAD NO 2 WEST",1330.00,S,N,A,-,N,,,,,,,,,,N,4,0,1,1,A,-,01,23152,A,N,E,I,A,A,H,-,D,D,0,,,,,Y,Y,A,01,0,0,1,0,0,0,0,0,0,"- ","- ",38.187789916992188,-122.541259765625,SONOMA,UNINCORPORATED,-122.54154205322266,38.188446044921875
91324867,2020,2020-10-16,9360,2020-10-09,1510,018828,,5,2,9,4900,0,1,3,,1,021,SR-128,"ROHLFFS RD",30.00,W,N,A,-,Y,,,128,,,,,,,N,2,0,1,1,C,-,18,,,N,H,A,A,A,H,-,A,D,0,,,Y,,Y,,-,"- ",1,0,0,0,0,0,0,0,1,"- ","- ",38.639919281005859,-122.772216796875,SONOMA,UNINCORPORATED,-122.77223205566406,38.639896392822266
91325053,2020,2020-10-16,9360,2020-10-13,0950,015434,,2,1,9,4900,0,1,2,,2,050,"US 101 S/B","PETALUMA BLVDN",3168.00,N,N,A,-,Y,,,,,,,,,,Y,3,0,1,2,A,-,07,21658,A,F,E,I,A,A,H,-,A,D,0,,,,,Y,,A,01,0,1,0,0,0,0,0,0,0,"- ","- ",38.280570983886719,-122.68132019042969,SONOMA,UNINCORPORATED,,
91325777,2020,2020-10-19,9360,2020-10-11,1200,019359,,7,1,9,4900,0,2,4,,1,012,"STEWARTS POINT-SKAGGS SPRINGS RD","TOMBS CREEK RD",1800.00,W,N,A,-,N,,,,,,,,,,Y,3,0,1,1,A,-,08,22107,,N,E,I,A,A,H,-,A,D,0,,,,,Y,,A,01,0,1,0,0,0,0,0,0,0,"- ","- ",38.681060791015625,-123.124267578125,SONOMA,UNINCORPORATED,,
91325812,2020,2020-10-19,9360,2020-10-10,1408,022323,,6,2,6,4905,0,1,2,,2,040,"SB US-101","HEARN AVE",1056.00,S,N,B,F,Y,,,101,,,,,,,N,4,0,2,2,A,-,03,22350,,N,C,C,A,A,H,-,A,D,0,,,,,Y,,A,08,0,0,2,0,0,0,0,0,0,"- ","- ",38.411849975585938,-122.71611022949219,SONOMA,"SANTA ROSA",-122.71617126464844,38.411849975585938
91325932,2020,2020-10-19,9360,2020-10-10,1745,018828,,6,2,9,4900,0,1,2,,2,030,"US-101 S/B","RIVER ROAD",3960.00,S,N,B,-,Y,,,101,,,,,,S,Y,4,0,2,1,A,-,08,22107,,N,E,I,A,A,H,-,A,D,0,,,,,Y,,A,01,0,0,2,0,0,0,0,0,0,"- ","- ",38.489360809326172,-122.74698638916016,SONOMA,UNINCORPORATED,-122.74694061279297,38.489433288574219
91325994,2020,2020-10-19,9360,2020-10-11,1532,022257,,7,2,9,4900,0,1,2,,1,010,"US-101 S/B","DUTCHER CREEK RD",693.00,N,N,A,-,Y,,,101,,,,,,S,Y,3,0,1,1,A,-,01,23152,A,N,F,A,A,A,H,-,A,D,0,,,,,Y,Y,A,01,0,1,0,0,0,0,0,0,0,"- ","- ",38.771839141845703,-122.99861145019531,SONOMA,UNINCORPORATED,-122.99863433837891,38.771823883056641
91326154,2020,2020-10-19,9360,2020-10-16,1425,018828,,5,2,3,4980,0,1,2,,2,020,"US-101 S/B","ARATA LANE",1214.00,N,N,A,-,Y,,,,,,,,,,Y,4,0,1,1,A,-,08,22107,,N,E,I,A,A,H,-,A,D,0,,,,,Y,,A,07,0,0,1,0,0,0,0,0,0,"- ","- ",38.673900604248047,-122.82511138916016,SONOMA,WINDSOR,-122.82572174072266,38.564487457275391
91326256,2020,2020-10-19,9360,2020-10-12,1720,022257,,1,2,9,4900,0,2,4,,1,032,SR-116,"OLD CAZADERO RD",700.00,E,N,A,-,N,,,116,,,,,,,N,2,0,1,2,A,-,08,22107,,N,D,C,A,A,H,-,A,D,0,,,Y,,Y,,C,02,1,0,0,0,0,0,0,0,1,"- ","- ",38.497970581054688,-123.00595092773438,SONOMA,UNINCORPORATED,-123.00597381591797,38.497970581054688
9132764,2020,2020-09-21,4905,2020-08-01,2319,SR383,10605,6,5,6,4905,0,0,0,,0,005,"DUTTON AV","WEST 3RD ST",75.00,S,N,A,-,N,,,,,,,,,,N,3,0,1,1,A,-,08,22107,,N,E,I,A,A,H,-,C,A,0,,Y,,,Y,Y,L,04,0,1,0,0,0,0,1,0,0,"- ","- ",,,SONOMA,"SANTA ROSA",-122.72653198242188,38.433914184570312
91327829,2020,2020-10-21,9360,2020-10-19,2037,016045,,1,2,9,4900,0,1,2,,2,050,"U.S.-101 N/B","ROHNERT PARK EXP",1200.00,S,N,A,-,Y,,,,,,,,,,Y,3,0,2,3,A,-,03,22350,,N,C,C,A,A,H,-,C,D,0,,,,,Y,,A,01,0,2,0,0,0,0,0,0,0,"- ","- ",38.343891143798828,-122.71288299560547,SONOMA,UNINCORPORATED,-122.71298217773438,38.348339080810547
9132784,2020,2020-11-20,4905,2020-05-11,1137,SR8906,10604,1,5,6,4905,0,0,0,,0,004,"RT 12","BRUSH CREEK RD",50.00,W,N,C,-,Y,SON,4,12,-,-,18.330,H,-,W,Y,3,0,3,2,A,-,12,21453,A,N,C,C,A,B,H,-,A,A,0,,,,,Y,,D,22,0,2,1,0,0,0,0,0,0,"- ","- ",,,SONOMA,"SANTA ROSA",-122.68070220947266,38.454692840576172
91327964,2020,2020-10-21,9325,2020-10-14,1145,015786,,3,1,9,4900,0,1,3,,1,063,SR-12,"SIESTA WAY",400.00,S,N,A,-,Y,,,12,,,,,,,N,4,0,1,2,A,-,09,21804,A,N,D,C,A,A,H,-,A,D,0,,,,,Y,,A,07,0,0,1,0,0,0,0,0,0,"- ","- ",38.307868957519531,-122.47837829589844,SONOMA,UNINCORPORATED,-122.47835540771484,38.307876586914062
91329166,2020,2020-10-22,9360,2020-10-20,1458,020266,,2,2,3,4903,0,1,2,,2,020,"US-101 NB","MILL ST",1500.00,S,N,A,-,Y,,,101,,,,,,N,Y,4,0,1,1,A,-,08,22107,,N,E,I,A,A,H,-,A,D,0,,,,,Y,,A,01,0,0,1,0,0,0,0,0,0,"- ","- ",38.603290557861328,-122.86721801757812,SONOMA,HEALDSBURG,-122.86722564697266,38.603286743164062
91330072,2020,2020-10-23,9325,2020-10-03,1557,019590,,6,2,9,4900,0,1,3,,1,072,SR-121,"RAMAL RD",3500.00,N,N,A,-,Y,,,121,,,,,,,Y,2,0,1,2,A,-,01,23152,A,N,A,C,A,A,H,-,A,D,0,,,,,Y,Y,A,01,1,0,0,0,0,0,0,0,0,"- ","- ",38.252788543701172,-122.40293121337891,SONOMA,UNINCORPORATED,-122.40293121337891,38.252742767333984
91331077,2020,2020-10-26,9360,2020-10-19,1305,022323,,1,1,9,4900,0,1,2,,2,050,"SB US-101","PETALUMA BLVDN",528.00,N,N,A,-,Y,,,,,,,,,,Y,3,0,2,3,A,-,03,22350,,N,C,C,A,A,H,-,A,D,0,,,,,Y,,A,07,0,1,1,0,0,0,0,0,0,"- ","- ",38.273441314697266,-122.67224884033203,SONOMA,UNINCORPORATED,,