CASE_ID,ACCIDENT_YEAR,PROC_DATE,JURIS,COLLISION_DATE,COLLISION_TIME,OFFICER_ID,REPORTING_DISTRICT,DAY_OF_WEEK,CHP_SHIFT,POPULATION,CNTY_CITY_LOC,SPECIAL_COND,BEAT_TYPE,CHP_BEAT_TYPE,CITY_DIVISION_LAPD,CHP_BEAT_CLASS,BEAT_NUMBER,PRIMARY_RD,SECONDARY_RD,DISTANCE,DIRECTION,INTERSECTION,WEATHER_1,WEATHER_2,STATE_HWY_IND,CALTRANS_COUNTY,CALTRANS_DISTRICT,STATE_ROUTE,ROUTE_SUFFIX,POSTMILE_PREFIX,POSTMILE,LOCATION_TYPE,RAMP_INTERSECTION,SIDE_OF_HWY,TOW_AWAY,COLLISION_SEVERITY,NUMBER_KILLED,NUMBER_INJURED,PARTY_COUNT,PRIMARY_COLL_FACTOR,PCF_CODE_OF_VIOL,PCF_VIOL_CATEGORY,PCF_VIOLATION,PCF_VIOL_SUBSECTION,HIT_AND_RUN,TYPE_OF_COLLISION,MVIW,PED_ACTION,ROAD_SURFACE,ROAD_COND_1,ROAD_COND_2,LIGHTING,CONTROL_DEVICE,CHP_ROAD_TYPE,PEDESTRIAN_ACCIDENT,BICYCLE_ACCIDENT,MOTORCYCLE_ACCIDENT,TRUCK_ACCIDENT,NOT_PRIVATE_PROPERTY,ALCOHOL_INVOLVED,STWD_VEHTYPE_AT_FAULT,CHP_VEHTYPE_AT_FAULT,COUNT_SEVERE_INJ,COUNT_VISIBLE_INJ,COUNT_COMPLAINT_PAIN,COUNT_PED_KILLED,COUNT_PED_INJURED,COUNT_BICYCLIST_KILLED,COUNT_BICYCLIST_INJURED,COUNT_MC_KILLED,COUNT_MC_INJURED,PRIMARY_RAMP,SECONDARY_RAMP,LATITUDE,LONGITUDE,COUNTY,CITY,POINT_X,POINT_Y
91759123,2022,2022-04-28,9360,2022-04-20,0430,022362,,3,3,9,4900,0,2,4,,1,034,"GUERNEVILLE RD","TIMBERHILL ROAD",528.00,E,N,A,-,N,,,,,,,,,,Y,3,0,2,2,A,-,03,22350,,N,C,C,A,A,H,-,D,D,0,,,,,Y,,A,07,0,1,1,0,0,0,0,0,0,"- ","- ",38.4521484375,-122.83464050292969,SONOMA,UNINCORPORATED,-122.83554840087891,38.452072143554688
91762318,2022,2022-05-02,9360,2022-04-10,1630,021893,,7,2,9,4900,0,3,5,,2,001,"SWEETWATER SPRINGS RD","ARMSTRONG WOODS RD",12144.00,E,N,A,-,N,,,,,,,,,,N,2,0,1,1,A,-,08,22107,,N,F,A,A,A,H,-,A,D,0,,,Y,,Y,,C,02,1,0,0,0,0,0,0,0,1,"- ","- ",38.545940399169922,-122.98036956787109,SONOMA,UNINCORPORATED,-122.980224609375,38.546211242675781
91763374,2022,2022-05-03,9360,2022-04-23,1238,019366,,6,1,9,4900,0,3,5,,2,003,"HIGH SCHOOL ROAD","JERUSALEM ROAD",159.00,S,N,A,-,N,,,,,,,,,,Y,2,0,1,1,A,-,05,21460,A,N,E,I,A,A,H,-,A,A,0,,,Y,,Y,,C,02,1,0,0,0,0,0,0,0,1,"- ","- ",38.423099517822266,-122.83174896240234,SONOMA,UNINCORPORATED,-122.83171844482422,38.423160552978516
91764093,2022,2022-05-04,9360,2022-04-25,1540,021326,,1,2,9,4900,0,2,4,,1,032,"RIVER ROAD","TRENTON HEALDSBURG ROAD",0.00,,Y,A,-,N,,,,,,,,,,Y,3,0,2,2,A,-,09,21802,A,N,D,C,A,A,H,-,A,D,0,,,,,Y,,D,22,0,2,0,0,0,0,0,0,0,"- ","- ",38.488319396972656,-122.85513305664062,SONOMA,UNINCORPORATED,-122.85511016845703,38.488265991210938
91764493,2022,2022-05-04,9360,2022-04-27,1600,018828,,3,2,9,4900,0,1,2,,2,030,"US-101 S/B","RIVER ROAD",3168.00,S,N,A,-,Y,SON,,101,,,24.322,H,,L,Y,4,0,1,2,A,-,07,21658,A,N,B,2,A,A,H,-,A,D,0,,,,Y,Y,,A,07,0,0,1,0,0,0,0,0,0,"- ","- ",38.490791320800781,-122.74894714355469,SONOMA,UNINCORPORATED,-122.7489013671875,38.490833282470703
91765522,2022,2022-05-05,9360,2022-04-28,1500,020729,,4,2,9,4900,0,2,4,,1,032,"RIVER ROAD","RIO NIDO RD",125.00,E,N,A,-,N,,,,,,,,,,Y,3,0,1,3,A,-,03,22350,,N,C,C,A,A,H,-,A,D,0,,,,,Y,,A,01,0,1,0,0,0,0,0,0,0,"- ","- ",38.5194091796875,-122.97921752929688,SONOMA,UNINCORPORATED,-122.9791259765625,38.519405364990234
91766176,2022,2022-05-06,9325,2022-04-28,1640,018379,,4,2,9,4900,0,3,5,,2,005,"LEVERONI ROAD","5TH ST  W",0.00,,Y,A,-,N,,,,,,,,,,Y,3,0,1,2,A,-,12,21453,A,N,A,C,A,A,H,-,A,A,0,,,,,Y,,A,01,0,1,0,0,0,0,0,0,0,"- ","- ",38.277011871337891,-122.47061157226562,SONOMA,UNINCORPORATED,-122.47061157226562,38.276920318603516
91767626,2022,2022-05-09,9360,2022-02-19,0359,021989,,6,3,9,4900,0,1,2,,2,030,"US-101 SOUTHBOUND","RIVER ROAD",306.00,S,N,A,-,Y,SON,,101,,,24.794,H,,L,Y,1,1,0,2,A,-,00,21960,A,N,G,B,E,A,H,-,C,D,0,Y,,,,Y,Y,N,60,0,0,0,1,0,0,0,0,0,"- ","- ",38.495410919189453,-122.75531768798828,SONOMA,UNINCORPORATED,-122.75533294677734,38.495395660400391
91767816,2022,2022-05-09,9360,2022-04-27,0710,015187,,3,1,9,4900,0,3,5,,2,003,"FREI RD.",SR-116,20.00,E,N,A,-,N,,,,,,,,,,N,4,0,1,2,A,-,09,21453,B,N,D,C,A,A,H,-,A,A,0,,,,,Y,,D,22,0,0,1,0,0,0,0,0,0,"- ","- ",38.436969757080078,-122.85749053955078,SONOMA,UNINCORPORATED,-122.85757446289062,38.436977386474609
9176918,2020,2020-11-16,4905,2020-09-24,1553,1060474,,4,5,6,4905,0,0,0,,0,007,"SEBASTOPOL RD","LOMBARDI CT",0.00,,Y,A,-,N,,,,,,,,,,N,3,0,1,2,A,-,12,21453,A,N,D,G,A,A,H,-,A,A,0,,Y,,,Y,,A,01,0,1,0,0,0,0,1,0,0,"- ","- ",38.426311492919922,-122.74836730957031,SONOMA,"SANTA ROSA",-122.74836730957031,38.426319122314453
91770677,2022,2022-05-12,9360,2022-05-04,1140,016524,,3,1,9,4900,0,1,3,,1,037,SR-116,"GUERNEVILLE RD",36.00,W,N,A,-,Y,SON,,116,,,21.796,H,,R,N,3,0,1,2,C,-,18,,,N,G,B,E,A,D,-,A,A,0,Y,,,Y,Y,,-,"- ",0,1,0,0,1,0,0,0,0,"- ","- ",38.450160980224609,-122.86776733398438,SONOMA,UNINCORPORATED,-122.86776733398438,38.450160980224609
9177114,2020,2020-11-16,4905,2020-09-05,1952,1060651,,6,5,6,4905,0,0,0,,0,003,"IROQUOIS ST","TOLAR AV",150.00,S,N,A,-,N,,,,,,,,,,Y,3,0,2,6,A,-,03,22350,,F,A,C,A,A,H,-,C,D,0,,,,,Y,,-,,0,1,1,0,0,0,0,0,0,"- ","- ",38.455951690673828,-122.74166107177734,SONOMA,"SANTA ROSA",-122.74183654785156,38.456089019775391
9177116,2020,2020-11-16,4905,2020-09-17,1838,1060482,,4,5,6,4905,0,0,0,,0,10608,"SANTA ROSA AV","FLOWER AV",0.00,,Y,A,-,N,,,,,,,,,,N,3,0,1,2,A,-,09,21802,A,M,D,C,A,A,H,-,B,A,0,,,,,Y,,A,01,0,1,0,0,0,0,0,0,0,"- ","- ",38.424259185791016,-122.71350860595703,SONOMA,"SANTA ROSA",-122.71350860595703,38.424240112304688
91772884,2022,2022-05-16,9360,2022-05-07,1440,021326,,6,2,2,4907,0,2,4,,1,038,"BODEGA HWY","GOLD RIDGE RD",330.00,E,N,A,-,N,,,,,,,,,,Y,4,0,1,1,A,-,08,22107,,N,E,J,A,A,H,-,A,D,0,,,,,Y,,D,22,0,0,1,0,0,0,0,0,0,"- ","- ",38.394580841064453,-122.86282348632812,SONOMA,SONOMA,-122.86299133300781,38.394584655761719
91773005,2022,2022-05-16,9360,2022-05-11,1615,020285,,3,2,3,4980,0,1,2,,2,030,"WINDSOR RIVER RD TO US-101 S/B","WINDSOR RIVER RD",785.00,S,N,A,-,Y,SON,,101,,,29.260,H,,L,Y,3,0,2,2,A,-,03,22350,,N,C,C,A,A,H,-,A,A,0,,,,,Y,,A,01,0,2,0,0,0,0,0,0,0,"- ","- ",38.545429229736328,-122.80751037597656,SONOMA,WINDSOR,-122.80725860595703,38.545520782470703
91773738,2022,2022-05-17,9325,2022-05-13,2130,022538,,5,2,9,4900,0,1,3,,1,063,"VERANO AVE",SR-12,0.00,,Y,A,-,Y,SON,,12,,,35.952,H,,R,Y,4,0,1,2,A,-,09,21801,A,N,A,C,A,A,H,-,C,A,0,,,,,Y,,A,01,0,0,1,0,0,0,0,0,0,"- ","- ",38.302688598632812,-122.47602844238281,SONOMA,UNINCORPORATED,-122.47607421875,38.302665710449219
91774780,2022,2022-05-18,9360,2022-05-12,1355,018828,,4,1,9,4900,0,2,4,,1,024,"MARK WEST SPRINGS ROAD","LAVELL ROAD",0.00,,Y,A,-,N,,,,,,,,,,Y,4,0,1,2,A,-,09,21801,A,N,D,C,A,A,H,-,A,D,0,,,,,Y,,A,01,0,0,1,0,0,0,0,0,0,"- ","- ",38.496410369873047,-122.75183868408203,SONOMA,UNINCORPORATED,-122.75189208984375,38.496322631835938
9177749,2020,2020-12-15,4904,2020-10-22,1930,457,,4,5,4,4904,0,0,0,,0,,"ROHNERT PARK EXPWY","LABATH AV",0.00,,Y,A,-,N,,,,,,,,,,N,4,0,1,2,A,-,09,21453,C,N,D,C,A,A,H,-,C,A,0,,,,,Y,,A,01,0,0,1,0,0,0,0,0,0,"- ","- ",38.349220275878906,-122.72120666503906,SONOMA,"ROHNERT PARK",-122.72119903564453,38.349079132080078
91778834,2022,2022-05-24,9360,2022-05-15,1635,021195,,7,2,9,4900,0,1,3,,1,063,SR-1,"KEEFE AVE",412.00,N,N,A,-,Y,SON,,1,,,12.267,H,,R,N,2,0,1,1,A,-,08,22107,,N,E,I,A,A,H,-,A,D,0,,,Y,,Y,,C,02,1,0,0,0,0,0,0,0,1,"- ","- ",38.349838256835938,-123.05960845947266,SONOMA,UNINCORPORATED,-123.05958557128906,38.349849700927734
91779870,2022,2022-05-25,9360,2022-05-19,1305,018881,,4,1,9,4900,0,1,3,,1,063,SR-1,"VALLEY FORD ROAD AND SR-1",0.00,,Y,A,-,Y,SON,,1,,,0.189,H,,R,Y,3,0,2,3,A,-,03,22350,,N,C,C,A,A,H,-,A,D,0,,,,,Y,,D,22,0,2,0,0,0,0,0,0,0,"- ","- ",38.316429138183594,-122.89647674560547,SONOMA,UNINCORPORATED,-122.89653015136719,38.316436767578125
91780342,2022,2022-05-25,9350,2022-05-21,1050,021586,,6,1,9,4900,0,1,3,,2,237,"SR37 WB",SR-121,2640.00,E,N,A,-,Y,SON,,37,,,4.401,H,,L,Y,4,0,2,2,A,-,03,22350,,N,C,2,A,A,H,-,A,D,0,,,,Y,Y,,F,26,0,0,2,0,0,0,0,0,0,"- ","- ",38.153099060058594,-122.44071197509766,SONOMA,UNINCORPORATED,-122.44071197509766,38.153095245361328
91780556,2022,2022-05-25,9360,2022-05-14,1345,021326,,6,1,9,4900,0,1,2,,2,020,"US-101 NORTHBOUND","GEYSERVILLE AVENUE",5280.00,N,N,A,-,Y,SON,,101,,R,42.463,H,,R,Y,4,0,1,1,C,-,18,,,N,F,A,A,A,H,-,A,D,0,,,,Y,Y,,-,"- ",0,0,1,0,0,0,0,0,0,"- ","- ",38.705299377441406,-122.90632629394531,SONOMA,UNINCORPORATED,-122.90620422363281,38.705429077148438
91786021,2022,2022-06-01,9360,2022-05-23,1610,020201,,1,2,9,4900,0,2,4,,1,044,"FRATES ROAD","ADOBE ROAD",75.00,S,N,A,-,N,,,,,,,,,,N,4,0,1,2,A,-,03,22350,,N,C,C,A,A,H,-,A,A,0,,,,,Y,,D,22,0,0,1,0,0,0,0,0,0,"- ","- ",38.251331329345703,-122.5784912109375,SONOMA,UNINCORPORATED,-122.57845306396484,38.251392364501953
91786121,2022,2022-06-01,9360,2022-05-23,1615,018828,,1,2,9,4900,0,3,5,,2,003,"EASTSIDE ROAD","WINDSOR RIVER ROAD",5808.00,S,N,A,-,N,,,,,,,,,,N,4,0,1,1,A,-,01,23152,A,N,F,A,A,A,H,-,A,D,0,,,,,Y,Y,D,22,0,0,1,0,0,0,0,0,0,"- ","- ",38.531909942626953,-122.84858703613281,SONOMA,UNINCORPORATED,-122.84855651855469,38.531959533691406
91786983,2022,2022-06-02,9360,2022-05-25,2125,019092,,3,2,9,4900,0,1,2,,2,050,"US-101 SOUTHBOUND","PEPPER RD",1584.00,S,N,A,-,Y,SON,,101,,,8.547,H,,L,N,4,0,1,1,A,-,01,23152,A,N,E,I,A,A,H,-,D,D,0,,,,,Y,Y,A,01,0,0,1,0,0,0,0,0,0,"- ","- ",38.281070709228516,-122.68192291259766,SONOMA,UNINCORPORATED,-122.68187713623047,38.281101226806641
91787972,2022,2022-06-03,9325,2022-05-26,1305,022560,,4,1,9,4900,0,3,5,,2,005,"LEVERONI RD","5TH ST. W.",25.00,E,N,A,-,N,,,,,,,,,,Y,4,0,2,2,A,-,03,22350,,N,C,C,A,A,H,-,A,A,0,,,,Y,Y,,D,22,0,0,2,0,0,0,0,0,0,"- ","- ",38.276931762695312,-122.47055816650391,SONOMA,UNINCORPORATED,-122.47052764892578,38.276901245117188
91788662,2022,2022-06-06,9360,2022-05-25,1243,013838,,3,1,6,4905,0,1,2,,2,040,"US-101 N/B","COLLEGE AVE",157.00,S,N,A,-,Y,SON,,101,,,20.726,H,,R,Y,4,0,1,3,A,-,04,21703,,N,C,C,E,A,H,-,A,D,0,Y,,,Y,Y,,D,22,0,0,1,0,0,0,0,0,0,"- ","- ",38.445381164550781,-122.7235107421875,SONOMA,"SANTA ROSA",-122.72351837158203,38.44537353515625
91791122,2022,2022-06-08,9360,2022-05-30,1602,021195,,1,2,9,4900,0,1,3,,1,063,SR-1,"BAY HILL RD",2000.00,N,N,A,-,Y,SON,,1,,,11.695,H,,R,Y,4,0,1,2,A,-,03,22350,,N,C,C,A,A,H,-,A,D,0,,,,,Y,,A,07,0,0,1,0,0,0,0,0,0,"- ","- ",38.34490966796875,-123.05233764648438,SONOMA,UNINCORPORATED,-123.05236053466797,38.344905853271484
91791657,2022,2022-06-09,9360,2022-06-01,0800,015187,,3,1,9,4900,0,2,4,,1,032,"RIVER RD.",US-101,20.00,W,N,A,-,N,,,,,,,,,,Y,4,0,1,3,A,-,03,22350,,N,C,C,A,A,H,-,A,D,0,,,,,Y,,D,22,0,0,1,0,0,0,0,0,0,"- ","- ",38.496078491210938,-122.75656890869141,SONOMA,UNINCORPORATED,-122.75612640380859,38.496170043945312
91792713,2022,2022-06-10,9360,2022-05-28,0220,022333,,6,3,9,4900,0,3,5,,2,002,"GEYSERVILLE AVE","ZANZI LN",552.00,S,N,A,-,N,,,,,,,,,,Y,2,0,6,1,A,-,01,23152,G,N,E,I,A,A,H,-,D,D,0,,,,,Y,Y,A,07,3,3,0,0,0,0,0,0,0,"- ","- ",38.741580963134766,-122.94789886474609,SONOMA,UNINCORPORATED,-122.94795227050781,38.741512298583984
91793705,2022,2022-06-13,9360,2022-05-28,2315,021458,,6,3,9,4900,0,3,5,,2,003,"MAIN ST","FIR RD",1.00,S,N,B,-,N,,,,,,,,,,Y,4,0,1,1,A,-,08,22107,,M,E,J,A,A,H,-,D,D,0,,,,,Y,Y,A,01,0,0,1,0,0,0,0,0,0,"- ","- ",38.463760375976562,-123.01087188720703,SONOMA,UNINCORPORATED,-123.01070404052734,38.463699340820312
91793887,2022,2022-06-13,9360,2022-06-04,2226,022128,,6,3,6,4905,0,1,2,,2,050,"US-101 S/B","SANTA ROSA AVE. OVER CROSSING",2217.00,N,N,C,-,Y,SON,,101,,,15.956,H,,L,Y,2,0,1,2,A,-,01,23152,A,N,C,2,A,B,H,-,D,D,0,,,,,Y,Y,A,07,1,0,0,0,0,0,0,0,0,"- ","- ",38.377788543701172,-122.71640014648438,SONOMA,"SANTA ROSA",-122.71636199951172,38.377788543701172
91794124,2022,2022-06-13,9360,2022-06-05,0707,018497,,7,1,6,4905,0,1,2,,2,040,"US-101 N/B","SR-12 O/C",2112.00,S,N,C,-,Y,SON,,101,,,19.199,H,,R,Y,2,0,2,1,A,-,03,22350,,N,E,I,A,B,H,-,A,D,0,,,,,Y,,A,07,2,0,0,0,0,0,0,0,0,"- ","- ",38.424808502197266,-122.71479034423828,SONOMA,"SANTA ROSA",-122.71493530273438,38.424808502197266
91794135,2022,2022-06-13,9360,2022-06-03,1520,021893,,5,2,9,4900,0,3,5,,2,003,"WOHLER ROAD","EASTSIDE RD",0.00,,Y,A,-,N,,,,,,,,,,N,4,0,1,2,A,-,03,22350,,N,C,C,A,A,H,-,A,D,0,,,Y,,Y,,-,"- ",0,0,1,0,0,0,0,0,1,"- ","- ",38.496929168701172,-122.87779235839844,SONOMA,UNINCORPORATED,-122.87779235839844,38.496925354003906
91794637,2022,2022-06-14,9360,2022-06-06,0515,022362,,1,3,9,4900,0,1,2,,2,040,"US-101 S/B","TODD ROAD",1055.00,N,N,A,-,Y,SON,,101,,,16.803,H,,L,Y,3,0,2,3,A,-,03,22350,,N,C,2,A,A,D,-,B,D,0,,,,,Y,,A,01,0,2,0,0,0,0,0,0,0,"- ","- ",38.390098571777344,-122.71623229980469,SONOMA,UNINCORPORATED,-122.71628570556641,38.390098571777344
91794768,2022,2022-06-14,9360,2022-06-06,1450,020285,,1,2,9,4900,0,3,5,,2,003,"FREI RD","GUERNEVILLE RD",528.00,S,N,A,-,N,,,,,,,,,,Y,4,0,1,1,A,-,08,22107,,N,E,I,A,A,H,-,A,D,0,,,,,Y,,A,08,0,0,1,0,0,0,0,0,0,"- ","- ",38.449081420898438,-122.845458984375,SONOMA,UNINCORPORATED,-122.84544372558594,38.449600219726562
91795025,2022,2022-06-14,9350,2022-06-07,2315,021696,,2,3,9,4900,0,1,3,,2,137,SR-37,"LAKEVILLE HIGHWAY",0.00,,Y,A,-,Y,SON,,37,,,2.058,H,,R,Y,3,0,1,2,A,-,01,23152,A,M,D,C,A,A,H,-,D,A,0,,,,,Y,Y,A,01,0,1,0,0,0,0,0,0,0,"- ","- ",38.134159088134766,-122.47651672363281,SONOMA,UNINCORPORATED,-122.47634124755859,38.133979797363281
91796799,2022,2022-06-16,9360,2022-06-15,0835,015434,,3,1,9,4900,0,1,2,,2,040,"US-101 N/B","TODD RD",4224.00,N,N,A,-,Y,SON,,101,,,16.932,H,,R,N,3,0,1,3,A,-,03,22350,,N,C,C,A,A,H,-,A,D,0,,,,,Y,,A,01,0,1,0,0,0,0,0,0,0,"- ","- ",38.391971588134766,-122.71600341796875,SONOMA,UNINCORPORATED,-122.71602630615234,38.391971588134766
91797410,2022,2022-06-17,9360,2022-05-29,0513,021989,,7,3,9,4900,0,2,4,,1,046,"WARM SPRINGS RD.","SONOMA MOUNTAIN RD.",1000.00,W,N,A,-,N,,,,,,,,,,Y,4,0,1,1,A,-,01,23152,A,N,E,I,A,A,H,-,B,D,0,,,,,Y,Y,A,01,0,0,1,0,0,0,0,0,0,"- ","- ",38.370399475097656,-122.54290008544922,SONOMA,UNINCORPORATED,-122.54203796386719,38.370708465576172
91797446,2022,2022-06-17,9360,2022-06-03,2349,022257,,5,3,4,4904,0,1,2,,2,050,"US-101 S/B TO ROHNERT PARK EXPRESSWAY","ROHNERT PARK EXPRESSWAY",250.00,N,N,A,-,Y,,,,,,,,,,Y,2,0,4,2,A,-,01,23152,A,N,C,2,A,A,H,-,D,D,0,,,,,Y,Y,A,07,1,3,0,0,0,0,0,0,0,"- ","- ",38.349201202392578,-122.71443176269531,SONOMA,"ROHNERT PARK",-122.71443176269531,38.349201202392578
91798504,2022,2022-06-20,9360,2022-06-02,0052,021989,,4,3,9,4900,0,1,2,,1,010,"US-101 NORTHBOUND","ASTI LN",552.00,S,N,A,-,Y,SON,,101,,R,47.754,H,,R,Y,4,0,1,2,A,-,01,23152,A,N,E,I,A,A,H,-,D,D,0,,,,,Y,Y,D,22,0,0,1,0,0,0,0,0,0,"- ","- ",38.758171081542969,-122.97405242919922,SONOMA,UNINCORPORATED,-122.97398376464844,38.758228302001953
91798779,2022,2022-06-20,9360,2022-06-14,1005,018497,,2,1,9,4900,0,3,5,,2,003,"WESTSIDE ROAD","WOHLER ROAD",10560.00,E,N,A,-,N,,,,,,,,,,Y,2,0,1,1,A,-,08,22107,,N,F,A,A,A,H,-,A,D,0,,,Y,,Y,,C,02,1,0,0,0,0,0,0,0,1,"- ","- ",38.519420623779297,-122.87061309814453,SONOMA,UNINCORPORATED,-122.88641357421875,38.508171081542969
91799011,2022,2022-06-20,9360,2022-06-11,1000,019083,,6,1,9,4900,0,1,3,,1,061,SR-1,"MEYERS GRADE ROAD",5808.00,S,N,A,-,Y,SON,,1,,,25.060,H,,R,Y,3,0,2,2,A,-,05,21460,A,N,A,C,A,A,H,-,A,D,0,,,,,Y,,A,01,0,2,0,0,0,0,0,0,0,"- ","- ",38.474769592285156,-123.15495300292969,SONOMA,UNINCORPORATED,-123.15495300292969,38.474781036376953
91799037,2022,2022-06-20,9360,2022-06-11,1545,020828,,6,2,6,4905,0,1,2,,2,030,"US-101 S/B","MENDOCINO O/C",210.00,S,N,A,-,Y,SON,,101,,,22.773,H,,L,Y,4,0,1,1,A,-,08,22107,,N,E,I,A,A,H,-,A,D,0,,,,,Y,,A,07,0,0,1,0,0,0,0,0,0,"- ","- ",38.474098205566406,-122.73091125488281,SONOMA,"SANTA ROSA",-122.73098754882812,38.474079132080078
91800659,2022,2022-06-22,9360,2022-06-10,1900,020731,,5,2,9,4900,0,2,4,,1,052,"TODD ROAD","STONY POINT ROAD",0.00,,Y,A,-,N,,,,,,,,,,Y,3,0,2,2,A,-,09,21801,A,N,D,C,A,A,H,-,A,A,0,,,,,Y,,D,22,0,1,1,0,0,0,0,0,0,"- ","- ",38.387199401855469,-122.74156951904297,SONOMA,UNINCORPORATED,-122.74156951904297,38.387142181396484
91801170,2022,2022-06-22,9360,2022-06-07,1905,020285,,2,2,9,4900,0,2,4,,1,038,"OCCIDENTAL RD","JONIVE RD",930.00,W,N,A,-,N,,,,,,,,,,N,3,0,1,2,A,-,03,22350,,N,H,G,A,A,H,-,A,D,0,,Y,,,Y,,D,22,0,1,0,0,0,0,1,0,0,"- ","- ",38.403141021728516,-122.91950225830078,SONOMA,UNINCORPORATED,-122.91944122314453,38.403141021728516
91804083,2022,2022-06-27,9360,2022-06-18,0320,022362,,6,3,3,4903,0,1,2,,2,020,"US-101 S/B","CHIQUITA RD",130.00,N,N,A,-,Y,SON,,101,,,37.001,H,,L,Y,2,0,3,1,A,-,01,23152,A,N,E,I,A,A,H,-,D,D,0,,,,,Y,Y,A,01,2,1,0,0,0,0,0,0,0,"- ","- ",38.636558532714844,-122.87757110595703,SONOMA,HEALDSBURG,-122.87751007080078,38.636550903320312
91804169,2022,2022-06-27,9360,2022-06-16,1842,018790,,4,2,9,4900,0,2,4,,1,047,"LAKEVILLE ROAD","OLD LAKEVILLE ROAD # 2",1056.00,N,N,A,-,N,,,,,,,,,,Y,3,0,4,3,A,-,05,21460,A,N,B,C,A,A,H,-,A,D,0,,,,,Y,,A,01,0,1,3,0,0,0,0,0,0,"- ","- ",38.188541412353516,-122.54155731201172,SONOMA,UNINCORPORATED,-122.620849609375,38.235141754150391
91804991,2022,2022-06-28,9360,2022-06-19,0435,022371,,7,3,6,4905,0,1,2,,2,030,"US-101 N/B","MENDOCINO AVE",686.00,S,N,A,-,Y,SON,,101,,,22.681,H,,R,N,4,0,1,1,A,-,08,22107,,N,E,8,A,A,H,-,D,D,0,,,,,Y,,A,01,0,0,1,0,0,0,0,0,0,"- ","- ",38.472801208496094,-122.73021697998047,SONOMA,"SANTA ROSA",-122.730224609375,38.472801208496094
91805180,2022,2022-06-28,9360,2022-06-19,2130,021187,,7,2,9,4900,0,2,4,,1,044,"ADOBE RD","SCOTT RD",1320.00,W,N,A,-,N,,,,,,,,,,Y,4,0,1,2,A,-,03,22350,,N,C,C,A,A,H,-,D,D,0,,,,,Y,,A,01,0,0,1,0,0,0,0,0,0,"- ","- ",38.250770568847656,-122.56121063232422,SONOMA,UNINCORPORATED,-122.56452941894531,38.252059936523438
91805685,2022,2022-06-29,9325,2022-06-22,1825,018379,,3,2,9,4900,0,1,3,,1,053,SR-116,"ADOBE ROAD",1584.00,S,N,A,-,Y,SON,,116,,R,42.090,H,,R,N,4,0,1,2,A,-,03,22350,,N,C,C,A,A,H,-,A,D,0,,,,,Y,,A,01,0,0,1,0,0,0,0,0,0,"- ","- ",38.236648559570312,-122.52168273925781,SONOMA,UNINCORPORATED,-122.52169799804688,38.236675262451172
91806150,2022,2022-06-29,9360,2022-06-21,2030,019359,,2,2,9,4900,0,3,5,,2,002,"GEYSERVILLE AVENUE","HAMILTON LANE",1010.00,N,N,A,-,N,,,,,,,,,,Y,3,0,1,1,A,-,01,23152,A,N,F,A,A,A,H,-,B,D,0,,,,Y,Y,Y,F,26,0,1,0,0,0,0,0,0,0,"- ","- ",38.702789306640625,-122.89781951904297,SONOMA,UNINCORPORATED,-122.90359497070312,38.706165313720703
91808712,2022,2022-07-01,9360,2022-06-25,1935,020729,,6,2,5,4908,0,1,2,,1,060,"US-101 S/B","E. WASHINGTON STREET",2296.00,N,N,A,-,Y,SON,,101,,,5.199,H,,L,Y,4,0,2,3,A,-,03,22350,,N,C,C,A,A,D,-,A,A,0,,,,Y,Y,,A,01,0,0,2,0,0,0,0,0,0,"- ","- ",38.250259399414062,-122.63461303710938,SONOMA,PETALUMA,-122.63457489013672,38.250297546386719
91810285,2022,2022-07-05,9360,2022-06-25,1625,017761,,6,2,9,4900,0,2,4,,1,043,"OLD REDWOOD HIGHWAY","HATCHERY ROAD",200.00,S,N,A,-,N,,,,,,,,,,Y,3,0,3,3,A,-,05,21460,A,N,B,C,A,A,H,-,A,D,0,,,,Y,Y,,F,26,0,3,0,0,0,0,0,0,0,"- ","- ",38.289020538330078,-122.66651916503906,SONOMA,UNINCORPORATED,-122.66654205322266,38.288860321044922
91810990,2022,2022-07-06,9360,2022-06-22,2350,022333,,3,3,9,4900,0,2,4,,1,046,"WARM SPRINGS RD","LAWNDALE RD",1003.00,N,N,A,-,N,,,,,,,,,,Y,3,0,2,1,A,-,03,22350,,N,E,I,A,A,H,-,D,D,0,,,,,Y,,A,01,0,1,1,0,0,0,0,0,0,"- ","- ",38.403438568115234,-122.55265045166016,SONOMA,UNINCORPORATED,-122.55294799804688,38.403400421142578
91811324,2022,2022-07-06,9360,2022-06-26,0000,021458,,7,3,9,4900,0,1,2,,2,050,"US-101 NORTHBOUND","PETALUMA BLVD NORTH",3960.00,N,N,A,-,Y,SON,,101,,,8.475,H,,R,Y,3,0,3,2,A,-,01,23152,A,N,B,C,A,A,H,-,C,D,0,,,,,Y,Y,A,01,0,3,0,0,0,0,0,0,0,"- ","- ",38.280490875244141,-122.68079376220703,SONOMA,UNINCORPORATED,-122.6807861328125,38.280494689941406