CASE_ID,ACCIDENT_YEAR,PROC_DATE,JURIS,COLLISION_DATE,COLLISION_TIME,OFFICER_ID,REPORTING_DISTRICT,DAY_OF_WEEK,CHP_SHIFT,POPULATION,CNTY_CITY_LOC,SPECIAL_COND,BEAT_TYPE,CHP_BEAT_TYPE,CITY_DIVISION_LAPD,CHP_BEAT_CLASS,BEAT_NUMBER,PRIMARY_RD,SECONDARY_RD,DISTANCE,DIRECTION,INTERSECTION,WEATHER_1,WEATHER_2,STATE_HWY_IND,CALTRANS_COUNTY,CALTRANS_DISTRICT,STATE_ROUTE,ROUTE_SUFFIX,POSTMILE_PREFIX,POSTMILE,LOCATION_TYPE,RAMP_INTERSECTION,SIDE_OF_HWY,TOW_AWAY,COLLISION_SEVERITY,NUMBER_KILLED,NUMBER_INJURED,PARTY_COUNT,PRIMARY_COLL_FACTOR,PCF_CODE_OF_VIOL,PCF_VIOL_CATEGORY,PCF_VIOLATION,PCF_VIOL_SUBSECTION,HIT_AND_RUN,TYPE_OF_COLLISION,MVIW,PED_ACTION,ROAD_SURFACE,ROAD_COND_1,ROAD_COND_2,LIGHTING,CONTROL_DEVICE,CHP_ROAD_TYPE,PEDESTRIAN_ACCIDENT,BICYCLE_ACCIDENT,MOTORCYCLE_ACCIDENT,TRUCK_ACCIDENT,NOT_PRIVATE_PROPERTY,ALCOHOL_INVOLVED,STWD_VEHTYPE_AT_FAULT,CHP_VEHTYPE_AT_FAULT,COUNT_SEVERE_INJ,COUNT_VISIBLE_INJ,COUNT_COMPLAINT_PAIN,COUNT_PED_KILLED,COUNT_PED_INJURED,COUNT_BICYCLIST_KILLED,COUNT_BICYCLIST_INJURED,COUNT_MC_KILLED,COUNT_MC_INJURED,PRIMARY_RAMP,SECONDARY_RAMP,LATITUDE,LONGITUDE,COUNTY,CITY,POINT_X,POINT_Y
91861912,2022,2022-09-12,9360,2022-08-31,2115,022371,,3,2,9,4900,0,1,3,,1,037,SR-116,"OCCIDENTAL RD",10.00,E,N,A,-,Y,SON,,116,,R,24.056,H,,R,N,4,0,1,2,A,-,01,23152,A,N,C,C,A,A,H,-,C,A,0,,,,,Y,Y,A,08,0,0,1,0,0,0,0,0,0,"- ","- ",38.425621032714844,-122.84825134277344,SONOMA,UNINCORPORATED,-122.84832763671875,38.425609588623047
91862019,2022,2022-09-12,9360,2022-09-01,1218,019366,,4,1,9,4900,0,2,4,,1,034,"FULTON ROAD","RIVER ROAD",2640.00,S,N,A,-,N,,,,,,,,,,Y,2,0,2,2,A,-,03,22350,,N,C,C,A,A,H,-,A,A,0,,,,,Y,,A,01,1,1,0,0,0,0,0,0,0,"- ","- ",38.489429473876953,-122.77014923095703,SONOMA,UNINCORPORATED,-122.77011871337891,38.489284515380859
91864352,2022,2022-09-14,9325,2022-09-13,0725,019659,,2,1,9,4900,0,1,3,,1,063,SR-12,"MULFORD LANE",40.00,E,N,A,-,Y,SON,,12,,,35.387,H,,R,Y,4,0,2,3,A,-,03,22350,,N,C,C,A,A,H,-,A,A,0,,,,,Y,,A,07,0,0,2,0,0,0,0,0,0,"- ","- ",38.310489654541016,-122.47976684570312,SONOMA,UNINCORPORATED,-122.47978210449219,38.31048583984375
91865314,2022,2022-09-15,9360,2022-09-05,1721,021195,,1,2,9,4900,0,2,4,,1,054,"VALLEY FORD RD","WALKER RD",0.00,,Y,A,-,N,,,,,,,,,,Y,4,0,1,2,A,-,09,21801,A,N,D,C,A,A,H,-,A,D,0,,,,,Y,,A,01,0,0,1,0,0,0,0,0,0,"- ","- ",38.287590026855469,-122.80126953125,SONOMA,UNINCORPORATED,-122.80130004882812,38.287601470947266
91865543,2022,2022-09-15,9360,2022-09-06,1640,019359,,2,2,9,4900,0,1,3,,1,021,SR-128,"MOODY LN",1584.00,E,N,A,-,Y,SON,,128,,,6.047,H,,R,Y,3,0,1,2,A,-,05,21460,A,F,F,A,A,A,H,-,A,D,0,,,Y,,Y,,D,22,0,1,0,0,0,0,0,0,1,"- ","- ",38.713130950927734,-122.88812255859375,SONOMA,UNINCORPORATED,-122.88815307617188,38.713108062744141
91866368,2022,2022-09-16,9325,2022-09-08,2115,018954,,4,2,9,4900,0,3,5,,2,005,"ARNOLD DRIVE","FOWLER CREEK ROAD",14.00,N,N,A,-,N,,,,,,,,,,Y,2,0,1,2,A,-,01,23152,A,N,A,C,A,A,H,-,D,D,0,,,,,Y,Y,D,22,1,0,0,0,0,0,0,0,0,"- ","- ",38.285900115966797,-122.49269104003906,SONOMA,UNINCORPORATED,-122.49272918701172,38.286018371582031
91866593,2022,2022-09-16,9360,2022-09-02,0715,019794,,5,1,9,4900,0,3,5,,2,001,"W. DRY CREEK RD","WINE CREEK RD",1765.00,N,N,A,-,N,,,,,,,,,,N,4,0,1,1,A,-,08,22107,,N,E,I,A,A,H,-,A,D,0,,,,,Y,,A,07,0,0,1,0,0,0,0,0,0,"- ","- ",38.658298492431641,-122.93773651123047,SONOMA,UNINCORPORATED,-122.93798828125,38.658390045166016
91866609,2022,2022-09-16,9360,2022-09-08,0800,018881,,4,1,9,4900,0,1,3,,1,061,SR-1,"PACIFIC VIEW",2112.00,S,N,A,-,Y,SON,,1,,,36.349,H,,R,Y,2,0,1,1,A,-,08,22107,,N,E,I,A,A,H,-,A,D,0,,,,,Y,,A,07,1,0,0,0,0,0,0,0,0,"- ","- ",38.541110992431641,-123.28629302978516,SONOMA,UNINCORPORATED,-123.28627014160156,38.5411376953125
91868555,2022,2022-09-20,9360,2022-09-05,1528,020201,,1,2,3,4980,0,2,S,,2,901,"MITCHELL LN","CONDE LN",485.00,W,N,A,-,N,,,,,,,,,,Y,3,0,1,2,A,-,03,22350,,N,C,C,A,A,H,-,A,D,0,,,,,Y,,J,48,0,1,0,0,0,0,0,0,0,"- ","- ",38.533069610595703,-122.79998779296875,SONOMA,WINDSOR,-122.7998046875,38.533061981201172
91868558,2022,2022-09-20,9360,2022-09-09,0220,022371,,5,3,9,4900,0,2,4,,1,032,"RIVER RD","SCENIC DR",1320.00,W,N,A,-,N,,,,,,,,,,N,4,0,1,1,A,-,03,22350,,N,E,J,A,A,H,-,D,D,0,,,,,Y,,A,01,0,0,1,0,0,0,0,0,0,"- ","- ",38.508449554443359,-122.91693878173828,SONOMA,UNINCORPORATED,-122.91696929931641,38.508491516113281
91868752,2022,2022-09-20,9325,2022-09-12,2240,017538,,1,3,9,4900,0,1,3,,1,063,SR-12,"MILLER LN.",150.00,E,N,A,-,Y,SON,,12,,,30.506,H,,R,Y,3,0,1,2,A,-,01,23152,A,M,B,C,A,A,H,-,D,D,0,,,,,Y,Y,A,01,0,1,0,0,0,0,0,0,0,"- ","- ",38.373401641845703,-122.51460266113281,SONOMA,UNINCORPORATED,-122.51460266113281,38.373401641845703
91869593,2022,2022-09-21,9360,2022-09-10,1115,016652,,6,1,9,4900,0,2,4,,1,055,"BLANK ROAD","TURNER ROAD",2112.00,W,N,A,-,N,,,,,,,,,,N,2,0,1,1,A,-,08,22107,,N,E,I,A,A,H,-,A,D,0,,,,,Y,,D,22,1,0,0,0,0,0,0,0,0,"- ","- ",38.338081359863281,-122.78579711914062,SONOMA,UNINCORPORATED,-122.78520202636719,38.338138580322266
91870048,2022,2022-09-21,9360,2022-09-13,1025,015187,,2,1,9,4900,0,3,5,,2,003,"EASTSIDE RD.","WINDSOR RIVER RD",1056.00,N,N,A,-,N,,,,,,,,,,Y,2,0,1,1,A,-,08,22107,,N,E,J,A,A,H,-,A,D,0,,,,,Y,,A,07,1,0,0,0,0,0,0,0,0,"- ","- ",38.551280975341797,-122.84664154052734,SONOMA,UNINCORPORATED,-122.84646606445312,38.5504150390625
91871318,2022,2022-09-22,9360,2022-09-14,0830,023017,,3,1,6,4905,0,1,2,,2,040,"US-101 N/B",SR-12,700.00,S,N,A,-,Y,SON,,101,,,19.501,H,,R,Y,3,0,2,3,A,-,03,22350,,N,C,C,A,A,H,-,A,D,0,,,,,Y,,A,01,0,1,1,0,0,0,0,0,0,"- ","- ",38.429100036621094,-122.71497344970703,SONOMA,"SANTA ROSA",-122.71500396728516,38.429100036621094
91871806,2022,2022-09-23,9360,2022-09-14,1700,020729,,3,2,5,4908,0,1,2,,1,060,"US-101 N/B","PETALUMA BLVD N",120.00,S,N,A,-,Y,SON,,101,,,7.628,H,,R,N,4,0,1,2,A,-,07,21658,A,N,B,C,A,A,H,-,A,D,0,,,,,Y,,A,01,0,0,1,0,0,0,0,0,0,"- ","- ",38.271881103515625,-122.66953277587891,SONOMA,PETALUMA,-122.6695556640625,38.271858215332031
91871947,2022,2022-09-23,9360,2022-09-16,2250,021913,,5,3,9,4900,0,1,2,,1,010,US-101,SR-128,580.00,N,N,A,-,Y,SON,,101,,R,54.344,H,,R,N,3,0,1,1,A,-,08,22107,,N,E,I,A,A,H,-,D,D,0,,,,,Y,,A,01,0,1,0,0,0,0,0,0,0,"- ","- ",38.830028533935547,-123.01448822021484,SONOMA,UNINCORPORATED,-123.01434326171875,38.830059051513672
91876041,2022,2022-09-28,9360,2022-09-18,1650,022997,,7,2,9,4900,0,1,2,,1,010,"US-101 S/B","THERESA DR",3696.00,S,N,C,-,Y,SON,,101,,R,48.399,H,,L,Y,2,0,1,2,A,-,03,22350,,N,B,C,A,B,H,-,A,D,0,,,,,Y,,D,22,1,0,0,0,0,0,0,0,0,"- ","- ",38.76190185546875,-122.98487854003906,SONOMA,UNINCORPORATED,-122.98488616943359,38.761894226074219
91876748,2022,2022-09-29,9325,2022-09-23,1220,022560,,5,1,9,4900,0,1,3,,1,063,"MOUNTAIN AVE",SR-12,50.00,E,N,A,-,Y,,,,,,,,,,N,4,0,1,2,A,-,09,21801,A,N,B,C,A,A,H,-,A,D,0,,,,,Y,,A,01,0,0,1,0,0,0,0,0,0,"- ","- ",38.319858551025391,-122.48542785644531,SONOMA,UNINCORPORATED,-122.48600769042969,38.320026397705078
91877105,2022,2022-09-29,9360,2022-09-21,1552,020285,,3,2,4,4904,0,1,2,,2,050,"US-101 N/B","ROHNERT PARK EXPY",2640.00,N,N,A,-,Y,SON,,101,,,14.433,H,,R,Y,3,0,1,3,A,-,03,22350,,N,C,C,A,A,H,-,A,D,0,,,,,Y,,A,07,0,1,0,0,0,0,0,0,0,"- ","- ",38.356418609619141,-122.71286010742188,SONOMA,"ROHNERT PARK",-122.71302032470703,38.356418609619141
91878845,2022,2022-09-30,9360,2022-09-18,1724,021195,,7,2,9,4900,0,1,3,,1,013,SR-116,"SOLARIDGE RD",433.00,W,N,C,-,N,,,,,,,,,,N,2,0,1,2,A,-,03,22350,,N,H,G,A,B,H,-,A,D,0,,Y,,,Y,,D,22,1,0,0,0,0,0,1,0,0,"- ","- ",38.499801635742188,-123.00544738769531,SONOMA,UNINCORPORATED,-123.00545501708984,38.499801635742188
91880161,2022,2022-10-03,9360,2022-09-01,2045,021893,,4,2,9,4900,0,3,5,,2,003,"TRENTON-HEALDSBURG RD","RIVER RD",528.00,N,N,A,-,N,,,,,,,,,,N,4,0,1,1,A,-,01,23152,A,N,E,I,A,A,H,-,D,A,0,,,,,Y,Y,D,22,0,0,1,0,0,0,0,0,0,"- ","- ",38.490058898925781,-122.85592651367188,SONOMA,UNINCORPORATED,-122.85556030273438,38.489612579345703
91880578,2022,2022-10-03,9360,2022-09-22,1720,019359,,4,2,6,4905,0,1,3,,1,051,"SR-12 E/B","DUTTON AVE",150.00,E,N,A,-,Y,SON,,12,,R,15.352,H,,R,Y,4,0,1,3,A,-,03,22350,,N,C,C,A,A,H,-,A,D,0,,,,,Y,,A,07,0,0,1,0,0,0,0,0,0,"- ","- ",38.433029174804688,-122.72547912597656,SONOMA,"SANTA ROSA",-122.72548675537109,38.43304443359375
91881473,2022,2022-10-04,9360,2022-09-23,0035,022370,,5,3,9,4900,0,3,5,,2,003,"NEELEY RD","ORCHARD AVE",35.00,N,N,A,-,N,,,,,,,,,,Y,3,0,1,2,A,-,01,23152,A,M,B,E,A,A,H,-,C,D,0,,,,,Y,Y,A,01,0,1,0,0,0,0,0,0,0,"- ","- ",38.491241455078125,-123.01246643066406,SONOMA,UNINCORPORATED,-123.01248168945312,38.491184234619141
91881662,2022,2022-10-04,9360,2022-09-23,1351,020828,,5,1,9,4900,0,2,4,,1,038,"OCCIDENTAL RD","MILL STATION RD",155.00,W,N,A,-,N,,,,,,,,,,Y,4,0,1,1,A,-,08,22107,,N,E,I,A,A,H,-,A,D,0,,,,,Y,,A,01,0,0,1,0,0,0,0,0,0,"- ","- ",38.419780731201172,-122.87541961669922,SONOMA,UNINCORPORATED,-122.87519073486328,38.419826507568359
91882848,2022,2022-10-05,9360,2022-09-24,1755,020828,,6,2,9,4900,0,2,4,,1,052,"STONY POINT RD","ST. OLGA CT.",190.00,N,N,A,-,N,,,,,,,,,,Y,4,0,2,2,A,-,09,21801,A,N,B,C,A,A,H,-,A,D,0,,,,,Y,,D,22,0,0,2,0,0,0,0,0,0,"- ","- ",38.393978118896484,-122.74153900146484,SONOMA,UNINCORPORATED,-122.74158477783203,38.393962860107422
91883291,2022,2022-10-05,9360,2022-09-27,0715,015434,,2,1,9,4900,0,1,2,,1,060,"US 101 S/B","PETALUMA BLVD. S",3696.00,N,N,A,-,Y,SON,,101,,,3.339,H,,L,N,2,0,1,2,A,-,07,21658,A,N,C,C,A,A,H,-,A,D,0,,,Y,,Y,,A,01,1,0,0,0,0,0,0,0,1,"- ","- ",38.229038238525391,-122.61576843261719,SONOMA,UNINCORPORATED,-122.61582946777344,38.229019165039062
91886313,2022,2022-10-10,9360,2022-09-23,1623,023017,,5,2,9,4900,0,2,4,,1,052,"STONY POINT RD","TODD RD",1210.00,S,N,A,-,N,,,,,,,,,,Y,3,0,2,4,A,-,01,23152,A,F,C,C,A,A,H,-,A,D,0,,,,,Y,Y,A,07,0,1,1,0,0,0,0,0,0,"- ","- ",38.383369445800781,-122.74154663085938,SONOMA,UNINCORPORATED,-122.74156951904297,38.383815765380859
91887290,2022,2022-10-11,9350,2022-09-23,1337,022395,,5,1,9,4900,0,1,3,,2,137,"SR-37 E/B","LAKEVILLE HWY",260.00,E,N,A,-,Y,SON,,37,,,2.120,H,,R,Y,4,0,2,2,A,-,03,22350,,N,C,C,A,A,H,-,A,D,0,,,,,Y,,D,22,0,0,2,0,0,0,0,0,0,"- ","- ",38.134540557861328,-122.47544097900391,SONOMA,UNINCORPORATED,-122.47543334960938,38.134532928466797
91889408,2022,2022-10-13,9360,2022-10-03,1915,015434,,1,2,9,4900,0,2,4,,1,032,"RIVER RD","ARGONNE WAY",0.00,,Y,A,-,N,,,,,,,,,,N,2,0,1,1,C,-,18,,,N,H,H,A,A,H,-,D,D,0,,,Y,,Y,,-,"- ",1,0,0,0,0,0,0,0,1,"- ","- ",38.496681213378906,-122.90061187744141,SONOMA,UNINCORPORATED,-122.90077972412109,38.496952056884766
91893133,2022,2022-10-18,9360,2022-10-07,2155,021187,,5,2,6,4905,0,1,2,,2,040,"SR-12 EB TO US-101 NB","3RD ST",2011.00,S,N,A,-,Y,SON,,101,,,19.730,H,,R,Y,3,0,2,2,A,-,01,23153,A,N,A,C,A,A,H,-,D,D,0,,,,,Y,Y,A,01,0,2,0,0,0,0,0,0,0,"- ","- ",38.432468414306641,-122.71549224853516,SONOMA,"SANTA ROSA",-122.71577453613281,38.432403564453125
91893864,2022,2022-10-19,9360,2022-10-07,0605,019366,,5,1,9,4900,0,2,4,,1,034,"FULTON ROAD","RAPLEE TERRACE",168.00,S,N,A,-,N,,,,,,,,,,N,3,0,1,2,A,-,03,22350,,F,H,G,A,A,H,-,B,D,0,,Y,,,Y,Y,A,01,0,1,0,0,0,0,1,0,0,"- ","- ",38.485141754150391,-122.77008056640625,SONOMA,UNINCORPORATED,-122.77007293701172,38.485118865966797
91894207,2022,2022-10-19,9360,2022-10-09,2315,022370,,7,3,9,4900,0,3,5,,2,005,"ORCHARD STATION RD","ROBLAR RD",3100.00,N,N,A,-,N,,,,,,,,,,N,4,0,1,1,A,-,01,23152,A,N,E,I,A,A,H,-,D,D,0,,,,,Y,Y,A,01,0,0,1,0,0,0,0,0,0,"- ","- ",38.329708099365234,-122.76859283447266,SONOMA,UNINCORPORATED,-122.76852416992188,38.329643249511719
91896170,2022,2022-10-21,9325,2022-10-14,0020,018954,,5,3,9,4900,0,3,5,,2,005,SR-116,"ADOBE ROAD",652.00,E,N,B,-,Y,SON,,116,,R,41.930,H,,R,Y,3,0,1,1,A,-,01,23152,A,N,E,I,A,A,H,-,D,D,0,,,,,Y,Y,A,01,0,1,0,0,0,0,0,0,0,"- ","- ",38.235958099365234,-122.52445983886719,SONOMA,UNINCORPORATED,-122.52445983886719,38.235973358154297
91896186,2022,2022-10-21,9360,2022-10-11,2100,021893,,2,2,9,4900,0,1,2,,2,020,"US-101 S/B","INDEPENDENCE LN",420.00,N,N,A,-,Y,SON,,101,,R,40.134,H,,L,N,4,0,1,1,A,-,08,22107,,N,E,I,A,A,H,-,C,D,0,,,,,Y,,A,01,0,0,1,0,0,0,0,0,0,"- ","- ",38.681289672851562,-122.88079071044922,SONOMA,UNINCORPORATED,-122.88081359863281,38.681289672851562
91896492,2022,2022-10-21,9325,2022-10-19,0930,015176,,3,1,9,4900,0,1,S,,2,684,"SR-121 N/B","NAPA RD.",100.00,S,N,A,-,Y,SON,,121,,R,10.760,H,,R,N,4,0,1,2,A,-,03,22350,,N,C,C,A,A,H,-,A,A,0,,,Y,,Y,,A,01,0,0,1,0,0,0,0,0,1,"- ","- ",38.253330230712891,-122.39405822753906,SONOMA,UNINCORPORATED,-122.39407348632812,38.25335693359375
91897479,2022,2022-10-24,9360,2022-10-06,1832,023017,,4,2,6,4905,0,1,2,,2,040,"US-101 SOUTHBOUND",SR-12,2800.00,N,N,A,-,Y,SON,,101,,,20.165,H,,L,N,4,0,1,3,A,-,04,21703,,N,C,C,A,A,H,-,A,D,0,,,,,Y,,A,08,0,0,1,0,0,0,0,0,0,"- ","- ",38.438121795654297,-122.71878814697266,SONOMA,"SANTA ROSA",-122.71878051757812,38.438125610351562
91898932,2022,2022-10-25,9325,2022-10-17,1550,018379,,1,2,9,4900,0,1,3,,1,072,SR-121,"NAPA RD",2640.00,S,N,A,-,Y,SON,,121,,,10.259,H,,R,Y,2,0,3,2,A,-,08,22107,,N,D,C,A,A,H,-,A,D,0,,,,,Y,,A,01,1,2,0,0,0,0,0,0,0,"- ","- ",38.252670288085938,-122.40249633789062,SONOMA,UNINCORPORATED,-122.40248870849609,38.252704620361328
91899066,2022,2022-10-25,9360,2022-10-15,2030,022128,,6,2,9,4900,0,1,3,,1,051,SR-12,"HEPWORTH ROAD",446.00,E,N,A,-,N,,,,,,,,,,Y,4,0,2,2,A,-,03,22350,,N,C,C,A,A,H,-,D,D,0,,,,,Y,,A,01,0,0,2,0,0,0,0,0,0,"- ","- ",38.408409118652344,-122.80203247070312,SONOMA,UNINCORPORATED,-122.80204010009766,38.408435821533203
91899565,2022,2022-10-26,9360,2022-10-16,1121,020266,,7,1,9,4900,0,3,5,,2,003,"AIRPORT BLVD","US-101 NB TO AIRPORT BLVD",0.00,,Y,B,-,Y,,,,,,,,,,Y,3,0,1,2,A,-,12,21453,A,N,D,C,A,A,H,-,A,A,0,,,,,Y,,D,22,0,1,0,0,0,0,0,0,0,"- ","- ",38.511238098144531,-122.77307891845703,SONOMA,UNINCORPORATED,-122.76364898681641,38.511215209960938
91899604,2022,2022-10-26,9360,2022-10-16,2225,022371,,7,3,5,4908,0,1,2,,2,050,"US-101 S/B","PETALUMA BLVD N",50.00,N,N,A,-,Y,SON,,101,,,7.667,H,,L,N,2,0,2,2,A,-,03,22350,,N,C,C,A,A,H,-,D,D,0,,,,,Y,,A,07,1,1,0,0,0,0,0,0,0,"- ","- ",38.272060394287109,-122.67009735107422,SONOMA,PETALUMA,-122.67011260986328,38.272048950195312
91899680,2022,2022-10-26,9360,2022-10-17,1300,020285,,1,1,9,4900,0,3,5,,2,002,"IDA CLAYTON RD",SR-128,2640.00,N,N,A,-,N,,,,,,,,,,Y,4,0,1,1,A,-,08,22107,,N,E,J,A,A,H,-,A,D,0,,,,Y,Y,,F,26,0,0,1,0,0,0,0,0,0,"- ","- ",38.637779235839844,-122.66777801513672,SONOMA,UNINCORPORATED,-122.66847991943359,38.637165069580078
91900169,2022,2022-10-26,9360,2022-10-19,0950,015187,,3,1,3,4903,0,1,2,,2,020,"US-101 S/B FROM OLD REDWOOD HWY.","OLD REDWOOD HWY.",528.00,S,N,A,-,Y,,,,,,,,,,Y,4,0,1,2,A,-,03,22350,,N,C,C,A,A,H,-,A,D,0,,,,,Y,,A,01,0,0,1,0,0,0,0,0,0,"- ","- ",35.593151092529297,-122.85001373291016,SONOMA,HEALDSBURG,-122.85364532470703,38.595138549804688
91900772,2022,2022-10-27,9360,2022-10-19,1915,022997,,3,2,6,4905,0,1,2,,2,040,"US-101 S/B TO BAKER AVE","BAKER AVE",70.00,S,N,A,-,Y,SON,,101,,,18.908,H,,L,N,4,0,1,2,A,-,03,22350,,M,C,C,A,A,H,-,D,D,0,,,,,Y,,A,01,0,0,1,0,0,0,0,0,0,"- ","- ",38.420581817626953,-122.7159423828125,SONOMA,"SANTA ROSA",-122.71572875976562,38.420555114746094
91901148,2022,2022-10-27,9360,2022-10-20,0900,018497,,4,1,9,4900,0,1,3,,1,051,SR-12,"DUER ROAD",1056.00,W,N,A,-,Y,SON,,12,,,10.432,H,,R,Y,2,0,1,1,A,-,01,23152,F,N,E,I,A,A,H,-,A,D,0,,,,,Y,,A,01,1,0,0,0,0,0,0,0,0,"- ","- ",38.408008575439453,-122.80358123779297,SONOMA,UNINCORPORATED,-122.80351257324219,38.407890319824219
9190523,2020,2020-12-09,4904,2020-11-22,2127,1040560,CENTR,7,5,4,4904,0,0,0,,0,001,"GOODSON WY","HOLLY AV",204.00,S,N,A,-,N,,,,,,,,,,,2,0,1,2,A,-,21,22106,,F,G,B,E,A,H,-,C,D,0,Y,,,,Y,Y,-,,1,0,0,0,1,0,0,0,0,"- ","- ",33.837078094482422,-122.68425750732422,SONOMA,"ROHNERT PARK",-122.68426513671875,38.370109558105469
91906991,2022,2022-11-01,9325,2022-10-20,0520,015176,,4,3,9,4900,0,1,3,,1,052,SR-12,"WATMAUGH RD.",890.00,S,N,A,-,Y,SON,,12,,,39.575,H,,R,Y,3,0,1,1,A,-,08,22107,,N,E,I,A,A,H,-,D,D,0,,,,,Y,,A,01,0,1,0,0,0,0,0,0,0,"- ","- ",38.26300048828125,-122.46235656738281,SONOMA,UNINCORPORATED,-122.46231842041016,38.26300048828125
9191018,2020,2021-02-01,4908,2020-11-28,1445,2754,13,6,5,5,4908,0,0,0,,0,001,"EAST WASHINGTON ST","RT 101",0.00,,Y,A,-,Y,SON,4,101,-,-,4.665,R,4,N,Y,4,0,1,2,A,-,03,22350,,N,C,C,A,A,H,-,A,A,0,,,,,Y,,D,22,0,0,1,0,0,0,0,0,0,"- ",NF,38.247920989990234,-122.62687683105469,SONOMA,PETALUMA,-122.62617492675781,38.246150970458984
9191026,2020,2021-01-28,4908,2020-11-18,1738,2641,13,3,5,5,4908,0,0,0,,0,001,"CAULFIELD LN","CRINELLA DR",0.00,,Y,A,-,N,,,,,,,,,,N,4,0,1,2,D,-,00,,,N,H,G,A,A,H,-,C,A,0,,Y,,,Y,,-,"- ",0,0,1,0,0,0,1,0,0,"- ","- ",38.216159820556641,-122.61224365234375,SONOMA,PETALUMA,-122.61196899414062,38.246570587158203
91912466,2022,2022-11-08,9360,2022-10-28,1315,020285,,5,1,9,4900,0,3,5,,2,003,"AIRPORT BLVD","AIRPORT BLVD AT US-101 N/B",528.00,W,N,A,-,N,,,,,,,,,,Y,4,0,2,2,A,-,05,21650,,N,A,C,A,A,H,-,A,D,0,,,,,Y,,A,01,0,0,2,0,0,0,0,0,0,"- ","- ",38.511371612548828,-122.77536773681641,SONOMA,UNINCORPORATED,-122.77593994140625,38.511421203613281
91912808,2022,2022-11-08,9360,2022-10-28,2205,021893,,5,3,9,4900,0,2,4,,1,043,"OLD REDWOOD HIGHWAY","MALCOLM LN",200.00,S,N,A,-,N,,,,,,,,,,N,3,0,1,4,A,-,01,23152,A,N,D,E,A,A,H,-,C,D,0,,,,,Y,Y,A,01,0,1,0,0,0,0,0,0,0,"- ","- ",38.297740936279297,-122.66970825195312,SONOMA,UNINCORPORATED,-122.669677734375,38.297725677490234
91913747,2022,2022-11-09,9360,2022-10-31,0300,022241,,1,3,9,4900,0,2,4,,1,024,"CALISTOGA ROAD","CLELAND RANCH ROAD",20.00,N,N,A,-,N,,,,,,,,,,N,3,0,1,1,A,-,01,23152,A,M,E,I,A,A,H,-,D,D,0,,,,,Y,Y,A,07,0,1,0,0,0,0,0,0,0,"- ","- ",38.498981475830078,-122.64894104003906,SONOMA,UNINCORPORATED,-122.64900970458984,38.498954772949219
91913775,2022,2022-11-09,9360,2022-10-31,0630,022241,,1,1,9,4900,0,2,4,,1,024,"CALISTOGA ROAD","CLELAND RANCH ROAD",5.00,N,N,A,-,N,,,,,,,,,,N,3,0,1,1,C,-,18,,,N,E,J,A,A,H,-,D,D,0,,,,Y,Y,,-,"- ",0,1,0,0,0,0,0,0,0,"- ","- ",38.498950958251953,-122.64900970458984,SONOMA,UNINCORPORATED,-122.64903259277344,38.498920440673828
91917359,2022,2022-11-14,9360,2022-11-01,0830,016660,,2,1,9,4900,0,2,4,,1,022,"OLD REDWOOD HWY","WIKIUP DR",41.00,S,N,B,C,N,,,,,,,,,,N,4,0,1,2,A,-,03,22350,,N,C,C,A,B,H,-,A,D,0,,,,,Y,,A,07,0,0,1,0,0,0,0,0,0,"- ","- ",38.507530212402344,-122.75930023193359,SONOMA,UNINCORPORATED,-122.75923156738281,38.507579803466797
91917408,2022,2022-11-14,9360,2022-11-01,1045,016524,,2,1,9,4900,0,2,4,,1,038,"BODEGA HWY","FURLONG RD",1320.00,W,N,C,-,N,,,,,,,,,,Y,3,0,2,2,A,-,05,21460,A,N,A,C,A,B,H,-,A,D,0,,,,,Y,,A,01,0,2,0,0,0,0,0,0,0,"- ","- ",38.388820648193359,-122.88884735107422,SONOMA,UNINCORPORATED,-122.88937377929688,38.388687133789062
91919331,2022,2022-11-16,9360,2022-11-04,2100,020961,,5,2,9,4900,0,3,5,,2,005,"CANFIELD RD","ROBLAR RD",700.00,N,N,B,-,N,,,,,,,,,,N,4,0,1,1,A,-,08,22107,,N,F,A,A,B,H,-,D,D,0,,,,,Y,,A,01,0,0,1,0,0,0,0,0,0,"- ","- ",38.325050354003906,-122.79618835449219,SONOMA,UNINCORPORATED,-122.79617309570312,38.325191497802734
91921428,2022,2022-11-18,9360,2022-11-05,1953,021195,,6,2,9,4900,0,1,3,,1,065,SR-116,"MOSCOW ROAD",2640.00,W,N,C,E,Y,SON,,116,,,3.322,H,,R,Y,4,0,1,1,A,-,03,22350,,N,F,A,A,B,H,-,D,D,0,,,,,Y,,A,01,0,0,1,0,0,0,0,0,0,"- ","- ",38.447269439697266,-123.06083679199219,SONOMA,UNINCORPORATED,-123.06082916259766,38.447257995605469