CASE_ID,ACCIDENT_YEAR,PROC_DATE,JURIS,COLLISION_DATE,COLLISION_TIME,OFFICER_ID,REPORTING_DISTRICT,DAY_OF_WEEK,CHP_SHIFT,POPULATION,CNTY_CITY_LOC,SPECIAL_COND,BEAT_TYPE,CHP_BEAT_TYPE,CITY_DIVISION_LAPD,CHP_BEAT_CLASS,BEAT_NUMBER,PRIMARY_RD,SECONDARY_RD,DISTANCE,DIRECTION,INTERSECTION,WEATHER_1,WEATHER_2,STATE_HWY_IND,CALTRANS_COUNTY,CALTRANS_DISTRICT,STATE_ROUTE,ROUTE_SUFFIX,POSTMILE_PREFIX,POSTMILE,LOCATION_TYPE,RAMP_INTERSECTION,SIDE_OF_HWY,TOW_AWAY,COLLISION_SEVERITY,NUMBER_KILLED,NUMBER_INJURED,PARTY_COUNT,PRIMARY_COLL_FACTOR,PCF_CODE_OF_VIOL,PCF_VIOL_CATEGORY,PCF_VIOLATION,PCF_VIOL_SUBSECTION,HIT_AND_RUN,TYPE_OF_COLLISION,MVIW,PED_ACTION,ROAD_SURFACE,ROAD_COND_1,ROAD_COND_2,LIGHTING,CONTROL_DEVICE,CHP_ROAD_TYPE,PEDESTRIAN_ACCIDENT,BICYCLE_ACCIDENT,MOTORCYCLE_ACCIDENT,TRUCK_ACCIDENT,NOT_PRIVATE_PROPERTY,ALCOHOL_INVOLVED,STWD_VEHTYPE_AT_FAULT,CHP_VEHTYPE_AT_FAULT,COUNT_SEVERE_INJ,COUNT_VISIBLE_INJ,COUNT_COMPLAINT_PAIN,COUNT_PED_KILLED,COUNT_PED_INJURED,COUNT_BICYCLIST_KILLED,COUNT_BICYCLIST_INJURED,COUNT_MC_KILLED,COUNT_MC_INJURED,PRIMARY_RAMP,SECONDARY_RAMP,LATITUDE,LONGITUDE,COUNTY,CITY,POINT_X,POINT_Y
92313994,2024,2024-11-08,9360,2024-02-04,1345,023359,,7,1,9,4900,0,1,2,,1,060,"US 101 NB","SR-116 (LAKEVILLE HWY)",150.00,S,N,C,G,Y,SON,,101," "," ",3.620,H,,R,Y,4,0,2,2,A,-,08,22107,,N,C,C,A,B,H,-,A,D,0,,,,,Y,Y,A,07,0,0,2,0,0,0,0,0,0,"- ","- ",38.232830047607422,-122.61739349365234,SONOMA,UNINCORPORATED,-122.61769866943359,38.232730865478516
92314094,2024,2024-02-14,9325,2024-02-13,"455 ",019067,,2,3,9,4900,0,2,4,,1,064,"ARNOLD DRIVE","MADRONE ROAD",792.00,S,N,A,-,N,,,,,,,,,,Y,3,0,1,1,A,-,08,22107,,N,E,8,A,A,H,-,D,D,0,,,,,Y,,A,07,0,1,0,0,0,0,0,0,0,"- ","- ",38.336601257324219,-122.51164245605469,SONOMA,UNINCORPORATED,-122.51168060302734,38.336639404296875
92316298,2024,2024-02-16,9325,2024-02-09,1230,021458,,5,1,9,4900,0,1,3,,1,063,SR-12,"KEATON AVE",30.00,S,N,B,-,Y,SON,,12," "," ",34.642,H,,R,N,4,0,1,2,A,-,21,22106,,N,C,C,A,A,H,-,A,A,0,,,,,Y,,D,22,0,0,1,0,0,0,0,0,0,"- ","- ",38.319869995117188,-122.48600006103516,SONOMA,UNINCORPORATED,-122.48601531982422,38.319862365722656
92316999,2024,2024-02-19,9360,2024-02-02,"650 ",023631,,5,1,9,4900,0,1,2,,2,040,"US-101 SOUTHBOUND","STEELE LN",3000.00,S,N,B,C,Y,SON,,101," "," ",21.178,H,,L,N,4,0,1,2,A,-,08,22107,,N,B,C,A,B,H,-,D,D,0,,,,,Y,,-,"- ",0,0,1,0,0,0,0,0,0,"- ","- ",38.451560974121094,-122.726318359375,SONOMA,UNINCORPORATED,-122.72623443603516,38.451560974121094
9231747,2021,2021-04-20,4905,2021-02-09,0907,1060337,,2,5,6,4905,0,0,0,,0,009,"WEST 3RD ST","WILSON ST",390.00,W,N,B,-,N,,,,,,,,,,Y,3,0,1,2,A,-,08,22100,5,N,D,C,A,A,H,-,A,A,0,,,,,Y,,J,48,0,1,0,0,0,0,0,0,0,"- ","- ",38.436031341552734,-122.72135925292969,SONOMA,"SANTA ROSA",-122.72129821777344,38.436077117919922
92318569,2024,2024-02-20,9360,2024-02-13,1444,021540,,2,2,9,4900,0,1,3,,1,053,SR-116,"BLOOMFIELD RD",500.00,E,N,A,-,Y,SON,,116," "," ",28.678,H,,R,N,4,0,2,2,A,-,03,22350,,N,C,C,A,A,H,-,A,D,0,,,,,Y,,D,22,0,0,2,0,0,0,0,0,0,"- ","- ",38.380901336669922,-122.80448150634766,SONOMA,UNINCORPORATED,-122.80448913574219,38.380878448486328
92322721,2024,2024-02-26,9360,2024-02-08,2159,022997,,4,2,9,4900,0,1,2,,2,050,"US-101 S/B","PETALUMA BOULEVARD NORTH",5755.00,N,N,A,-,Y,SON,,101," "," ",8.740,H,,L,Y,4,0,1,1,C,-,18,,,N,E,H,A,A,H,-,C,D,0,,,,,Y,,-,"- ",0,0,1,0,0,0,0,0,0,"- ","- ",38.28302001953125,-122.68446350097656,SONOMA,UNINCORPORATED,-122.68441009521484,38.283061981201172
92324487,2024,2024-02-27,9360,2024-02-14,"500 ",022370,,3,3,9,4900,0,2,4,,2,056,"STONY POINT RD","WILFRED AVE",20.00,N,N,B,-,N,,,,,,,,,,Y,4,0,1,1,A,-,08,22107,,N,E,8,A,B,H,-,C,A,0,,,,Y,Y,,F,27,0,0,1,0,0,0,0,0,0,"- ","- ",38.363449096679688,-122.74146270751953,SONOMA,UNINCORPORATED,-122.7413330078125,38.363296508789062
92325025,2024,2024-02-28,9325,2024-02-15,2355,022333,,4,3,9,4900,0,2,4,,2,054,"ARNOLD DR","FOWLER CREEK RD",10.00,N,N,A,-,N,,,,,,,,,,Y,3,0,1,1,A,-,08,22107,,N,E,8,A,A,H,-,D,D,0,,,,,Y,,A,01,0,1,0,0,0,0,0,0,0,"- ","- ",38.286041259765625,-122.49279022216797,SONOMA,UNINCORPORATED,-122.49272918701172,38.286006927490234
92325571,2024,2024-02-28,9360,2024-02-16,1301,023631,,5,1,9,4900,0,3,5,,2,003,"OCCIDENTAL RD","MERCED AVE",200.00,W,N,A,-,N,,,,,,,,,,Y,4,0,1,1,A,-,01,23152,A,N,E,I,A,A,H,-,A,D,0,,,,,Y,Y,A,01,0,0,1,0,0,0,0,0,0,"- ","- ",38.423389434814453,-122.77971649169922,SONOMA,UNINCORPORATED,-122.77939605712891,38.423503875732422
92326075,2024,2024-02-29,9350,2024-02-27,1550,019150,,2,2,9,4900,0,1,3,,2,237,"SR-37 E/B","NOBLE RD",1056.00,W,N,A,-,Y,SON,,37," "," ",5.222,H,,R,Y,4,0,1,2,A,-,03,22350,,N,C,C,A,A,H,-,A,D,0,,,,,Y,,A,01,0,0,1,0,0,0,0,0,0,"- ","- ",38.154468536376953,-122.42569732666016,SONOMA,UNINCORPORATED,-122.42570495605469,38.154476165771484
92326510,2024,2024-02-29,9360,2024-02-19,"950 ",023442,,1,1,6,4905,0,1,2,,2,030,"US-101 N/B","STEELE LN",165.00,N,N,B,C,Y,SON,,101," "," ",21.800,H,,R,Y,4,0,1,1,A,-,08,22107,,N,E,I,A,B,H,-,A,D,0,,,,,Y,,-,"- ",0,0,1,0,0,0,0,0,0,"- ","- ",38.460578918457031,-122.726318359375,SONOMA,"SANTA ROSA",-122.72620391845703,38.460586547851562
92328869,2024,2024-03-04,9360,2024-02-23,1725,021913,,5,2,9,4900,0,2,4,,1,022,"OLD REDWOOD HWY N/B","MARK WEST SPRINGS RD",50.00,S,N,A,-,N,,,,,,,,,,N,4,0,1,3,A,-,21,22106,,N,C,C,A,A,H,-,A,A,0,,,,,Y,,A,01,0,0,1,0,0,0,0,0,0,"- ","- ",38.496929168701172,-122.74771118164062,SONOMA,UNINCORPORATED,-122.74797821044922,38.49700927734375
92330244,2024,2024-03-05,9360,2024-02-26,1250,021195,,1,1,9,4900,0,1,3,,1,061,SR-1,"KRUSE RANCH ROAD",3168.00,S,N,A,-,Y,SON,,1," "," ",42.182,H,,R,Y,4,0,4,1,A,-,08,22107,,N,E,I,A,A,H,-,A,D,0,,,,,Y,,A,08,0,0,4,0,0,0,0,0,0,"- ","- ",38.586898803710938,-123.34011840820312,SONOMA,UNINCORPORATED,-123.34013366699219,38.586887359619141
92330320,2024,2024-03-05,9360,2024-02-27,1635,023359,,2,2,9,4900,0,1,2,,2,040,"US-101 N/B","HEARN AVE O/C",840.00,S,N,A,-,Y,SON,,101," "," ",18.338,H,,R,Y,3,0,1,2,A,-,03,22350,,N,C,C,A,A,H,-,A,D,0,,,,,Y,,A,01,0,1,0,0,0,0,0,0,0,"- ","- ",38.412391662597656,-122.71591949462891,SONOMA,UNINCORPORATED,-122.71591949462891,38.412391662597656
92330340,2024,2024-03-05,9360,2024-02-21,1830,021540,,3,2,9,4900,0,1,2,,1,060,"US-101 N/B","KASTANIA RD",740.00,S,N,B,-,Y,SON,,101," "," ",2.412,H,,R,Y,3,0,1,1,A,-,08,22107,,N,E,I,A,B,H,-,C,D,0,,,,,Y,,A,01,0,1,0,0,0,0,0,0,0,"- ","- ",38.218780517578125,-122.60492706298828,SONOMA,UNINCORPORATED,-122.60484313964844,38.218830108642578
92330646,2024,2024-03-06,9360,2024-02-22,"320 ",022371,,4,3,9,4900,0,1,2,,2,050,"US-101 N/B","PETALUMA BLVD NORTH",3696.00,N,N,E,-,Y,SON,,101," "," ",8.339,H,,R,Y,4,0,1,1,A,-,08,22107,,N,F,A,A,A,H,-,D,D,0,,,,Y,Y,,F,27,0,0,1,0,0,0,0,0,0,"- ","- ",38.279140472412109,-122.67897796630859,SONOMA,UNINCORPORATED,-122.67900085449219,38.279125213623047
92331565,2024,2024-03-06,9325,2024-02-27,1750,022560,,2,2,9,4900,0,3,5,,2,006,"RAILROAD AVE","GROVE ST",25.00,N,N,A,-,N,,,,,,,,,,N,3,0,1,1,A,-,01,23152,A,N,E,I,A,A,H,-,B,A,0,,,,,Y,Y,A,07,0,1,0,0,0,0,0,0,0,"- ","- ",38.300018310546875,-122.48599243164062,SONOMA,UNINCORPORATED,-122.48593902587891,38.299873352050781
92332198,2024,2024-03-07,9360,2024-02-25,"610 ",019794,,7,1,9,4900,0,1,2,,1,010,"US-101 S/B","CANYON RD",2640.00,S,N,A,-,Y,SON,,101," ",R,42.651,H,,L,Y,4,0,1,1,A,-,08,22107,,N,E,8,A,A,H,-,D,D,0,,,,,Y,,A,01,0,0,1,0,0,0,0,0,0,"- ","- ",38.706691741943359,-122.90947723388672,SONOMA,UNINCORPORATED,-122.90946197509766,38.706710815429688
92332201,2024,2024-03-07,9360,2024-02-28,1805,016045,,3,2,9,4900,0,1,2,,2,050,"US-101 S/B",SR-116,2640.00,N,N,A,-,Y,SON,,101," "," ",13.176,H,,L,Y,4,0,1,1,A,-,01,23152,F,N,E,I,A,A,H,-,A,D,0,,,,,Y,,-,"- ",0,0,1,0,0,0,0,0,0,"- ","- ",38.338279724121094,-122.71312713623047,SONOMA,UNINCORPORATED,-122.71298217773438,38.338279724121094
9233228,2021,2021-03-22,4908,2021-02-02,1545,3572,7,2,5,5,4908,0,0,0,,0,004,"OLD REDWOOD HWY","OLD REDOOD HWY N",52.00,S,N,A,-,N,,,,,,,,,,N,4,0,1,2,A,-,12,21453,A,N,D,C,A,A,H,-,A,A,0,,,,,Y,,A,01,0,0,1,0,0,0,0,0,0,"- ",NF,38.273590087890625,-122.66972351074219,SONOMA,PETALUMA,-122.66956329345703,38.274051666259766
92332289,2024,2024-03-07,9360,2024-02-21,"824 ",023342,,3,1,4,4904,0,1,2,,2,050,"US-101 N/B","ROHNERT PARK EXPRESSWAY",1742.00,S,N,B,-,Y,SON,,101," "," ",13.533,H,,R,Y,4,0,1,2,A,-,04,21703,,N,C,C,A,B,H,-,A,D,0,,,,,Y,,A,01,0,0,1,0,0,0,0,0,0,"- ","- ",38.343418121337891,-122.71286010742188,SONOMA,"ROHNERT PARK",-122.71283721923828,38.343421936035156
92333281,2024,2024-03-08,9325,2024-02-27,"330 ",023148,,2,3,9,4900,0,2,4,,1,055,"NAPA ROAD","NICHOLAS RD",1584.00,E,N,A,-,N,,,,,,,,,,Y,3,0,2,1,A,-,08,22107,,N,E,I,A,A,H,-,D,D,0,,,,,Y,,A,01,0,1,1,0,0,0,0,0,0,"- ","- ",38.269939422607422,-122.41352081298828,SONOMA,UNINCORPORATED,,
92333358,2024,2024-03-08,9360,2024-02-28,2348,022997,,3,3,9,4900,0,1,2,,2,030,"US-101 S/B","MARK WEST SPRINGS RD",3010.00,N,N,B,-,Y,SON,,101," "," ",25.449,H,,L,Y,3,0,1,1,A,-,08,22107,,N,E,8,A,A,H,-,D,D,0,,,,,Y,,A,01,0,1,0,0,0,0,0,0,0,"- ","- ",38.501968383789062,-122.76396179199219,SONOMA,UNINCORPORATED,-122.76404571533203,38.501903533935547
92333436,2024,2024-03-08,9360,2024-03-02,"530 ",020461,,6,3,9,4900,0,1,2,,2,050,"US-101 N/B","PETALUMA BLVD N",2690.00,N,N,C,-,Y,SON,,101," "," ",8.173,H,,R,Y,3,0,1,1,A,-,08,22107,,N,E,I,A,B,H,-,D,D,0,,,,,Y,,A,01,0,1,0,0,0,0,0,0,0,"- ","- ",38.277500152587891,-122.67677307128906,SONOMA,UNINCORPORATED,-122.67682647705078,38.277458190917969
92335127,2024,2024-03-11,9360,2024-03-04,"810 ",023359,,1,1,9,4900,0,2,4,,1,024,"MARK WEST SPRINGS RD","US-101 N/B",400.00,E,N,A,-,N,,,,,,,,,,N,4,0,1,2,A,-,03,22350,,N,C,C,A,A,H,-,A,A,0,,,,,Y,,D,22,0,0,1,0,0,0,0,0,0,"- ","- ",38.496170043945312,-122.75437164306641,SONOMA,UNINCORPORATED,-122.75466156005859,38.496177673339844
92337286,2024,2024-03-13,9360,2024-03-07,1905,022695,,4,2,9,4900,0,2,4,,1,023,"ALEXANDER VALLEY ROAD","WEST SODA ROCK LANE",2112.00,N,N,A,-,N,,,,,,,,,,N,4,0,1,1,C,-,18,,,N,H,H,A,A,H,-,D,D,0,,,,,Y,,-,"- ",0,0,1,0,0,0,0,0,0,"- ","- ",38.662540435791016,-122.82485961914062,SONOMA,UNINCORPORATED,-122.82637786865234,38.6611328125
92338136,2024,2024-03-14,9360,2024-03-02,1430,022471,,6,2,9,4900,0,1,3,,1,051,"US-101 S/B TO SR-12 E/B","US-101 S/B",70.00,W,N,C,-,Y,SON,,12," ",R,16.001,H,,R,Y,3,0,1,1,A,-,08,22107,,N,E,I,A,B,H,-,A,A,0,,,,,Y,,D,22,0,1,0,0,0,0,0,0,0,"- ","- ",38.431148529052734,-122.71604919433594,SONOMA,UNINCORPORATED,-122.71601104736328,38.431228637695312
92338259,2024,2024-03-14,9360,2024-03-07,1535,021904,,4,2,9,4900,0,1,3,,1,053,SR-116,"WOODWORTH LN",279.00,W,N,A,-,Y,SON,,116," "," ",31.840,H,,R,Y,3,0,1,2,A,-,03,22350,,N,C,C,A,A,H,-,A,D,0,,,,,Y,,D,22,0,1,0,0,0,0,0,0,0,"- ","- ",38.349960327148438,-122.76355743408203,SONOMA,UNINCORPORATED,-122.76351928710938,38.349983215332031
92339129,2024,2024-03-15,9350,2024-03-07,"518 ",023669,,4,3,2,4907,0,1,3,,2,137,"SR-37 W/B","LAKEVILLE HWY",100.00,E,N,A,-,N,,,,,,,,,,Y,3,0,2,2,A,-,01,23152,A,N,C,C,A,A,H,-,C,A,0,,,,,Y,Y,A,01,0,1,1,0,0,0,0,0,0,"- ","- ",38.134349822998047,-122.47609710693359,SONOMA,SONOMA,-122.47615814208984,38.134323120117188
92341976,2024,2024-03-19,9360,2024-03-12,1740,021540,,2,2,9,4900,0,1,2,,2,030,"US-101 S/B","MENDOCINO AVE",3300.00,N,N,A,-,Y,SON,,101," "," ",23.447,H,,L,Y,4,0,1,2,A,-,03,22350,,N,C,C,A,A,H,-,A,D,0,,,,,Y,,-,"- ",0,0,1,0,0,0,0,0,0,"- ","- ",38.482379913330078,-122.73695373535156,SONOMA,UNINCORPORATED,-122.73697662353516,38.482357025146484
92343904,2024,2024-03-21,9360,2024-03-11,"700 ",023359,,1,1,9,4900,0,2,4,,1,024,"MARK WEST SPRINGS RD","HOSPITAL EVENT CENTER",0.00,,Y,A,-,N,,,,,,,,,,Y,4,0,1,2,A,-,12,21453,A,N,D,C,A,A,H,-,A,A,0,,,,,Y,,D,22,0,0,1,0,0,0,0,0,0,"- ","- ",38.496471405029297,-122.750732421875,SONOMA,UNINCORPORATED,,
92345609,2024,2024-03-25,9360,2024-03-04,"600 ",020461,,1,1,9,4900,0,1,2,,1,060,"US-101 S/B","SAN ANTONIO CREEK",1340.00,N,N,B,-,Y,SON,,101," ",R,0.245,H,,L,Y,3,0,1,1,A,-,08,22107,,N,E,9,A,B,H,-,D,D,0,,,,,Y,,A,07,0,1,0,0,0,0,0,0,0,"- ","- ",38.187881469726562,-122.60205841064453,SONOMA,UNINCORPORATED,-122.60190582275391,38.187877655029297
92345616,2024,2024-04-09,9360,2024-02-24,"156 ",023631,,6,3,9,4900,0,3,5,,2,003,"FERGUSON RD","MILL STATION",3960.00,S,N,A,-,N,,,,,,,,,,Y,3,0,1,1,A,-,08,22107,,M,E,8,A,A,H,-,D,D,0,,,,,Y,Y,-,"- ",0,1,0,0,0,0,0,0,0,"- ","- ",38.402538299560547,-122.86859130859375,SONOMA,UNINCORPORATED,-122.87136077880859,38.408851623535156
92345828,2024,2024-03-25,9360,2024-03-15,1535,022471,,5,2,9,4900,0,1,3,,1,051,"SR-12 W/B","SANTA ROSA AVE",1100.00,W,N,A,-,Y,SON,,12," ",R,16.036,H,,L,N,4,0,1,2,A,-,07,21658,A,N,B,C,A,A,H,-,A,D,0,,,,,Y,,A,07,0,0,1,0,0,0,0,0,0,"- ","- ",38.431308746337891,-122.71550750732422,SONOMA,UNINCORPORATED,-122.71551513671875,38.431301116943359
92345952,2023,2024-03-25,9360,2023-12-09,"10  ",023207,,6,3,9,4900,0,1,3,,1,037,SR-116,"SONOMA AVENUE",10.00,E,N,A,-,Y,SON,,116," "," ",23.154,H,,R,Y,1,2,2,2,A,-,01,23152,A,N,D,C,A,A,H,-,D,D,0,,,,,Y,Y,A,01,2,0,0,0,0,0,0,0,0,"- ","- ",38.435508728027344,-122.85714721679688,SONOMA,UNINCORPORATED,-122.85719299316406,38.435501098632812
92347252,2024,2024-03-26,9360,2024-03-07,1535,020201,,4,2,9,4900,0,1,3,,1,053,SR-116,"LONE PINE DR",0.00,,Y,A,-,Y,SON,,116," "," ",30.328,H,,R,Y,3,0,4,3,A,-,09,21801,A,N,D,C,A,A,H,-,A,A,0,,,,,Y,,A,01,0,3,1,0,0,0,0,0,0,"- ","- ",38.365268707275391,-122.7813720703125,SONOMA,UNINCORPORATED,-122.78133392333984,38.365287780761719
92348355,2024,2024-03-27,9360,2024-03-15,1428,021540,,5,2,9,4900,0,2,4,,1,057,"PETALUMA BLVD N","BAILEY AVE",0.00,,Y,A,-,N,,,,,,,,,,Y,3,0,2,2,A,-,09,21802,A,N,D,C,A,A,H,-,A,A,0,,,,,Y,,D,22,0,2,0,0,0,0,0,0,0,"- ","- ",38.266948699951172,-122.67086791992188,SONOMA,UNINCORPORATED,-122.67082977294922,38.266983032226562
92352629,2024,2024-04-02,9360,2024-03-19,2005,016045,,2,2,9,4900,0,3,5,,2,004,"WEST RAILROAD AVE","CYPRESS AVE",51.00,W,N,A,-,N,,,,,,,,,,N,3,0,1,2,A,-,05,21460,,F,G,B,E,A,H,-,D,D,0,Y,,,,Y,,-,99,0,1,0,0,1,0,0,0,0,"- ","- ",38.311229705810547,-122.69812774658203,SONOMA,UNINCORPORATED,-122.69808197021484,38.311267852783203
92358131,2024,2024-04-08,9360,2024-02-22,"0   ",023442,,4,3,9,4900,0,2,4,,1,032,"RIVER RD","OLIVET RD",528.00,E,N,B,-,N,,,,,,,,,,Y,3,0,1,1,A,-,08,22107,,N,E,I,A,A,H,-,A,D,0,,,,,Y,,D,22,0,1,0,0,0,0,0,0,0,"- ","- ",38.484451293945312,-122.81790924072266,SONOMA,UNINCORPORATED,-122.81808471679688,38.484340667724609
92359656,2024,2024-04-09,9350,2024-03-27,"610 ",023759,,3,1,9,4900,0,1,3,,2,137,SR-37,SR-121,0.00,,Y,A,-,Y,SON,,37," "," ",3.899,H,,R,Y,2,0,2,2,A,-,12,21453,A,N,D,C,A,A,H,-,C,A,0,,,,,Y,,A,07,1,0,1,0,0,0,0,0,0,"- ","- ",38.150970458984375,-122.44940185546875,SONOMA,UNINCORPORATED,-122.44932556152344,38.150859832763672
92359772,2024,2024-04-09,9360,2024-01-15,1200,021195,,1,1,9,4900,0,3,5,,2,006,"HAUSER BRIDGE ROAD","KING RIDGE ROAD",5808.00,W,N,A,-,N,,,,,,,,,,N,1,1,0,1,A,-,03,22350,,N,E,I,A,A,H,-,A,D,0,,Y,,,Y,,L,04,0,0,0,0,0,1,0,0,0,"- ","- ",38.60369873046875,-123.28571319580078,SONOMA,UNINCORPORATED,-123.2806396484375,38.610530853271484
92359815,2024,2024-04-09,9325,2024-03-28,"723 ",018379,,4,1,9,4900,0,1,3,,1,072,SR-121,"8TH ST EAST",400.00,N,N,B,-,Y,SON,,121," "," ",8.297,H,,R,Y,3,0,1,2,A,-,03,22350,,N,C,C,A,B,H,-,A,D,0,,,,,Y,,A,01,0,1,0,0,0,0,0,0,0,"- ","- ",38.246131896972656,-122.43788146972656,SONOMA,UNINCORPORATED,-122.43787384033203,38.24609375
92361083,2024,2024-04-10,9360,2024-04-09,"630 ",020461,,2,1,5,4908,0,1,2,,1,060,"US-101 S/B","CAULFIELD LN",1426.00,N,N,A,-,Y,SON,,101," "," ",4.258,H,,L,Y,4,0,2,2,A,-,03,22350,,N,C,C,A,A,H,-,A,D,0,,,,,Y,,A,01,0,0,2,0,0,0,0,0,0,"- ","- ",38.241279602050781,-122.62223815917969,SONOMA,PETALUMA,-122.62215423583984,38.241306304931641
92361352,2024,2024-04-10,9360,2024-04-09,"750 ",020461,,2,1,9,4900,0,2,4,,1,044,"ADOBE RD","CASA GRANDE RD",2059.00,W,N,A,-,N,,,,,,,,,,Y,2,0,1,2,A,-,03,22350,,N,C,C,A,A,H,-,A,D,0,,,,,Y,,A,07,1,0,0,0,0,0,0,0,0,"- ","- ",38.258598327636719,-122.59085845947266,SONOMA,UNINCORPORATED,-122.59085083007812,38.258594512939453
92363170,2024,2024-04-12,9360,2024-02-16,2340,022997,,5,3,9,4900,0,2,4,,1,046,"BENNETT VALLEY RD","MITCHELL RD",2556.00,E,N,B,-,N,,,,,,,,,,Y,1,1,0,1,A,-,01,23152,G,N,E,I,A,A,H,-,D,D,0,,,,,Y,Y,A,01,0,0,0,0,0,0,0,0,0,"- ","- ",38.412189483642578,-122.65000915527344,SONOMA,UNINCORPORATED,-122.65065002441406,38.412303924560547
92365180,2024,2024-04-16,9325,2024-04-06,1640,023094,,6,2,9,4900,0,1,3,,1,072,SR-121,SR-116,430.00,E,N,A,-,Y,SON,,121," "," ",6.788,H,,R,Y,2,0,1,2,A,-,09,21804,A,N,D,C,A,A,H,-,A,D,0,,,,,Y,,A,01,1,0,0,0,0,0,0,0,0,"- ","- ",38.236728668212891,-122.45983123779297,SONOMA,UNINCORPORATED,-122.45983123779297,38.236728668212891
92365265,2024,2024-04-16,9360,2024-04-05,"50  ",022945,,5,3,9,4900,0,1,2,,2,040,"US-101 S/B","TODD RD",4541.00,N,N,A,-,Y,SON,,101," "," ",17.443,H,,L,Y,3,0,2,2,A,-,01,23152,A,N,B,C,A,A,H,-,D,D,0,,,,,Y,Y,A,01,0,2,0,0,0,0,0,0,0,"- ","- ",38.399360656738281,-122.7161865234375,SONOMA,UNINCORPORATED,-122.71623229980469,38.399360656738281
92365408,2024,2024-04-16,9360,2024-04-05,1350,022257,,5,1,9,4900,0,1,2,,2,030,"US-101 SOUTHBOUND","AIRPORT BLVD",2000.00,S,N,A,-,Y,SON,,101," "," ",25.981,H,,L,Y,4,0,1,3,A,-,07,21658,A,M,E,I,A,A,H,-,A,D,0,,,,,Y,Y,-,31,0,0,1,0,0,0,0,0,0,"- ","- ",38.507488250732422,-122.77086639404297,SONOMA,UNINCORPORATED,-122.77094268798828,38.507434844970703
92366974,2024,2024-04-17,9325,2024-04-09,1200,018379,,2,1,9,4900,0,1,3,,1,072,SR-121,"RAMAL RD",0.00,,Y,A,-,Y,SON,,121," "," ",9.540,H,,R,Y,3,0,1,2,A,-,09,21802,A,N,A,C,A,A,H,-,A,A,0,,,,,Y,,A,01,0,1,0,0,0,0,0,0,0,"- ","- ",38.24713134765625,-122.41278076171875,SONOMA,UNINCORPORATED,-122.41279602050781,38.247142791748047
92371793,2024,2024-04-22,9360,2024-04-10,"830 ",016660,,3,1,6,4905,0,1,3,,1,051,"SR-12 E/B","DUTTON AVE",310.00,E,N,A,-,Y,SON,,12," ",R,15.381,H,,R,N,2,0,2,3,A,-,03,22350,,N,C,C,A,A,H,-,A,D,0,,,,Y,Y,,F,26,1,0,1,0,0,0,0,0,0,"- ","- ",38.433109283447266,-122.72496032714844,SONOMA,"SANTA ROSA",-122.72496032714844,38.433120727539062
92376915,2024,2024-04-29,9360,2024-04-17,1805,021893,,3,2,9,4900,0,1,3,,1,013,SR-116,"MILL ST",0.00,,Y,A,-,Y,SON,,116," "," ",11.894,H,,R,N,4,0,1,3,A,-,09,21802,A,N,D,2,A,A,H,-,A,A,0,,,,,Y,,A,07,0,0,1,0,0,0,0,0,0,"- ","- ",38.501979827880859,-123.00041961669922,SONOMA,UNINCORPORATED,-123.00041961669922,38.501949310302734
92377709,2024,2024-04-29,9360,2024-04-13,"755 ",023359,,6,1,9,4900,0,1,2,,2,040,"US-101 S/B TO SR-12 E/B",SR-12,300.00,N,N,C,-,Y,,,,,,,,,,Y,4,0,1,2,A,-,03,22350,,N,H,E,A,B,H,-,A,D,0,,,,,Y,,A,01,0,0,1,0,0,0,0,0,0,"- ","- ",38.432781219482422,-122.71717071533203,SONOMA,UNINCORPORATED,-122.71580505371094,38.431880950927734
92379782,2024,2024-05-01,9325,2024-04-22,"940 ",018379,,1,1,9,4900,0,1,3,,1,053,"SR-116 TO ARNOLD DR",SR-116,150.00,N,N,A,-,Y,,,,,,,,,,N,4,0,1,2,A,-,03,22350,,N,C,C,A,A,H,-,A,A,0,,,,,Y,,A,01,0,0,1,0,0,0,0,0,0,"- ","- ",38.256328582763672,-122.48011779785156,SONOMA,UNINCORPORATED,,
92380486,2024,2024-05-02,9360,2024-04-25,1325,016045,,4,1,9,4900,0,3,5,,2,005,"PLEASANT HILL RD","LYNCH RD",0.00,,Y,A,-,N,,,,,,,,,,Y,4,0,1,2,A,-,09,21801,A,N,D,C,A,A,H,-,A,A,0,,,,,Y,,A,07,0,0,1,0,0,0,0,0,0,"- ","- ",38.387020111083984,-122.83506774902344,SONOMA,UNINCORPORATED,-122.83509826660156,38.387062072753906