CASE_ID,ACCIDENT_YEAR,PROC_DATE,JURIS,COLLISION_DATE,COLLISION_TIME,OFFICER_ID,REPORTING_DISTRICT,DAY_OF_WEEK,CHP_SHIFT,POPULATION,CNTY_CITY_LOC,SPECIAL_COND,BEAT_TYPE,CHP_BEAT_TYPE,CITY_DIVISION_LAPD,CHP_BEAT_CLASS,BEAT_NUMBER,PRIMARY_RD,SECONDARY_RD,DISTANCE,DIRECTION,INTERSECTION,WEATHER_1,WEATHER_2,STATE_HWY_IND,CALTRANS_COUNTY,CALTRANS_DISTRICT,STATE_ROUTE,ROUTE_SUFFIX,POSTMILE_PREFIX,POSTMILE,LOCATION_TYPE,RAMP_INTERSECTION,SIDE_OF_HWY,TOW_AWAY,COLLISION_SEVERITY,NUMBER_KILLED,NUMBER_INJURED,PARTY_COUNT,PRIMARY_COLL_FACTOR,PCF_CODE_OF_VIOL,PCF_VIOL_CATEGORY,PCF_VIOLATION,PCF_VIOL_SUBSECTION,HIT_AND_RUN,TYPE_OF_COLLISION,MVIW,PED_ACTION,ROAD_SURFACE,ROAD_COND_1,ROAD_COND_2,LIGHTING,CONTROL_DEVICE,CHP_ROAD_TYPE,PEDESTRIAN_ACCIDENT,BICYCLE_ACCIDENT,MOTORCYCLE_ACCIDENT,TRUCK_ACCIDENT,NOT_PRIVATE_PROPERTY,ALCOHOL_INVOLVED,STWD_VEHTYPE_AT_FAULT,CHP_VEHTYPE_AT_FAULT,COUNT_SEVERE_INJ,COUNT_VISIBLE_INJ,COUNT_COMPLAINT_PAIN,COUNT_PED_KILLED,COUNT_PED_INJURED,COUNT_BICYCLIST_KILLED,COUNT_BICYCLIST_INJURED,COUNT_MC_KILLED,COUNT_MC_INJURED,PRIMARY_RAMP,SECONDARY_RAMP,LATITUDE,LONGITUDE,COUNTY,CITY,POINT_X,POINT_Y
92430904,2024,2024-07-04,9325,2024-06-23,1715,018379,,7,2,9,4900,0,3,5,,2,005,"WATMAUGH RD","BEAR FLAG RD",100.00,W,N,A,-,N,,,,,,,,,,N,3,0,1,1,A,-,01,23152,A,N,E,I,A,A,H,-,A,D,0,,,,,Y,Y,A,07,0,1,0,0,0,0,0,0,0,"- ","- ",38.257221221923828,-122.49244689941406,SONOMA,UNINCORPORATED,-122.49234771728516,38.257400512695312
92430918,2024,2024-07-04,9360,2024-06-27,1030,020201,,4,1,5,4908,0,2,4,,1,054,"BODEGA AVE.","SKILLMAN LANE",0.00,,Y,A,-,N,,,,,,,,,,Y,3,0,2,3,A,-,12,22450,A,N,D,C,A,A,H,-,A,D,0,,,,,Y,,A,01,0,2,0,0,0,0,0,0,0,"- ","- ",38.254489898681641,-122.70342254638672,SONOMA,PETALUMA,-122.70333099365234,38.254402160644531
92432571,2024,2024-07-08,9325,2024-06-26,1015,018379,,3,1,9,4900,0,2,4,,1,064,"ARNOLD DR","COUNTRY MEADOWS LN",25.00,S,N,A,-,N,,,,,,,,,,Y,3,0,3,2,A,-,09,21801,A,N,D,C,A,A,H,-,A,D,0,,,,,Y,,-,"- ",0,2,1,0,0,0,0,0,0,"- ","- ",38.305671691894531,-122.49526214599609,SONOMA,UNINCORPORATED,-122.49528503417969,38.305667877197266
92432730,2024,2024-07-08,9360,2024-06-10,1615,023360,,1,2,9,4900,0,3,5,,2,002,"LYTTON STATION RD","HASSETT LANE",2376.00,W,N,A,-,N,,,,,,,,,,Y,3,0,1,1,A,-,08,22107,,N,E,I,A,A,H,-,A,D,0,,,,,Y,,A,07,0,1,0,0,0,0,0,0,0,"- ","- ",38.662391662597656,-122.87153625488281,SONOMA,UNINCORPORATED,-122.87140655517578,38.662425994873047
9243373,2021,2021-04-14,4908,2021-03-29,2027,3550,13,1,5,5,4908,0,0,0,,0,001,"SOUTH MCDOWELL BL","EAST WASHINGTON ST",0.00,,Y,A,-,N,,,,,,,,,,N,4,0,1,2,A,-,03,22350,,N,C,C,A,A,H,-,C,A,0,,,,,Y,,A,01,0,0,1,0,0,0,0,0,0,"- ","- ",38.249179840087891,-122.62574005126953,SONOMA,PETALUMA,-122.62583923339844,38.249191284179688
92434058,2024,2024-07-09,9360,2024-06-22,"505 ",023207,,6,3,9,4900,0,1,2,,1,060,"US-101 S/B","KASTANIA RD",2218.00,S,N,A,-,Y,SON,,101," "," ",2.180,H,,L,Y,2,0,1,1,A,-,01,23152,A,N,E,8,A,A,H,-,B,D,0,,,,,Y,Y,A,01,1,0,0,0,0,0,0,0,0,"- ","- ",38.215671539306641,-122.60324096679688,SONOMA,UNINCORPORATED,-122.6031494140625,38.215694427490234
92435105,2023,2024-07-10,9360,2023-12-16,1710,023433,,6,2,9,4900,0,2,4,,1,054,"ROBLAR ROAD","STONY POINT ROAD",3379.00,W,N,B,-,N,,,,,,,,,,Y,1,1,1,2,A,-,01,23152,A,N,A,C,A,A,H,-,B,D,0,,,,,Y,Y,A,07,1,0,0,0,0,0,0,0,0,"- ","- ",38.314441680908203,-122.74710083007812,SONOMA,UNINCORPORATED,-122.74711608886719,38.314495086669922
92436001,2024,2024-07-11,9360,2024-06-17,1400,023360,,1,2,9,4900,0,3,5,,2,003,"ALDER ROAD","BIRCH LANE",30.00,S,N,A,-,N,,,,,,,,,,N,4,0,1,2,A,-,08,22107,,F,G,B,E,A,H,-,A,A,0,Y,,,,Y,,A,01,0,0,1,0,1,0,0,0,0,"- ","- ",38.469261169433594,-123.00462341308594,SONOMA,UNINCORPORATED,-123.00459289550781,38.46929931640625
92436229,2024,2024-07-11,9360,2024-06-30,2245,022362,,7,3,9,4900,0,1,2,,2,030,"US-101 N/B","MENDOCINO AVENUE OVERCROSSING",2636.00,N,N,A,-,Y,SON,,101," "," ",23.310,H,,R,Y,3,0,2,1,A,-,08,22107,,F,E,I,A,A,H,-,C,D,0,,,,,Y,,A,01,0,1,1,0,0,0,0,0,0,"- ","- ",38.481151580810547,-122.73503875732422,SONOMA,UNINCORPORATED,-122.73497772216797,38.481197357177734
92439422,2024,2024-07-15,9360,2024-07-06,1835,020961,,6,2,9,4900,0,1,2,,1,060,"US-101 S/B","KASTANIA RD",4580.00,S,N,A,-,Y,SON,,101," "," ",1.718,H,,L,Y,3,0,1,1,A,-,01,23152,A,N,E,I,A,A,H,-,A,D,0,,,,,Y,Y,A,01,0,1,0,0,0,0,0,0,0,"- ","- ",38.20941162109375,-122.60041809082031,SONOMA,UNINCORPORATED,-122.60031890869141,38.209438323974609
92440190,2024,2024-07-16,9360,2024-07-08,1700,022695,,1,2,5,4908,0,1,2,,2,050,"US-101 S/B","PETALUMA BLVD NORTH",5280.00,N,N,A,-,Y,SON,,101," "," ",8.697,H,,L,N,3,0,1,3,A,-,03,22350,,N,C,2,A,A,H,-,A,D,0,,,,,Y,,A,01,0,1,0,0,0,0,0,0,0,"- ","- ",38.282600402832031,-122.68386077880859,SONOMA,PETALUMA,-122.68383026123047,38.282623291015625
92441386,2024,2024-07-17,9360,2024-07-10,1815,022471,,3,2,9,4900,0,1,2,,2,050,"US-101 NB","PETALUMA BLVD N",4665.00,N,N,A,-,Y,SON,,101," "," ",8.544,H,,R,N,4,0,2,2,D,-,00,,,N,B,C,A,A,H,-,A,D,0,,,,Y,Y,,-,"- ",0,0,2,0,0,0,0,0,0,"- ","- ",38.281200408935547,-122.68167877197266,SONOMA,UNINCORPORATED,-122.68169403076172,38.28118896484375
92442996,2024,2024-07-18,9360,2024-03-25,2020,020201,,1,2,9,4900,0,2,4,,1,058,"SKILLMAN LANE","THOMPSON LANE",397.00,E,N,A,-,N,,,,,,,,,,N,1,1,0,2,A,-,11,21954,A,N,G,B,D,A,H,-,D,D,0,Y,,,,Y,,N,60,0,0,0,1,0,0,0,0,0,"- ","- ",38.256080627441406,-122.68119049072266,SONOMA,UNINCORPORATED,-122.68117523193359,38.25604248046875
92443698,2024,2024-07-19,9360,2024-06-29,2211,023017,,6,3,6,4905,0,1,2,,2,040,US-101,SR-12,375.00,N,N,A,-,Y,SON,,101," "," ",19.725,H,,R,Y,4,0,1,2,A,-,01,23152,F,N,E,8,A,A,H,-,C,D,0,,,,,Y,,A,01,0,0,1,0,0,0,0,0,0,"- ","- ",38.432350158691406,-122.71569061279297,SONOMA,"SANTA ROSA",-122.71575164794922,38.432334899902344
92443873,2024,2024-07-19,9365,2024-07-14,1500,023328,,7,2,6,4905,0,1,S,,2,904,SR-116,"TWIN PINE LANE",206.00,S,N,A,-,Y,SON,,116," "," ",24.388,H,,R,N,4,0,1,2,A,-,09,21804,A,N,D,G,A,A,H,-,A,A,0,,Y,,,Y,,A,01,0,0,1,0,0,0,1,0,0,"- ","- ",38.421539306640625,-122.84597015380859,SONOMA,"SANTA ROSA",-122.84617614746094,38.421531677246094
92444322,2024,2024-07-22,9325,2024-07-18,1210,021083,,4,1,9,4900,0,3,5,,2,005,"NAPA RD","BURNDALE RD",0.00,,Y,A,-,N,,,,,,,,,,Y,3,0,1,2,A,-,09,21802,A,N,D,C,A,A,H,-,A,D,0,,,,,Y,,A,01,0,1,0,0,0,0,0,0,0,"- ","- ",38.270580291748047,-122.42140197753906,SONOMA,UNINCORPORATED,-122.42304992675781,38.271247863769531
92444717,2024,2024-07-22,9360,2024-07-04,1739,023271,,4,2,9,4900,0,2,4,,1,032,"RIVER ROAD","ACCESS ROAD TO STEELHEAD BEACH",0.00,,Y,A,-,N,,,,,,,,,,N,3,0,1,2,A,-,01,23152,A,N,D,C,A,A,H,-,A,A,0,,,Y,,Y,Y,A,01,0,1,0,0,0,0,0,0,1,"- ","- ",38.495731353759766,-122.89936828613281,SONOMA,UNINCORPORATED,,
9245950,2021,2021-04-14,4905,2021-02-04,0932,413,,4,5,6,4905,0,0,0,,0,007,HEARN,"OLD STONY POINT RD",40.00,W,N,A,-,N,,,,,,,,,,Y,4,0,1,1,A,-,08,22107,,N,E,I,A,A,H,-,A,D,0,,,,,Y,,-,,0,0,1,0,0,0,0,0,0,"- ","- ",,,SONOMA,"SANTA ROSA",-122.73958587646484,38.412239074707031
9246224,2020,2021-04-10,4905,2020-01-16,1617,1060541,,4,5,6,4905,0,0,0,,0,005,"FULTON RD","WEST 3RD ST",15.00,S,N,A,-,N,,,,,,,,,,Y,4,0,1,2,A,-,01,23152,A,N,C,C,A,A,H,-,A,A,0,,,,,Y,Y,A,01,0,0,1,0,0,0,0,0,0,"- ","- ",38.438018798828125,-122.77030181884766,SONOMA,"SANTA ROSA",-122.77024841308594,38.438037872314453
9246228,2021,2021-04-19,4905,2021-01-13,1735,1060572,,3,5,6,4905,0,0,0,,0,10603,"GUERNEVILLE RD","MARLOW RD",500.00,W,N,A,-,N,,,,,,,,,,N,4,0,1,2,A,-,08,22107,,M,B,C,A,A,H,-,B,A,0,,,,,Y,,-,,0,0,1,0,0,0,0,0,0,"- ","- ",38.451610565185547,-122.76930236816406,SONOMA,"SANTA ROSA",-122.75313568115234,38.452648162841797
9246230,2021,2021-04-10,4905,2021-01-29,1350,1060541,,5,5,6,4905,0,0,0,,0,009,"SOUTH E ST","MPALE AV",60.00,S,N,A,-,N,,,,,,,,,,Y,4,0,3,3,A,-,01,23152,A,N,C,C,A,A,H,-,A,A,0,,,,,Y,Y,A,01,0,0,3,0,0,0,0,0,0,"- ","- ",38.432769775390625,-122.70442962646484,SONOMA,"SANTA ROSA",-122.70438385009766,38.432937622070312
9246232,2021,2021-04-10,4905,2021-01-31,1755,1060574,,7,5,6,4905,0,0,0,,0,007,"BEACHWOOD DR","MYRTEWOOD DR",0.00,,Y,A,-,N,,,,,,,,,,N,2,0,1,2,A,-,01,23152,A,N,D,E,A,A,H,-,B,D,0,,,Y,,Y,Y,C,02,1,0,0,0,0,0,0,0,1,"- ","- ",38.42279052734375,-122.72062683105469,SONOMA,"SANTA ROSA",-122.72062683105469,38.422763824462891
9246835,2021,2021-04-16,4905,2021-03-11,1455,1060572,,4,5,6,4905,0,0,0,,0,001,"STEELE LN","BERKELEY DR",75.00,W,N,A,-,N,,,,,,,,,,N,4,0,1,2,A,-,05,21202,A,N,D,J,A,A,H,-,A,D,0,,Y,,,Y,,L,04,0,0,1,0,0,0,1,0,0,"- ","- ",38.474880218505859,-122.73290252685547,SONOMA,"SANTA ROSA",-122.72164916992188,38.460273742675781
9246847,2021,2021-04-16,4905,2021-03-13,1024,1068920,,6,5,6,4905,0,0,0,,0,005,"MARLOW RD","WEST COLLEGE AV",0.00,,Y,A,-,N,,,,,,,,,,Y,3,0,1,2,A,-,09,21800,D,N,D,C,A,A,H,-,A,B,0,,,,,Y,,D,22,0,1,0,0,0,0,0,0,0,"- ","- ",38.445228576660156,-122.75128936767578,SONOMA,"SANTA ROSA",-122.75130462646484,38.445236206054688
9246859,2021,2021-04-16,4905,2021-03-07,0123,1060509,,7,5,6,4905,0,0,0,,0,005,"TRACY AV","VALLEY WEST DR",30.00,N,N,A,-,N,,,,,,,,,,Y,4,0,1,2,A,-,01,23152,A,N,C,E,A,A,H,-,C,D,0,,,,,Y,Y,A,01,0,0,1,0,0,0,0,0,0,"- ","- ",38.432281494140625,-122.76936340332031,SONOMA,"SANTA ROSA",-122.76910400390625,38.432537078857422
9246880,2020,2021-04-09,4905,2020-12-28,2111,1060507,,1,5,6,4905,0,0,0,,0,004,"MIDDLE RINCON RD","REDWOOD CT",20.00,N,N,A,-,N,,,,,,,,,,Y,4,0,1,3,A,-,01,23152,A,N,B,E,A,A,H,-,C,D,0,,,,,Y,Y,A,01,0,0,1,0,0,0,0,0,0,"- ","- ",38.475860595703125,-122.67234802246094,SONOMA,"SANTA ROSA",-122.67176055908203,38.474788665771484
9247286,2021,2021-04-13,4905,2021-02-25,0549,1060551,,4,5,6,4905,0,0,0,,0,008,"PETALUMA HILL RD","KAWANA SPRINGS RD",0.00,,Y,A,-,N,,,,,,,,,,Y,3,0,1,2,A,-,"- ",,,F,D,C,A,A,H,-,C,A,0,,,,,Y,,-,"- ",0,1,0,0,0,0,0,0,0,"- ","- ",38.416488647460938,-122.70424652099609,SONOMA,"SANTA ROSA",-122.70426940917969,38.416500091552734
9247295,2021,2021-04-14,4905,2021-03-10,1737,1060383,,3,5,6,4905,0,0,0,,0,009,"3RD ST","B ST",0.00,,Y,B,-,N,,,,,,,,,,Y,4,0,2,2,A,-,01,23152,F,N,D,C,A,B,H,-,A,A,0,,,,,Y,,-,,0,0,2,0,0,0,0,0,0,"- ","- ",38.438938140869141,-122.71507263183594,SONOMA,"SANTA ROSA",-122.71507263183594,38.438926696777344
9247303,2021,2021-04-14,4905,2021-03-21,1246,1060569,,7,5,6,4905,0,0,0,,0,007,"DOUGLES DR","SEBASTOPOL RD",0.00,,Y,A,-,N,,,,,,,,,,N,4,0,2,2,B,-,22,,,N,D,C,A,A,H,-,A,A,0,,,,,Y,,A,01,0,0,2,0,0,0,0,0,0,"- ","- ",38.425281524658203,-122.76245880126953,SONOMA,"SANTA ROSA",-122.76245900000001,38.425282000000003
9247357,2021,2021-04-13,4905,2021-02-19,1732,1060383,,5,5,6,4905,0,0,0,,0,008,"SONOMA AV","FARMERS LN",240.00,W,N,A,-,N,,,,,,,,,,Y,4,0,1,2,A,-,03,22350,,N,C,E,A,A,H,-,A,D,0,,,,,Y,,-,,0,0,1,0,0,0,0,0,0,"- ",FR,38.444511413574219,-122.68769836425781,SONOMA,"SANTA ROSA",-122.68849182128906,38.444301605224609
9247548,2021,2021-04-23,4904,2021-04-02,0730,1040472,,5,5,4,4904,0,0,0,,0,,"ROHNERT PARK EXPWY","REDWOOD DR",0.00,,Y,A,-,,,,,,,,,,,,4,0,1,2,A,-,12,21453,A,N,B,C,A,A,H,-,A,A,0,,,,,Y,,A,01,0,0,1,0,0,0,0,0,0,"- ","- ",38.348461151123047,-122.71701049804688,SONOMA,"ROHNERT PARK",-122.71688842773438,38.348308563232422
9251412,2021,2021-04-20,4904,2021-03-24,2000,1040567,,3,5,4,4904,0,0,0,,0,001,"GOLF COURSE DR","HILLVIEW WY",0.00,,Y,A,-,,,,,,,,,,,,4,0,1,2,A,-,09,21801,A,N,D,C,A,A,H,-,C,A,0,,,,,Y,,A,01,0,0,1,0,0,0,0,0,0,"- ","- ",38.367130279541016,-122.68946075439453,SONOMA,"ROHNERT PARK",-122.68946838378906,38.367153167724609
9253468,2021,2021-05-03,4908,2021-04-14,1408,1944,2,3,5,5,4908,0,0,0,,0,002,"LAKEVILLE ST","EAST D ST",287.00,E,N,A,-,N,,,,,,,,,,Y,3,0,1,1,A,-,08,22107,,N,E,I,A,A,H,-,A,D,0,,,,,Y,,A,01,0,1,0,0,0,0,0,0,0,"- ","- ",38.236930847167969,-122.63397216796875,SONOMA,PETALUMA,-122.63318634033203,38.236503601074219
9256426,2021,2023-06-24,4904,2021-06-12,2126,1040546,CENTR,6,5,4,4904,0,0,0,,0,001,"GOLF COURSE DR","ROBERTS LAKE RD",153.00,E,N,A,-,N,,,,,,,,,,Y,1,2,0,1,A,-,03,22349,A,N,E,I,A,A,H,-,C,A,0,,,,,Y,Y,A,01,0,0,0,0,0,0,0,0,0,"- ","- ",38.3631591796875,-122.71029663085938,SONOMA,"ROHNERT PARK",-122.71007537841797,38.363391876220703
9256953,2021,2021-05-26,4908,2021-05-08,0957,3367,10,6,5,5,4908,0,0,0,,0,004,"NORTH MCDOWELL BL","LYNCH CREEK WY",149.00,N,N,A,-,N,,,,,,,,,,Y,4,0,1,2,A,-,07,21658,A,N,C,C,A,A,H,-,A,A,0,,,,,Y,,A,01,0,0,1,0,0,0,0,0,0,"- ","- ",38.253120422363281,-122.63262939453125,SONOMA,PETALUMA,-122.63321685791016,38.253303527832031
92571937,2024,2024-07-23,9360,2024-07-13,1455,021904,,6,2,9,4900,0,1,2,,2,050,"US-101 S/B","W RAILROAD AVE.",876.00,N,N,A,-,Y,SON,,101," "," ",10.849,H,,L,Y,3,0,3,1,A,-,08,22107,,N,E,I,A,A,H,-,A,D,0,,,,Y,Y,,F,26,0,1,2,0,0,0,0,0,0,"- ","- ",38.305629730224609,-122.71011352539062,SONOMA,UNINCORPORATED,-122.71003723144531,38.305667877197266
9259658,2021,2021-05-21,4908,2021-04-30,1600,3367,6,5,5,5,4908,0,0,0,,0,003,"MADISON ST","LAKEVILLE ST",31.00,E,N,A,-,N,,,,,,,,,,N,4,0,1,3,A,-,08,22107,,N,D,E,A,A,H,-,A,D,0,,,,Y,Y,,G,85,0,0,1,0,0,0,0,0,0,"- ","- ",38.239650726318359,-122.63896179199219,SONOMA,PETALUMA,-122.63887786865234,38.239768981933594
92596791,2024,2024-07-24,9350,2024-07-23,1820,019150,,2,2,9,4900,0,1,3,,2,137,"SR-37 E/B",SR-121,4224.00,W,N,A,-,Y,SON,,37," "," ",3.089,H,,R,N,4,0,1,2,A,-,04,21703,,N,C,C,A,A,H,-,A,D,0,,,,,Y,,A,07,0,0,1,0,0,0,0,0,0,"- ","- ",38.143218994140625,-122.46103668212891,SONOMA,UNINCORPORATED,-122.46104431152344,38.143226623535156
9261213,2021,2021-05-14,4904,2021-04-23,1702,1040483,,5,5,4,4904,0,0,0,,0,002,"ROHNERT PARK EXPWY","COMMERCE BL",620.00,W,N,A,-,Y,SON,4,101,-,-,14.114,R,4,N,N,4,0,1,2,A,-,04,21703,,N,C,C,A,A,H,-,A,A,0,,,,,Y,,A,07,0,0,1,0,0,0,0,0,0,"- ","- ",38.34844970703125,-122.70960998535156,SONOMA,"ROHNERT PARK",-122.7130126953125,38.351772308349609
9263260,2020,2021-06-07,4906,2020-06-26,1500,469,4906,5,5,2,4906,0,0,0,,0,,"PETALUMA AV","PALM AV",132.00,S,N,A,-,Y,SON,4,116,-,R,27.350,H,-,W,N,4,0,1,2,A,-,03,22350,,F,C,C,A,A,H,-,A,A,0,,,,,Y,,A,01,0,0,1,0,0,0,0,0,0,"- ","- ",38.397350311279297,-122.81939697265625,SONOMA,SEBASTOPOL,-122.81934356689453,38.395355224609375
9263280,2020,2021-06-07,4906,2020-09-18,1740,445,4906,5,5,2,4906,0,0,0,,0,,"BODEGA HWY","WEST HILLS CIR",0.00,,Y,A,-,N,,,,,,,,,,N,3,0,2,2,A,-,03,22350,,N,C,C,A,A,H,-,A,A,0,,,,,Y,,A,07,0,2,0,0,0,0,0,0,0,"- ","- ",38.398200988769531,-122.83946990966797,SONOMA,SEBASTOPOL,-122.84055328369141,38.398151397705078
9263864,2021,2021-05-25,4908,2021-04-19,1720,3414,1,1,5,5,4908,0,0,0,,0,002,"AMERICAN AL","WESTERN AV",90.00,N,N,A,-,N,,,,,,,,,,N,4,0,1,2,A,-,11,21954,A,N,G,B,E,A,H,-,A,D,0,Y,,,,Y,,N,60,0,0,1,0,1,0,0,0,0,"- ","- ",38.233650207519531,-122.64111328125,SONOMA,PETALUMA,-122.64083862304688,38.234119415283203
9264474,2021,2021-05-24,4904,2021-04-19,0145,1040493,,1,5,4,4904,0,0,0,,0,003,"ALISON AV","ALDEN AV",42.00,,N,A,-,N,,,,,,,,,,Y,4,0,1,3,A,-,01,23152,F,N,C,E,A,A,H,-,C,D,0,,,,,Y,,A,07,0,0,1,0,0,0,0,0,0,"- ","- ",38.337898254394531,-122.7109375,SONOMA,"ROHNERT PARK",-122.71083068847656,38.337841033935547
9265344,2020,2021-05-25,4906,2020-08-24,1405,465,4906,1,5,2,4906,0,0,0,,0,,"BODEGA AV","WEST HILLS CIR",0.00,,Y,A,-,N,,,,,,,,,,Y,3,0,1,2,A,-,08,22107,,N,A,C,A,A,H,-,A,A,0,,,Y,,Y,,A,01,0,1,0,0,0,0,0,0,1,"- ","- ",38.39849853515625,-122.84028625488281,SONOMA,SEBASTOPOL,-122.84055328369141,38.398151397705078
9265916,2021,2021-05-28,4906,2021-04-02,1705,445,4906,5,5,2,4906,0,0,0,,0,,"COVERT LN","NORLEE ST",300.00,E,N,A,-,N,,,,,,,,,,N,3,0,1,2,A,-,11,21950,B,N,G,B,D,A,H,-,A,A,0,Y,,,,Y,,N,60,0,1,0,0,1,0,0,0,0,"- ","- ",38.402130126953125,-122.82527160644531,SONOMA,SEBASTOPOL,-122.83843231201172,38.405258178710938
9265919,2021,2021-06-09,4906,2021-05-06,1807,476,4906,4,5,2,4906,0,0,0,,0,,"RT 116","CORLINE CT",46.00,N,N,A,-,Y,SON,4,116,-,-,27.750,H,-,W,N,3,0,1,2,A,-,04,21703,,N,C,C,A,A,H,-,A,A,0,,,,,Y,,D,22,0,1,0,0,0,0,0,0,0,"- ","- ",38.389259338378906,-122.81529998779297,SONOMA,SEBASTOPOL,-122.81529998779297,38.389286041259766
9268829,2021,2021-05-25,4900,2021-05-15,1553,1102630,,6,5,3,4980,0,0,0,,0,WI1,"HEMBREE LN","VINECREST RD",0.00,,Y,A,-,N,,,,,,,,,,Y,3,0,1,2,A,-,12,22450,A,N,-,C,A,A,H,-,-,D,0,,,,,Y,,A,01,0,1,0,0,0,0,0,0,0,"- ","- ",38.555068969726562,-122.79808807373047,SONOMA,WINDSOR,-122.79810333251953,38.555080413818359
9271385,2020,2021-06-07,4906,2020-11-11,1330,445,4906,3,5,2,4906,0,0,0,,0,,"RT 12","RT 116",0.00,,Y,A,-,Y,SON,4,12,-,-,9.290,I,5,E,N,4,0,1,2,A,-,03,22350,,N,C,C,A,A,H,-,A,A,0,,,,,Y,,A,01,0,0,1,0,0,0,0,0,0,"- ","- ",38.402381896972656,-122.82289123535156,SONOMA,SEBASTOPOL,-122.82322692871094,38.402427673339844
9271835,2021,2021-06-11,4908,2021-05-25,1610,3341,3,2,5,5,4908,0,0,0,,0,002,"PETALUMA BL SOUTH","MOUNTAIN VIEW AV",0.00,,Y,A,-,N,,,,,,,,,,Y,3,0,1,2,A,-,09,21804,A,N,D,C,A,A,H,-,A,A,0,,,,,Y,,A,01,0,1,0,0,0,0,0,0,0,"- ","- ",38.228359222412109,-122.62631988525391,SONOMA,PETALUMA,-122.62633514404297,38.228401184082031
9272003,2021,2021-06-04,4908,2021-05-21,0243,3455,3,5,5,5,4908,0,0,0,,0,002,"PETALUMA BL SOUTH","CRYSTAL LN",293.00,S,N,A,-,,,,,,,,,,,Y,4,0,1,1,A,-,08,22107,,N,E,I,A,A,H,-,C,D,0,,,,,Y,,A,01,0,0,1,0,0,0,0,0,0,"- ","- ",38.227069854736328,-122.61846923828125,SONOMA,PETALUMA,-122.61859130859375,38.227245330810547
9272854,2021,2021-07-16,4908,2021-06-22,2112,3414,1,2,5,5,4908,0,0,0,,0,001,"EAST WASHINGTON ST","ELY BL",0.00,,Y,A,-,N,,,,,,,,,,Y,4,0,1,2,A,-,12,21453,A,N,D,C,A,A,H,-,C,A,0,,,,,Y,,A,01,0,0,1,0,0,0,0,0,0,"- ","- ",38.256629943847656,-122.61924743652344,SONOMA,PETALUMA,-122.61919403076172,38.256595611572266
9273227,2020,2021-06-18,4906,2020-06-18,2126,413,4906,4,5,2,4906,0,0,0,,0,,"BODEGA AV","VIRGINIA AV",100.00,W,N,A,-,N,,,,,,,,,,Y,2,0,2,2,A,-,01,23152,A,N,C,E,A,A,H,-,D,D,0,,,,,Y,Y,A,07,1,1,0,0,0,0,0,0,0,"- ","- ",38.398220062255859,-122.83567810058594,SONOMA,SEBASTOPOL,-122.83518981933594,38.398178100585938
9275538,2021,2021-07-28,4908,2021-06-16,1435,3367,15,3,5,5,4908,0,0,0,,0,001,"LAKEVILLE HWY","SOUTH MCDOWELL BL",0.00,,Y,A,-,Y,SON,4,116,-,-,36.070,I,5,W,Y,2,0,1,3,A,-,12,21453,A,N,D,C,A,A,H,-,A,A,0,,,,,Y,,A,07,1,0,0,0,0,0,0,0,0,"- ","- ",38.23419189453125,-122.59998321533203,SONOMA,PETALUMA,-122.59882354736328,38.234268188476562
9276240,2021,2021-09-02,4908,2021-08-10,1017,2754,15,2,5,5,4908,0,0,0,,0,001,"LAKEVIEW HWY","PINE VIEW WY",1794.00,E,N,A,-,Y,SON,4,116,-,-,37.270,H,-,E,Y,2,0,3,3,A,-,05,21650,,N,B,C,A,A,H,-,A,D,0,,,,Y,Y,,A,01,1,1,1,0,0,0,0,0,0,"- ","- ",38.231239318847656,-122.58432006835938,SONOMA,PETALUMA,-122.57957458496094,38.228672027587891
9276363,2021,2021-09-16,4908,2021-08-24,1842,3454,15,2,5,5,4908,0,0,0,,0,001,"LAKEVILLE HWY","SOUTH MCDOWELL BL",0.00,,Y,A,-,Y,SON,4,116,-,-,36.070,I,5,W,Y,2,0,7,3,A,-,12,21453,A,F,D,C,A,A,H,-,A,A,0,,,,,Y,,A,01,1,2,4,0,0,0,0,0,0,"- ","- ",38.233699798583984,-122.600341796875,SONOMA,PETALUMA,-122.59882354736328,38.234268188476562
92800554,2024,2024-07-29,9350,2024-07-26,1900,023759,,5,2,9,4900,0,1,3,,2,237,"SR-37 E/B",SR-121,4382.00,E,N,A,-,Y,SON,,37," "," ",4.750,H,,R,Y,4,0,1,2,A,-,03,22350,,N,C,C,A,A,H,-,A,D,0,,,,,Y,,A,07,0,0,1,0,0,0,0,0,0,"- ","- ",38.153640747070312,-122.43430328369141,SONOMA,UNINCORPORATED,-122.43430328369141,38.153640747070312
92800790,2024,2024-07-29,9350,2024-07-11,1504,021391,,4,2,9,4900,0,1,3,,2,137,"SR-37 W/B","LAKEVILLE HWY",1056.00,E,N,A,-,Y,SON,,37," "," ",2.294,H,,L,N,2,0,1,4,A,-,03,22350,,N,C,C,A,A,H,-,A,D,0,,,,,Y,,D,22,1,0,0,0,0,0,0,0,0,"- ","- ",38.136280059814453,-122.47296905517578,SONOMA,UNINCORPORATED,-122.47296142578125,38.136268615722656