CASE_ID,ACCIDENT_YEAR,PROC_DATE,JURIS,COLLISION_DATE,COLLISION_TIME,OFFICER_ID,REPORTING_DISTRICT,DAY_OF_WEEK,CHP_SHIFT,POPULATION,CNTY_CITY_LOC,SPECIAL_COND,BEAT_TYPE,CHP_BEAT_TYPE,CITY_DIVISION_LAPD,CHP_BEAT_CLASS,BEAT_NUMBER,PRIMARY_RD,SECONDARY_RD,DISTANCE,DIRECTION,INTERSECTION,WEATHER_1,WEATHER_2,STATE_HWY_IND,CALTRANS_COUNTY,CALTRANS_DISTRICT,STATE_ROUTE,ROUTE_SUFFIX,POSTMILE_PREFIX,POSTMILE,LOCATION_TYPE,RAMP_INTERSECTION,SIDE_OF_HWY,TOW_AWAY,COLLISION_SEVERITY,NUMBER_KILLED,NUMBER_INJURED,PARTY_COUNT,PRIMARY_COLL_FACTOR,PCF_CODE_OF_VIOL,PCF_VIOL_CATEGORY,PCF_VIOLATION,PCF_VIOL_SUBSECTION,HIT_AND_RUN,TYPE_OF_COLLISION,MVIW,PED_ACTION,ROAD_SURFACE,ROAD_COND_1,ROAD_COND_2,LIGHTING,CONTROL_DEVICE,CHP_ROAD_TYPE,PEDESTRIAN_ACCIDENT,BICYCLE_ACCIDENT,MOTORCYCLE_ACCIDENT,TRUCK_ACCIDENT,NOT_PRIVATE_PROPERTY,ALCOHOL_INVOLVED,STWD_VEHTYPE_AT_FAULT,CHP_VEHTYPE_AT_FAULT,COUNT_SEVERE_INJ,COUNT_VISIBLE_INJ,COUNT_COMPLAINT_PAIN,COUNT_PED_KILLED,COUNT_PED_INJURED,COUNT_BICYCLIST_KILLED,COUNT_BICYCLIST_INJURED,COUNT_MC_KILLED,COUNT_MC_INJURED,PRIMARY_RAMP,SECONDARY_RAMP,LATITUDE,LONGITUDE,COUNTY,CITY,POINT_X,POINT_Y
9354733,2021,2021-11-10,4904,2021-10-02,0747,1040527,,6,5,4,4904,0,0,0,,0,,"ROHNERT PARK EXPWY","COMMERCE BL",93.00,E,N,A,-,N,,,,,,,,,,Y,3,0,1,3,A,-,03,22350,,N,C,D,A,A,H,-,A,A,0,,,,,Y,,A,01,0,1,0,0,0,0,0,0,0,"- ","- ",38.348220825195312,-122.70942687988281,SONOMA,"ROHNERT PARK",-122.70928955078125,38.348537445068359
9355379,2021,2021-11-15,4903,2021-09-13,1325,1476,,1,5,3,4903,0,0,0,,0,,"MILL ST","RT 101",0.00,,Y,A,-,N,,,,,,,,,,Y,3,0,3,2,A,-,03,22350,,N,C,C,A,A,H,-,A,D,0,,,,,Y,,A,01,0,3,0,0,0,0,0,0,0,"- ",NO,38.607498168945312,-122.87117004394531,SONOMA,HEALDSBURG,-122.87305600000001,38.607284
9355646,2021,2021-10-29,4902,2021-10-17,1133,105348,,7,5,2,4902,0,0,0,,0,,"OLD REDWOOD HWY","SAINT JOSEPH WY",0.00,,Y,A,-,N,,,,,,,,,,,4,0,1,2,A,-,09,21804,A,N,D,C,A,A,H,-,A,D,0,,,,,Y,,A,01,0,0,1,0,0,0,0,0,0,"- ","- ",,,SONOMA,COTATI,-122.71006774902344,38.330657958984375
93589299,2024,2024-08-05,9360,2024-07-24,1400,023359,,3,2,9,4900,0,3,5,,2,003,"MILL STATION ROAD","CHERRY RIDGE RD",106.00,S,N,A,-,N,,,,,,,,,,Y,4,0,1,2,A,-,03,22350,,N,C,C,A,A,H,-,A,D,0,,,,,Y,,A,01,0,0,1,0,0,0,0,0,0,"- ","- ",38.413558959960938,-122.86798095703125,SONOMA,UNINCORPORATED,-122.86981964111328,38.415866851806641
93589384,2024,2024-08-05,9360,2024-07-26,1755,021893,,5,2,9,4900,0,3,5,,2,003,"SLUSSER RD","STEELE RANCH RD",500.00,S,N,A,-,N,,,,,,,,,,N,3,0,1,1,A,-,08,22107,,N,E,I,A,A,H,-,A,D,0,,,Y,,Y,,C,02,0,1,0,0,0,0,0,0,1,"- ","- ",38.495349884033203,-122.82585144042969,SONOMA,UNINCORPORATED,,
9358995,2021,2021-11-17,4905,2021-10-28,1601,1060474,,4,5,6,4905,0,0,0,,0,008,"SOUTH E ST","BENNETT VALLEY RD",60.00,,N,A,-,N,,,,,,,,,,Y,4,0,2,3,A,-,01,23153,B,N,B,C,A,A,H,-,A,D,0,,,,,Y,Y,-,,0,0,2,0,0,0,0,0,0,"- ","- ",38.431640625,-122.70535278320312,SONOMA,"SANTA ROSA",-122.70443725585938,38.432357788085938
9359120,2021,2021-11-29,4905,2021-07-21,1451,1060513,,3,5,6,4905,0,0,0,,0,007,"SEBASTOPOL RD","LOMBARDI CT",0.00,,Y,A,-,N,,,,,,,,,,Y,4,0,3,2,A,-,09,21801,A,N,A,C,A,A,H,-,A,A,0,,,,,Y,,A,01,0,0,3,0,0,0,0,0,0,"- ","- ",38.426311492919922,-122.74836730957031,SONOMA,"SANTA ROSA",-122.74837493896484,38.426319122314453
9360594,2021,2021-12-03,4906,2021-09-10,1620,411,4906,5,5,2,4906,0,0,0,,0,,"RT 116","RT 12",0.00,,Y,A,-,Y,SON,4,12,-,-,9.290,I,5,W,N,3,0,1,2,A,-,11,21950,B,N,G,B,B,A,D,H,A,A,0,Y,,,,Y,,N,60,0,1,0,0,1,0,0,0,0,"- ","- ",38.402488708496094,-122.82283782958984,SONOMA,SEBASTOPOL,-122.82322692871094,38.402427673339844
9360748,2021,2021-11-18,4905,2021-09-30,0040,1060574,,4,5,6,4905,0,0,0,,0,008,"ASTON AV","BROOKWOOD AV",0.00,,Y,A,-,N,,,,,,,,,,Y,4,0,1,1,A,-,01,23152,A,N,A,I,A,A,H,-,E,A,0,,,,,Y,Y,-,,0,0,1,0,0,0,0,0,0,"- ","- ",38.427070617675781,-122.69550323486328,SONOMA,"SANTA ROSA",-122.69550323486328,38.427093505859375
9361546,2021,2021-11-30,4905,2021-10-17,2218,1060579,,7,5,6,4905,0,0,0,,0,002,"MENDOCINO AV","BENTON ST",0.00,,Y,A,-,N,,,,,,,,,,N,3,0,1,2,A,-,11,21954,A,F,G,B,D,A,H,-,C,D,0,Y,,,,Y,,N,60,0,1,0,0,1,0,0,0,0,"- ","- ",38.447879791259766,-122.7176513671875,SONOMA,"SANTA ROSA",-122.71765899658203,38.447883605957031
9361903,2021,2021-11-29,4905,2021-07-15,1143,1060408,,4,5,6,4905,0,0,0,,0,005,"SEBASTOPOL RD","AVALON AV",0.00,,Y,A,-,N,,,,,,,,,,N,3,0,1,2,A,-,05,21650,1,N,D,G,A,A,H,-,A,A,0,,Y,,,Y,,L,04,0,1,0,0,0,0,1,0,0,"- ","- ",38.430309295654297,-122.72724914550781,SONOMA,"SANTA ROSA",-122.72711944580078,38.430179595947266
9361908,2021,2021-11-29,4905,2021-07-31,1823,1060383,,6,5,6,4905,0,0,0,,0,005,"SENDERO LN","JOE RODOTA TRAIL",1100.00,E,N,A,-,N,,,,,,,,,,N,3,0,1,2,A,-,11,21954,A,N,G,B,D,A,H,-,A,D,0,Y,,,,Y,,N,60,0,1,0,0,1,0,0,0,0,"- ","- ",38.431011199951172,-122.73619079589844,SONOMA,"SANTA ROSA",,
9361926,2021,2021-11-19,4905,2021-08-01,2007,1060383,,7,5,6,4905,0,0,0,,0,007,"DUTTON MEADOW","TUXHORN DR",140.00,S,N,A,-,N,,,,,,,,,,Y,3,0,1,1,A,-,01,23152,A,N,E,I,A,A,H,-,A,D,0,,,,,Y,Y,A,01,0,1,0,0,0,0,0,0,0,"- ","- ",38.410110473632812,-122.72933197021484,SONOMA,"SANTA ROSA",-122.72933959960938,38.409706115722656
9362575,2021,2021-12-17,4905,2021-08-07,1440,542,,6,5,6,4905,0,0,0,,0,004,"CALISTOGA RD","RT 12",300.00,N,N,A,-,N,,,,,,,,,,Y,4,0,2,2,A,-,09,21804,A,N,D,C,A,A,H,-,A,A,0,,,,,Y,,-,,0,0,2,0,0,0,0,0,0,"- ","- ",,,SONOMA,"SANTA ROSA",-122.6534423828125,38.465660095214844
9362698,2021,2021-12-10,4908,2021-09-23,2114,3552,15,4,5,5,4908,0,0,0,,0,001,"FRATES RD","LAKEVILLE CT",0.00,,Y,A,-,N,,,,,,,,,,N,4,0,1,2,A,-,08,22107,,N,D,C,A,A,H,-,B,A,0,,,,,Y,,D,23,0,0,1,0,0,0,0,0,0,"- ","- ",38.238319396972656,-122.59033966064453,SONOMA,PETALUMA,-122.59395599365234,38.234645843505859
9362744,2021,2021-11-29,4905,2021-06-15,1217,1060422,,2,5,6,4905,0,0,0,,0,009,"COLLEGE AV","MENDOCINO AV",40.00,W,N,A,-,N,,,,,,,,,,N,4,0,1,3,A,-,08,22107,,M,B,C,A,A,H,-,A,D,0,,,Y,,Y,,A,01,0,0,1,0,0,0,0,0,1,"- ","- ",,,SONOMA,"SANTA ROSA",-122.71787261962891,38.445667266845703
9362749,2021,2021-11-23,4905,2021-08-09,1752,1060445,,1,5,6,4905,0,0,0,,0,004,"OWL HILL AV","OWLS NEST DR",300.00,W,N,A,-,N,,,,,,,,,,N,2,0,1,1,A,-,08,22107,,N,H,A,A,A,H,-,A,D,0,,,Y,,Y,,C,06,1,0,0,0,0,0,0,0,1,"- ","- ",38.467010498046875,-122.64112854003906,SONOMA,"SANTA ROSA",-122.64385223388672,38.466838836669922
9364027,2021,2021-12-29,4903,2021-11-09,0646,1869,,2,5,3,4903,0,0,0,,0,00R,"MARCH AV","PRENTICE DR",0.00,,Y,A,-,N,,,,,,,,,,N,4,0,1,2,A,-,09,21804,A,N,D,C,A,A,H,-,A,A,0,,,,,Y,,A,01,0,0,1,0,0,0,0,0,0,"- ","- ",38.625919342041016,-122.86672210693359,SONOMA,HEALDSBURG,-122.86670684814453,38.625919342041016
9364028,2021,2021-12-29,4900,2021-11-01,2034,1102632,,1,5,3,4980,0,0,0,,0,11101,"BLUE SPRUCE WY","WILLOW ST",85.00,N,N,B,-,N,,,,,,,,,,Y,4,0,1,1,-,-,"- ",,,N,A,I,A,B,H,-,C,D,0,,,,,Y,,-,"- ",0,0,1,0,0,0,0,0,0,"- ","- ",38.541938781738281,-122.80563354492188,SONOMA,WINDSOR,-122.80585479736328,38.541938781738281
9366322,2021,2021-11-24,4905,2021-09-04,0056,1060558,,6,5,6,4905,0,0,0,,0,007,"HEARN AV","KENTON CT",2.00,W,N,A,-,N,,,,,,,,,,Y,4,0,1,2,A,-,08,22107,,M,B,C,A,A,H,-,C,A,0,,,,,Y,,A,07,0,0,1,0,0,0,0,0,0,"- ","- ",38.414421081542969,-122.71946716308594,SONOMA,"SANTA ROSA",-122.71947479248047,38.414409637451172
9366817,2021,2022-01-03,4900,2021-11-25,1733,1102847,,4,5,3,4980,0,0,0,,0,WI1,"HEMBREE LN","BIGGS CT",0.00,,Y,A,-,N,,,,,,,,,,N,3,0,1,2,A,-,11,21950,B,N,G,B,E,A,H,-,C,D,0,Y,,,,Y,,N,60,0,1,0,0,1,0,0,0,0,"- ","- ",38.540451049804688,-122.79637145996094,SONOMA,WINDSOR,-122.79801940917969,38.537918090820312
9367022,2021,2021-11-19,4905,2021-09-22,1400,474,,3,5,6,4905,0,0,0,,0,008,"SANTA ROSA AV","COLGAN AV",100.00,S,N,A,-,N,,,,,,,,,,N,3,0,1,2,A,-,09,21801,A,N,D,C,A,A,H,-,A,D,0,,,,,Y,,-,,0,1,0,0,0,0,0,0,0,"- ","- ",,,SONOMA,"SANTA ROSA",-122.71354675292969,38.420894622802734
9368016,2021,2021-12-17,4908,2021-11-10,1344,3341,6,3,5,5,4908,0,0,0,,0,003,"PETALUMA BL NORTH","CINNABAR AV",0.00,,Y,A,-,N,,,,,,,,,,Y,3,0,1,2,A,-,09,21804,A,N,D,C,A,A,H,-,A,D,0,,,,,Y,,D,22,0,1,0,0,0,0,0,0,0,"- ","- ",38.248859405517578,-122.64598083496094,SONOMA,PETALUMA,-122.64595794677734,38.248802185058594
9370452,2021,2022-01-04,4904,2021-11-24,1612,104576,,3,5,4,4904,0,0,0,,0,,"SOUTHWEST BL","SEED FARM DR",200.00,E,N,A,-,N,,,,,,,,,,N,4,0,1,2,A,-,12,22450,A,N,D,G,A,A,H,-,B,A,0,,Y,,,Y,,L,04,0,0,1,0,0,0,1,0,0,"- ","- ",38.341068267822266,-122.69780731201172,SONOMA,"ROHNERT PARK",-122.69725036621094,38.341259002685547
9370938,2021,2022-01-07,4904,2021-12-06,1318,1040525,4904,1,5,4,4904,0,0,0,,0,002,"REDWOOD DR","LAGUNA DR",0.00,,Y,C,-,N,,,,,,,,,,N,3,0,1,2,A,-,08,22107,,N,D,C,A,B,A,-,A,D,0,,,,,Y,,A,01,0,1,0,0,0,0,0,0,0,"- ","- ",38.345779418945312,-122.71575164794922,SONOMA,"ROHNERT PARK",-122.71571350097656,38.345722198486328
9372478,2021,2021-11-30,4906,2021-09-25,2044,413,4906,6,5,2,4906,0,0,0,,0,,"MORRIS ST","MCKINLEY ST",0.00,,Y,A,-,N,,,,,,,,,,Y,3,0,1,3,A,-,05,21650,,N,A,E,A,A,H,-,C,A,0,,,,,Y,Y,A,01,0,1,0,0,0,0,0,0,0,"- ","- ",38.403728485107422,-122.81936645507812,SONOMA,SEBASTOPOL,-122.81935882568359,38.404090881347656
93763816,2024,2024-08-06,9360,2024-07-26,1455,021913,,5,2,6,4905,0,1,2,,2,030,"US-101 S/B","STEELE LN",1400.00,N,N,A,-,Y,SON,,101," "," ",22.031,H,,L,Y,2,0,1,1,A,-,08,22107,,N,F,A,A,A,H,-,A,D,0,,,Y,,Y,,C,02,1,0,0,0,0,0,0,0,1,"- ","- ",38.46392822265625,-122.72673797607422,SONOMA,"SANTA ROSA",-122.72677612304688,38.463924407958984
93763929,2024,2024-08-06,9360,2024-07-30,1600,023359,,2,2,9,4900,0,1,2,,2,040,"US-101 S/B","COLLEGE AVE",1584.00,N,N,A,-,Y,SON,,101," "," ",21.095,H,,L,N,4,0,2,2,A,-,03,22350,,N,C,C,A,A,H,-,A,D,0,,,,,Y,Y,A,01,0,0,2,0,0,0,0,0,0,"- ","- ",38.450340270996094,-122.72618865966797,SONOMA,UNINCORPORATED,-122.72620391845703,38.450340270996094
93763973,2024,2024-08-06,9360,2024-06-04,"450 ",023481,,2,3,9,4900,0,1,2,,1,010,"US-101 S/B","CANYON RD",1700.00,N,N,A,-,Y,SON,,101," ",R,43.749,H,,L,Y,2,0,1,2,A,-,08,22107,,N,B,C,A,A,H,-,D,D,0,,,,,Y,,D,22,1,0,0,0,0,0,0,0,0,"- ","- ",38.71807861328125,-122.92317199707031,SONOMA,UNINCORPORATED,-122.92321014404297,38.718055725097656
93764077,2024,2024-08-06,9360,2024-07-31,1300,020461,,3,1,6,4905,0,1,2,,2,040,"US-101 NB","HEARN AVE",3696.00,S,N,A,-,Y,SON,,101," "," ",17.815,H,,R,Y,4,0,1,2,A,-,03,22350,,N,C,C,A,A,H,-,A,D,0,,,,,Y,,A,01,0,0,1,0,0,0,0,0,0,"- ","- ",38.404788970947266,-122.71598815917969,SONOMA,"SANTA ROSA",-122.71596527099609,38.404788970947266
93764209,2024,2024-08-06,9360,2024-07-31,1340,023359,,3,1,9,4900,0,1,3,,1,041,"SR-12 W/B","OAKMONT DR",1478.00,E,N,A,-,Y,SON,,12," "," ",23.381,H,,L,Y,4,0,4,4,A,-,03,22350,,N,C,C,A,A,H,-,A,D,0,,,,,Y,,A,07,0,0,4,0,0,0,0,0,0,"- ","- ",38.443168640136719,-122.60044097900391,SONOMA,UNINCORPORATED,-122.6004638671875,38.443134307861328
93764226,2024,2024-08-06,9360,2024-08-01,1530,022471,,4,2,9,4900,0,1,2,,2,030,"US-101 S/B","SHILOH RD",1425.00,S,N,A,-,Y,SON,,101," "," ",27.342,H,,L,Y,4,0,1,2,A,-,03,22350,,N,C,C,A,A,H,-,A,D,0,,,Y,,Y,,C,02,0,0,1,0,0,0,0,0,1,"- ","- ",38.522548675537109,-122.78720855712891,SONOMA,UNINCORPORATED,-122.78721618652344,38.522544860839844
93769355,2024,2024-08-08,9350,2024-08-01,1930,023759,,4,2,9,4900,0,1,3,,2,137,"SR-37 E/B",SR-121,2059.00,W,N,A,-,Y,SON,,37," "," ",3.510,H,,R,Y,4,0,1,2,A,-,03,22350,,N,C,C,A,A,H,-,A,D,0,,,,,Y,,D,22,0,0,1,0,0,0,0,0,0,"- ","- ",38.147090911865234,-122.45481872558594,SONOMA,UNINCORPORATED,-122.45482635498047,38.147090911865234
9384024,2021,2021-12-28,4908,2021-10-07,2059,3552,6,4,5,5,4908,0,0,0,,0,003,"EAST WASHINGTON ST","EDITH ST",0.00,,Y,A,-,N,,,,,,,,,,Y,4,0,1,2,A,-,09,21802,A,F,D,C,A,A,H,-,C,A,0,,,,,Y,,A,01,0,0,1,0,0,0,0,0,0,"- ","- ",38.240058898925781,-122.63430023193359,SONOMA,PETALUMA,-122.63432312011719,38.240062713623047
9385565,2021,2022-01-19,4904,2021-11-27,1313,1040527,,6,5,4,4904,0,0,0,,0,,"ROHNERT PARK EXPWY","STATE FARM DR",243.00,W,N,A,-,N,,,,,,,,,,Y,4,0,1,3,A,-,03,22350,,N,C,C,A,A,H,-,A,A,0,,,,,Y,,A,01,0,0,1,0,0,0,0,0,0,"- ","- ",38.348171234130859,-122.70587158203125,SONOMA,"ROHNERT PARK",-122.70685577392578,38.348388671875
9386551,2021,2022-01-12,4906,2021-12-05,2110,413,4906,7,5,2,4906,0,0,0,,0,,"JOHNSON ST","EDDIE LN",0.00,,Y,A,-,N,,,,,,,,,,Y,4,0,2,3,A,-,03,22350,,N,E,I,A,A,H,-,C,A,0,,,,,Y,,A,01,0,0,2,0,0,0,0,0,0,"- ","- ",38.408370971679688,-122.82135772705078,SONOMA,SEBASTOPOL,-122.82135009765625,38.408374786376953
9387278,2021,2022-01-10,4908,2021-11-29,0832,3509,6,1,5,5,4908,0,0,0,,0,003,"PETALUMA BL NORTH","OAK ST",209.00,S,N,A,-,N,,,,,,,,,,N,4,0,1,2,A,-,03,22350,,N,C,C,A,A,H,-,A,D,0,,,,,Y,,D,22,0,0,1,0,0,0,0,0,0,"- ","- ",38.238430023193359,-122.64277648925781,SONOMA,PETALUMA,-122.64282989501953,38.238449096679688
94080917,2024,2024-08-12,9360,2024-07-30,1705,023271,,2,2,9,4900,0,1,2,,2,030,"US-101 S/B","RIVER ROAD",528.00,N,N,A,-,Y,SON,,101," "," ",25.244,H,,L,N,4,0,2,4,A,-,03,22350,,N,C,C,A,A,H,-,A,D,0,,,,,Y,,A,01,0,0,2,0,0,0,0,0,0,"- ","- ",38.499809265136719,-122.76139068603516,SONOMA,UNINCORPORATED,-122.76140594482422,38.499797821044922
94080955,2024,2024-08-12,9360,2024-07-27,2109,023017,,6,2,9,4900,0,3,5,,2,002,"AIRPORT BLVD","OLD REDWOOD HIGHWAY",528.00,E,N,B,-,N,,,,,,,,,,N,4,0,1,3,A,-,21,22106,,N,B,E,A,A,H,-,C,D,0,,,,,Y,,A,01,0,0,1,0,0,0,0,0,0,"- ","- ",38.512161254882812,-122.76230621337891,SONOMA,UNINCORPORATED,-122.76228332519531,38.512191772460938
94086959,2024,2024-08-12,9360,2024-07-24,1650,022695,,3,2,9,4900,0,1,3,,1,053,SR-116,"LEVIE LANE",31.20,W,N,A,-,N,,,,,,,,,,Y,3,0,2,1,C,-,18,,,N,E,8,A,A,H,-,A,D,0,,,,,Y,,-,"- ",0,2,0,0,0,0,0,0,0,"- ","- ",38.37548828125,-122.79315948486328,SONOMA,UNINCORPORATED,-122.79316711425781,38.375629425048828
9418232,2022,2022-04-01,4907,2022-03-09,0739,1102267,,3,5,2,4907,0,0,0,,0,SO1,"WEST SPAIN ST","4TH ST W",0.00,,Y,A,-,N,,,,,,,,,,Y,4,0,2,2,A,-,09,21801,A,N,A,C,A,A,H,-,A,D,0,,,,,Y,,D,22,0,0,2,0,0,0,0,0,0,"- ","- ",38.294490814208984,-122.46544647216797,SONOMA,SONOMA,-122.46546173095703,38.294486999511719
9418313,2022,2022-03-23,4900,2022-02-28,1142,1101496,,1,5,3,4980,0,0,0,,0,0Z4,"WINDSOR RD","REIMAN LN",0.00,,Y,A,-,N,,,,,,,,,,N,3,0,1,2,-,-,"- ",,,N,D,-,A,A,H,-,A,A,0,,Y,,,Y,,-,"- ",0,1,0,0,0,0,1,0,0,"- ","- ",38.536319732666016,-122.81674194335938,SONOMA,WINDSOR,-122.81675720214844,38.536308288574219
9418945,2022,2022-04-20,4900,2022-03-07,1713,1102630,,1,5,3,4980,0,0,0,,0,WI1,"HEMBREE LN","NORTHAMPTON DR",0.00,,Y,A,-,N,,,,,,,,,,N,4,0,1,2,A,-,03,22350,A,N,-,-,A,A,H,-,A,-,0,,,,,Y,,-,,0,0,1,0,0,0,0,0,0,"- ","- ",38.531459808349609,-122.79479217529297,SONOMA,WINDSOR,-122.79479217529297,38.531448364257812
9418947,2022,2022-04-04,4907,2022-03-08,1709,1102751,,2,5,2,4907,0,0,0,,0,SO1,"NAPA RD","PUEBLO AV",0.00,,Y,A,-,N,,,,,,,,,,Y,4,0,1,2,A,-,09,21802,A,N,D,C,A,A,H,-,A,A,0,,,,,Y,,A,01,0,0,1,0,0,0,0,0,0,"- ","- ",38.275070190429688,-122.45284271240234,SONOMA,SONOMA,-122.45282745361328,38.275054931640625
9419480,2022,2022-04-15,4906,2022-01-27,1441,411,4906,4,5,2,4906,0,0,0,,0,,"RT 116","MCKINLEY ST",0.00,,Y,A,-,Y,SON,4,116,-,-,26.640,I,5,E,N,4,0,1,2,A,-,10,21950,A,N,G,B,B,A,H,-,A,A,0,Y,,,,Y,,A,01,0,0,1,0,1,0,0,0,0,"- ","- ",38.403099060058594,-122.82465362548828,SONOMA,SEBASTOPOL,-122.82492828369141,38.403266906738281
9419548,2022,2022-04-08,4905,2022-03-11,1843,1060541,,5,5,6,4905,0,0,0,,0,006,"FARMERS LN","MAGOWAN DR",20.00,S,N,A,-,Y,SON,4,12,-,T,18.220,H,-,E,N,4,0,1,2,A,-,03,22350,,M,C,C,A,A,H,-,C,D,0,,,,,Y,,D,22,0,0,1,0,0,0,0,0,0,"- ","- ",38.445201873779297,-122.68781280517578,SONOMA,"SANTA ROSA",-122.68772888183594,38.445102691650391
9419828,2022,2022-04-21,4907,2022-03-24,0645,1102770,,4,5,2,4907,0,0,0,,0,SO1,"RT 12","LYON ST",0.00,,Y,A,-,Y,SON,4,12,-,-,36.400,H,-,W,N,4,0,1,2,A,-,09,21801,A,N,D,C,A,-,H,-,B,D,0,,,,,Y,,-,,0,0,1,0,0,0,0,0,0,"- ","- ",38.295501708984375,-122.47563171386719,SONOMA,SONOMA,-122.47544860839844,38.296657562255859
9434476,2021,2022-04-12,4905,2021-12-19,2014,1060570,,7,5,6,4905,0,0,0,,0,004,"FOUNTAINGROVE PKWY","HADLEY HILL DR",300.00,W,N,A,-,N,,,,,,,,,,Y,3,0,3,1,A,-,08,22107,,N,E,I,A,A,H,-,C,D,0,,,,,Y,,-,,0,3,0,0,0,0,0,0,0,"- ","- ",38.479129791259766,-122.689208984375,SONOMA,"SANTA ROSA",-122.69162750244141,38.484210968017578
9434477,2021,2022-04-12,4905,2021-12-16,1223,1060513,,4,5,6,4905,0,0,0,,0,003,"PINER RD","BAY VILLAGE CIR",300.00,E,N,A,-,N,,,,,,,,,,Y,2,0,2,3,A,-,08,22107,,N,C,C,A,A,H,-,A,D,0,,,,,Y,Y,A,01,1,0,1,0,0,0,0,0,0,"- ","- ",38.466819763183594,-122.74903869628906,SONOMA,"SANTA ROSA",-122.74779510498047,38.467761993408203
9434558,2022,2022-05-24,4908,2022-03-07,0800,3558,,1,5,5,4908,0,0,0,,0,,"LAKEVILLE ST","WILSON ST",0.00,,Y,A,-,N,,,,,,,,,,,4,0,1,2,A,-,09,21801,A,N,D,C,A,A,H,-,A,D,0,,,,,Y,,D,72,0,0,1,0,0,0,0,0,0,"- ","- ",38.235618591308594,-122.62949371337891,SONOMA,PETALUMA,-122.62940979003906,38.235607147216797
9435315,2022,2022-04-28,4905,2022-01-05,1531,1060473,,3,5,6,4905,0,0,0,,0,003,"PINER RD","MARLOW RD",100.00,W,N,B,-,N,,,,,,,,,,Y,4,0,2,2,A,-,01,23152,F,N,C,C,A,A,H,-,A,A,0,,,,,Y,,-,,0,0,2,0,0,0,0,0,0,"- ","- ",38.467090606689453,-122.75119781494141,SONOMA,"SANTA ROSA",-122.75152587890625,38.467117309570312
94353865,2024,2024-08-14,9360,2024-06-04,2114,023342,,2,2,9,4900,0,2,4,,1,052,"STONY POINT RD","BUTLER AVE",108.00,S,N,A,-,N,,,,,,,,,,Y,3,0,3,3,A,-,03,22350,,F,C,C,A,A,H,-,D,D,0,,,,,Y,,A,01,0,1,2,0,0,0,0,0,0,"- ","- ",38.398910522460938,-122.74147033691406,SONOMA,UNINCORPORATED,-122.74141693115234,38.398952484130859
94354015,2024,2024-08-14,9360,2024-08-06,1148,023359,,2,1,9,4900,0,2,4,,1,042,"PETALUMA HILL RD","WARRINGTON RD",925.00,S,N,A,-,N,,,,,,,,,,Y,4,0,1,2,A,-,03,22350,,N,C,C,A,A,H,-,A,D,0,,,,,Y,,A,07,0,0,1,0,0,0,0,0,0,"- ","- ",38.378879547119141,-122.68092346191406,SONOMA,UNINCORPORATED,-122.68093872070312,38.378860473632812
94355722,2024,2024-08-15,9360,2024-07-30,"825 ",023444,,2,1,6,4905,0,1,2,,2,040,"US-101 N/B","YOLANDA AVE",1637.00,S,N,A,-,Y,SON,,101," "," ",18.091,H,,R,Y,3,0,1,2,A,-,03,22350,,N,C,C,A,A,H,-,A,D,0,,,,,Y,,D,22,0,1,0,0,0,0,0,0,0,"- ","- ",38.408798217773438,-122.71597290039062,SONOMA,"SANTA ROSA",-122.7159423828125,38.408798217773438
94356295,2024,2024-08-15,9325,2024-08-05,1756,023968,,1,2,9,4900,0,1,3,,1,063,SR-12,"CENTRAL AVE",0.00,,Y,A,-,Y,SON,,12," "," ",35.027,H,,R,Y,4,0,1,2,A,-,03,22350,,N,C,C,A,A,H,-,A,D,0,,,,,Y,,A,01,0,0,1,0,0,0,0,0,0,"- ","- ",38.314968109130859,-122.48207855224609,SONOMA,UNINCORPORATED,-122.48210144042969,38.314964294433594
94359560,2024,2024-08-19,9360,2024-08-06,1635,023940,,2,2,5,4908,0,1,2,,1,060,"US 101 NORTH BOUND","EAST WASHINGTON ST",3168.00,N,N,A,-,Y,SON,,101," "," ",5.402,H,,R,Y,4,0,1,1,A,-,08,22107,,N,H,A,A,A,H,-,A,D,0,,,,,Y,,A,01,0,0,1,0,0,0,0,0,0,"- ","- ",38.252140045166016,-122.63755798339844,SONOMA,PETALUMA,-122.63761138916016,38.252079010009766
94361407,2024,2024-08-20,9325,2024-08-12,1615,023869,,1,2,9,4900,0,1,3,,1,063,SR-12,"BOYES BLVD",10.00,W,N,A,-,Y,SON,,12," "," ",35.090,H,,R,N,4,0,2,2,A,-,21,22106,,N,C,C,A,A,H,-,A,A,0,,,,,Y,,A,01,0,0,2,0,0,0,0,0,0,"- ","- ",38.314189910888672,-122.48175048828125,SONOMA,UNINCORPORATED,-122.48170471191406,38.314205169677734