CASE_ID,ACCIDENT_YEAR,PROC_DATE,JURIS,COLLISION_DATE,COLLISION_TIME,OFFICER_ID,REPORTING_DISTRICT,DAY_OF_WEEK,CHP_SHIFT,POPULATION,CNTY_CITY_LOC,SPECIAL_COND,BEAT_TYPE,CHP_BEAT_TYPE,CITY_DIVISION_LAPD,CHP_BEAT_CLASS,BEAT_NUMBER,PRIMARY_RD,SECONDARY_RD,DISTANCE,DIRECTION,INTERSECTION,WEATHER_1,WEATHER_2,STATE_HWY_IND,CALTRANS_COUNTY,CALTRANS_DISTRICT,STATE_ROUTE,ROUTE_SUFFIX,POSTMILE_PREFIX,POSTMILE,LOCATION_TYPE,RAMP_INTERSECTION,SIDE_OF_HWY,TOW_AWAY,COLLISION_SEVERITY,NUMBER_KILLED,NUMBER_INJURED,PARTY_COUNT,PRIMARY_COLL_FACTOR,PCF_CODE_OF_VIOL,PCF_VIOL_CATEGORY,PCF_VIOLATION,PCF_VIOL_SUBSECTION,HIT_AND_RUN,TYPE_OF_COLLISION,MVIW,PED_ACTION,ROAD_SURFACE,ROAD_COND_1,ROAD_COND_2,LIGHTING,CONTROL_DEVICE,CHP_ROAD_TYPE,PEDESTRIAN_ACCIDENT,BICYCLE_ACCIDENT,MOTORCYCLE_ACCIDENT,TRUCK_ACCIDENT,NOT_PRIVATE_PROPERTY,ALCOHOL_INVOLVED,STWD_VEHTYPE_AT_FAULT,CHP_VEHTYPE_AT_FAULT,COUNT_SEVERE_INJ,COUNT_VISIBLE_INJ,COUNT_COMPLAINT_PAIN,COUNT_PED_KILLED,COUNT_PED_INJURED,COUNT_BICYCLIST_KILLED,COUNT_BICYCLIST_INJURED,COUNT_MC_KILLED,COUNT_MC_INJURED,PRIMARY_RAMP,SECONDARY_RAMP,LATITUDE,LONGITUDE,COUNTY,CITY,POINT_X,POINT_Y
94877526,2025,2025-10-08,9360,2025-09-14,"224 ",020853,,7,3,9,4900,0,2,4,,1,052,"TODD RD","PRIMROSE AVE",20.00,W,N,A,-,N,,,,,,,,,,Y,4,0,1,1,A,-,01,23152,F,N,E,8,A,A,H,-,C,D,0,,,,,Y,,D,22,0,0,1,0,0,0,0,0,0,"- ","- ",38.387138366699219,-122.73558044433594,SONOMA,UNINCORPORATED,-122.73539733886719,38.387161254882812
94878182,2025,2025-10-08,9325,2025-09-25,"154 ",024685,,4,3,9,4900,0,2,4,,1,064,"GROVE ST","NAJM LANE",1269.00,W,N,C,-,N,,,,,,,,,,Y,3,0,1,1,A,-,03,22350,,N,E,I,A,B,H,-,D,D,0,,,,,Y,Y,A,01,0,1,0,0,0,0,0,0,0,"- ","- ",38.292278289794922,-122.51377868652344,SONOMA,UNINCORPORATED,-122.51378631591797,38.292999267578125
94879221,2025,2025-11-13,9360,2025-10-01,1345,024718,,3,1,9,4900,0,2,4,,1,052,"TODD RD","LLANO RD",2809.00,W,N,C,-,N,,,,,,,,,,Y,3,0,1,1,A,-,08,22107,,N,E,I,A,B,H,-,A,D,0,,,,,Y,,A,01,0,1,0,0,0,0,0,0,0,"- ","- ",38.385978698730469,-122.77922821044922,SONOMA,UNINCORPORATED,-122.77909851074219,38.38592529296875
94879473,2025,2025-10-09,9360,2025-10-02,1710,024625,,4,2,9,4900,0,2,4,,1,042,"PETALUMA HILL RD","E. RAILROAD AVE",800.00,N,N,B,-,N,,,,,,,,,,N,3,0,1,2,A,-,03,22350,,N,C,C,A,A,H,-,A,D,0,,,,,Y,,D,22,0,1,0,0,0,0,0,0,0,"- ","- ",38.316558837890625,-122.66673278808594,SONOMA,UNINCORPORATED,-122.666748046875,38.316478729248047
94880203,2025,2025-11-21,9325,2025-09-25,1850,019999,,4,2,9,4900,0,1,3,,1,063,SR-12,"VERANO AVE",110.00,W,N,A,-,Y,SON,,12," "," ",35.823,H,,R,N,3,0,1,2,A,-,08,22107,,N,D,G,A,A,H,-,A,D,0,,Y,,,Y,,A,01,0,1,0,0,0,0,1,0,0,"- ","- ",38.304351806640625,-122.47738647460938,SONOMA,UNINCORPORATED,-122.47731018066406,38.304363250732422
94881858,2025,2025-10-10,9325,2025-10-01,1519,017938,,3,2,9,4900,0,2,4,,1,055,"NAPA ROAD","BURNDALE ROAD",100.00,S,N,B,-,Y,,,,,,,,,,Y,3,0,2,3,A,-,03,22350,,N,C,C,A,A,D,-,A,D,0,,,,,Y,,A,07,0,2,0,0,0,0,0,0,0,"- ","- ",38.2706298828125,-122.42147827148438,SONOMA,UNINCORPORATED,-122.42273712158203,38.271129608154297
94883520,2025,2025-10-13,9360,2025-09-16,2145,023481,,2,2,9,4900,0,3,5,,2,003,"OLIVET RD","VIKING RD",75.00,N,N,A,-,N,,,,,,,,,,Y,4,0,1,1,A,-,01,23152,F,N,E,I,A,A,H,-,C,D,0,,,,,Y,,A,01,0,0,1,0,0,0,0,0,0,"- ","- ",38.481971740722656,-122.81793212890625,SONOMA,UNINCORPORATED,-122.81783294677734,38.481945037841797
94883823,2025,2025-10-13,9325,2025-09-26,1837,024383,,5,2,9,4900,0,1,3,,1,051,SR-121,"MEADOWLARK LN",580.00,S,N,A,-,Y,SON,,121," "," ",5.642,H,,R,Y,4,0,1,2,A,-,09,21804,A,N,D,C,A,A,H,-,A,D,0,,,,,Y,,A,01,0,0,1,0,0,0,0,0,0,"- ","- ",38.221370697021484,-122.45604705810547,SONOMA,UNINCORPORATED,-122.45604705810547,38.221370697021484
94888944,2025,2025-10-16,9360,2025-10-03,2335,024633,,5,3,6,4905,0,1,2,,2,040,US-101,"HEARN AVENUE OVERCROSSING",5808.00,S,N,A,-,Y,SON,,101," "," ",17.397,H,,R,Y,4,0,2,3,A,-,03,22350,,N,C,C,A,A,H,-,D,D,0,,,,,Y,,A,01,0,0,2,0,0,0,0,0,0,"- ","- ",38.398719787597656,-122.71604919433594,SONOMA,"SANTA ROSA",-122.71599578857422,38.398719787597656
94893792,2025,2025-10-20,9360,2025-10-10,"120 ",022267,,5,3,9,4900,0,1,3,,1,013,SR-116,"ODD FELLOWS PARK RD",2000.00,W,N,B,-,N,,,,,,,,,,Y,4,0,1,1,A,-,08,22107,,N,E,I,A,A,H,-,D,D,0,,,,,Y,,A,07,0,0,1,0,0,0,0,0,0,"- ","- ",38.499191284179688,-122.97251129150391,SONOMA,UNINCORPORATED,-122.97203063964844,38.498722076416016
9489511,2022,2022-08-31,4903,2022-07-28,1620,1867,,4,5,3,4903,0,0,0,,0,00R,"LUPINE RD","ALEXANDRIA DR",27.00,N,N,A,-,N,,,,,,,,,,N,4,0,1,2,A,-,08,22107,,M,C,E,A,A,H,-,A,D,0,,,,,Y,Y,A,01,0,0,1,0,0,0,0,0,0,"- ","- ",38.624771118164062,-122.87148284912109,SONOMA,HEALDSBURG,-122.86949920654297,38.624679565429688
9489558,2022,2022-09-12,4903,2022-08-15,0935,1018,CAPDH,1,5,3,4903,0,0,0,,0,00R,"DRY CREEK RD","GROVE ST",0.00,,Y,A,-,N,,,,,,,,,,N,3,0,2,2,A,-,17,21457,B,N,D,C,A,A,H,-,A,A,0,,,,,Y,,A,01,0,2,0,0,0,0,0,0,0,"- ","- ",38.626258850097656,-122.87574768066406,SONOMA,HEALDSBURG,-122.87577056884766,38.626270294189453
94896121,2025,2025-10-21,9360,2025-09-29,1250,024199,,1,1,9,4900,0,1,3,,1,041,SR-12,"OAKMONT DR",0.00,,Y,A,-,Y,SON,,12," "," ",23.114,H,,R,Y,2,0,1,2,A,-,03,22350,,N,C,C,A,A,H,-,A,A,0,,,,,Y,,A,07,1,0,0,0,0,0,0,0,0,"- ","- ",38.445240020751953,-122.60488128662109,SONOMA,UNINCORPORATED,-122.60491943359375,38.4451904296875
94896134,2025,2025-10-21,9360,2025-10-04,1940,023807,,6,2,6,4905,0,1,2,,2,040,"US-101 N/B TO STEELE LN","STEELE LN",5.00,S,N,A,-,Y,,,,,,,,,,Y,2,0,1,3,A,-,01,23152,A,N,B,2,A,A,H,-,C,A,0,,,Y,,Y,Y,C,02,1,0,0,0,0,0,0,0,1,"- ","- ",38.459751129150391,-122.72577667236328,SONOMA,"SANTA ROSA",-122.72615814208984,38.459987640380859
94896220,2025,2025-10-21,9325,2025-09-16,1545,019590,,2,2,9,4900,0,1,3,,1,063,SR12,"BERNHARD AVENUE",150.00,W,N,A,-,Y,SON,,12," "," ",34.769,H,,R,N,3,0,1,2,A,-,09,21804,A,N,D,G,A,A,H,-,A,D,0,,Y,,,Y,,A,01,0,1,0,0,0,0,1,0,0,"- ","- ",38.318069458007812,-122.48470306396484,SONOMA,UNINCORPORATED,-122.48464202880859,38.318096160888672
94901002,2025,2025-10-24,9360,2025-10-14,1414,023121,,2,2,6,4905,0,1,3,,1,051,"SR-12 EASTBOUND","OLIVE STREET U/C",1090.00,E,N,C,-,Y,SON,,12," ",R,16.028,H,,R,Y,2,0,1,2,C,-,18,,,N,E,8,A,B,H,-,A,D,0,,,,,Y,,-,"- ",1,0,0,0,0,0,0,0,0,"- ","- ",38.431018829345703,-122.71558380126953,SONOMA,"SANTA ROSA",-122.71554565429688,38.43109130859375
94903415,2025,2025-10-27,9360,2025-10-14,"735 ",023017,,2,1,9,4900,0,2,4,,1,038,"OCCIDENTAL RD","HIGHSCHOOL RD",0.00,,Y,C,-,N,,,,,,,,,,Y,4,0,2,2,A,-,09,21802,A,N,D,C,A,B,H,-,A,A,0,,,,,Y,,A,08,0,0,2,0,0,0,0,0,0,"- ","- ",38.426368713378906,-122.83203125,SONOMA,UNINCORPORATED,-122.83204650878906,38.42645263671875
94905256,2025,2025-11-13,9360,2025-10-15,"200 ",024633,,3,3,9,4900,0,1,2,,1,060,US-101,"PETALUMA BLVD S",6230.00,S,N,C,-,Y,SON,,101," ",R,1.477,H,,R,Y,4,0,1,1,A,-,01,23152,A,N,E,8,A,B,H,-,D,D,0,,,,,Y,Y,A,07,0,0,1,0,0,0,0,0,0,"- ","- ",38.205280303955078,-122.59873199462891,SONOMA,UNINCORPORATED,-122.59860229492188,38.205291748046875
94907333,2025,2025-10-29,9325,2025-10-11,"356 ",024672,,6,3,9,4900,0,3,5,,2,006,"BUENA VIDA CT","BUENA VIDA DR",34.00,W,N,A,-,N,,,,,,,,,,N,3,0,1,2,A,-,08,22107,,N,D,2,A,A,H,-,C,D,0,,,,,Y,Y,A,07,0,1,0,0,0,0,0,0,0,"- ","- ",38.305370330810547,-122.48120880126953,SONOMA,UNINCORPORATED,-122.48136138916016,38.305549621582031
94907651,2025,2025-10-30,9360,2025-10-24,"835 ",024750,,5,1,9,4900,0,1,2,,2,050,"US 101 S/B","PEPPER ROAD O/R",30.00,N,N,E,-,Y,SON,,101," "," ",8.881,H,,L,Y,4,0,1,1,A,-,08,22107,,N,E,I,A,A,H,-,A,D,0,,,,,Y,,A,01,0,0,1,0,0,0,0,0,0,"- ","- ",38.284511566162109,-122.68621063232422,SONOMA,UNINCORPORATED,-122.68625640869141,38.284477233886719
94909443,2025,2025-10-31,9360,2025-10-23,1740,024365,,4,2,9,4900,0,1,2,,2,040,"US-101 N/B","HEARN AVE O/C",4000.00,S,N,A,-,Y,SON,,101," "," ",17.742,H,,R,Y,4,0,2,2,A,-,03,22350,,N,C,C,A,A,H,-,A,D,0,,,,,Y,,A,01,0,0,2,0,0,0,0,0,0,"- ","- ",38.403728485107422,-122.71600341796875,SONOMA,UNINCORPORATED,-122.71597290039062,38.403728485107422
94913329,2025,2025-11-05,9360,2025-10-17,1350,023807,,5,1,9,4900,0,2,4,,1,043,"OLD REDWOOD HIGHWAY","W RAILROAD AVE",0.00,,Y,A,-,N,,,,,,,,,,Y,4,0,1,2,A,-,09,21802,A,N,D,C,A,A,H,-,A,A,0,,,,,Y,,A,01,0,0,1,0,0,0,0,0,0,"- ","- ",38.314319610595703,-122.69438934326172,SONOMA,UNINCORPORATED,-122.69438171386719,38.3143310546875
94915489,2025,2025-11-07,9360,2025-10-22,1510,018790,,3,2,9,4900,0,2,4,,1,054,"BODEGA AVE","SKILLMAN LANE",0.00,,Y,A,-,N,,,,,,,,,,Y,3,0,1,2,A,-,09,21802,A,N,D,C,A,A,H,-,A,A,0,,,,,Y,,A,01,0,1,0,0,0,0,0,0,0,"- ","- ",38.254379272460938,-122.70337677001953,SONOMA,UNINCORPORATED,-122.70333099365234,38.254402160644531
94916796,2025,2025-11-07,9360,2025-07-05,2500,023667,,6,4,9,4900,0,3,5,,2,001,"LAUGHLIN ROAD","NORTH LAUGHLIN ROAD",613.00,W,N,A,-,N,,,,,,,,,,Y,1,1,0,1,A,-,08,22107,,N,E,I,A,A,H,-,A,D,0,,,,,Y,,A,07,0,0,0,0,0,0,0,0,0,"- ","- ",38.501369476318359,-122.80177307128906,SONOMA,UNINCORPORATED,-122.80168914794922,38.501331329345703
94916816,2025,2025-11-07,9360,2025-10-21,1744,022128,,2,2,6,4905,0,1,2,,2,040,"N/B US-101","HEARN AVE O/C",1320.00,S,N,A,-,Y,SON,,101," "," ",18.238,H,,R,N,4,0,2,2,A,-,03,22350,,N,C,C,A,A,H,-,A,D,0,,,,,Y,,A,01,0,0,2,0,0,0,0,0,0,"- ","- ",38.410938262939453,-122.71595001220703,SONOMA,"SANTA ROSA",-122.71592712402344,38.410938262939453
94920745,2025,2025-11-12,9360,2025-10-27,2100,024633,,1,2,9,4900,0,2,4,,1,042,"PETALUMA HILL RD","E COTATI AVE",0.00,,Y,A,-,N,,,,,,,,,,Y,3,0,1,1,A,-,01,23152,F,N,E,9,A,A,H,-,D,A,0,,,,,Y,,D,22,0,1,0,0,0,0,0,0,0,"- ","- ",38.336170196533203,-122.66673278808594,SONOMA,UNINCORPORATED,-122.66683197021484,38.336193084716797
94926215,2025,2025-11-12,9360,2025-11-07,1228,023360,,5,1,9,4900,0,1,3,,1,021,SR-128,"SHEAR ROAD",422.00,E,N,A,-,Y,SON,,128," "," ",0.678,H,,R,Y,4,0,1,1,A,-,08,22107,,N,E,I,A,B,H,-,A,D,0,,,,,Y,,A,08,0,0,1,0,0,0,0,0,0,"- ","- ",38.846778869628906,-123.07238006591797,SONOMA,UNINCORPORATED,-123.07241058349609,38.846714019775391
94927489,2025,2025-11-13,9325,2025-10-23,1230,015699,,4,1,9,4900,0,3,5,,2,005,"BURNDALE RD","KNOB HILL RD",1056.00,N,N,B,-,N,,,,,,,,,,N,2,0,1,1,A,-,01,23152,A,N,F,I,A,A,H,-,A,D,0,,,Y,,Y,Y,C,02,1,0,0,0,0,0,0,0,1,"- ","- ",38.253250122070312,-122.42195129394531,SONOMA,UNINCORPORATED,-122.42236328125,38.255107879638672
94933154,2025,2025-11-17,9360,2025-10-21,1655,024199,,2,2,9,4900,0,3,5,,2,001,"3RD STREET","CHURCH ST",130.00,W,N,A,-,N,,,,,,,,,,N,3,0,1,2,A,-,09,21804,A,F,D,G,A,A,H,-,A,D,0,,Y,,,Y,,L,04,0,1,0,0,0,0,1,0,0,"- ","- ",38.502559661865234,-122.99929809570312,SONOMA,UNINCORPORATED,-122.999267578125,38.502540588378906
94933273,2025,2025-11-17,9360,2025-11-06,"730 ",024717,,4,1,9,4900,0,1,2,,2,040,"US-101 S/B","TODD ROAD O/C",2763.00,N,N,B,-,Y,SON,,101," "," ",17.652,H,,L,Y,4,0,1,3,A,-,03,22350,,N,C,C,A,B,H,-,A,D,0,,,,,Y,,A,01,0,0,1,0,0,0,0,0,0,"- ","- ",38.402389526367188,-122.71621704101562,SONOMA,UNINCORPORATED,-122.71621704101562,38.402389526367188
94933295,2025,2025-11-17,9360,2025-11-08,1418,022128,,6,2,6,4905,0,1,3,,1,051,"E/B SR-12","DUTTON AVE UNDER CROSSING",475.00,E,N,A,-,Y,SON,,12," ",R,15.420,H,,R,Y,4,0,4,3,A,-,03,22350,,N,C,C,A,A,H,-,A,D,0,,,,,Y,,A,07,0,0,4,0,0,0,0,0,0,"- ","- ",38.433200836181641,-122.72425079345703,SONOMA,"SANTA ROSA",-122.72425079345703,38.433208465576172
94934038,2025,2025-11-17,9360,2025-11-08,1220,024717,,6,1,9,4900,0,1,3,,1,053,SR-116,"LONE PINE RD",0.00,,Y,A,-,Y,SON,,116," "," ",30.330,H,,R,Y,4,0,2,2,A,-,03,22350,,N,C,C,A,A,H,-,A,D,0,,,,,Y,,A,01,0,0,2,0,0,0,0,0,0,"- ","- ",38.365280151367188,-122.78128814697266,SONOMA,UNINCORPORATED,-122.78131103515625,38.365264892578125
94934174,2025,2025-11-17,9360,2025-11-08,1625,023807,,6,2,9,4900,0,2,4,,2,056,"STONY POINT RD",SR-116,1056.00,S,N,A,-,N,,,,,,,,,,Y,4,0,3,2,A,-,09,21804,A,N,D,C,A,A,H,-,A,D,0,,,,,Y,,A,01,0,0,3,0,0,0,0,0,0,"- ","- ",38.331390380859375,-122.73874664306641,SONOMA,UNINCORPORATED,-122.73871612548828,38.331691741943359
94935322,2025,2025-11-18,9360,2025-10-16,"645 ",024718,,4,1,9,4900,0,1,2,,2,040,"US-101 N/B","COLLEGE AVE U/C",65.00,S,N,A,-,Y,SON,,101," "," ",20.735,H,,R,Y,3,0,1,3,A,-,03,22350,,N,C,2,A,B,H,-,A,D,0,,,,,Y,,A,07,0,1,0,0,0,0,0,0,0,"- ","- ",38.445491790771484,-122.7236328125,SONOMA,UNINCORPORATED,-122.72360229492188,38.445499420166016
94935879,2025,2025-11-18,9360,2025-11-09,1200,024403,,7,1,9,4900,0,2,4,,1,052,"S MOORLAND AVE","TODD RD",0.00,,Y,A,-,N,,,,,,,,,,Y,4,0,2,4,A,-,03,22350,,N,B,C,A,A,H,-,A,A,0,,,,,Y,,A,01,0,0,2,0,0,0,0,0,0,"- ","- ",38.387088775634766,-122.71759796142578,SONOMA,UNINCORPORATED,-122.71778869628906,38.387096405029297
94938339,2025,2025-11-19,9325,2025-11-13,1055,020356,,4,1,2,4907,0,3,5,,2,005,"WATMAUGH RD",SR-116,1885.00,N,N,C,-,N,,,,,,,,,,N,4,0,1,1,A,-,03,22350,,N,F,8,A,B,H,-,A,D,0,,,,,Y,,A,01,0,0,1,0,0,0,0,0,0,"- ","- ",38.256999969482422,-122.49236297607422,SONOMA,SONOMA,-122.49225616455078,38.256942749023438
94939678,2025,2025-11-20,9360,2025-11-05,1725,024652,,3,2,9,4900,0,2,4,,1,052,"STONY POINT ROAD","BUTLER AVENUE",1020.00,S,N,A,-,N,,,,,,,,,,Y,3,0,2,3,A,-,03,22350,,N,C,C,A,B,H,-,D,D,0,,,,,Y,,A,07,0,1,1,0,0,0,0,0,0,"- ","- ",38.396419525146484,-122.74150085449219,SONOMA,UNINCORPORATED,-122.74151611328125,38.396453857421875
94939691,2025,2025-11-20,9360,2025-11-18,"630 ",023359,,2,1,9,4900,0,1,2,,2,050,"US-101 S/B","SR-116 COTATI",450.00,S,N,A,-,Y,SON,,101," "," ",12.624,H,,L,Y,4,0,1,2,A,-,03,22350,,N,C,C,A,A,H,-,A,D,0,,,,,Y,,A,01,0,0,1,0,0,0,0,0,0,"- ","- ",38.330188751220703,-122.71289825439453,SONOMA,UNINCORPORATED,-122.71284484863281,38.330188751220703
94939756,2025,2025-11-20,9360,2025-11-17,1747,024652,,1,2,9,4900,0,1,2,,2,030,"US 101 SOUTHBOUND","MENDOCINO AVENUE OVERCROSSING",2612.00,N,N,A,-,Y,SON,,101," "," ",23.327,H,,L,N,4,0,1,2,A,-,03,22350,,N,C,C,A,B,H,-,D,D,0,,,,,Y,,E,22,0,0,1,0,0,0,0,0,0,"- ","- ",38.481208801269531,-122.73532104492188,SONOMA,UNINCORPORATED,-122.73533630371094,38.481197357177734
9494058,2022,2022-10-12,4902,2022-09-21,0828,105348,,3,5,2,4902,0,0,0,,0,,"RT 116","OLD REDWOOD HWY",100.00,W,N,B,-,N,,,,,,,,,,Y,4,0,1,1,A,-,03,22350,,N,E,I,A,A,H,-,A,D,0,,,,,Y,,A,07,0,0,1,0,0,0,0,0,0,"- ","- ",,,SONOMA,COTATI,-122.71304321289062,38.331298828125
94941763,2025,2025-11-21,9360,2025-10-09,1014,017693,,4,1,4,4904,0,1,2,,2,050,"US-101 SOUTHBOUND","GOLF COURSE DRIVE",1742.00,S,N,B,C,Y,SON,,101," "," ",14.562,H,,L,Y,1,1,0,2,C,-,18,,,N,D,C,A,B,H,-,A,D,0,,,Y,,Y,,-,"- ",0,0,0,0,0,0,0,1,0,"- ","- ",38.358280181884766,-122.71318817138672,SONOMA,"ROHNERT PARK",-122.71322631835938,38.358280181884766
9494183,2022,2022-11-04,4906,2022-08-30,1622,449,4906,2,5,2,4906,0,0,0,,0,,"HEALDSBURG AV","PITT AV",0.00,,Y,A,-,Y,SON,4,116,-,-,26.440,H,-,E,N,3,0,2,2,A,-,03,22350,,N,B,C,A,A,H,-,A,A,0,,,,,Y,,A,01,0,2,0,0,0,0,0,0,0,"- ","- ",38.405231475830078,-122.82627868652344,SONOMA,SEBASTOPOL,-122.82716369628906,38.405254364013672
94942909,2025,2025-11-21,9360,2025-11-14,"815 ",024717,,5,1,9,4900,0,1,3,,1,051,SR-12,"DUTTON AVE U/C",1536.00,E,N,A,-,Y,SON,,12," ",R,15.612,H,,R,Y,4,0,2,2,A,-,07,21658,A,N,B,C,A,A,H,-,A,D,0,,,,,Y,,A,01,0,0,2,0,0,0,0,0,0,"- ","- ",38.433109283447266,-122.72075653076172,SONOMA,UNINCORPORATED,-122.72076416015625,38.433090209960938
94944658,2025,2025-11-24,9360,2025-11-02,"218 ",024625,,7,3,9,4900,0,2,4,,1,042,"PETALUMA HILL RD","EAST RAILROAD AVENUE",863.00,S,N,A,-,N,,,,,,,,,,Y,3,0,1,1,A,-,08,22107,,N,E,8,A,A,H,-,D,D,0,,,,,Y,,A,01,0,1,0,0,0,0,0,0,0,"- ","- ",38.311878204345703,-122.66658782958984,SONOMA,UNINCORPORATED,-122.66664123535156,38.311908721923828
94944679,2025,2025-11-24,9360,2025-11-08,1435,024199,,6,2,9,4900,0,2,4,,1,032,"RIVER RD","WESTSIDE RD",25.00,W,N,B,-,N,,,,,,,,,,Y,4,0,1,3,A,-,03,22350,,N,C,C,A,A,H,-,A,D,0,,,,,Y,,A,01,0,0,1,0,0,0,0,0,0,"- ","- ",38.508258819580078,-122.92894744873047,SONOMA,UNINCORPORATED,-122.92999267578125,38.507217407226562
94951977,2025,2025-12-01,9360,2025-10-06,1940,024229,,1,2,9,4900,0,1,3,,1,061,SR-1,"WHALE BONE REACH",100.00,N,N,A,-,Y,SON,,1," "," ",55.279,H,,R,N,3,0,1,2,A,-,10,21954,B,F,G,B,E,A,H,-,D,D,0,Y,,,,Y,,D,22,0,1,0,0,1,0,0,0,0,"- ","- ",38.730060577392578,-123.47353363037109,SONOMA,UNINCORPORATED,-123.47348022460938,38.730106353759766
94952157,2025,2025-12-01,9360,2025-11-19,1820,024055,,3,2,9,4900,0,3,5,,2,002,"LYTTON SPRINGS RD","HEALDSBURG AVENUE",32.00,W,N,A,-,N,,,,,,,,,,N,4,0,1,2,A,-,03,22350,,N,C,C,A,A,H,-,D,D,0,,,,,Y,,D,22,0,0,1,0,0,0,0,0,0,"- ","- ",38.659358978271484,-122.87206268310547,SONOMA,UNINCORPORATED,-122.87196350097656,38.659351348876953
94953186,2025,2025-12-01,9325,2025-11-16,1135,023980,,7,1,9,4900,0,3,5,,2,006,"BAINES AVE","2ND AVE",0.00,,Y,B,-,N,,,,,,,,,,N,4,0,2,2,A,-,09,21804,A,N,D,C,A,B,H,-,A,D,0,,,,,Y,,A,01,0,0,2,0,0,0,0,0,0,"- ","- ",38.312461853027344,-122.47884368896484,SONOMA,UNINCORPORATED,-122.47874450683594,38.312477111816406
94955677,2025,2025-12-03,9360,2025-11-16,"950 ",024397,,7,1,9,4900,0,1,2,,2,040,"US-101 S/B TO SR-12",SR-12,150.00,N,N,B,C,Y,,,,,,,,,,Y,3,0,1,1,A,-,08,22107,,N,F,A,A,B,H,-,A,D,0,,,,,Y,,A,07,0,1,0,0,0,0,0,0,0,"- ","- ",38.432910919189453,-122.71726226806641,SONOMA,UNINCORPORATED,-122.71566009521484,38.431488037109375
94959445,2025,2025-12-08,9325,2025-11-24,1525,015699,,1,2,9,4900,0,1,3,,1,053,SR-116,"COUNTY DUMP RD",0.00,,Y,A,-,Y,SON,,116," ",R,43.298,H,,R,Y,2,0,4,2,A,-,09,21802,A,N,D,C,A,A,H,-,A,A,0,,,,,Y,,A,01,2,2,0,0,0,0,0,0,0,"- ","- ",38.242691040039062,-122.5054931640625,SONOMA,UNINCORPORATED,-122.50538635253906,38.242664337158203
94961704,2025,2025-12-08,9360,2025-11-28,"513 ",024365,,5,3,9,4900,0,2,4,,1,054,"VALLEY FORD RD","GERICKE RD",1500.00,E,N,E,-,N,,,,,,,,,,Y,4,0,1,1,A,-,08,22107,,N,E,I,A,B,H,-,D,D,0,,,,,Y,,A,07,0,0,1,0,0,0,0,0,0,"- ","- ",38.313278198242188,-122.86659240722656,SONOMA,UNINCORPORATED,-122.86711120605469,38.313419342041016
94963444,2025,2025-12-09,9360,2025-11-16,1315,024403,,7,1,9,4900,0,1,3,,1,013,SR-116,"MONTE CRISTO AVE",392.00,E,N,B,C,Y,SON,,116," "," ",7.118,H,,R,Y,2,0,1,1,A,-,03,22350,,N,E,I,A,B,H,-,A,D,0,,,,,Y,,A,01,1,0,0,0,0,0,0,0,0,"- ","- ",38.475059509277344,-123.01786041259766,SONOMA,UNINCORPORATED,-123.01786804199219,38.475051879882812
94963684,2025,2025-12-09,9360,2025-12-03,1250,022695,,3,1,5,4908,0,1,2,,1,060,"N/B US-101","E. WASHINGTON ST O/C",600.00,S,N,A,-,Y,SON,,101," "," ",4.513,H,,R,N,4,0,1,2,A,-,07,21658,A,N,B,2,A,A,H,-,A,D,0,,,,,Y,,A,01,0,0,1,0,0,0,0,0,0,"- ","- ",38.244709014892578,-122.62410736083984,SONOMA,PETALUMA,-122.62417602539062,38.244667053222656
94963779,2025,2025-12-09,9360,2025-10-16,1430,023121,,4,2,6,4905,0,1,2,,2,040,"US-101 NORTHBOUND","TODD ROAD OVERPASS",5215.00,N,N,A,-,Y,SON,,101," "," ",17.528,H,,R,Y,4,0,1,1,A,-,08,22107,,N,E,8,A,A,H,-,A,D,0,,,,,Y,,A,07,0,0,1,0,0,0,0,0,0,"- ","- ",38.400619506835938,-122.71611785888672,SONOMA,"SANTA ROSA",-122.71598815917969,38.400619506835938
94963947,2025,2025-12-09,9360,2025-12-09,"800 ",022471,,2,1,9,4900,0,3,5,,2,004,"LICHAU RD","G HALL RD",295.00,E,N,E,-,N,,,,,,,,,,Y,4,0,1,1,A,-,08,22107,,N,E,I,A,A,H,-,A,D,0,,,,,Y,,D,22,0,0,1,0,0,0,0,0,0,"- ","- ",38.33367919921875,-122.62815856933594,SONOMA,UNINCORPORATED,-122.62819671630859,38.333675384521484