CASE_ID,ACCIDENT_YEAR,PROC_DATE,JURIS,COLLISION_DATE,COLLISION_TIME,OFFICER_ID,REPORTING_DISTRICT,DAY_OF_WEEK,CHP_SHIFT,POPULATION,CNTY_CITY_LOC,SPECIAL_COND,BEAT_TYPE,CHP_BEAT_TYPE,CITY_DIVISION_LAPD,CHP_BEAT_CLASS,BEAT_NUMBER,PRIMARY_RD,SECONDARY_RD,DISTANCE,DIRECTION,INTERSECTION,WEATHER_1,WEATHER_2,STATE_HWY_IND,CALTRANS_COUNTY,CALTRANS_DISTRICT,STATE_ROUTE,ROUTE_SUFFIX,POSTMILE_PREFIX,POSTMILE,LOCATION_TYPE,RAMP_INTERSECTION,SIDE_OF_HWY,TOW_AWAY,COLLISION_SEVERITY,NUMBER_KILLED,NUMBER_INJURED,PARTY_COUNT,PRIMARY_COLL_FACTOR,PCF_CODE_OF_VIOL,PCF_VIOL_CATEGORY,PCF_VIOLATION,PCF_VIOL_SUBSECTION,HIT_AND_RUN,TYPE_OF_COLLISION,MVIW,PED_ACTION,ROAD_SURFACE,ROAD_COND_1,ROAD_COND_2,LIGHTING,CONTROL_DEVICE,CHP_ROAD_TYPE,PEDESTRIAN_ACCIDENT,BICYCLE_ACCIDENT,MOTORCYCLE_ACCIDENT,TRUCK_ACCIDENT,NOT_PRIVATE_PROPERTY,ALCOHOL_INVOLVED,STWD_VEHTYPE_AT_FAULT,CHP_VEHTYPE_AT_FAULT,COUNT_SEVERE_INJ,COUNT_VISIBLE_INJ,COUNT_COMPLAINT_PAIN,COUNT_PED_KILLED,COUNT_PED_INJURED,COUNT_BICYCLIST_KILLED,COUNT_BICYCLIST_INJURED,COUNT_MC_KILLED,COUNT_MC_INJURED,PRIMARY_RAMP,SECONDARY_RAMP,LATITUDE,LONGITUDE,COUNTY,CITY,POINT_X,POINT_Y
6414767,2014,2014-06-23,4908,2014-03-18,0900,2754,2,2,5,5,4908,0,0,0,,0,002,"LAKEVILLE ST","EAST D ST",160.00,S,N,A,-,N,,,,,,,,,,N,4,0,1,2,A,-,03,22350,,N,C,C,A,A,H,-,A,A,0,,,,,Y,,A,08,0,0,1,0,0,0,0,0,0,"- ","- ",,,SONOMA,PETALUMA,-122.63354388,38.236707520000003
6416881,2014,2014-06-28,4908,2014-03-04,1400,2926,6,2,5,5,4908,0,0,0,,0,003,"PETALLUMA BLVD N","PAYRAN ST",100.00,S,N,B,-,N,,,,,,,,,,N,4,0,1,1,A,-,03,22350,,N,H,-,A,B,H,-,A,D,0,,Y,,,Y,,L,04,0,0,1,0,0,0,1,0,0,"- ","- ",,,SONOMA,PETALUMA,-122.64468305,38.244662089999998
6416957,2014,2014-06-28,9360,2014-03-17,0815,16045,,1,1,9,4900,0,3,5,,2,003,"GRATON RD","GREEN HILL RD",2112.00,W,N,A,-,N,,,,,,,,,,Y,2,0,1,1,A,-,01,23152,A,N,E,I,A,A,H,-,A,D,0,,,,,Y,Y,A,07,1,0,0,0,0,0,0,0,0,"- ","- ",,,SONOMA,UNINCORPORATED,-122.91051562,38.417255939999997
6417380,2014,2014-06-24,9360,2014-03-03,0815,013513,,1,1,9,4900,0,3,5,,2,003,"AIRPORT BL","WIKIUP MEADOWS DR",152.00,E,N,B,C,N,,,,,,,,,,N,4,0,1,2,A,-,03,22350,,F,C,C,A,B,H,-,A,D,0,,,,,Y,,A,01,0,0,1,0,0,0,0,0,0,"- ","- ",38.511229999999998,-122.76817,SONOMA,UNINCORPORATED,-122.7673386,38.511159999999997
6417424,2014,2016-03-03,9360,2014-03-09,1645,020136,,7,2,9,4900,0,1,3,,1,013,"RT 116","RT 1",1478.00,E,N,B,-,Y,SON,4,116,-,-,0.310,H,-,E,Y,3,0,1,1,A,-,08,22107,,N,F,A,A,A,H,-,A,D,0,,,Y,,Y,,C,02,0,1,0,0,0,0,0,0,1,"- ","- ",38.439900000000002,-123.10182,SONOMA,UNINCORPORATED,-123.1007974,38.44038742
6417751,2014,2014-06-26,4908,2014-03-22,1256,2926,7,6,5,5,4908,0,0,0,,0,004,"OLD REDWOOD HWY","NORTH MCDOWELL BL",300.00,W,N,A,-,N,,,,,,,,,,Y,4,0,1,2,A,-,09,21804,A,N,A,C,A,A,H,-,A,D,0,,,,,Y,,D,22,0,0,1,0,0,0,0,0,0,"- ","- ",,,SONOMA,PETALUMA,-122.66943706000001,38.274802039999997
6418713,2014,2015-11-16,9360,2014-03-24,1640,016045,,1,2,9,4900,0,1,3,,1,021,"GEYSERVILLE AV","RT 128",0.00,,Y,A,-,Y,SON,4,128,-,-,4.871,I,5,E,N,3,0,1,2,A,-,03,22350,,N,H,G,A,A,H,-,A,A,0,,Y,,,Y,,L,04,0,1,0,0,0,0,1,0,0,"- ","- ",38.706519999999998,-122.90416999999999,SONOMA,UNINCORPORATED,-122.90417239999999,38.706538979999998
6419062,2014,2014-06-23,9360,2014-03-08,2235,20285,,6,3,5,4908,0,2,4,,1,047,"LAKEVILLE RD","OLD LAKEVILLE RD #2",933.00,S,N,B,-,N,,,,,,,,,,Y,3,0,2,3,A,-,01,23152,A,N,B,C,A,A,H,-,D,D,0,,,,,Y,Y,A,01,0,1,1,0,0,0,0,0,0,"- ","- ",38.183520000000001,-122.53686,SONOMA,PETALUMA,-122.54196616,38.189485140000002
6419863,2014,2014-06-26,4905,2014-02-14,1738,SR5959,10606,5,5,6,4905,0,0,0,,0,006,"JACKSON DR","MONTGOMERY DR",10.00,S,N,B,-,N,,,,,,,,,,N,4,0,1,2,A,-,08,22107,,N,D,C,A,A,H,-,C,D,0,,,,,Y,,A,07,0,0,1,0,0,0,0,0,0,"- ","- ",,,SONOMA,"SANTA ROSA",-122.66671940000001,38.459857810000003
6419864,2014,2014-06-23,4905,2014-03-01,1046,SR482,10606,6,5,6,4905,0,0,0,,0,006,"FARMERS LN","4TH ST",250.00,S,N,A,-,N,,,,,,,,,,N,3,0,1,2,A,-,03,22350,,N,C,C,A,A,H,-,A,A,0,,,,,Y,,A,01,0,1,0,0,0,0,0,0,0,"- ","- ",,,SONOMA,"SANTA ROSA",,
6419867,2014,2014-06-26,4905,2014-02-26,0859,SR356,10602,3,5,6,4905,0,0,0,,0,002,"STEELE LN","ROWE DR",0.00,,Y,C,-,N,,,,,,,,,,Y,4,0,2,2,A,-,09,21804,A,N,D,C,A,B,H,-,A,D,0,,,,,Y,,A,01,0,0,2,0,0,0,0,0,0,"- ","- ",,,SONOMA,"SANTA ROSA",-122.71827996,38.460829969999999
6419875,2014,2014-06-26,4905,2014-02-26,0659,SR185,10602,3,5,6,4905,0,0,0,,0,002,"ARMORY DR","CARILLO ST",225.00,N,N,B,C,N,,,,,,,,,,Y,4,0,1,1,A,-,03,22350,,N,E,I,A,B,H,-,A,D,0,,,,,Y,,D,22,0,0,1,0,0,0,0,0,0,"- ","- ",,,SONOMA,"SANTA ROSA",-122.72496378,38.448083680000003
6419910,2014,2014-07-03,4905,2014-02-16,1040,SR407,10608,7,5,6,4905,0,0,0,,0,008,"BENNETT VALLEY RD","SOUTH E ST",3.00,W,N,A,-,N,,,,,,,,,,Y,3,0,1,2,A,-,03,22350,,N,B,C,A,A,H,-,A,A,0,,,,,Y,,A,01,0,1,0,0,0,0,0,0,0,"- ","- ",,,SONOMA,"SANTA ROSA",-122.70445004,38.43235765
6422804,2014,2014-07-25,4908,2014-03-06,2042,2173,3,4,5,5,4908,0,0,0,,0,002,"D ST","2ND ST",6.00,W,N,A,-,N,,,,,,,,,,Y,4,0,2,3,A,-,01,23152,A,N,G,B,B,A,H,-,C,D,0,Y,,,Y,Y,Y,F,26,0,0,2,0,2,0,0,0,0,"- ","- ",,,SONOMA,PETALUMA,-122.63652879999999,38.233145049999997
6425322,2014,2016-03-03,9360,2014-03-16,1325,020136,,7,1,9,4900,0,3,5,,2,006,"CAZADERO HWY","RT 116",128.00,N,N,A,-,Y,SON,4,116,-,-,4.890,I,6,W,Y,3,0,2,1,A,-,08,22107,,N,E,I,A,A,H,-,A,D,0,,,Y,,Y,,C,02,0,2,0,0,0,0,0,0,2,"- ","- ",38.46716,-123.05110000000001,SONOMA,UNINCORPORATED,-123.0509692,38.467024420000001
6425326,2014,2014-06-25,9360,2014-03-22,0635,019833,,6,1,9,4900,0,2,4,,1,052,"STONY POINT RD","TODD RD",60.00,S,N,B,C,N,,,,,,,,,,Y,3,0,2,1,A,-,01,23152,A,N,E,I,A,A,H,-,B,D,0,,,,,Y,Y,A,01,0,2,0,0,0,0,0,0,0,"- ","- ",38.386989999999997,-122.74153,SONOMA,UNINCORPORATED,-122.74156939,38.38697518
6431040,2014,2015-11-12,9325,2014-03-07,1630,19181,,5,2,9,4900,0,1,3,,1,063,"RT 12","SIESTA WY",528.00,E,N,A,-,Y,SON,4,12,-,-,35.630,H,-,E,Y,4,0,1,2,A,-,03,22350,,N,C,C,A,A,H,-,A,D,0,,,,,Y,,A,07,0,0,1,0,0,0,0,0,0,"- ","- ",38.306069999999998,-122.47802,SONOMA,UNINCORPORATED,-122.47788635000001,38.306302530000004
6431074,2014,2015-10-13,4901,2014-03-12,1919,095,4901,3,5,2,4901,0,0,0,,0,,"CITRUS FAIR DR","SOUTH CLOVERDALE BL",0.00,,Y,A,-,N,,,,,,,,,,N,4,0,1,2,A,-,09,21453,C,N,D,D,A,A,H,-,A,A,0,,,,,Y,,A,07,0,0,1,0,0,0,0,0,0,"- ","- ",,,SONOMA,CLOVERDALE,-123.01599993000001,38.802509980000004
6431650,2014,2014-06-13,4905,2014-01-08,1600,SR8906,10603,3,5,6,4905,0,0,0,,0,003,"FULTON RD","FULTON PL",175.00,S,N,A,-,N,,,,,,,,,,Y,3,0,1,1,A,-,03,22350,,N,E,I,A,A,H,-,A,D,0,,,,,Y,,A,08,0,1,0,0,0,0,0,0,0,"- ","- ",,,SONOMA,"SANTA ROSA",-122.76964,38.447029290000003
6431686,2014,2014-06-20,4905,2014-02-01,1950,SR473,10602,6,5,6,4905,0,0,0,,0,002,"COLLEGE AV","GLENN ST",140.00,W,N,A,-,N,,,,,,,,,,Y,3,0,1,1,A,-,01,23152,A,N,E,I,A,A,H,-,C,A,0,,,,,Y,Y,A,01,0,1,0,0,0,0,0,0,0,"- ","- ",,,SONOMA,"SANTA ROSA",-122.72089886000001,38.445739230000001
6431693,2014,2014-06-20,4905,2014-02-25,1533,SR484,10604,2,5,6,4905,0,0,0,,0,004,"4TH ST","FARMERS LN",120.00,W,N,A,-,N,,,,,,,,,,N,4,0,1,2,A,-,07,21658,A,N,C,C,A,A,H,-,A,D,0,,,Y,,Y,,A,01,0,0,1,0,0,0,0,0,1,"- ","- ",,,SONOMA,"SANTA ROSA",-122.68890291,38.449552189999999
6431696,2014,2014-06-30,4905,2014-03-15,1606,SR460,10602,6,5,6,4905,0,0,0,,0,002,"COLLEGE AV","MONROE ST",50.00,W,N,A,-,N,,,,,,,,,,Y,4,0,1,4,A,-,01,23152,A,N,C,C,A,A,H,-,A,D,0,,,,,Y,Y,A,01,0,0,1,0,0,0,0,0,0,"- ","- ",,,SONOMA,"SANTA ROSA",-122.70570459,38.445322050000001
6431698,2014,2015-11-12,4905,2014-02-17,1054,SR297,10606,1,5,6,4905,0,0,0,,0,006,"RT 12","MISSION BL",440.00,E,N,A,-,Y,SON,4,12,-,-,18.900,H,-,E,Y,3,0,1,2,A,-,07,21658,A,N,C,C,A,A,H,-,A,D,0,,,Y,,Y,,A,01,0,1,0,0,0,0,0,0,1,"- ","- ",,,SONOMA,"SANTA ROSA",-122.67250739000001,38.459747190000002
6431701,2014,2014-06-20,4905,2014-02-28,1835,SR452,10609,5,5,6,4905,0,0,0,,0,009,"SANTA ROSA AV","SEBASTOPOL AV",3.00,N,N,C,-,N,,,,,,,,,,N,2,0,1,2,A,-,10,21950,A,N,G,B,B,B,H,-,B,A,0,Y,,,,Y,,A,08,1,0,0,0,1,0,0,0,0,"- ","- ",,,SONOMA,"SANTA ROSA",-122.71177154999999,38.43381815
6431705,2014,2014-06-26,4905,2014-02-27,0803,SR185,10602,4,5,6,4905,0,0,0,,0,002,"OLD REDWOOD HWY","FOUNTAINGROVE PKWY",25100.00,N,N,B,C,N,,,,,,,,,,Y,4,0,1,2,A,-,04,21703,,N,C,C,A,B,H,-,A,D,0,,,,,Y,,A,01,0,0,1,0,0,0,0,0,0,"- ","- ",,,SONOMA,"SANTA ROSA",-122.78030366,38.527235580000003
6431710,2014,2014-06-26,4905,2014-02-10,1033,SR185,10609,1,5,6,4905,0,0,0,,0,009,"SANTA ROSA AV","SONOMA AV",25.00,S,N,B,-,N,,,,,,,,,,N,4,0,1,2,A,-,08,22107,,N,B,G,A,A,H,-,A,D,0,,Y,,,Y,,A,01,0,0,1,0,0,0,1,0,0,"- ","- ",,,SONOMA,"SANTA ROSA",-122.71230989,38.436591790000001
6431717,2014,2014-06-23,4905,2014-02-26,1334,SR371,10602,3,5,6,4905,0,0,0,,0,002,"MENDOCINO AV","MCCONNELL AV",150.00,S,N,B,C,N,,,,,,,,,,N,4,0,1,2,A,-,10,21952,,M,G,B,F,B,H,-,A,A,0,Y,,,,Y,,A,01,0,0,1,0,1,0,0,0,0,"- ","- ",,,SONOMA,"SANTA ROSA",-122.71740461,38.454368129999999
6431726,2014,2014-06-20,4905,2014-02-07,1350,SR5959,10604,5,5,6,4905,0,0,0,,0,004,"MONTECITO BL","SAINT MARY DR",750.00,E,N,B,C,N,,,,,,,,,,Y,4,0,2,3,A,-,09,21801,A,N,D,C,A,B,H,-,A,D,0,,,,,Y,,A,01,0,0,2,0,0,0,0,0,0,"- ","- ",,,SONOMA,"SANTA ROSA",-122.66229896999999,38.478700000000003
6431733,2014,2014-06-23,4905,2014-02-11,1054,SR383,10609,2,5,6,4905,0,0,0,,0,009,"MENDOCINO AV","COLLEGE AV",0.00,,Y,B,-,N,,,,,,,,,,Y,4,0,3,3,A,-,12,21453,A,N,D,C,A,A,H,-,A,A,0,,,,,Y,,A,01,0,0,3,0,0,0,0,0,0,"- ","- ",,,SONOMA,"SANTA ROSA",-122.71772993,38.445659980000002
6431737,2014,2014-06-23,4905,2014-02-25,1616,SR371,10609,2,5,6,4905,0,0,0,,0,009,"WEST COLLEGE AV","MAXWELL DR",20.00,E,N,A,-,N,,,,,,,,,,N,4,0,1,2,A,-,03,22350,,M,C,C,A,A,H,-,A,D,0,,,,,Y,,A,07,0,0,1,0,0,0,0,0,0,"- ","- ",,,SONOMA,"SANTA ROSA",-122.72966026,38.445853169999999
6431741,2014,2016-03-01,4905,2014-02-24,1345,SR5959,10608,1,5,6,4905,0,0,0,,0,008,"SANTA ROSA AV","COLGAN AV",0.00,,Y,A,-,Y,SON,4,101,-,-,18.981,R,4,N,Y,4,0,2,2,A,-,12,21453,A,N,D,C,A,A,H,-,A,A,0,,,,,Y,,A,01,0,0,2,0,0,0,0,0,0,"- ","- ",,,SONOMA,"SANTA ROSA",-122.71525638999999,38.421757020000001
6432219,2014,2014-06-27,9360,2014-03-16,1210,016678,,7,1,9,4900,0,2,4,,1,054,"VALLEY FORD RD","WALKER RD",10.00,E,N,A,-,N,,,,,,,,,,N,3,0,1,2,A,-,08,22107,,N,H,G,A,A,H,-,A,D,0,,Y,,,Y,,L,04,0,1,0,0,0,0,1,0,0,"- ","- ",38.287469999999999,-122.80105,SONOMA,UNINCORPORATED,-122.80125226,38.287576350000002
6433780,2014,2014-07-26,4900,2014-04-05,0816,SD2184,11101,6,5,3,4980,0,0,0,,0,WI1,"OLD REDWOOD HWY","SHADETREE DR",0.00,,Y,A,-,N,,,,,,,,,,N,3,0,1,2,A,-,10,21950,A,N,B,B,C,A,H,-,A,D,0,Y,,,,Y,,A,07,0,1,0,0,1,0,0,0,0,"- ","- ",,,SONOMA,WINDSOR,-122.79557993,38.540909939999999
6434395,2014,2016-04-13,9360,2014-04-06,1149,19366,,7,1,9,4900,0,1,3,,1,061,"RT 1","CARMET DR",202.00,N,N,A,-,Y,SON,4,1,-,-,14.160,H,-,S,Y,3,0,1,2,A,-,09,21801,A,N,D,C,A,A,H,-,A,D,0,,,Y,,Y,,A,01,0,1,0,0,0,0,0,0,1,"- ","- ",38.371780000000001,-123.07567,SONOMA,UNINCORPORATED,-123.0755032,38.371883429999997
6436616,2014,2016-04-14,9360,2014-04-01,1635,016045,,2,2,9,4900,0,1,2,,2,040,"RT 101","3RD ST",350.00,S,N,C,-,Y,SON,4,101,-,-,19.807,R,2,N,Y,3,0,1,2,A,-,07,21658,A,N,C,C,A,B,H,-,A,D,1,,,,,Y,,A,01,0,1,0,0,0,0,0,0,0,"- ","- ",38.436079999999997,-122.71702999999999,SONOMA,UNINCORPORATED,-122.7161787,38.433475819999998
6439373,2014,2014-07-01,9360,2014-03-03,1035,012848,,1,1,9,4900,0,3,5,,2,005,"LIBERTY RD","SKILLMAN LN",1320.00,N,N,B,-,N,,,,,,,,,,N,3,0,1,1,A,-,01,23152,A,N,E,I,A,A,H,-,A,D,0,,,,,Y,Y,A,01,0,1,0,0,0,0,0,0,0,"- ","- ",,,SONOMA,UNINCORPORATED,-122.70094863,38.259905789999998
6439595,2014,2014-07-03,9360,2014-03-20,0700,011932,9360,4,1,9,4900,0,3,5,,2,005,"PEPPER RD","MEACHAM RD",1056.00,W,N,B,-,N,,,,,,,,,,Y,3,0,1,1,C,-,18,,,N,E,H,A,A,H,-,A,D,0,,,Y,,Y,,-,"- ",0,1,0,0,0,0,0,0,1,"- ","- ",,,SONOMA,UNINCORPORATED,-122.7507839,38.284574190000001
6439597,2014,2014-07-03,9360,2014-03-12,0805,016013,,3,1,9,4900,0,2,4,,1,052,"STONY POINT RD","TODD RD",1584.00,S,N,A,-,N,,,,,,,,,,Y,4,0,1,1,A,-,08,22107,,N,E,I,A,A,H,-,A,D,0,,,,,Y,,A,07,0,0,1,0,0,0,0,0,0,"- ","- ",38.38279,-122.74164,SONOMA,UNINCORPORATED,-122.74159931,38.382789270000004
6439599,2014,2014-07-03,9360,2014-03-12,1840,015240,,3,2,9,4900,0,2,4,,1,032,"RIVER RD","BARNES RD",11.00,E,N,A,-,N,,,,,,,,,,Y,4,0,1,2,A,-,09,21801,A,N,A,C,A,A,H,-,A,D,0,,,,,Y,,A,01,0,0,1,0,0,0,0,0,0,"- ","- ",38.496340000000004,-122.7603,SONOMA,UNINCORPORATED,-122.76056158,38.496398800000001
6439866,2014,2014-06-30,4905,2014-03-16,1652,SR5965,10603,7,5,6,4905,0,0,0,,0,003,"MARLOW RD","GUERNEVILLE RD",325.00,S,N,A,-,N,,,,,,,,,,Y,3,0,5,3,A,-,09,21804,A,N,D,C,A,A,H,-,A,D,0,,,,,Y,,A,01,0,2,3,0,0,0,0,0,0,"- ","- ",,,SONOMA,"SANTA ROSA",-122.75133,38.451766200000002
6439878,2014,2014-06-30,4905,2014-03-11,1611,SR383,10603,2,5,6,4905,0,0,0,,0,003,"FULTON RD","QUAIL HOLLOW DR",0.00,,Y,A,-,N,,,,,,,,,,Y,3,0,3,2,A,-,09,21802,A,N,D,C,A,A,H,-,A,A,0,,,,,Y,,A,01,0,3,0,0,0,0,0,0,0,"- ","- ",,,SONOMA,"SANTA ROSA",-122.76964988,38.463759889999999
6439882,2014,2014-06-30,4905,2014-03-05,1500,SR4480,10608,3,5,6,4905,0,0,0,,0,008,"HEARN AV","SANTA ROSA AV",200.00,W,N,B,-,N,,,,,,,,,,N,3,0,1,2,A,-,07,21658,A,N,B,G,A,B,H,-,A,A,0,,Y,,,Y,,A,01,0,1,0,0,0,0,1,0,0,"- ","- ",,,SONOMA,"SANTA ROSA",-122.71421872000001,38.415072610000003
6439906,2014,2015-11-12,4905,2014-03-10,1742,SR464,10604,1,5,6,4905,0,0,0,,0,004,"RT 12","S BOAS DR",0.00,,Y,A,-,Y,SON,4,12,-,-,19.830,I,5,E,Y,3,0,2,2,A,-,09,21801,A,N,D,C,A,A,H,-,A,D,0,,,,,Y,,A,01,0,1,1,0,0,0,0,0,0,"- ","- ",,,SONOMA,"SANTA ROSA",-122.65784133,38.46505698
6439914,2014,2014-06-30,4905,2014-03-09,1252,SR5959,10603,7,5,6,4905,0,0,0,,0,003,"MARLOW RD","GUERNEVILLE RD",0.00,,Y,A,-,N,,,,,,,,,,Y,4,0,4,2,A,-,12,21453,A,N,D,C,A,A,H,-,A,A,0,,,,,Y,,A,01,0,0,4,0,0,0,0,0,0,"- ","- ",,,SONOMA,"SANTA ROSA",-122.75138999000001,38.452649880000003
6439918,2014,2014-06-30,4905,2014-03-10,1849,SR379,10607,1,5,6,4905,0,0,0,,0,007,"SEBASTOPOL RD","KENMORE LN",5.00,W,N,A,-,N,,,,,,,,,,Y,4,0,1,2,A,-,09,21801,A,N,D,C,A,A,H,-,A,A,0,,,,,Y,,A,01,0,0,1,0,0,0,0,0,0,"- ","- ",,,SONOMA,"SANTA ROSA",-122.74306737000001,38.426748600000003
6440358,2014,2014-06-20,4903,2014-03-06,2015,1328,3,4,5,3,4903,0,0,0,,0,0DT,"VINE ST","VINE ST 1047",88.00,N,N,A,-,N,,,,,,,,,,Y,4,0,1,4,A,-,01,23152,A,N,A,E,A,A,H,-,C,A,0,,,,,Y,Y,A,01,0,0,1,0,0,0,0,0,0,"- ","- ",38.610840000000003,-122.87096,SONOMA,HEALDSBURG,,
6444532,2014,2014-07-03,9360,2014-03-23,1730,020136,,7,2,9,4900,0,2,4,,1,038,"BODEGA HWY","SPRING HILL SCHOOL RD",170.00,E,N,A,-,N,,,,,,,,,,Y,3,0,3,2,A,-,01,23152,A,N,B,C,A,A,H,-,A,D,0,,,,,Y,Y,A,07,0,1,2,0,0,0,0,0,0,"- ","- ",38.396369999999997,-122.86028,SONOMA,UNINCORPORATED,-122.86042624,38.396360440000002
6445070,2014,2014-07-11,4908,2014-04-04,0437,1685,10,5,5,5,4908,0,0,0,,0,004,"NORTH MCDOWELL BL","TRANSPORT WY",41.00,N,N,C,-,N,,,,,,,,,,Y,2,0,1,1,A,-,01,23152,A,N,E,I,A,B,H,-,C,D,0,,,,,Y,Y,-,,1,0,0,0,0,0,0,0,0,"- ","- ",,,SONOMA,PETALUMA,-122.63934621,38.256715479999997
6445162,2014,2015-11-12,9360,2014-03-31,1245,016045,,1,1,9,4900,0,1,3,,1,051,"RT 12","DUTTON AV",1320.00,W,N,C,-,Y,SON,4,12,-,R,15.050,H,-,E,Y,4,0,1,1,A,-,08,22107,,N,E,I,A,B,H,-,A,D,1,,,,,Y,,A,01,0,0,1,0,0,0,0,0,0,"- ","- ",38.43177,-122.73423,SONOMA,UNINCORPORATED,-122.73100834,38.43226928
6445166,2014,2014-07-09,9360,2014-03-27,0640,019697,,4,1,9,4900,0,2,4,,1,032,"RIVER RD","FULTON RD",0.00,,Y,B,C,N,,,,,,,,,,Y,4,0,1,2,A,-,12,21453,A,N,D,C,A,B,H,-,A,A,0,,,,,Y,,A,01,0,0,1,0,0,0,0,0,0,"- ","- ",38.496580000000002,-122.76987,SONOMA,UNINCORPORATED,-122.77008996000001,38.49652992
6446916,2014,2014-07-05,4907,2014-03-01,1424,SD1876,10704,6,5,2,4907,0,0,0,,0,SO1,BROADWAY,"PATTEN ST",0.00,,Y,B,-,N,,,,,,,,,,,4,0,1,2,A,-,12,22450,A,N,D,G,A,A,H,-,A,A,0,,Y,,,Y,,A,01,0,0,1,0,0,0,1,0,0,"- ","- ",,,SONOMA,SONOMA,-122.45814987,38.290109950000002
6449305,2014,2014-07-15,9360,2014-03-29,1030,19366,,6,1,9,4900,0,2,4,,1,038,"BODEGA HWY","FERGUSON RD",217.00,W,N,B,C,N,,,,,,,,,,Y,4,0,1,1,A,-,03,22350,,N,E,I,A,B,H,-,A,D,0,,,,,Y,,A,01,0,0,1,0,0,0,0,0,0,"- ","- ",38.395829999999997,-122.86812,SONOMA,UNINCORPORATED,-122.86795195000001,38.395853930000001
6449313,2014,2014-07-15,9360,2014-03-29,0100,18196,,6,3,9,4900,0,3,5,,2,003,"COLEMAN VALLEY RD","BOHEMIAN HWY",6336.00,W,N,C,-,N,,,,,,,,,,N,3,0,1,1,A,-,01,23152,A,N,E,I,A,B,H,-,D,D,0,,,,,Y,Y,A,07,0,1,0,0,0,0,0,0,0,"- ","- ",38.412880000000001,-122.96881,SONOMA,UNINCORPORATED,-122.96762749,38.412366710000001
6454042,2014,2016-01-28,9360,2014-04-06,1313,18881,,7,1,9,4900,0,1,3,,1,051,"RT 12","LLANO RD",800.00,W,N,A,-,Y,SON,4,12,-,-,10.890,H,-,W,Y,4,0,2,4,A,-,03,22350,,N,C,C,A,A,H,-,A,D,0,,,,,Y,,D,22,0,0,2,0,0,0,0,0,0,"- ","- ",38.410589999999999,-122.79704,SONOMA,UNINCORPORATED,-122.79713648000001,38.410432530000001
6455028,2014,2014-07-10,4908,2014-04-16,1636,1543,10,3,5,5,4908,0,0,0,,0,004,"NORTH MCDOWELL BL","RAINIER AV",80.00,S,N,A,-,N,,,,,,,,,,N,3,0,1,3,A,-,03,22350,,N,C,-,A,A,C,D,A,A,0,,,,,Y,,A,01,0,1,0,0,0,0,0,0,0,"- ","- ",,,SONOMA,PETALUMA,-122.63818386,38.256051560000003
6457277,2014,2016-04-14,9360,2014-04-12,0650,19366,,6,1,6,4905,0,1,2,,2,040,"RT 101","BAKER AV",64.00,S,N,A,B,Y,SON,4,101,-,-,18.820,R,4,S,Y,3,0,1,1,A,-,03,22350,,N,E,I,A,A,H,-,B,D,1,,,,,Y,,A,01,0,1,0,0,0,0,0,0,0,"- ","- ",38.420679999999997,-122.71655,SONOMA,"SANTA ROSA",-122.71595382,38.419302309999999
6459345,2014,2016-04-12,9325,2014-04-30,1035,012561,,3,1,9,4900,0,1,3,,1,072,"RT 121","8TH ST E",528.00,S,N,A,-,Y,SON,4,121,-,-,8.020,H,-,N,N,3,0,1,1,A,-,04,21703,,N,F,A,A,A,H,-,A,D,0,,,Y,,Y,,C,02,0,1,0,0,0,0,0,0,1,"- ","- ",38.245719999999999,-122.44063,SONOMA,UNINCORPORATED,-122.43886175999999,38.245995800000003
6460990,2014,2016-03-03,4906,2014-03-20,1119,370,,4,5,2,4906,0,0,0,,0,,"FANNEN AV","RT 116",5.00,E,N,A,-,Y,SON,4,116,-,R,26.930,I,6,E,N,3,0,1,2,A,-,10,21950,A,N,D,G,A,A,H,-,A,A,0,,Y,,,Y,,D,72,0,1,0,0,0,0,1,0,0,"- ","- ",38.397910000000003,-122.8192,SONOMA,SEBASTOPOL,-122.82271634999999,38.399433969999997
6462387,2014,2015-02-18,4904,2014-03-08,1140,448,,6,5,4,4904,0,0,0,,0,001,"GOLF COURSE DR","HALCYON PL",0.00,,Y,A,-,N,,,,,,,,,,Y,4,0,1,3,A,-,10,21950,A,N,C,C,A,A,H,-,A,D,0,,,,,Y,,B,01,0,0,1,0,0,0,0,0,0,"- ","- ",,,SONOMA,"ROHNERT PARK",-122.69172995,38.365789890000002
6467386,2014,2015-10-23,9360,2014-04-08,0850,12848,,2,1,9,4900,0,2,4,,1,054,"BODEGA AV","SKILLMAN LN",2112.00,E,N,A,-,N,,,,,,,,,,N,4,0,1,2,A,-,03,22350,,N,C,C,A,A,H,-,A,D,0,,,,,Y,,A,01,0,0,1,0,0,0,0,0,0,"- ","- ",38.251460000000002,-122.69797,SONOMA,UNINCORPORATED,-122.69736447,38.251004479999999
6467437,2014,2016-04-14,9360,2014-04-14,0737,11932,,1,1,4,4904,0,1,2,,2,050,"RT 101","ROHNERT PARK EXPWY",528.00,N,N,B,-,Y,SON,4,101,-,-,13.980,H,-,N,Y,4,0,1,2,A,-,04,21703,,N,C,C,A,B,H,-,A,D,1,,,,,Y,,A,01,0,0,1,0,0,0,0,0,0,"- ","- ",38.35069,-122.71297,SONOMA,"ROHNERT PARK",-122.71297792999999,38.349867719999999
6467803,2014,2016-04-12,9350,2014-04-20,1040,19651,,7,1,9,4900,0,1,3,,2,137,"RT 37","LAKEVILLE HWY",300.00,E,N,A,-,Y,SON,4,37,-,-,2.120,H,-,W,Y,4,0,1,2,A,-,03,22350,,N,C,C,A,A,H,-,A,D,0,,,,,Y,,A,01,0,0,1,0,0,0,0,0,0,"- ","- ",34.135069999999999,-122.47489,SONOMA,UNINCORPORATED,-122.47558346,38.134670389999997