CASE_ID,ACCIDENT_YEAR,PROC_DATE,JURIS,COLLISION_DATE,COLLISION_TIME,OFFICER_ID,REPORTING_DISTRICT,DAY_OF_WEEK,CHP_SHIFT,POPULATION,CNTY_CITY_LOC,SPECIAL_COND,BEAT_TYPE,CHP_BEAT_TYPE,CITY_DIVISION_LAPD,CHP_BEAT_CLASS,BEAT_NUMBER,PRIMARY_RD,SECONDARY_RD,DISTANCE,DIRECTION,INTERSECTION,WEATHER_1,WEATHER_2,STATE_HWY_IND,CALTRANS_COUNTY,CALTRANS_DISTRICT,STATE_ROUTE,ROUTE_SUFFIX,POSTMILE_PREFIX,POSTMILE,LOCATION_TYPE,RAMP_INTERSECTION,SIDE_OF_HWY,TOW_AWAY,COLLISION_SEVERITY,NUMBER_KILLED,NUMBER_INJURED,PARTY_COUNT,PRIMARY_COLL_FACTOR,PCF_CODE_OF_VIOL,PCF_VIOL_CATEGORY,PCF_VIOLATION,PCF_VIOL_SUBSECTION,HIT_AND_RUN,TYPE_OF_COLLISION,MVIW,PED_ACTION,ROAD_SURFACE,ROAD_COND_1,ROAD_COND_2,LIGHTING,CONTROL_DEVICE,CHP_ROAD_TYPE,PEDESTRIAN_ACCIDENT,BICYCLE_ACCIDENT,MOTORCYCLE_ACCIDENT,TRUCK_ACCIDENT,NOT_PRIVATE_PROPERTY,ALCOHOL_INVOLVED,STWD_VEHTYPE_AT_FAULT,CHP_VEHTYPE_AT_FAULT,COUNT_SEVERE_INJ,COUNT_VISIBLE_INJ,COUNT_COMPLAINT_PAIN,COUNT_PED_KILLED,COUNT_PED_INJURED,COUNT_BICYCLIST_KILLED,COUNT_BICYCLIST_INJURED,COUNT_MC_KILLED,COUNT_MC_INJURED,PRIMARY_RAMP,SECONDARY_RAMP,LATITUDE,LONGITUDE,COUNTY,CITY,POINT_X,POINT_Y
6576624,2014,2016-05-28,9360,2014-07-25,0041,018482,,5,3,4,4904,0,1,2,,2,050,"RT 101","ROHNERT PARK EXPWY",164.00,S,N,A,-,Y,SON,4,101,-,-,13.837,R,2,N,Y,4,0,1,1,A,-,01,23152,A,N,E,I,A,A,H,-,C,D,1,,,,,Y,Y,A,01,0,0,1,0,0,0,0,0,0,FR,"- ",38.347929999999998,-122.71276,SONOMA,"ROHNERT PARK",-122.7129288,38.347824899999999
6576868,2014,2014-08-15,4903,2014-07-31,1417,1328,2,4,5,3,4903,0,0,0,,0,00S,"HEALDSBURG AV","219 HEALDSBURG AV",0.00,,Y,A,-,N,,,,,,,,,,N,4,0,1,2,A,-,11,21955,,N,G,B,D,A,H,-,A,A,0,Y,,,,Y,,N,60,0,0,1,0,1,0,0,0,0,"- ","- ",38.610840000000003,-122.87096,SONOMA,HEALDSBURG,-122.870209,38.609169999999999
6577427,2014,2016-05-25,9325,2014-07-25,2125,15176,,5,2,9,4900,0,1,3,,1,051,"RT 121","MANGEL RANCH RD",5280.00,S,N,A,-,Y,NAP,4,121,-,-,2.180,I,5,N,Y,3,0,2,2,A,-,09,21804,A,N,D,C,A,A,H,-,D,A,0,,,,,Y,Y,A,07,0,1,1,0,0,0,0,0,0,"- ","- ",38.172730000000001,-122.45583000000001,SONOMA,UNINCORPORATED,-122.34247843999999,38.25536348
6579778,2014,2014-08-29,9360,2014-07-20,1830,020522,,7,2,9,4900,0,2,4,,1,032,"RIVER RD","FOREST HILLS RD",0.00,,Y,B,-,N,,,,,,,,,,Y,3,0,3,2,A,-,09,21801,A,N,D,C,A,A,H,-,A,D,0,,,,,Y,,A,01,0,3,0,0,0,0,0,0,0,"- ","- ",38.303199999999997,-122.553,SONOMA,UNINCORPORATED,-122.92518997000001,38.508919880000001
6585900,2014,2016-01-19,9325,2014-07-30,1600,12689,,3,2,9,4900,0,2,4,,1,055,"NAPA RD","RT 121",1056.00,W,N,A,-,N,,,,,,,,,,N,4,0,1,2,A,-,03,22350,,N,C,C,A,A,H,-,A,D,0,,,,,Y,,A,01,0,0,1,0,0,0,0,0,0,"- ","- ",38.255339999999997,-122.39472000000001,SONOMA,UNINCORPORATED,,
6587371,2014,2016-05-25,9325,2014-08-03,1800,019181,,7,2,9,4900,0,1,3,,2,071,"RT 121","RT 116",528.00,N,N,B,-,Y,SON,4,121,-,-,6.790,H,-,S,N,4,0,1,2,A,-,03,22350,,N,C,C,A,A,H,-,A,D,0,,,,,Y,,A,07,0,0,1,0,0,0,0,0,0,"- ","- ",38.253450000000001,-122.39462,SONOMA,UNINCORPORATED,-122.45890301999999,38.237055349999999
6587428,2014,2016-05-14,9360,2014-08-02,1535,18881,,6,2,9,4900,0,1,3,,1,063,"RT 1","PACIFIC VIEW DR",1320.00,S,N,B,-,Y,SON,4,1,-,-,17.980,H,-,S,Y,2,0,2,2,A,-,08,22107,,N,E,I,A,A,H,-,A,D,0,,,Y,,Y,,C,02,1,0,1,0,0,0,0,0,2,"- ","- ",38.415520000000001,-123.10002,SONOMA,UNINCORPORATED,-123.10031094999999,38.41556817
6587432,2014,2014-09-04,9360,2014-08-02,1320,020176,,6,1,9,4900,0,3,5,,2,005,"CHILENO VALLEY RD","SPRING HILL RD",4224.00,W,N,A,-,N,,,,,,,,,,Y,3,0,1,1,A,-,01,23152,A,N,E,I,A,A,H,-,A,D,0,,,,,Y,Y,A,01,0,1,0,0,0,0,0,0,0,"- ","- ",38.211919999999999,-122.66591,SONOMA,UNINCORPORATED,-122.67012,38.223019999999998
6587501,2014,2014-09-12,9360,2014-08-03,1715,20522,,7,2,9,4900,0,3,5,,2,001,"WEST SIDE RD","SWEETWATER SPRINGS RD",2112.00,S,N,A,-,N,,,,,,,,,,N,3,0,1,1,C,-,18,,,N,F,A,A,A,H,-,A,D,0,,Y,,,Y,,-,"- ",0,1,0,0,0,0,1,0,0,"- ","- ",38.314999999999998,-122.5205,SONOMA,UNINCORPORATED,-122.86809998,38.531722010000003
6589059,2014,2014-09-09,9360,2014-08-05,1710,019405,,2,2,9,4900,0,3,5,,2,005,"WESTERN AV","BANTAM WY",95.00,W,N,B,-,N,,,,,,,,,,N,3,0,1,1,A,-,01,23152,A,N,E,I,A,A,H,-,A,D,0,,,,,Y,Y,A,07,0,1,0,0,0,0,0,0,0,"- ","- ",38.230670000000003,-122.65912,SONOMA,UNINCORPORATED,-122.65884303999999,38.230715539999998
6589641,2014,2014-09-05,4908,2014-08-04,1643,1543,13,1,5,5,4908,0,0,0,,0,001,"EAST WASHINGTON ST","SOUTH MCDOWELL BL",0.00,,Y,A,-,N,,,,,,,,,,Y,4,0,1,2,A,-,12,21453,A,N,D,C,A,A,H,-,A,A,0,,,,,Y,,A,01,0,0,1,0,0,0,0,0,0,"- ","- ",,,SONOMA,PETALUMA,-122.62583992,38.249189940000001
6592364,2014,2014-09-04,9360,2014-07-30,1900,020160,,3,2,9,4900,0,3,5,,2,005,"BURNSIDE RD","GOLD RIDGE RD",1584.00,S,N,A,-,N,,,,,,,,,,N,3,0,1,2,A,-,08,22107,,F,G,B,E,A,H,-,A,D,0,Y,,,,Y,,-,99,0,1,0,0,1,0,0,0,0,"- ","- ",38.380490000000002,-122.86051,SONOMA,UNINCORPORATED,-122.85992416000001,38.380378640000004
6592384,2014,2014-09-04,9360,2014-08-19,1820,019405,,2,2,9,4900,0,2,4,,1,044,"ADOBE RD","FRATES RD",3168.00,E,N,A,-,N,,,,,,,,,,Y,2,0,1,1,A,-,08,22107,,N,E,I,A,A,H,-,A,D,0,,,,,Y,,A,01,1,0,0,0,0,0,0,0,0,"- ","- ",38.250369999999997,-122.55983000000001,SONOMA,UNINCORPORATED,-122.56896952,38.253492219999998
6593187,2014,2014-09-03,4907,2014-08-11,1931,SD1585,10704,1,5,2,4907,0,0,0,,0,SO1,"E MACARTHUR ST","E MACARTHUR ST 29",0.00,,N,A,-,N,,,,,,,,,,N,4,0,1,2,D,-,00,,,N,D,G,A,A,H,-,A,D,0,,Y,,,Y,,-,"- ",0,0,1,0,0,0,1,0,0,"- ","- ",,,SONOMA,SONOMA,-122.45786200000001,38.284621000000001
6594017,2014,2014-08-26,9325,2014-07-26,0151,19999,,6,3,9,4900,0,3,5,,2,006,"CALLE DEL MONTE","1ST AV",20.00,W,N,A,-,N,,,,,,,,,,Y,3,0,1,2,A,-,01,23152,A,M,B,E,A,A,H,-,C,D,0,,,,,Y,Y,A,01,0,1,0,0,0,0,0,0,0,"- ","- ",38.312719999999999,-122.47983000000001,SONOMA,UNINCORPORATED,-122.47983089,38.312732439999998
6597168,2014,2016-05-25,4902,2014-07-20,1420,609,SONOM,7,5,2,4902,0,0,0,,0,,"RT 116","RT 101",63.00,E,N,A,B,Y,SON,4,116,-,-,35.100,H,-,W,N,4,0,1,2,A,-,03,22350,,N,C,C,A,A,H,-,A,A,0,,,,,Y,,A,01,0,0,1,0,0,0,0,0,0,"- ","- ",,,SONOMA,COTATI,-122.61632858999999,38.233101120000001
6597403,2014,2015-10-23,4905,2014-06-09,0644,SR8702,10605,1,5,6,4905,0,0,0,,0,005,"WEST 3RD ST","NORTH DUTTON AV",0.00,,Y,A,-,N,,,,,,,,,,Y,3,0,5,4,A,-,12,21453,A,N,D,C,A,A,H,-,A,A,0,,,,,Y,,-,"- ",0,2,3,0,0,0,0,0,0,"- ","- ",,,SONOMA,"SANTA ROSA",-122.72660998000001,38.43410995
6597405,2014,2014-09-11,4905,2014-06-07,1305,SR448,10601,6,5,6,4905,0,0,0,,0,1305,"CLEVELAND AV","WEST STEELE LN",700.00,S,N,A,-,N,,,,,,,,,,Y,4,0,1,2,A,-,21,22106,,N,D,C,A,A,H,-,A,D,0,,,,,Y,,A,01,0,0,1,0,0,0,0,0,0,"- ","- ",,,SONOMA,"SANTA ROSA",-122.726906,38.458644
6597413,2014,2014-09-04,4905,2014-07-14,1246,SR284,10608,1,5,6,4905,0,0,0,,0,008,"SANTA ROSA AV","BAKER AV",120.00,S,N,A,-,N,,,,,,,,,,N,4,0,1,2,A,-,08,22107,,N,B,C,A,A,H,-,A,D,0,,,,,Y,,A,01,0,0,1,0,0,0,0,0,0,"- ","- ",,,SONOMA,"SANTA ROSA",-122.71354366,38.420840409999997
6597419,2014,2014-09-04,4905,2014-07-12,0853,SR338,10609,6,5,6,4905,0,0,0,,0,009,"NORTH DUTTON AV","WEST COLLEGE AV",300.00,N,N,B,-,N,,,,,,,,,,Y,4,0,1,2,A,-,07,21658,A,M,B,C,A,A,H,-,A,D,0,,,,,Y,,D,22,0,0,1,0,0,0,0,0,0,"- ","- ",,,SONOMA,"SANTA ROSA",-122.73052977,38.44662443
6597421,2014,2014-09-04,4905,2014-07-15,0828,SR8704,10602,2,5,6,4905,0,0,0,,0,002,"BICENTENNIAL WY","VENTURA AV",0.00,,Y,A,-,N,,,,,,,,,,Y,4,0,1,2,A,-,12,21453,A,N,D,C,A,A,H,-,A,A,0,,,,,Y,,A,01,0,0,1,0,0,0,0,0,0,"- ","- ",,,SONOMA,"SANTA ROSA",-122.72431996,38.470229920000001
6597426,2014,2014-09-12,4905,2014-06-14,1554,SR452,10606,6,5,6,4905,0,0,0,,0,006,"BETHARDS DR","YULUPA AV",0.00,,Y,A,-,N,,,,,,,,,,Y,3,0,3,2,A,-,09,21801,A,N,D,C,A,A,H,-,A,A,0,,,,,Y,Y,A,01,0,3,0,0,0,0,0,0,0,"- ","- ",,,SONOMA,"SANTA ROSA",-122.66684995999999,38.426089930000003
6597429,2014,2014-09-04,4905,2014-07-08,1728,SR408,10602,2,5,6,4905,0,0,0,,0,002,"PACIFIC AV","MCDONALD AV",15.00,E,N,A,-,N,,,,,,,,,,Y,4,0,1,2,A,-,03,22350,,N,C,C,A,A,H,-,A,A,0,,,,,Y,,D,22,0,0,1,0,0,0,0,0,0,"- ","- ",,,SONOMA,"SANTA ROSA",-122.70379764,38.453008449999999
6597525,2014,2016-05-17,4906,2014-07-07,1311,408,4906,1,5,2,4906,0,0,0,,0,,"RT 12","MORRIS ST",353.00,W,N,A,-,Y,SON,4,12,-,-,9.450,H,-,W,Y,3,0,1,2,A,-,03,22350,,N,C,C,A,A,H,-,A,A,0,,,,,Y,,A,01,0,1,0,0,0,0,0,0,0,"- ","- ",,,SONOMA,SEBASTOPOL,-122.82052607,38.402640089999998
6598362,2014,2014-09-09,9360,2014-08-16,2238,20457,,6,3,9,4900,0,3,5,,2,002,"FAUGHT RD","SHILOH RD",2376.00,N,N,A,-,N,,,,,,,,,,Y,3,0,1,1,A,-,01,23152,A,N,E,I,A,A,H,-,D,D,0,,,,,Y,Y,D,22,0,1,0,0,0,0,0,0,0,"- ","- ",38.532519999999998,-122.76551000000001,SONOMA,UNINCORPORATED,-122.76536949,38.532284670000003
6598366,2014,2014-09-09,9360,2014-08-08,1005,20369,,5,1,9,4900,0,3,5,,2,004,"WILLOW AV","E RAILROAD AV",0.00,,Y,A,-,N,,,,,,,,,,Y,4,0,1,2,A,-,09,21802,A,N,D,C,A,A,H,-,A,A,0,,,,,Y,,A,01,0,0,1,0,0,0,0,0,0,"- ","- ",38.314129999999999,-122.68507,SONOMA,UNINCORPORATED,-122.68511999,38.314329970000003
6598883,2014,2014-08-29,4905,2014-07-14,0442,SR480,10609,1,5,6,4905,0,0,0,,0,009,"HENDLEY ST","OAK ST",90.00,N,N,A,-,N,,,,,,,,,,N,2,0,1,2,A,-,"- ",,,M,C,G,A,A,H,-,C,D,0,,Y,,,Y,Y,-,99,1,0,0,0,0,0,1,0,0,"- ","- ",,,SONOMA,"SANTA ROSA",-122.70612392,38.433157190000003
6598895,2014,2014-08-29,4905,2014-07-31,1718,SR484,10606,4,5,6,4905,0,0,0,,0,006,"HAHMAN DR","SONOMA AV",0.00,,Y,A,-,N,,,,,,,,,,Y,4,0,1,2,A,-,09,21801,A,N,A,C,A,A,H,-,A,A,0,,,Y,,Y,,A,01,0,0,1,0,0,0,0,0,1,"- ","- ",,,SONOMA,"SANTA ROSA",-122.68566992,38.445069930000003
6599207,2014,2014-09-18,9360,2014-08-16,0915,019697,,6,1,9,4900,0,2,4,,1,032,"RIVER RD","OLIVET LN",5280.00,E,N,A,-,N,,,,,,,,,,Y,3,0,1,1,A,-,08,22107,,N,E,I,A,A,H,-,A,D,0,,,,,Y,,D,22,0,1,0,0,0,0,0,0,0,"- ","- ",38.489809999999999,-122.80251,SONOMA,UNINCORPORATED,-122.80311048,38.489772070000001
6599775,2014,2016-05-28,9360,2014-08-17,1515,18196,,7,2,9,4900,0,1,2,,2,050,"RT 101","OLD REDWOOD HWY",7392.00,N,N,A,-,Y,SON,4,101,-,-,9.020,H,-,S,Y,3,0,2,3,A,-,01,23152,E,N,C,C,A,A,H,-,A,D,1,,,,,Y,,A,01,0,1,1,0,0,0,0,0,0,"- ","- ",38.28557,-122.68745,SONOMA,UNINCORPORATED,-122.68789672,38.285738330000001
6599783,2014,2014-09-09,9360,2014-08-10,1135,19697,,7,1,9,4900,0,2,4,,1,032,"RIVER RD","SLUSSER RD",172.00,W,N,A,-,N,,,,,,,,,,Y,4,0,2,2,A,-,03,22350,,N,C,C,A,A,H,-,A,D,0,,,,,Y,,A,01,0,0,2,0,0,0,0,0,0,"- ","- ",38.48312,-122.82696,SONOMA,UNINCORPORATED,-122.82617845,38.483159999999998
6599807,2014,2014-09-09,9360,2014-08-13,0558,20819,,3,3,9,4900,0,2,4,,1,044,"ADOBE RD","DAVIS LN",1320.00,E,N,B,-,N,,,,,,,,,,Y,4,0,1,1,A,-,08,22107,,N,F,A,A,A,H,-,B,D,0,,,,,Y,,A,01,0,0,1,0,0,0,0,0,0,"- ","- ",38.295119999999997,-122.65569000000001,SONOMA,UNINCORPORATED,-122.65581816,38.295161100000001
6599815,2014,2014-09-09,9360,2014-08-23,0100,20457,,6,3,9,4900,0,2,4,,1,032,"RIVER RD","TRENTON-HEALDSBURG RD",3168.00,W,N,A,-,N,,,,,,,,,,Y,4,0,1,1,A,-,01,23152,A,N,E,I,A,A,H,-,A,D,0,,,,,Y,Y,A,07,0,0,1,0,0,0,0,0,0,"- ","- ",38.489100000000001,-122.86578,SONOMA,UNINCORPORATED,-122.86599357,38.488966339999998
6600651,2014,2016-05-31,9360,2014-08-10,0816,17693,,7,1,6,4905,0,1,2,,2,040,"RT 101","RT 12",50.00,N,N,B,-,Y,SON,4,12,-,R,16.065,R,2,W,Y,3,0,1,1,A,-,01,23152,A,N,F,A,A,A,H,-,A,D,1,,,,,Y,Y,A,07,0,1,0,0,0,0,0,0,0,TO,"- ",38.431199999999997,-122.71465000000001,SONOMA,"SANTA ROSA",-122.71503213,38.431166279999999
6600954,2014,2016-05-14,9360,2014-08-08,1555,016000,,5,2,6,4905,0,1,3,,1,051,"RT 12","DUTTON AV",1584.00,W,N,A,-,Y,SON,4,12,-,R,15.000,H,-,W,Y,4,0,1,2,A,-,03,22350,,N,C,C,A,A,H,-,A,D,1,,,,,Y,,A,07,0,0,1,0,0,0,0,0,0,"- ","- ",38.432310000000001,-122.73237,SONOMA,"SANTA ROSA",-122.73195113,38.432335070000001
6600961,2014,2014-09-08,9360,2014-08-10,1505,018196,,7,2,9,4900,0,2,4,,1,043,"OLD REDWOOD HWY","HATCHERY RD",300.00,N,N,A,-,N,,,,,,,,,,N,3,0,1,2,A,-,01,23152,A,N,C,C,A,A,H,-,A,D,0,,,,,Y,Y,A,01,0,1,0,0,0,0,0,0,0,"- ","- ",38.291060000000002,-122.66638,SONOMA,UNINCORPORATED,-122.66647982000001,38.29023394
6602131,2014,2014-09-09,4905,2014-06-28,2143,SR470,10601,6,5,6,4905,0,0,0,,0,001,"CLEVELAND AV","INDUSTRIAL DR",0.00,,Y,A,-,N,,,,,,,,,,N,4,0,1,2,A,-,12,21453,A,N,A,C,A,A,H,-,C,A,0,,,,,Y,,A,01,0,0,1,0,0,0,0,0,0,"- ","- ",,,SONOMA,"SANTA ROSA",-122.73293987,38.475979940000002
6602135,2014,2014-09-09,4905,2014-06-13,2222,SR454,10608,5,5,6,4905,0,0,0,,0,008,"BROOKWOOD AV","BENNETT VALLEY RD",429.00,S,N,A,-,N,,,,,,,,,,N,4,0,1,2,A,-,10,21950,A,N,G,B,C,A,H,-,C,D,0,Y,,,,Y,,A,01,0,0,1,0,1,0,0,0,0,"- ","- ",,,SONOMA,"SANTA ROSA",-122.69839722,38.432174660000001
6602147,2014,2014-09-09,4905,2014-06-21,1715,SR448,10601,6,5,6,4905,0,0,0,,0,001,"RANGE AV","CLEVELAND AV",400.00,W,N,A,-,N,,,,,,,,,,N,4,0,1,2,A,-,"- ",,,N,E,J,A,A,H,-,A,D,0,,Y,,,Y,,A,07,0,0,1,0,0,0,1,0,0,"- ","- ",,,SONOMA,"SANTA ROSA",,
6603082,2014,2014-08-29,4905,2014-07-21,1454,SR383,10603,1,5,6,4905,0,0,0,,0,003,"WEST COLLEGE AV","CLOVER DR",0.00,,Y,A,-,N,,,,,,,,,,N,4,0,1,2,A,-,12,21453,A,N,G,B,B,A,H,-,A,A,0,Y,,,,Y,,A,01,0,0,1,0,1,0,0,0,0,"- ","- ",,,SONOMA,"SANTA ROSA",-122.73942989,38.445419999999999
6603086,2014,2014-08-29,4905,2014-07-12,1403,SR486,10603,6,5,6,4905,0,0,0,,0,003,"MARLOW RD","PINER RD",300.00,S,N,A,-,N,,,,,,,,,,N,4,0,1,2,A,-,10,21952,,M,G,B,F,A,H,-,A,D,0,Y,,,,Y,,A,01,0,0,1,0,1,0,0,0,0,"- ","- ",,,SONOMA,"SANTA ROSA",-122.75125,38.466297949999998
6603089,2014,2014-08-29,4905,2014-07-18,1736,SR466,10602,5,5,6,4905,0,0,0,,0,002,"ROWE DR","STEELE LN",0.00,,Y,A,-,N,,,,,,,,,,Y,4,0,1,2,A,-,09,21804,A,N,D,C,A,A,H,-,A,D,0,,,,,Y,,A,01,0,0,1,0,0,0,0,0,0,"- ","- ",,,SONOMA,"SANTA ROSA",-122.71827996,38.460829969999999
6603091,2014,2016-03-01,4905,2014-07-07,1455,SR347,10609,1,5,6,4905,0,0,0,,0,009,"E SPAIN ST","2ND ST",0.00,,Y,A,-,N,,,,,,,,,,Y,4,0,1,2,A,-,12,21453,A,N,D,C,A,A,H,-,A,A,0,,,,,Y,,A,01,0,0,1,0,0,0,0,0,0,"- ","- ",,,SONOMA,"SANTA ROSA",-122.45406997000001,38.293329909999997
6603093,2014,2014-08-29,4905,2014-07-09,1403,SR413,10606,3,5,6,4905,0,0,0,,0,006,"PARKTRAIL DR","PARKTRAIL CT",35.00,E,N,A,-,N,,,,,,,,,,Y,4,0,1,2,A,-,03,22350,,N,C,E,A,A,H,-,A,D,0,,,,,Y,,A,07,0,0,1,0,0,0,0,0,0,"- ","- ",,,SONOMA,"SANTA ROSA",-122.65853327000001,38.439338530000001
6603095,2014,2014-08-29,4905,2014-07-12,1209,SR419,10606,6,5,6,4905,0,0,0,,0,006,"BENNETT VALLEY RD","BETHARDS DR",0.00,,Y,A,-,N,,,,,,,,,,Y,3,0,1,2,A,-,09,21801,A,N,D,C,A,A,H,-,A,A,0,,,Y,,Y,,A,01,0,1,0,0,0,0,0,0,1,"- ","- ",,,SONOMA,"SANTA ROSA",-122.67419999000001,38.424899889999999
6603097,2014,2014-09-19,4905,2014-07-08,2014,SR8704,10608,2,5,6,4905,0,0,0,,0,008,"BENNETT VALLEY RD","BROOKWOOD AV",0.00,,Y,A,-,N,,,,,,,,,,Y,3,0,4,3,A,-,12,21453,A,N,D,C,A,A,H,-,B,A,0,,,,,Y,,A,01,0,1,3,0,0,0,0,0,0,"- ","- ",,,SONOMA,"SANTA ROSA",-122.69900991999999,38.433249949999997
6603098,2014,2014-08-29,4905,2014-07-22,1413,SR8704,10608,2,5,6,4905,0,0,0,,0,008,"SANTA ROSA AV","BAKER AV",30.00,N,N,A,-,N,,,,,,,,,,N,4,0,3,3,A,-,03,22350,,N,C,C,A,A,H,-,A,A,0,,,,,Y,,A,01,0,0,3,0,0,0,0,0,0,"- ","- ",,,SONOMA,"SANTA ROSA",-122.71355,38.421252410000001
6603105,2014,2016-05-14,4905,2014-07-01,1607,SR284,10604,2,5,6,4905,0,0,0,,0,004,"SAINT FRANCIS RD","RT 12",60.00,N,N,A,-,Y,SON,4,12,-,-,20.460,I,6,W,Y,4,0,2,2,A,-,03,22350,,N,A,C,A,A,H,-,A,D,0,,,,,Y,,A,01,0,0,2,0,0,0,0,0,0,"- ","- ",,,SONOMA,"SANTA ROSA",-122.64690433,38.46371998
6603107,2014,2014-08-29,4905,2014-07-14,1749,SR423,10607,1,5,6,4905,0,0,0,,0,007,"CORBY AV","BELLEVUE AV",537.00,N,N,A,-,N,,,,,,,,,,N,3,0,1,1,A,-,01,23152,A,N,H,A,A,A,H,-,A,D,0,,,Y,,Y,Y,C,02,0,1,0,0,0,0,0,0,1,"- ","- ",,,SONOMA,"SANTA ROSA",-122.71674015000001,38.402147020000001
6603108,2014,2014-08-29,4905,2014-07-03,1103,SR297,10608,4,5,6,4905,0,0,0,,0,008,"SANTA ROSA AV","HEARN AV",50.00,S,N,A,-,N,,,,,,,,,,Y,4,0,1,2,A,-,03,22350,,N,C,C,A,A,H,-,A,A,0,,,,,Y,,A,01,0,0,1,0,0,0,0,0,0,"- ","- ",,,SONOMA,"SANTA ROSA",-122.71354932,38.415092659999999
6603271,2014,2014-09-03,4905,2014-08-01,0952,SR455,10606,5,5,6,4905,0,0,0,,0,006,"BROOKWOOD AV","SONOMA AV",0.00,,Y,A,-,N,,,,,,,,,,N,3,0,1,2,A,-,11,21456,B,M,G,B,B,A,H,-,A,A,0,Y,,,,Y,,N,60,0,1,0,0,1,0,0,0,0,"- ","- ",,,SONOMA,"SANTA ROSA",-122.70282987,38.440379960000001
6603275,2014,2016-05-31,4905,2014-08-06,1304,SR8703,10604,3,5,6,4905,0,0,0,,0,004,"RT 12","MIDDLE RINCON RD",478.00,E,N,A,-,Y,SON,4,12,-,-,19.530,H,-,W,Y,4,0,2,3,A,-,03,22350,,N,C,C,A,A,H,-,A,A,0,,,,,Y,,A,01,0,0,2,0,0,0,0,0,0,"- ","- ",,,SONOMA,"SANTA ROSA",-122.66289565,38.46437761
6603703,2014,2016-05-24,9350,2014-08-16,1030,18319,,6,1,9,4900,0,1,3,,2,237,"RT 37","NOBLE RD",1000.00,E,N,A,-,Y,SON,4,37,-,-,5.580,H,-,W,Y,3,0,5,1,A,-,03,22350,,N,F,-,A,A,H,-,A,D,0,,,,,Y,,A,01,0,4,1,0,0,0,0,0,0,"- ","- ",38.15558,-122.4153,SONOMA,UNINCORPORATED,-122.41920583,38.155122519999999
6603873,2014,2014-09-05,4904,2014-08-06,1934,453,,3,5,4,4904,0,0,0,,0,003,"COUNTRY CLUB DR","CAMINO CORONADO",0.00,,Y,A,-,N,,,,,,,,,,Y,4,0,1,2,A,-,01,23152,A,N,D,C,A,A,H,-,A,D,0,,,,,Y,Y,A,01,0,0,1,0,0,0,0,0,0,"- ","- ",,,SONOMA,"ROHNERT PARK",-122.69477996000001,38.342579919999999
6604679,2014,2014-09-22,9360,2014-08-14,1545,016000,,4,2,9,4900,0,3,5,,2,005,"PLEASANT HILL  RD","MITCHELL CT",335.00,S,N,A,-,N,,,,,,,,,,N,2,0,1,2,A,-,11,21954,A,N,G,B,D,A,H,-,A,A,0,Y,,,,Y,,N,60,1,0,0,0,1,0,0,0,0,"- ","- ",38.3932,-122.8359,SONOMA,UNINCORPORATED,-122.83600500999999,38.393363620000002
6606042,2014,2015-12-29,9360,2014-04-21,0245,20369,,1,3,9,4900,0,2,4,,1,042,"PETALUMA HILL RD","HUNTER LN",3168.00,N,N,A,-,N,,,,,,,,,,Y,1,2,1,1,A,-,08,22107,,N,E,I,A,A,H,-,D,D,0,,,,,Y,,A,01,1,0,0,0,0,0,0,0,0,"- ","- ",38.391640000000002,-122.69204999999999,SONOMA,UNINCORPORATED,-122.69229133,38.392160009999998
6606141,2014,2014-09-23,9360,2014-05-24,1755,18462,,6,2,9,4900,0,3,5,,2,001,"WESTSIDE RD","FELTA RD",4224.00,S,N,A,-,N,,,,,,,,,,Y,1,1,0,1,A,-,01,23152,A,N,E,I,A,A,H,-,A,D,0,,,Y,,Y,Y,C,02,0,0,0,0,0,0,0,1,0,"- ","- ",38.557229999999997,-122.86864,SONOMA,UNINCORPORATED,-122.87912,38.580719999999999
6606145,2014,2014-09-23,9360,2014-05-03,1635,19697,,6,2,9,4900,0,3,5,,2,002,"HEALDSBURG AV","ALEXANDER VALLEY RD",0.00,,Y,A,-,N,,,,,,,,,,Y,3,0,1,1,A,-,08,22107,,N,F,A,A,A,H,-,A,D,0,,,Y,,Y,,C,02,0,1,0,0,0,0,0,0,1,"- ","- ",38.649979999999999,-122.86906,SONOMA,UNINCORPORATED,-122.86908991999999,38.649899990000002
6606197,2014,2014-09-30,9360,2014-06-13,1850,020522,,5,2,9,4900,0,2,4,,1,032,"RIVER RD","SUNSET AV",3696.00,W,N,A,-,N,,,,,,,,,,Y,1,1,2,3,A,-,01,23152,F,N,B,C,A,A,H,-,A,D,0,,,,,Y,Y,D,22,1,0,1,0,0,0,0,0,0,"- ","- ",38.3018,-122.563,SONOMA,UNINCORPORATED,-122.94105844000001,38.504601630000003
6606253,2014,2015-12-28,9360,2014-07-12,0345,19681,,6,3,9,4900,0,2,4,,1,042,"PETALUMA HILL RD","HUNTER LN",341.00,N,N,A,-,N,,,,,,,,,,N,1,1,0,2,A,-,11,21956,A,F,G,B,E,A,H,-,D,D,0,Y,,,,Y,Y,N,60,0,0,0,1,0,0,0,0,0,"- ","- ",38.384439999999998,-122.68733,SONOMA,UNINCORPORATED,-122.68790056,38.385226279999998
6606297,2014,2014-10-13,9360,2014-06-16,1915,020369,,1,2,9,4900,0,2,4,,1,032,"RIVER RD","TRENTON RD",0.00,,Y,A,-,N,,,,,,,,,,Y,1,1,0,2,A,-,01,23152,A,N,A,C,A,A,H,-,A,D,0,,,Y,,Y,Y,C,02,0,0,0,0,0,0,0,1,0,"- ","- ",38.491160000000001,-122.88696,SONOMA,UNINCORPORATED,-122.89929993,38.495719989999998
6606299,2014,2014-10-15,9360,2014-06-25,1514,020160,,3,2,6,4905,0,1,2,,2,030,"RT 101","BICENTENNIAL WY",850.00,S,N,A,-,Y,SON,4,101,-,-,22.370,H,-,S,Y,1,1,0,3,A,-,03,22350,,N,F,A,A,A,H,-,A,D,1,,,Y,,Y,,C,02,0,0,0,0,0,0,0,1,0,"- ","- ",38.467959999999998,-122.72841,SONOMA,"SANTA ROSA",-122.72863934999999,38.468575970000003