CASE_ID,ACCIDENT_YEAR,PROC_DATE,JURIS,COLLISION_DATE,COLLISION_TIME,OFFICER_ID,REPORTING_DISTRICT,DAY_OF_WEEK,CHP_SHIFT,POPULATION,CNTY_CITY_LOC,SPECIAL_COND,BEAT_TYPE,CHP_BEAT_TYPE,CITY_DIVISION_LAPD,CHP_BEAT_CLASS,BEAT_NUMBER,PRIMARY_RD,SECONDARY_RD,DISTANCE,DIRECTION,INTERSECTION,WEATHER_1,WEATHER_2,STATE_HWY_IND,CALTRANS_COUNTY,CALTRANS_DISTRICT,STATE_ROUTE,ROUTE_SUFFIX,POSTMILE_PREFIX,POSTMILE,LOCATION_TYPE,RAMP_INTERSECTION,SIDE_OF_HWY,TOW_AWAY,COLLISION_SEVERITY,NUMBER_KILLED,NUMBER_INJURED,PARTY_COUNT,PRIMARY_COLL_FACTOR,PCF_CODE_OF_VIOL,PCF_VIOL_CATEGORY,PCF_VIOLATION,PCF_VIOL_SUBSECTION,HIT_AND_RUN,TYPE_OF_COLLISION,MVIW,PED_ACTION,ROAD_SURFACE,ROAD_COND_1,ROAD_COND_2,LIGHTING,CONTROL_DEVICE,CHP_ROAD_TYPE,PEDESTRIAN_ACCIDENT,BICYCLE_ACCIDENT,MOTORCYCLE_ACCIDENT,TRUCK_ACCIDENT,NOT_PRIVATE_PROPERTY,ALCOHOL_INVOLVED,STWD_VEHTYPE_AT_FAULT,CHP_VEHTYPE_AT_FAULT,COUNT_SEVERE_INJ,COUNT_VISIBLE_INJ,COUNT_COMPLAINT_PAIN,COUNT_PED_KILLED,COUNT_PED_INJURED,COUNT_BICYCLIST_KILLED,COUNT_BICYCLIST_INJURED,COUNT_MC_KILLED,COUNT_MC_INJURED,PRIMARY_RAMP,SECONDARY_RAMP,LATITUDE,LONGITUDE,COUNTY,CITY,POINT_X,POINT_Y
7201189,2016,2016-03-21,4904,2016-02-10,1405,487,SONOM,3,5,4,4904,0,0,0,,0,002,"LABATH AV","MARTIN AV SOUTH",0.00,,Y,A,-,N,,,,,,,,,,N,4,0,1,2,A,-,00,23123,A,N,G,B,E,A,H,-,A,D,0,Y,,,,Y,,A,01,0,0,1,0,1,0,0,0,0,"- ","- ",38.351460000000003,-122.72147,SONOMA,"ROHNERT PARK",-122.72232993999999,38.354799919999998
7208708,2016,2016-05-24,4908,2016-03-08,1536,2747,6,2,5,5,4908,0,0,0,,0,003,"EAST WASHINGTON ST","EDITH ST",128.00,W,N,B,-,N,,,,,,,,,,N,3,0,1,2,A,-,09,21804,A,N,B,G,A,A,H,-,A,D,0,,Y,,,Y,,L,04,0,1,0,0,0,0,1,0,0,"- ","- ",,,SONOMA,PETALUMA,-122.63457431,38.239771210000001
7213382,2016,2016-03-17,4908,2016-03-09,1311,2747,11,3,5,5,4908,0,0,0,,0,004,"SONOMA MOUNTAIN  PKWY","CAMPUS CIR",0.00,S,N,B,-,N,,,,,,,,,,N,4,0,1,4,A,-,03,22350,,N,C,C,A,B,H,-,A,A,0,,,,,Y,,A,01,0,0,1,0,0,0,0,0,0,"- ","- ",,,SONOMA,PETALUMA,-122.63753995,38.266939899999997
7213640,2016,2016-03-22,4900,2016-03-06,0733,SDF1941,11101,7,5,3,4980,0,0,0,,0,WI1,"SHILOH RD","GOLF COURSE DR",0.00,,Y,B,-,N,,,,,,,,,,Y,4,0,2,2,A,-,05,21650,,N,A,C,A,B,H,-,B,A,0,,,,,Y,,A,01,0,0,2,0,0,0,0,0,0,"- ","- ",,,SONOMA,WINDSOR,-122.80032985,38.525789899999999
7213806,2016,2016-03-21,4908,2016-02-24,1825,2641,3,3,5,5,4908,0,0,0,,0,002,"MOUNTAIN VIEW AV","OLIVE ST",0.00,,Y,A,-,N,,,,,,,,,,Y,3,0,1,2,A,-,09,21801,A,N,D,-,A,A,H,-,C,-,0,,,,,Y,,A,07,0,1,0,0,0,0,0,0,0,"- ","- ",,,SONOMA,PETALUMA,-122.62805,38.225279919999998
8001181,2016,2016-03-30,4907,2016-03-02,1430,664,CENTR,3,5,2,4907,0,0,0,,0,009,"NAPA RD",BROADWAY,180.00,E,N,B,-,N,,,,,,,,,,Y,4,0,1,3,A,-,03,22350,,N,C,C,A,A,H,-,A,D,0,,,,,Y,,-,"- ",0,0,1,0,0,0,0,0,0,"- ","- ",,,SONOMA,SONOMA,-122.45965818000001,38.275745149999999
8002042,2016,2016-04-01,4905,2016-02-24,1316,SR8911,10609,3,5,6,4905,0,0,0,,0,009,"WEST COLLEGE AV","NORTH DUTTON AV",115.00,E,N,A,-,N,,,,,,,,,,Y,3,0,2,2,A,-,09,21804,A,N,D,C,A,A,H,-,A,D,0,,,,,Y,,A,01,0,1,1,0,0,0,0,0,0,"- ","- ",,,SONOMA,"SANTA ROSA",-122.73004928,38.445831759999997
8002052,2016,2016-04-05,4905,2016-02-12,1529,SR486,10604,5,5,6,4905,0,0,0,,0,004,"MONTECITO BL","BRUSH CREEK RD",30.00,E,N,A,-,N,,,,,,,,,,N,4,0,4,3,A,-,03,22350,,M,C,C,A,A,H,-,A,A,0,,,,,Y,,A,07,0,0,4,0,0,0,0,0,0,"- ","- ",,,SONOMA,"SANTA ROSA",-122.68009523000001,38.471127449999997
8002067,2016,2016-03-30,4905,2016-01-26,2347,SR445,10605,2,5,6,4905,0,0,0,,0,005,"WEST 3RD ST","SURREY DR",0.00,,Y,B,-,N,,,,,,,,,,Y,4,0,1,3,A,-,01,23152,A,N,B,E,A,A,H,-,C,D,0,,,,,Y,Y,A,01,0,0,1,0,0,0,0,0,0,"- ","- ",,,SONOMA,"SANTA ROSA",-122.73902997,38.433579889999997
8002068,2016,2016-03-30,4905,2016-01-28,1636,SR474,10608,4,5,6,4905,0,0,0,,0,008,"ASTON AV","ASTON CIR",10.00,E,N,C,-,N,,,,,,,,,,Y,4,0,1,2,A,-,04,21703,,N,C,C,A,B,H,-,A,D,0,,,,,Y,,D,22,0,0,1,0,0,0,0,0,0,"- ","- ",,,SONOMA,"SANTA ROSA",-122.70326841000001,38.425541699999997
8002088,2016,2016-03-30,4905,2016-01-11,1516,SR353,10603,1,5,6,4905,0,0,0,,0,003,"FULTON RD","PINER RD",320.00,S,N,B,-,N,,,,,,,,,,N,4,0,1,2,A,-,09,21801,A,N,D,G,A,A,H,-,A,D,0,,Y,,,Y,,D,22,0,0,1,0,0,0,1,0,0,"- ","- ",,,SONOMA,"SANTA ROSA",-122.76969532,38.466231090000001
8002148,2016,2018-05-01,4905,2016-03-11,1022,SR474,10601,5,5,6,4905,0,0,0,,0,001,"STEELE LN","RT 101",100.00,W,N,C,-,Y,SON,4,101,-,-,21.593,R,4,N,N,4,0,1,2,A,-,03,22350,,N,C,C,A,B,H,-,A,D,0,,,,,Y,,A,01,0,0,1,0,0,0,0,0,0,"- ",NF,,,SONOMA,"SANTA ROSA",-122.72598696999999,38.457597640000003
8002149,2016,2017-02-07,4905,2016-03-07,0927,SR8708,10608,1,5,6,4905,0,0,0,,0,008,"RT 12","HOEN AV",0.00,,Y,B,C,Y,SON,4,12,-,T,17.790,I,5,W,Y,4,0,2,3,A,-,09,21801,A,N,D,C,A,B,H,-,A,A,0,,,,,Y,,A,01,0,0,2,0,0,0,0,0,0,"- ","- ",,,SONOMA,"SANTA ROSA",-122.68720882,38.438895080000002
8002169,2016,2016-03-28,4905,2016-03-02,1521,SR341,10602,3,5,6,4905,0,0,0,,0,002,"MENDOCINO AV","PACIFIC AV",0.00,,Y,B,-,N,,,,,,,,,,N,4,0,1,2,A,-,11,21456,B,N,G,B,B,A,H,-,A,A,0,Y,,,,Y,,N,60,0,0,1,0,1,0,0,0,0,"- ","- ",,,SONOMA,"SANTA ROSA",-122.71743997999999,38.453369969999997
8002176,2016,2016-03-28,4905,2016-03-04,1141,SR215,10604,5,5,6,4905,0,0,0,,0,004,"SEDGEMOORE DR","FOUNTAINGROVE PKWY",300.00,E,N,B,C,N,,,,,,,,,,Y,3,0,1,1,A,-,03,22350,,N,E,I,A,B,H,-,A,D,0,,,,,Y,,A,01,0,1,0,0,0,0,0,0,0,"- ","- ",,,SONOMA,"SANTA ROSA",-122.69254171,38.488180610000001
8002222,2016,2017-02-13,4905,2016-02-11,0455,SR508,10608,4,5,6,4905,0,0,0,,0,008,"RT 12","SONOMA AV",0.00,,Y,A,-,Y,SON,4,12,-,T,18.180,I,5,W,Y,4,0,2,2,D,-,00,,,N,D,C,A,A,H,-,C,A,0,,,,,Y,,-,"- ",0,0,2,0,0,0,0,0,0,"- ","- ",,,SONOMA,"SANTA ROSA",-122.68770889,38.444493790000003
8002234,2016,2016-03-29,4905,2016-02-11,1517,SR353,10609,4,5,6,4905,0,0,0,,0,009,"3RD ST","D ST",150.00,W,N,A,-,N,,,,,,,,,,N,3,0,1,2,A,-,06,21754,,N,D,C,A,A,H,-,A,D,0,,,Y,,Y,,C,02,0,1,0,0,0,0,0,0,1,"- ","- ",,,SONOMA,"SANTA ROSA",-122.71223359,38.440183830000002
8002236,2016,2016-03-29,4905,2016-02-12,1210,SR383,10608,5,5,6,4905,0,0,0,,0,008,"BARHAM AV","SANTA ROSA AV",220.00,E,N,A,-,N,,,,,,,,,,Y,3,0,1,2,A,-,11,21954,A,M,G,B,D,A,H,-,A,D,0,Y,,,,Y,,N,60,0,1,0,0,1,0,0,0,0,"- ","- ",,,SONOMA,"SANTA ROSA",-122.71246212,38.427298860000001
8002239,2016,2016-03-29,4905,2016-02-09,1129,SR442,10606,2,5,6,4905,0,0,0,,0,006,"HOEN AV FRONTAGE RD","HOEN AV",400.00,W,N,B,-,N,,,,,,,,,,Y,3,0,2,2,A,-,03,22350,,N,C,C,A,A,H,-,A,D,0,,,,,Y,,A,01,0,1,1,0,0,0,0,0,0,"- ","- ",,,SONOMA,"SANTA ROSA",-122.69450000000001,38.44267
8002247,2016,2016-03-29,4905,2016-02-03,1758,SR8707,10609,3,5,6,4905,0,0,0,,0,009,"SANTA ROSA AV","1ST ST",0.00,,Y,C,-,N,,,,,,,,,,N,3,0,1,2,A,-,12,21453,A,N,D,G,A,B,H,-,C,A,0,,Y,,,Y,,L,04,0,1,0,0,0,0,1,0,0,"- ","- ",,,SONOMA,"SANTA ROSA",-122.71250993,38.438259950000003
8002258,2016,2016-03-28,4905,2016-02-14,2148,SR473,1069,7,5,6,4905,0,0,0,,0,009,"WEST COLLEGE AV","NORTH DUTTON AV",0.00,,Y,A,-,N,,,,,,,,,,Y,4,0,1,2,A,-,12,21453,A,N,D,C,A,A,H,-,C,A,0,,,,,Y,,A,01,0,0,1,0,0,0,0,0,0,"- ","- ",,,SONOMA,"SANTA ROSA",-122.73044991,38.445809959999998
8002259,2016,2016-03-28,4905,2016-02-16,1700,SR512,10604,2,5,6,4905,0,0,0,,0,004,"MIDDLE RINCON RD","PEREZOSO CALLE",916.00,S,N,A,-,N,,,,,,,,,,N,3,0,1,1,B,-,22,,,N,F,A,A,A,H,-,A,D,0,,Y,,,Y,,L,04,0,1,0,0,0,0,1,0,0,"- ","- ",,,SONOMA,"SANTA ROSA",-122.67248263,38.476788970000001
8002261,2016,2016-03-28,4905,2016-02-18,1253,SR8707,10603,4,5,6,4905,0,0,0,,0,003,"FULTON RD","TEDESCHI DR",0.00,,Y,B,-,N,,,,,,,,,,N,4,0,3,2,A,-,09,21802,A,N,D,C,A,B,H,-,A,A,0,,,,,Y,,A,01,0,0,3,0,0,0,0,0,0,"- ","- ",,,SONOMA,"SANTA ROSA",-122.76977992,38.476539889999998
8002263,2016,2017-02-13,4905,2016-02-20,2018,SR473,10605,6,5,6,4905,0,0,0,,0,005,"STONY POINT RD","RT 12",25.00,S,N,A,-,Y,SON,4,12,-,R,14.278,R,4,E,N,3,0,2,2,A,-,07,21658,A,N,B,C,A,A,H,-,C,D,0,,,Y,,Y,,A,01,0,2,0,0,0,0,0,0,2,"- ","- ",,,SONOMA,"SANTA ROSA",-122.74482672000001,38.42975998
8002265,2016,2016-03-28,4905,2016-02-19,1554,SR515,10604,5,5,6,4905,0,0,0,,0,004,"PARKER HILL RD","LEETE AV",200.00,N,N,B,C,N,,,,,,,,,,N,3,0,1,2,A,-,03,22350,,N,B,C,A,B,H,-,A,D,0,,,,,Y,,A,01,0,1,0,0,0,0,0,0,0,"- ","- ",,,SONOMA,"SANTA ROSA",-122.70478889,38.4822676
8002267,2016,2016-03-28,4905,2016-02-24,1718,SR482,10608,3,5,6,4905,0,0,0,,0,008,"SANTA ROSA AV","YOLANDA AV",200.00,S,N,A,-,N,,,,,,,,,,N,4,0,1,2,A,-,03,22350,,N,C,C,A,A,H,-,A,A,0,,,,,Y,,A,01,0,0,1,0,0,0,0,0,0,"- ","- ",,,SONOMA,"SANTA ROSA",-122.71353035999999,38.412660670000001
8002303,2016,2017-02-13,4905,2016-01-30,1008,SR442,10604,6,5,6,4905,0,0,0,,0,004,"RT 12","PEPPER TREE LN",100.00,E,N,B,-,Y,SON,4,12,-,-,20.305,I,6,E,Y,3,0,1,1,A,-,08,22107,,N,E,I,A,A,H,-,A,D,0,,,,,Y,,A,07,0,1,0,0,0,0,0,0,0,"- ","- ",,,SONOMA,"SANTA ROSA",-122.64951727,38.464422120000002
8002313,2016,2016-03-29,4905,2016-01-23,1440,SR500,10603,6,5,6,4905,0,0,0,,0,003,"PAPAGO CT","APACHE ST",300.00,E,N,A,-,N,,,,,,,,,,N,4,0,1,2,A,-,11,21954,A,N,G,B,E,A,H,-,A,D,0,Y,,,,Y,,N,60,0,0,1,0,1,0,0,0,0,"- ","- ",,,SONOMA,"SANTA ROSA",-122.74404778,38.461017640000001
8002314,2016,2016-03-29,4905,2016-01-29,1838,SR512,10601,5,5,6,4905,0,0,0,,0,001,"WEST STEELE LN","MCBRIDE LN",0.00,,Y,C,-,N,,,,,,,,,,N,4,0,1,2,A,-,05,21650,1,N,D,G,A,B,H,-,C,A,0,,Y,,,Y,,L,04,0,0,1,0,0,0,1,0,0,"- ","- ",,,SONOMA,"SANTA ROSA",-122.73022992,38.459989929999999
8002316,2016,2016-04-13,4905,2016-01-18,1945,SR8920,10608,1,5,6,4905,0,0,0,,0,008,"BENNETT VALLEY RD","BROOKWOOD AV",0.00,,Y,A,-,N,,,,,,,,,,Y,4,0,1,2,A,-,12,21453,A,N,D,C,A,A,H,-,C,A,0,,,,,Y,,-,"- ",0,0,1,0,0,0,0,0,0,"- ","- ",,,SONOMA,"SANTA ROSA",-122.69900991999999,38.433249949999997
8002318,2016,2016-03-29,4905,2016-01-28,1649,SR297,10602,4,5,6,4905,0,0,0,,0,002,"COLLEGE AV","ORCHARD ST",10.00,E,N,C,-,N,,,,,,,,,,Y,4,0,1,2,A,-,03,22350,,N,C,C,A,B,H,-,B,D,0,,,,,Y,,A,01,0,0,1,0,0,0,0,0,0,"- ","- ",,,SONOMA,"SANTA ROSA",-122.71346509,38.44553913
8002321,2016,2016-03-29,4905,2016-01-26,1541,SR474,10609,2,5,6,4905,0,0,0,,0,009,"4TH ST","E ST",0.00,,Y,B,-,N,,,,,,,,,,Y,4,0,1,2,A,-,12,21453,A,N,D,C,A,A,H,-,A,A,0,,,,,Y,,A,01,0,0,1,0,0,0,0,0,0,"- ","- ",,,SONOMA,"SANTA ROSA",-122.71073996,38.441969970000002
8002322,2016,2016-03-29,4905,2016-01-23,0120,SR473,10606,6,5,6,4905,0,0,0,,0,006,YULUPA,"WOODLAKE DR",100.00,N,N,A,-,N,,,,,,,,,,Y,3,0,1,2,A,-,01,23152,A,N,B,E,A,B,H,-,C,D,0,,,,,Y,Y,A,01,0,1,0,0,0,0,0,0,0,"- ","- ",,,SONOMA,"SANTA ROSA",-122.66830263,38.429684680000001
8002327,2016,2016-03-29,4905,2016-01-04,1727,SR480,10606,1,5,6,4905,0,0,0,,0,006,"FARMERS LN","MONTGOMERY DR",0.00,,Y,B,-,N,,,,,,,,,,Y,3,0,1,2,A,-,09,21801,A,M,D,C,A,B,H,-,C,A,0,,,,,Y,,A,01,0,1,0,0,0,0,0,0,0,"- ","- ",,,SONOMA,"SANTA ROSA",-122.68803997000001,38.446539899999998
8002329,2016,2016-03-29,4905,2016-01-16,2339,SR422,10603,6,5,6,4905,0,0,0,,0,003,"PINER RD","PETERSON LN",130.00,W,N,B,-,N,,,,,,,,,,Y,3,0,1,1,A,-,08,22107,,N,E,I,A,A,H,-,C,D,0,,,,,Y,,A,01,0,1,0,0,0,0,0,0,0,"- ","- ",,,SONOMA,"SANTA ROSA",-122.76314420999999,38.467149999999997
8002331,2016,2016-03-29,4905,2016-01-10,2242,SR473,10602,7,5,6,4905,0,0,0,,0,002,"MENDOCINO AV","DEVERA WY",600.00,S,N,A,-,N,,,,,,,,,,Y,3,0,1,1,A,-,08,22107,,N,E,I,A,A,H,-,C,D,0,,,,,Y,,A,01,0,1,0,0,0,0,0,0,0,"- ","- ",,,SONOMA,"SANTA ROSA",-122.72119883000001,38.468056650000001
8002332,2016,2016-03-29,4905,2016-01-11,1523,SR473,10602,1,5,6,4905,0,0,0,,0,002,"MENDOCINO AV","DEVERA WAY",380.00,S,N,B,-,N,,,,,,,,,,N,4,0,1,4,A,-,03,22350,,M,C,C,A,A,H,-,A,D,0,,,,,Y,,-,99,0,0,1,0,0,0,0,0,0,"- ","- ",,,SONOMA,"SANTA ROSA",-122.72155983,38.468590169999999
8002335,2016,2016-03-29,4905,2016-01-05,1533,SR515,10603,2,5,6,4905,0,0,0,,0,003,"MARLOW RD","GUERNEVILLE RD",500.00,S,N,B,-,N,,,,,,,,,,Y,3,0,2,2,A,-,09,21804,A,N,D,C,A,B,H,-,A,D,0,,,,,Y,,A,07,0,1,1,0,0,0,0,0,0,"- ","- ",,,SONOMA,"SANTA ROSA",-122.75133355,38.451285499999997
8002339,2016,2016-03-29,4905,2016-01-06,1809,SR473,10609,3,5,6,4905,0,0,0,,0,009,"3RD ST","SANTA ROSA AV",5.00,W,N,C,-,N,,,,,,,,,,N,4,0,2,3,A,-,10,21950,A,M,G,B,B,B,H,-,C,A,0,Y,,,,Y,,A,01,0,0,2,0,2,0,0,0,0,"- ","- ",,,SONOMA,"SANTA ROSA",-122.71344535,38.439633450000002
8003514,2015,2017-02-04,4905,2015-12-19,0423,SR468,10607,6,5,6,4905,0,0,0,,0,007,"RT 12","N WRIGHT RD",0.00,,Y,A,-,Y,SON,4,12,-,R,12.940,I,5,E,Y,4,0,1,2,A,-,12,21453,A,N,D,C,A,A,H,-,C,A,0,,,,,Y,,A,01,0,0,1,0,0,0,0,0,0,"- ","- ",,,SONOMA,"SANTA ROSA",-122.76916812,38.427477979999999
8003533,2015,2017-02-04,4905,2015-12-10,1822,SR397,10604,4,5,6,4905,0,0,0,,0,004,"JACK LONDON DR","RT 12",10.00,N,N,C,-,Y,SON,4,12,-,-,19.660,I,5,W,N,4,0,1,2,A,-,09,21804,A,N,D,G,A,B,H,-,C,D,0,,Y,,,Y,,L,04,0,0,1,0,0,0,1,0,0,"- ","- ",,,SONOMA,"SANTA ROSA",-122.66072576000001,38.464881120000001
8003537,2015,2016-03-28,4905,2015-11-12,1741,SR479,10601,4,5,6,4905,0,0,0,,0,001,"HOPPER AV","AIRWAY DR",0.00,,Y,A,-,N,,,,,,,,,,N,3,0,1,2,A,-,09,21801,A,N,D,G,A,A,H,-,B,A,0,,Y,,,Y,,A,01,0,1,0,0,0,0,1,0,0,"- ","- ",,,SONOMA,"SANTA ROSA",-122.73810988,38.479719889999998
8003557,2015,2016-03-28,4905,2015-12-24,1233,SR508,10601,4,5,6,4905,0,0,0,,0,001,"CLEVELAND AV","STEELE LN",450.00,N,N,B,-,N,,,,,,,,,,N,4,0,1,2,A,-,09,21804,A,N,D,C,A,A,H,-,A,D,0,,,,,Y,,A,01,0,0,1,0,0,0,0,0,0,"- ","- ",,,SONOMA,"SANTA ROSA",,
8003561,2015,2016-03-28,4905,2015-12-24,1436,SR508,10601,4,5,6,4905,0,0,0,,0,001,"CLEVELAND AV","FRANCES ST",0.00,,Y,C,-,N,,,,,,,,,,Y,4,0,2,2,A,-,17,21451,A,N,D,C,A,B,H,-,A,A,0,,,,,Y,,A,01,0,0,2,0,0,0,0,0,0,"- ","- ",,,SONOMA,"SANTA ROSA",-122.72648992000001,38.450279909999999
8003577,2015,2016-03-28,4905,2015-12-24,1907,SR494,10605,4,5,6,4905,0,0,0,,0,005,"SEBASTOPOL AV","DUTTON AV",41.00,E,N,A,-,N,,,,,,,,,,Y,3,0,4,2,A,-,09,21801,A,N,D,C,A,A,H,-,C,A,0,,,,,Y,,A,01,0,3,1,0,0,0,0,0,0,"- ","- ",,,SONOMA,"SANTA ROSA",-122.72516124000001,38.430647749999999
8012416,2016,2016-04-12,4900,2016-03-22,2116,1500,,2,5,3,4980,0,0,0,,0,008,"WINDSOR RIVER RD","MARKET ST",0.00,,Y,A,-,N,,,,,,,,,,N,4,0,1,2,A,-,03,22350,,N,D,C,A,A,H,-,C,D,0,,,,,Y,,-,,0,0,1,0,0,0,0,0,0,"- ","- ",,,SONOMA,WINDSOR,-122.81373991,38.547319969999997
8014404,2015,2017-01-13,9360,2015-08-03,1615,,4906,1,2,2,4906,0,1,3,,1,041,"RT 12","MORRIS ST",1953.00,E,N,A,-,Y,SON,4,12,-,-,9.890,H,-,W,N,4,0,1,2,A,-,04,21703,,N,C,C,A,A,H,-,A,A,0,,,,,Y,,A,01,0,0,1,0,0,0,0,0,0,"- ","- ",38.40475,-122.81265999999999,SONOMA,SEBASTOPOL,-122.81322258,38.404494509999999
8017471,2016,2016-04-19,4908,2016-04-02,1029,3186,3,6,5,5,4908,0,0,0,,0,002,"PETALLUMA BLVD N","WESTERN AV",5.00,,N,B,-,N,,,,,,,,,,N,3,0,1,2,A,-,10,21950,A,N,G,B,B,A,H,-,A,A,0,Y,,,,Y,,A,01,0,1,0,0,1,0,0,0,0,"- ","- ",38.234090000000002,-122.64027,SONOMA,PETALUMA,-122.64026998,38.23402995
8018373,2016,2016-04-26,4908,2016-03-27,1738,3189,2,7,5,5,4908,0,0,0,,0,002,"EDITH ST","EAST WASHINGTON ST",20.00,S,N,A,-,N,,,,,,,,,,N,3,0,1,2,A,-,09,21804,A,N,D,G,A,A,H,-,A,A,0,,Y,,,Y,Y,L,04,0,1,0,0,0,0,1,0,0,"- ","- ",38.24006,-122.6343,SONOMA,PETALUMA,-122.63426352,38.240027840000003
8022676,2016,2016-04-22,4900,2016-03-21,0018,1748,,1,5,3,4980,0,0,0,,0,008,"15TH HOLE","GOLF COURSE DR",167.00,N,N,B,E,N,,,,,,,,,,Y,3,0,1,2,A,-,00,12814,6,N,C,E,A,B,H,-,C,D,0,,,,,Y,,-,,0,1,0,0,0,0,0,0,0,"- ","- ",,,SONOMA,WINDSOR,-122.80349706,38.529157910000002
8024149,2016,2016-04-19,4908,2016-04-09,1206,2745,1,6,5,5,4908,0,0,0,,0,002,"EAST WASHINGTON ST","WELLER ST",400.00,W,N,C,-,N,,,,,,,,,,Y,4,0,1,2,A,-,09,21804,A,N,D,C,A,B,H,-,A,D,0,,,,,Y,,A,07,0,0,1,0,0,0,0,0,0,"- ","- ",38.236849999999997,-122.63761,SONOMA,PETALUMA,-122.63893139,38.236417860000003
8027007,2016,2016-04-26,4904,2016-04-12,0101,460,4904,2,5,4,4904,0,0,0,,0,003,"VALLEY HOUSE DR","BODWAY PKWY",0.00,,Y,A,-,N,,,,,,,,,,Y,3,0,4,1,A,-,03,22350,,N,E,J,A,A,H,-,D,D,0,,,,,Y,,A,01,0,1,3,0,0,0,0,0,0,"- ","- ",38.321489999999997,-122.67604,SONOMA,"ROHNERT PARK",-122.67621997000001,38.321489900000003
8029905,2016,2016-08-29,4904,2016-04-09,0139,466,CENTR,6,5,4,4904,0,0,0,,0,001,"ROHNERT PARK EXPWY","LIGHT POLE N347",246.00,W,N,C,-,N,,,,,,,,,,Y,4,0,1,1,A,-,01,23152,E,N,E,I,A,B,H,-,C,D,0,,,,,Y,Y,A,01,0,0,1,0,0,0,0,0,0,"- ","- ",,,SONOMA,"ROHNERT PARK",,
8029981,2016,2016-05-03,4900,2016-04-15,1335,SD2219,11101,5,5,3,4980,0,0,0,,0,WI1,"OLD REDWOOD HWY","4TH ST",138.00,S,N,A,-,N,,,,,,,,,,N,4,0,1,2,A,-,09,21804,A,N,A,C,A,A,H,-,A,D,0,,,,,Y,,D,22,0,0,1,0,0,0,0,0,0,"- ","- ",,,SONOMA,WINDSOR,-122.80544132,38.54589137
8030597,2016,2016-05-04,4908,2016-04-23,1040,3186,1,6,5,5,4908,0,0,0,,0,002,"WASHINGTON ST","KELLER ST",0.00,,Y,A,-,N,,,,,,,,,,Y,4,0,1,2,A,-,08,22107,,N,A,C,A,A,H,-,A,D,0,,,,,Y,,A,01,0,0,1,0,0,0,0,0,0,"- ","- ",38.235140000000001,-122.64293000000001,SONOMA,PETALUMA,-122.64297989000001,38.235179950000003
8030601,2016,2016-05-04,4908,2016-04-23,1205,2937,5,6,5,5,4908,0,0,0,,0,003,"PETALLUMA BLVD N","WEST ST",0.00,,Y,A,-,N,,,,,,,,,,N,3,0,1,2,A,-,09,21802,A,N,B,C,A,A,H,-,A,D,0,,,,,Y,,A,07,0,1,0,0,0,0,0,0,0,"- ","- ",38.241950000000003,-122.64387000000001,SONOMA,PETALUMA,-122.64389993,38.241999999999997
8031806,2016,2016-05-09,4903,2016-04-25,1548,1448,,1,5,3,4903,0,0,0,,0,,"DRY CREEK RD","GROVE ST",458.00,W,N,A,-,N,,,,,,,,,,N,3,0,1,2,A,-,09,21802,A,N,D,C,A,A,H,-,A,A,0,,,Y,,Y,,A,01,0,1,0,0,0,0,0,0,1,"- ","- ",38.618850000000002,-122.84349,SONOMA,HEALDSBURG,-122.87737374,38.626269999999998
8034744,2016,2016-05-12,4908,2016-05-05,0806,2697,12,4,5,5,4908,0,0,0,,0,001,"ELY BL SOUTH","JULIET DR",0.00,,Y,B,-,N,,,,,,,,,,Y,4,0,2,3,A,-,03,22350,,N,C,C,A,A,H,-,A,D,0,,,,,Y,,A,07,0,0,2,0,0,0,0,0,0,"- ","- ",,,SONOMA,PETALUMA,-122.60084987,38.246309979999999
8036635,2016,2016-05-09,4904,2016-03-13,1204,412,SONOM,7,5,4,4904,0,0,0,,0,002,"COMMERCE BL","GOLF COURSE DR",30.00,S,N,C,-,N,,,,,,,,,,Y,4,0,1,3,A,-,03,22350,,N,C,C,A,B,H,-,A,A,0,,,,,Y,,A,01,0,0,1,0,0,0,0,0,0,"- ","- ",38.363300000000002,-122.71209,SONOMA,"ROHNERT PARK",-122.71209,38.363147589999997
8041995,2016,2017-02-11,4907,2016-05-16,1146,SD2310,10704,1,5,2,4907,0,0,0,,0,SO1,BROADWAY,"E MACARTHUR ST",0.00,,Y,A,-,Y,SON,4,12,-,-,38.060,I,5,E,Y,4,0,1,3,A,-,12,21453,A,N,D,C,A,A,H,-,A,A,0,,,,,Y,,A,01,0,0,1,0,0,0,0,0,0,"- ","- ",,,SONOMA,SONOMA,-122.45894758,38.284887859999998
8048223,2016,2016-05-31,4904,2016-04-26,1137,482,,2,5,4,4904,0,0,0,,0,002,"ROHNERT PARK EXPWY","STATE FARM DR",300.00,E,N,A,-,N,,,,,,,,,,N,4,0,1,2,A,-,08,22107,,N,B,C,A,A,H,-,A,D,0,,,,Y,Y,,F,26,0,0,1,0,0,0,0,0,0,"- ","- ",38.348399999999998,-122.70604,SONOMA,"ROHNERT PARK",-122.70496469,38.348491490000001
8048386,2016,2016-05-26,4908,2016-05-18,0831,2697,7,3,5,5,4908,0,0,0,,0,003,"PETALLUMA BLVD N","PETALUMA BL NORTH",55.00,W,N,A,-,N,,,,,,,,,,Y,3,0,2,2,A,-,03,22350,,N,C,C,A,A,H,-,A,A,0,,,,,Y,,A,08,0,1,1,0,0,0,0,0,0,"- ","- ",,,SONOMA,PETALUMA,-122.6708663,38.26708661
8049534,2016,2017-02-11,4908,2016-05-19,1254,2697,15,4,5,5,4908,0,0,0,,0,001,"LAKEVILLE HWY","FRATES RD",0.00,,Y,A,-,Y,SON,4,116,-,-,36.364,I,5,W,N,4,0,1,2,C,-,18,,,N,H,C,A,A,H,-,A,A,0,,,,Y,Y,,-,"- ",0,0,1,0,0,0,0,0,0,"- ","- ",,,SONOMA,PETALUMA,-122.59393181999999,38.234689000000003
8051045,2016,2016-06-02,4908,2016-05-13,1438,2747,15,5,5,5,4908,0,0,0,,0,001,"CASA GRANDE RD","LAKEVILLE HWY",100.00,E,N,-,-,N,,,,,,,,,,Y,4,0,1,2,A,-,09,21804,A,N,-,-,A,-,-,-,-,-,0,,,,,Y,,A,08,0,0,1,0,0,0,0,0,0,"- ","- ",,,SONOMA,PETALUMA,-122.60461134000001,38.233785509999997