CASE_ID,ACCIDENT_YEAR,PROC_DATE,JURIS,COLLISION_DATE,COLLISION_TIME,OFFICER_ID,REPORTING_DISTRICT,DAY_OF_WEEK,CHP_SHIFT,POPULATION,CNTY_CITY_LOC,SPECIAL_COND,BEAT_TYPE,CHP_BEAT_TYPE,CITY_DIVISION_LAPD,CHP_BEAT_CLASS,BEAT_NUMBER,PRIMARY_RD,SECONDARY_RD,DISTANCE,DIRECTION,INTERSECTION,WEATHER_1,WEATHER_2,STATE_HWY_IND,CALTRANS_COUNTY,CALTRANS_DISTRICT,STATE_ROUTE,ROUTE_SUFFIX,POSTMILE_PREFIX,POSTMILE,LOCATION_TYPE,RAMP_INTERSECTION,SIDE_OF_HWY,TOW_AWAY,COLLISION_SEVERITY,NUMBER_KILLED,NUMBER_INJURED,PARTY_COUNT,PRIMARY_COLL_FACTOR,PCF_CODE_OF_VIOL,PCF_VIOL_CATEGORY,PCF_VIOLATION,PCF_VIOL_SUBSECTION,HIT_AND_RUN,TYPE_OF_COLLISION,MVIW,PED_ACTION,ROAD_SURFACE,ROAD_COND_1,ROAD_COND_2,LIGHTING,CONTROL_DEVICE,CHP_ROAD_TYPE,PEDESTRIAN_ACCIDENT,BICYCLE_ACCIDENT,MOTORCYCLE_ACCIDENT,TRUCK_ACCIDENT,NOT_PRIVATE_PROPERTY,ALCOHOL_INVOLVED,STWD_VEHTYPE_AT_FAULT,CHP_VEHTYPE_AT_FAULT,COUNT_SEVERE_INJ,COUNT_VISIBLE_INJ,COUNT_COMPLAINT_PAIN,COUNT_PED_KILLED,COUNT_PED_INJURED,COUNT_BICYCLIST_KILLED,COUNT_BICYCLIST_INJURED,COUNT_MC_KILLED,COUNT_MC_INJURED,PRIMARY_RAMP,SECONDARY_RAMP,LATITUDE,LONGITUDE,COUNTY,CITY,POINT_X,POINT_Y
8056484,2016,2016-06-10,4905,2016-05-31,1029,SR443,10609,2,5,6,4905,0,0,0,,0,009,"B ST","4TH ST",0.00,,Y,A,-,N,,,,,,,,,,Y,3,0,3,2,A,-,12,21453,A,N,D,C,A,A,H,-,A,A,0,,,,,Y,,-,"- ",0,1,2,0,0,0,0,0,0,"- ","- ",,,SONOMA,"SANTA ROSA",-122.71564992,38.439689950000002
8056492,2016,2016-06-09,4905,2016-05-22,0016,SR473,10605,7,5,6,4905,0,0,0,,0,005,"SEBASTOPOL AV","DUTTON AV",0.00,,Y,A,-,N,,,,,,,,,,N,2,0,1,2,A,-,17,21451,A,F,D,G,A,A,H,-,C,A,0,,Y,,,Y,,A,01,1,0,0,0,0,0,1,0,0,"- ","- ",,,SONOMA,"SANTA ROSA",-122.72529992,38.430619929999999
8056493,2016,2016-06-10,4905,2016-04-09,2059,SR422,,6,5,6,4905,0,0,0,,0,008,"SANTA ROSA AV","BURT ST",25.00,N,N,C,-,N,,,,,,,,,,Y,4,0,2,2,A,-,01,23152,A,N,C,C,A,B,H,-,C,A,0,,,,,Y,,A,07,0,0,2,0,0,0,0,0,0,"- ","- ",,,SONOMA,"SANTA ROSA",-122.71353000000001,38.409748669999999
8056502,2016,2016-06-10,4905,2016-05-20,1745,SR422,10608,5,5,6,4905,0,0,0,,0,008,"SANTA ROSA AV","BELLEVUE AV",45.00,N,N,A,-,N,,,,,,,,,,N,3,0,3,4,A,-,03,22350,,N,C,C,B,A,H,-,A,A,0,Y,,,,Y,,D,22,0,2,1,0,2,0,0,0,0,"- ","- ",,,SONOMA,"SANTA ROSA",-122.71350748,38.401993590000004
8056512,2016,2016-06-09,4905,2016-05-18,1150,SR408,10609,3,5,6,4905,0,0,0,,0,009,"2ND ST","D ST",5.00,E,N,A,-,N,,,,,,,,,,N,3,0,1,2,A,-,11,21950,B,N,G,B,B,A,H,-,A,A,0,Y,,,,Y,Y,N,60,0,1,0,0,1,0,0,0,0,"- ","- ",,,SONOMA,"SANTA ROSA",-122.71132479000001,38.439776739999999
8056519,2016,2016-06-14,4905,2016-04-15,0807,SE429,1060,5,5,6,4905,0,0,0,,0,005,"WEST 9TH ST","SIMONE PL",0.00,,Y,A,-,N,,,,,,,,,,N,4,0,2,2,A,-,09,21801,A,N,D,C,A,A,H,-,A,D,0,,,,,Y,,A,01,0,0,2,0,0,0,0,0,0,"- ","- ",,,SONOMA,"SANTA ROSA",,
8056521,2016,2016-06-13,4905,2016-01-26,2259,SR473,10601,2,5,6,4905,0,0,0,,0,001,"PINER RD","COFFEY LN",251.00,E,N,A,-,N,,,,,,,,,,N,2,0,1,2,A,-,11,21954,A,N,G,B,D,A,H,-,E,A,0,Y,,,,Y,,N,60,1,0,0,0,1,0,0,0,0,"- ","- ",,,SONOMA,"SANTA ROSA",-122.74398897,38.468960260000003
8056527,2016,2016-06-14,4905,2016-04-26,1711,SR483,10602,2,5,6,4905,0,0,0,,0,002,"10TH HOLE DR","13TH ST",0.00,,Y,A,-,N,,,,,,,,,,N,4,0,1,2,A,-,17,22517,,N,E,I,A,A,H,-,A,A,0,,Y,,,Y,,D,22,0,0,1,0,0,0,1,0,0,"- ","- ",,,SONOMA,"SANTA ROSA",-122.80445695,38.530034690000001
8056530,2016,2016-06-14,4905,2016-04-26,1642,SR482,1060,2,5,6,4905,0,0,0,,0,008,"SANTA ROSA AV","YOLANDA AV",200.00,S,N,A,-,N,,,,,,,,,,Y,4,0,1,3,A,-,03,22350,,N,C,C,A,A,H,-,A,A,0,,,,,Y,,A,01,0,0,1,0,0,0,0,0,0,"- ","- ",,,SONOMA,"SANTA ROSA",-122.71353035999999,38.412660670000001
8056532,2016,2016-06-09,4905,2016-05-15,1257,SR8920,10608,7,5,6,4905,0,0,0,,0,008,"ASTON AV","HENDLEY ST",147.00,W,N,A,-,N,,,,,,,,,,N,4,0,1,2,A,-,21,22106,,N,E,J,D,A,H,-,A,D,0,Y,,,,Y,,A,01,0,0,1,0,1,0,0,0,0,"- ","- ",,,SONOMA,"SANTA ROSA",-122.70295441,38.425657999999999
8056535,2016,2016-06-14,4905,2016-04-23,0721,SR515,10607,6,5,6,4905,0,0,0,,0,007,"HEARN AV","WEST AV",5.00,S,N,A,-,N,,,,,,,,,,N,4,0,1,2,A,-,09,21801,A,N,A,G,A,A,H,-,A,D,0,,Y,,,Y,,A,01,0,0,1,0,0,0,1,0,0,"- ","- ",,,SONOMA,"SANTA ROSA",-122.72701000000001,38.414270000000002
8056556,2016,2016-06-09,4905,2016-05-03,1349,SR8911,10601,2,5,6,4905,0,0,0,,0,001,"BICENTENNIAL WY","RANGE AV",10.00,E,N,B,-,N,,,,,,,,,,N,4,0,1,2,A,-,05,21202,A,N,D,G,A,A,H,-,A,A,0,,Y,,,Y,,L,04,0,0,1,0,0,0,1,0,0,"- ","- ",,,SONOMA,"SANTA ROSA",-122.73245515000001,38.470838059999998
8056559,2016,2016-06-09,4905,2016-05-27,1525,SR8920,0,5,5,6,4905,0,0,0,,0,,"FOUNTAINGROVE PW","CHANATE RD",0.00,,Y,A,-,N,,,,,,,,,,Y,3,0,1,1,A,-,08,22107,,N,E,I,A,A,H,-,A,D,0,,,,,Y,,A,01,0,1,0,0,0,0,0,0,0,"- ","- ",,,SONOMA,"SANTA ROSA",-122.68719987,38.473839929999997
8056563,2016,2016-06-09,4905,2016-04-21,1207,SR8917,1060,4,5,6,4905,0,0,0,,0,003,"FULTON RD","PINER RD",100.00,S,N,A,-,N,,,,,,,,,,Y,3,0,4,2,A,-,03,22350,,N,C,C,A,A,H,-,A,A,0,,,,,Y,,A,01,0,3,1,0,0,0,0,0,0,"- ","- ",,,SONOMA,"SANTA ROSA",-122.76970376,38.466835349999997
8056566,2016,2016-06-09,4905,2016-04-07,1815,SR513,1060,4,5,6,4905,0,0,0,,0,003,"FULTON RD","APPLETREE DR",200.00,N,N,A,-,N,,,,,,,,,,N,4,0,1,2,A,-,21,22106,,N,C,C,A,A,H,-,A,A,0,,,,,Y,,A,01,0,0,1,0,0,0,0,0,0,"- ","- ",,,SONOMA,"SANTA ROSA",-122.7696368,38.45546908
8056568,2016,2016-06-09,4905,2016-03-30,1737,SR8708,10606,3,5,6,4905,0,0,0,,0,006,"HOEN FRONTAGE RD","CYPRESS WY",0.00,,Y,A,-,N,,,,,,,,,,Y,4,0,1,2,A,-,06,21754,,N,B,C,A,A,H,-,A,A,0,,,Y,,Y,,C,02,0,0,1,0,0,0,0,0,1,"- ","- ",,,SONOMA,"SANTA ROSA",-122.68174990999999,38.437579939999999
8056569,2016,2016-06-09,4905,2016-05-13,1243,SR407,10606,5,5,6,4905,0,0,0,,0,006,"HOEN AV","YULUPA AV",300.00,W,N,A,-,N,,,,,,,,,,N,4,0,1,2,A,-,03,22350,,N,C,C,A,A,H,-,A,A,0,,,,,Y,,A,01,0,0,1,0,0,0,0,0,0,"- ","- ",,,SONOMA,"SANTA ROSA",-122.67257882,38.439207740000001
8056574,2016,2016-06-09,4905,2016-04-11,1616,SR341,1060,1,5,6,4905,0,0,0,,0,003,"FREDRICK ST","JENNINGS AV",200.00,S,N,A,-,N,,,,,,,,,,N,4,0,1,2,A,-,00,21705,A,F,B,C,A,A,H,-,A,D,0,,,,,Y,,A,01,0,0,1,0,0,0,0,0,0,"- ","- ",,,SONOMA,"SANTA ROSA",-122.74878705,38.44909062
8056575,2016,2016-06-14,4905,2016-04-20,1217,SR5959,1060,3,5,6,4905,0,0,0,,0,006,"SONOMA AV","FRANQUETTE AV",0.00,,Y,A,-,N,,,,,,,,,,Y,4,0,3,2,A,-,09,21802,A,N,D,C,A,A,H,-,A,D,0,,,,,Y,,B,01,0,0,3,0,0,0,0,0,0,"- ","- ",,,SONOMA,"SANTA ROSA",-122.68200994999999,38.446079959999999
8056584,2016,2016-06-09,4905,2016-03-01,1600,SR201,10605,2,5,6,4905,0,0,0,,0,005,GLENBROOK,"STONY POINT",0.00,,Y,B,-,N,,,,,,,,,,N,2,0,1,2,A,-,09,21801,A,F,D,G,A,A,H,-,A,A,0,,Y,,,Y,,A,01,1,0,0,0,0,0,1,0,0,"- ","- ",,,SONOMA,"SANTA ROSA",-122.74284987999999,38.43734998
8056590,2016,2016-06-09,4905,2016-04-01,1323,SR515,1060,5,5,6,4905,0,0,0,,0,007,"CORBY AV","TALMADGE AV",600.00,S,N,A,-,N,,,,,,,,,,N,4,0,2,2,A,-,09,21804,A,N,D,C,A,A,H,-,A,D,0,,,,,Y,,A,01,0,0,2,0,0,0,0,0,0,"- ","- ",,,SONOMA,"SANTA ROSA",-122.71641839,38.405091859999999
8056592,2016,2016-06-09,4905,2016-03-22,0930,SR401,10609,2,5,6,4905,0,0,0,,0,009,"E ST",4TH,4.00,S,N,A,-,N,,,,,,,,,,N,2,0,1,2,A,-,10,21950,A,N,G,B,B,A,H,-,A,A,0,Y,,,,Y,,A,01,1,0,0,0,1,0,0,0,0,"- ","- ",,,SONOMA,"SANTA ROSA",-122.71073299,38.4419605
8056593,2016,2016-08-29,4905,2016-04-09,2329,SR354,1060,6,5,6,4905,0,0,0,,0,009,"MENDOCINO AV","COLLEGE AV",100.00,N,N,B,-,N,,,,,,,,,,Y,4,0,1,2,A,-,01,23152,A,M,C,C,A,B,H,-,C,D,0,,,,,Y,Y,-,"- ",0,0,1,0,0,0,0,0,0,"- ","- ",,,SONOMA,"SANTA ROSA",-122.71772258,38.445934629999996
8056596,2016,2016-06-09,4905,2016-03-14,0741,SR8917,10609,1,5,6,4905,0,0,0,,0,009,"BROOKWOOD AV","COLLEGE AV",0.00,,Y,A,-,N,,,,,,,,,,Y,4,0,1,2,A,-,12,21453,A,N,A,C,A,B,H,-,A,A,0,,,,,Y,,A,01,0,0,1,0,0,0,0,0,0,"- ","- ",,,SONOMA,"SANTA ROSA",-122.70807988999999,38.445399899999998
8056598,2016,2016-06-09,4905,2016-04-01,1301,SR215,,5,5,6,4905,0,0,0,,0,,"HOEN AV","SHEPARD CT",75.00,W,N,A,-,N,,,,,,,,,,Y,3,0,1,2,A,-,03,22350,,N,C,C,A,A,H,-,A,D,0,,,,,Y,,A,01,0,1,0,0,0,0,0,0,0,"- ","- ",,,SONOMA,"SANTA ROSA",-122.67363681,38.438831960000002
8056608,2016,2016-06-09,4905,2016-03-09,0903,SR8708,10608,3,5,6,4905,0,0,0,,0,008,"PETALUMA HILL RD","SANTA ANA DR",38.00,W,N,B,C,N,,,,,,,,,,Y,4,0,1,2,A,-,08,21460,5,N,D,C,A,B,H,-,A,D,0,,,,,Y,,A,01,0,0,1,0,0,0,0,0,0,"- ","- ",,,SONOMA,"SANTA ROSA",-122.70720145999999,38.422287949999998
8056610,2016,2016-06-09,4905,2016-04-28,1928,SR347,1060,4,5,6,4905,0,0,0,,0,007,"GIFFEN AV","STONY POINT RD",85.00,S,N,A,-,N,,,,,,,,,,N,4,0,3,2,A,-,03,22350,,M,C,C,A,A,H,-,A,D,0,,,,,Y,,A,01,0,0,3,0,0,0,0,0,0,"- ","- ",,,SONOMA,"SANTA ROSA",-122.74018,38.418109999999999
8056613,2016,2016-06-09,4905,2016-04-02,0644,SR8707,1060,6,5,6,4905,0,0,0,,0,004,"MISSION BL","RANDALL LN",10.00,N,N,A,-,N,,,,,,,,,,Y,4,0,1,1,A,-,08,22107,,N,E,I,A,A,H,-,B,D,0,,,,,Y,,A,01,0,0,1,0,0,0,0,0,0,"- ","- ",,,SONOMA,"SANTA ROSA",-122.67628255,38.461456839999997
8056615,2016,2017-02-09,4905,2016-03-24,1315,SR501,10604,4,5,6,4905,0,0,0,,0,004,"RT 12","JACK LONDON DR",20.00,W,N,A,-,Y,SON,4,12,-,-,19.650,H,-,E,Y,4,0,2,3,A,-,03,22350,,N,C,C,A,A,H,-,A,A,0,,,,,Y,,A,07,0,0,2,0,0,0,0,0,0,"- ","- ",,,SONOMA,"SANTA ROSA",-122.66089018,38.4647249
8056618,2016,2016-06-09,4905,2016-04-23,1313,SR513,1060,6,5,6,4905,0,0,0,,0,008,"PETALUMA HILL RD","YOLANDA AV",0.00,,Y,A,-,N,,,,,,,,,,Y,4,0,1,2,A,-,08,22107,,N,B,C,A,A,H,-,A,A,0,,,,,Y,,A,07,0,0,1,0,0,0,0,0,0,"- ","- ",,,SONOMA,"SANTA ROSA",-122.70431997999999,38.413249999999998
8056621,2016,2016-06-09,4905,2016-04-18,0703,SR509,1060,1,5,6,4905,0,0,0,,0,002,"MENDOCINO AV","FOUNTAINGROVE PKWY",0.00,,Y,A,-,N,,,,,,,,,,Y,4,0,1,2,A,-,12,21453,A,N,D,C,A,A,H,-,-,A,0,,,,,Y,,-,"- ",0,0,1,0,0,0,0,0,0,"- ","- ",,,SONOMA,"SANTA ROSA",-122.7286699,38.474719880000002
8056623,2016,2017-02-07,4905,2016-03-18,1049,SR474,10606,5,5,6,4905,0,0,0,,0,006,"RT 12","CARDINAL WY",230.00,W,N,B,-,Y,SON,4,12,-,-,19.020,H,-,E,Y,3,0,1,1,A,-,01,23152,A,M,E,I,A,A,H,-,A,D,0,,,,,Y,Y,A,01,0,1,0,0,0,0,0,0,0,"- ","- ",,,SONOMA,"SANTA ROSA",-122.67083648000001,38.460941990000002
8056626,2016,2016-06-09,4905,2016-04-28,1523,SR447,1060,4,5,6,4905,0,0,0,,0,001,"RANGE AV","STEELE LN",0.00,,Y,A,-,N,,,,,,,,,,Y,4,0,1,2,A,-,12,21453,A,N,D,C,A,A,H,-,A,A,0,,,,,Y,,A,07,0,0,1,0,0,0,0,0,0,"- ","- ",,,SONOMA,"SANTA ROSA",-122.73256992,38.459979969999999
8056627,2016,2016-08-24,4905,2016-03-16,1035,SR5959,10602,3,5,6,4905,0,0,0,,0,002,"OLD REDWOOD HWY","FOUNTAINGROVE PKWY",2100.00,N,N,A,-,N,,,,,,,,,,N,4,0,1,2,A,-,09,21804,A,N,D,C,A,A,H,-,A,D,0,,,,,Y,,A,07,0,0,1,0,0,0,0,0,0,"- ","- ",,,SONOMA,"SANTA ROSA",,
8058822,2016,2016-06-14,4906,2016-04-12,0733,433,4906,2,5,2,4906,0,0,0,,0,,"N MAIN ST","ANALY AV",68.00,N,N,B,-,N,,,,,,,,,,Y,4,0,1,2,A,-,09,21804,A,N,B,C,A,A,H,-,A,A,0,,,,,Y,,A,07,0,0,1,0,0,0,0,0,0,"- ","- ",38.408520000000003,-122.82747999999999,SONOMA,SEBASTOPOL,-122.82732572,38.407100929999999
8059055,2016,2016-06-18,4904,2016-05-24,1802,441,,2,5,4,4904,0,0,0,,0,001,"ROHNERT PARK EXPWY","SNYDER LN",0.00,,Y,B,C,N,,,,,,,,,,N,4,0,1,2,A,-,09,21453,B,N,G,B,B,A,H,-,A,A,0,Y,,,,Y,Y,D,22,0,0,1,0,1,0,0,0,0,"- ","- ",38.345790000000001,-122.68553,SONOMA,"ROHNERT PARK",-122.68554992,38.345869980000003
8059121,2016,2016-06-14,4906,2016-04-20,0735,455,4906,3,5,2,4906,0,0,0,,0,,"NORTH MAIN ST","ANALY AV",0.00,N,N,A,-,N,,,,,,,,,,N,4,0,1,2,A,-,09,21804,A,N,B,C,A,A,H,-,A,A,0,,,,,Y,,A,01,0,0,1,0,0,0,0,0,0,"- ","- ",38.407400000000003,-122.82680999999999,SONOMA,SEBASTOPOL,-122.82722998,38.40692997
8060503,2016,2016-06-15,4908,2016-05-21,1700,2747,3,6,5,5,4908,0,0,0,,0,002,"PETALLUMA BLVD S","E ST",0.00,,Y,A,-,N,,,,,,,,,,Y,4,0,1,2,A,-,09,21801,A,N,A,C,A,A,H,-,A,D,0,,,,,Y,,A,01,0,0,1,0,0,0,0,0,0,"- ","- ",,,SONOMA,PETALUMA,-122.63576994,38.232039960000002
8060758,2016,2016-06-13,4908,2016-04-28,1017,1543,1,4,5,5,4908,0,0,0,,0,002,"D ST","5TH ST",0.00,,Y,A,-,N,,,,,,,,,,Y,4,0,1,3,A,-,09,21802,A,N,D,C,A,A,H,-,A,A,0,,,,,Y,,A,07,0,0,1,0,0,0,0,0,0,"- ","- ",,,SONOMA,PETALUMA,-122.63784991,38.230919999999998
8062831,2016,2016-06-14,4900,2016-05-11,1906,SD2340,11101,3,5,3,4980,0,0,0,,0,WI1,"OLD REDWOOD HWY","ARATA LN",345.00,N,N,A,-,N,,,,,,,,,,N,3,0,1,2,A,-,08,22107,,N,B,G,A,A,H,-,A,D,0,,Y,,,Y,,A,01,0,1,0,0,0,0,1,0,0,"- ","- ",,,SONOMA,WINDSOR,-122.82474556,38.562207309999998
8062904,2016,2016-09-29,4908,2016-09-18,0102,3250,11,7,5,5,4908,0,0,0,,0,004,"STONEHENGE WY","TELFORD LN",138.00,E,N,A,-,N,,,,,,,,,,Y,4,0,1,1,A,-,08,22107,,N,E,I,A,A,H,-,C,D,0,,,,,Y,,A,01,0,0,1,0,0,0,0,0,0,"- ","- ",38.270240000000001,-122.64794999999999,SONOMA,PETALUMA,-122.64768268,38.270511560000003
8069652,2016,2017-02-11,4902,2016-06-17,1731,346,SONOM,5,5,2,4902,0,0,0,,0,,"GRAVENSTEIN HWY","POWER POLE #120006932",165.00,E,N,A,-,Y,SON,4,116,-,-,34.680,I,5,W,Y,4,0,1,3,A,-,03,22350,,N,C,C,A,A,H,-,A,A,0,,,Y,,Y,,A,01,0,0,1,0,0,0,0,0,1,"- ","- ",,,SONOMA,COTATI,-122.71934099000001,38.332106109999998
8070188,2016,2016-06-28,4908,2016-06-08,0809,3194,14,3,5,5,4908,0,0,0,,0,001,"FRATES RD","CALLE RANCHERO",0.00,,Y,B,-,N,,,,,,,,,,Y,4,0,1,2,D,-,00,,,N,D,C,A,A,H,-,A,A,0,,,,,Y,,-,"- ",0,0,1,0,0,0,0,0,0,"- ","- ",,,SONOMA,PETALUMA,-122.59155995,38.237049929999998
8072961,2016,2016-07-06,4903,2016-06-25,2126,1567,2,6,5,3,4903,0,0,0,,0,,"MILL ST","HEALDSBURG AV",0.00,,Y,A,-,N,,,,,,,,,,N,4,0,1,2,A,-,17,21461,A,N,D,C,A,A,G,-,C,A,0,,,,,Y,,A,01,0,0,1,0,0,0,0,0,0,"- ","- ",38.610840000000003,-122.87096,SONOMA,HEALDSBURG,-122.86990989,38.608259940000003
8074374,2016,2016-07-13,4908,2016-06-23,1234,2697,5,4,5,5,4908,0,0,0,,0,003,"MAGNOLIA AV","ELM DR",130.00,W,N,A,-,N,,,,,,,,,,N,3,0,1,2,A,-,09,21801,A,N,D,G,A,A,H,-,A,A,0,,Y,,,Y,,D,22,0,1,0,0,0,0,1,0,0,"- ","- ",,,SONOMA,PETALUMA,-122.6564575,38.245894579999998
8075159,2016,2016-08-05,4903,2016-07-20,1150,1165,2,3,5,3,4903,0,0,0,,0,,"HEALDSBURG AV","MILL ST",0.00,,Y,A,-,N,,,,,,,,,,N,4,0,1,2,A,-,03,22350,,N,C,C,A,A,D,-,A,A,0,,,,,Y,,A,01,0,0,1,0,0,0,0,0,0,"- ","- ",,,SONOMA,HEALDSBURG,-122.86990989,38.608259940000003
8076104,2016,2016-07-14,4908,2016-07-03,1154,3187,6,7,5,5,4908,0,0,0,,0,003,"PAYRAN ST","EAST WASHINGTON ST",50.00,N,N,A,-,N,,,,,,,,,,Y,4,0,1,4,A,-,03,22350,,N,C,C,A,A,H,-,A,A,0,,,,,Y,,A,01,0,0,1,0,0,0,0,0,0,"- ","- ",38.242010000000001,-122.63252,SONOMA,PETALUMA,-122.63267288999999,38.242108520000002
8078507,2016,2016-07-18,4900,2016-06-27,1400,SD1391,11101,1,5,3,4980,0,0,0,,0,WI1,"HEMBREE LN","SHILOH RD",0.00,,Y,A,-,N,,,,,,,,,,Y,4,0,1,2,A,-,03,22350,,N,C,C,A,A,H,-,A,A,0,,,,,Y,,A,07,0,0,1,0,0,0,0,0,0,"- ","- ",,,SONOMA,WINDSOR,-122.78569998,38.525750000000002
8078523,2016,2016-07-18,4907,2016-06-30,2221,SD2041,10703,4,5,2,4907,0,0,0,,0,SO1,"5TH ST WEST","CHURCH ST",0.00,,Y,A,-,N,,,,,,,,,,N,3,0,1,2,A,-,10,21950,A,F,G,B,D,A,H,-,A,A,0,Y,,,,Y,,A,07,0,1,0,0,1,0,0,0,0,"- ","- ",,,SONOMA,SONOMA,-122.4679399,38.293899969999998
8078557,2016,2017-02-18,4902,2016-04-07,1818,203,,4,5,2,4902,0,0,0,,0,,"RT 116","RT 101",0.00,,Y,A,-,Y,SON,4,116,-,-,34.980,H,-,E,Y,4,0,1,2,A,-,03,22350,,N,C,C,A,A,H,-,A,A,0,,,,,Y,,A,07,0,0,1,0,0,0,0,0,0,"- ","- ",,,SONOMA,COTATI,-122.71378045,38.331397840000001
8080447,2016,2016-08-03,4908,2016-07-13,0820,2697,7,3,5,5,4908,0,0,0,,0,003,"INDUSTRIAL AV","BENSON WY",0.00,,Y,A,-,N,,,,,,,,,,Y,4,0,1,2,A,-,09,21802,A,N,D,C,A,A,H,-,A,A,0,,,,,Y,,A,01,0,0,1,0,0,0,0,0,0,"- ","- ",,,SONOMA,PETALUMA,-122.6666199,38.266739970000003
8080449,2016,2016-08-03,4908,2016-07-07,1552,2747,3,4,5,5,4908,0,0,0,,0,002,"2ND ST","E ST",0.00,,Y,A,-,N,,,,,,,,,,N,4,0,1,2,A,-,09,21802,A,N,D,C,A,A,H,-,A,A,0,,,,,Y,,A,07,0,0,1,0,0,0,0,0,0,"- ","- ",,,SONOMA,PETALUMA,-122.63533987,38.232709929999999
8081292,2016,2016-08-12,4907,2016-07-23,1852,SD1585,10705,6,5,2,4907,0,0,0,,0,SO1,BROADWAY,"W NAPA ST",0.00,,Y,A,-,N,,,,,,,,,,N,3,0,1,2,A,-,10,21950,A,N,G,B,B,A,H,-,A,A,0,Y,,,,Y,,A,01,0,1,0,0,1,0,0,0,0,"- ","- ",,,SONOMA,SONOMA,-122.45792985,38.291949889999998
8083455,2016,2016-07-19,4904,2016-05-31,1538,450,,2,5,4,4904,0,0,0,,0,,"SNYDER LN","ELEANOR AV",0.00,,Y,A,-,N,,,,,,,,,,N,3,0,1,2,A,-,05,21650,,N,-,G,A,A,H,-,A,A,0,,Y,,,Y,,L,04,0,1,0,0,0,0,1,0,0,"- ","- ",38.361739999999998,-122.6858,SONOMA,"ROHNERT PARK",-122.68578986999999,38.361779970000001
8084323,2016,2017-02-09,4906,2016-06-16,1826,445,4906,4,5,2,4906,0,0,0,,0,,"RT 12","BROWN ST",255.00,E,N,A,-,Y,SON,4,12,-,-,9.390,H,-,W,N,3,0,2,2,A,-,09,21804,A,N,D,C,A,A,H,-,A,A,0,,,,,Y,,A,07,0,1,1,0,0,0,0,0,0,"- ","- ",38.405250000000002,-122.81966,SONOMA,SEBASTOPOL,-122.82153943,38.402458869999997
8085915,2016,2016-07-22,4908,2016-07-13,1758,2939,1,3,5,5,4908,0,0,0,,0,003,"WASHINGTON ST","LIBERTY ST",0.00,,Y,A,-,N,,,,,,,,,,Y,3,0,1,2,A,-,09,21802,A,N,D,C,A,A,H,-,A,A,0,,,,,Y,,A,01,0,1,0,0,0,0,0,0,0,"- ","- ",38.234850000000002,-122.64385,SONOMA,PETALUMA,-122.64388986,38.234879939999999
8086908,2016,2016-08-02,4904,2016-06-23,1828,472,,4,5,4,4904,0,0,0,,0,,"ROHNERT PARK EXPWY","LABATH AV",50.00,E,N,A,-,N,,,,,,,,,,N,4,0,2,2,A,-,21,22106,,N,C,C,A,A,H,-,A,A,0,,,,,Y,,A,01,0,0,2,0,0,0,0,0,0,"- ","- ",38.349220000000003,-122.72121,SONOMA,"ROHNERT PARK",-122.72102581,38.34907303
8086909,2016,2016-07-20,4904,2016-06-04,2153,475,4904,6,5,4,4904,0,0,0,,0,001,"ROHNERT PARK EXPWY","SNYDER LN",385.00,W,N,A,-,N,,,,,,,,,,N,4,0,1,2,A,-,08,22107,,N,D,C,A,A,H,-,C,D,0,,,,,Y,Y,A,01,0,0,1,0,0,0,0,0,0,"- ","- ",38.345790000000001,-122.68553,SONOMA,"ROHNERT PARK",-122.68689268999999,38.345866950000001
8087019,2016,2016-07-18,4908,2016-07-06,1541,2747,8,3,5,5,4908,0,0,0,,0,004,"NORTH MCDOWELL BL","REDWOOD WY",150.00,N,N,A,-,N,,,,,,,,,,N,4,0,1,2,A,-,03,22350,,N,C,C,A,A,H,-,A,D,0,,,,,Y,,A,01,0,0,1,0,0,0,0,0,0,"- ","- ",,,SONOMA,PETALUMA,-122.66744753,38.274587050000001
8088648,2016,2016-08-22,4908,2016-07-28,1340,2697,6,4,5,5,4908,0,0,0,,0,003,"EAST WASHINGTON ST","LAKEVILLE ST",100.00,W,N,A,-,N,,,,,,,,,,Y,3,0,2,2,A,-,03,22350,,N,C,C,A,A,H,-,A,D,0,,,,,Y,,A,01,0,1,1,0,0,0,0,0,0,"- ","- ",,,SONOMA,PETALUMA,-122.63622230999999,38.23784225
8089280,2016,2017-02-28,4906,2016-07-12,1600,406,4906,2,5,2,4906,0,0,0,,0,,"RT 116","HEALDSBURG AV",0.00,,-,A,-,Y,SON,4,116,-,-,26.440,H,-,E,Y,4,0,1,2,A,-,09,21804,A,N,D,C,A,A,H,-,A,A,0,,,,,Y,,A,07,0,0,1,0,0,0,0,0,0,"- ","- ",38.405540000000002,-122.82832999999999,SONOMA,SEBASTOPOL,-122.82723805000001,38.405256540000003
8095717,2016,2016-08-31,4904,2016-06-24,1746,466,,5,5,4,4904,0,0,0,,0,003,"CAMINO COLEGIO","EAST COTATI AV",59.00,N,N,A,-,N,,,,,,,,,,N,3,0,1,2,A,-,09,21804,A,N,B,C,A,A,H,-,A,A,0,,,,,Y,,A,01,0,1,0,0,0,0,0,0,0,"- ","- ",38.33426,-122.68804,SONOMA,"ROHNERT PARK",-122.68816688,38.334431010000003
8095786,2016,2016-08-05,4902,2016-07-28,1817,341,,4,5,2,4902,0,0,0,,0,,"EAST COTATI AV","SANTERO WY",40.00,W,N,A,-,N,,,,,,,,,,Y,4,0,1,2,A,-,03,22350,,N,C,C,A,A,H,-,A,A,0,,,,,Y,,A,01,0,0,1,0,0,0,0,0,0,"- ","- ",,,SONOMA,COTATI,-122.69243437999999,38.331550249999999
8096819,2016,2016-08-12,4900,2016-06-30,2204,SD1391,11101,4,5,3,4980,0,0,0,,0,WI1,"MARKET ST","WINDSOR RIVER RD",0.00,,Y,A,-,N,,,,,,,,,,Y,2,0,2,3,A,-,10,21950,A,N,G,B,B,A,H,-,C,D,0,Y,,,,Y,Y,A,01,2,0,0,0,2,0,0,0,0,"- ","- ",,,SONOMA,WINDSOR,-122.81373991,38.547319969999997
8097144,2016,2017-02-28,4908,2016-08-05,1752,3251,13,5,5,5,4908,0,0,0,,0,001,"LAKEVILLE HWY","CASA GRANDE RD",604.00,W,N,A,-,Y,SON,4,116,-,-,35.650,H,-,W,Y,4,0,1,5,A,-,03,22350,,N,C,C,A,A,H,-,A,D,0,,,,,Y,,A,07,0,0,1,0,0,0,0,0,0,"- ","- ",,,SONOMA,PETALUMA,-122.60579976,38.233607059999997