CASE_ID,ACCIDENT_YEAR,PROC_DATE,JURIS,COLLISION_DATE,COLLISION_TIME,OFFICER_ID,REPORTING_DISTRICT,DAY_OF_WEEK,CHP_SHIFT,POPULATION,CNTY_CITY_LOC,SPECIAL_COND,BEAT_TYPE,CHP_BEAT_TYPE,CITY_DIVISION_LAPD,CHP_BEAT_CLASS,BEAT_NUMBER,PRIMARY_RD,SECONDARY_RD,DISTANCE,DIRECTION,INTERSECTION,WEATHER_1,WEATHER_2,STATE_HWY_IND,CALTRANS_COUNTY,CALTRANS_DISTRICT,STATE_ROUTE,ROUTE_SUFFIX,POSTMILE_PREFIX,POSTMILE,LOCATION_TYPE,RAMP_INTERSECTION,SIDE_OF_HWY,TOW_AWAY,COLLISION_SEVERITY,NUMBER_KILLED,NUMBER_INJURED,PARTY_COUNT,PRIMARY_COLL_FACTOR,PCF_CODE_OF_VIOL,PCF_VIOL_CATEGORY,PCF_VIOLATION,PCF_VIOL_SUBSECTION,HIT_AND_RUN,TYPE_OF_COLLISION,MVIW,PED_ACTION,ROAD_SURFACE,ROAD_COND_1,ROAD_COND_2,LIGHTING,CONTROL_DEVICE,CHP_ROAD_TYPE,PEDESTRIAN_ACCIDENT,BICYCLE_ACCIDENT,MOTORCYCLE_ACCIDENT,TRUCK_ACCIDENT,NOT_PRIVATE_PROPERTY,ALCOHOL_INVOLVED,STWD_VEHTYPE_AT_FAULT,CHP_VEHTYPE_AT_FAULT,COUNT_SEVERE_INJ,COUNT_VISIBLE_INJ,COUNT_COMPLAINT_PAIN,COUNT_PED_KILLED,COUNT_PED_INJURED,COUNT_BICYCLIST_KILLED,COUNT_BICYCLIST_INJURED,COUNT_MC_KILLED,COUNT_MC_INJURED,PRIMARY_RAMP,SECONDARY_RAMP,LATITUDE,LONGITUDE,COUNTY,CITY,POINT_X,POINT_Y
82026302,2022,2023-03-30,4908,2022-06-23,0725,3367,10,4,5,5,4908,0,0,0,,0,004,"MARIA DR","EAST WASHINGTON ST",81.00,N,N,A,-,N,,,,,,,,,,Y,3,0,2,1,A,-,03,22350,,N,E,I,A,A,A,-,A,A,0,,,,,Y,,I,09,0,2,0,0,0,0,0,0,0,"- ","- ",38.252571105957031,-122.62261962890625,SONOMA,PETALUMA,-122.62300109863281,38.25274658203125
82026306,2022,2023-03-23,4908,2022-07-04,1839,3458,3,1,5,5,4908,0,0,0,,0,002,"HOPPER ST","CAULFIELD LN",432.00,S,N,A,-,N,,,,,,,,,,N,4,0,1,2,A,-,09,21804,A,N,D,C,A,A,H,-,A,A,0,,,,,Y,,A,01,0,0,1,0,0,0,0,0,0,"- ","- ",38.233699798583984,-122.62236785888672,SONOMA,PETALUMA,-122.62230682373047,38.233711242675781
82026309,2022,2023-03-23,4908,2022-07-12,1840,2641,2,2,5,5,4908,0,0,0,,0,002,"EAST WASHINGTON ST","HWY 101  S",25.00,E,N,A,-,Y,,,,,,,,,,N,4,0,2,2,A,-,03,22350,,N,C,C,A,A,H,-,A,A,0,,,,,Y,,D,22,0,0,2,0,0,0,0,0,0,"- ","- ",38.246410369873047,-122.62799072265625,SONOMA,PETALUMA,-122.62779235839844,38.246788024902344
82026310,2022,2023-03-24,4908,2022-07-15,2010,2641,6,5,5,5,4908,0,0,0,,0,003,"LAKEVILLE ST","MADISON ST",187.00,W,N,A,-,N,,,,,,,,,,Y,3,0,1,1,A,-,10,21950,A,N,E,J,A,A,H,-,A,A,0,,,Y,,Y,Y,C,02,0,1,0,0,0,0,0,0,1,"- ","- ",38.239429473876953,-122.63931274414062,SONOMA,PETALUMA,-122.63950347900391,38.239959716796875
82026312,2022,2023-03-23,4908,2022-07-21,1158,2747,15,4,5,5,4908,0,0,0,,0,001,"LAKEVILLE HW","HWY 101  N",0.00,,Y,A,-,Y,SON,,116,,,35.046,H,,R,Y,4,0,3,2,A,-,12,21453,A,N,D,C,A,A,H,-,A,A,0,,,,,Y,,D,22,0,0,3,0,0,0,0,0,0,"- ","- ",38.233280181884766,-122.61779022216797,SONOMA,PETALUMA,-122.61781311035156,38.233184814453125
82026313,2022,2023-03-23,4908,2022-07-23,2023,3572,3,6,5,5,4908,0,0,0,,0,002,"PETALUMA BL SOUTH","E ST",120.00,E,N,A,-,N,,,,,,,,,,N,3,0,1,1,B,-,22,,,N,H,A,A,A,H,-,A,D,0,,Y,,,Y,Y,L,04,0,1,0,0,0,0,1,0,0,"- ","- ",38.231758117675781,-122.63616180419922,SONOMA,PETALUMA,-122.63539123535156,38.231899261474609
82026320,2022,2023-03-23,4908,2022-08-13,1413,3668,3,6,5,5,4908,0,0,0,,0,002,"LAKEVILLE ST","SB LAKEVILLE HW OFFRAMP",45.00,W,N,A,-,Y,,,,,,,,,,N,4,0,1,2,A,-,03,22350,,N,C,C,A,A,H,-,A,A,0,,,,,Y,,A,01,0,0,1,0,0,0,0,0,0,"- ","- ",38.234821319580078,-122.62026977539062,SONOMA,PETALUMA,-122.61820983886719,38.233360290527344
82026328,2022,2023-03-23,4908,2022-09-02,1128,3456,1,5,5,5,4908,0,0,0,,0,002,"PETALUMA BL NORTH","WESTERN AV",10.00,N,N,-,-,N,,,,,,,,,,N,3,0,1,1,A,-,03,22350,,N,F,A,A,A,H,-,A,A,0,,Y,,,Y,,L,04,0,1,0,0,0,0,1,0,0,"- ","- ",38.234088897705078,-122.64026641845703,SONOMA,PETALUMA,-122.64028167724609,38.234054565429688
82026337,2022,2023-03-23,4908,2022-09-13,2055,2938,2,2,5,5,4908,0,0,0,,0,002,"EAST WASHINGTON ST","ELLIS ST",45.00,E,N,A,-,Y,,,,,,,,,,Y,4,0,1,1,A,-,01,23152,A,M,E,I,A,A,H,-,C,A,0,,,,,Y,Y,A,01,0,0,1,0,0,0,0,0,0,"- ","- ",38.243759155273438,-122.63086700439453,SONOMA,PETALUMA,-122.63081359863281,38.243873596191406
82026338,2022,2023-03-23,4908,2022-09-14,1505,3383,15,3,5,5,4908,0,0,0,,0,001,"S MCDOWELL BOULEVARD ET","CYPRESS DR",500.00,E,N,A,-,N,,,,,,,,,,Y,3,0,1,1,C,-,18,,,N,E,I,A,A,H,-,A,D,0,,,,,Y,,-,"- ",0,1,0,0,0,0,0,0,0,"- ","- ",38.229068756103516,-122.591796875,SONOMA,PETALUMA,-122.59181213378906,38.229080200195312
82026343,2022,2023-03-23,4908,2022-09-24,1307,2747,9,6,5,5,4908,0,0,0,,0,004,"CORONA RD","SONOMA MOUNTAIN PW",0.00,,Y,A,-,N,,,,,,,,,,N,2,0,1,1,A,-,08,22107,,N,H,A,A,A,H,-,A,D,0,,Y,,,Y,,L,04,1,0,0,0,0,0,1,0,0,"- ","- ",38.268909454345703,-122.654541015625,SONOMA,PETALUMA,-122.65448760986328,38.268966674804688
82026345,2022,2023-03-23,4908,2022-09-26,0017,3550,15,1,5,5,4908,0,0,0,,0,001,"LAKEVILLE HW","PINE VIEW WY",592.00,E,N,B,-,Y,,,,,,,,,,Y,4,0,1,3,A,-,05,21460,A,N,B,C,A,A,H,-,D,A,0,,,,,Y,Y,A,01,0,0,1,0,0,0,0,0,0,"- ","- ",38.230751037597656,-122.58476257324219,SONOMA,PETALUMA,-122.58262634277344,38.230369567871094
82026347,2022,2023-03-23,4908,2022-09-30,1639,2641,8,5,5,5,4908,0,0,0,,0,001,"ELY BL SOUTH","GILRIX ST",0.00,,Y,A,-,N,,,,,,,,,,N,2,0,1,2,A,-,09,21801,A,N,D,C,A,A,H,-,A,A,0,,,Y,,Y,,A,07,1,0,0,0,0,0,0,0,1,"- ","- ",38.254661560058594,-122.61660766601562,SONOMA,PETALUMA,-122.61639404296875,38.255031585693359
82026355,2022,2023-03-23,4908,2022-10-05,1518,2747,13,3,5,5,4908,0,0,0,,0,001,"SOUTH MCDOWELL BL","CAULFIELD LN",0.00,,Y,A,-,N,,,,,,,,,,Y,4,0,1,2,A,-,09,21801,A,N,A,C,A,A,H,-,A,A,0,,,,,Y,,A,01,0,0,1,0,0,0,0,0,0,"- ","- ",38.243179321289062,-122.61518859863281,SONOMA,PETALUMA,-122.61515045166016,38.243167877197266
82026357,2022,2023-03-23,4908,2022-10-05,1748,3367,6,3,5,5,4908,0,0,0,,0,003,"W PAYRAN ST","PETALUMA BL NORTH",329.00,E,N,A,-,N,,,,,,,,,,Y,2,0,1,2,A,-,09,21801,A,N,D,C,A,A,H,-,A,A,0,,,,,Y,,A,01,1,0,0,0,0,0,0,0,0,"- ","- ",38.244701385498047,-122.64505004882812,SONOMA,PETALUMA,-122.64361572265625,38.244991302490234
82026358,2022,2023-03-23,4908,2022-09-08,1906,3458,13,4,5,5,4908,0,0,0,,0,001,"EAST WASHINGTON ST","MARIA DR",0.00,,Y,A,-,N,,,,,,,,,,Y,4,0,1,2,A,-,12,21453,A,N,D,C,A,A,H,-,C,A,0,,,,,Y,,A,07,0,0,1,0,0,0,0,0,0,"- ","- ",38.252571105957031,-122.62261962890625,SONOMA,PETALUMA,-122.62276458740234,38.252620697021484
82026361,2022,2023-03-23,4908,2022-10-15,0905,2747,5,6,5,5,4908,0,0,0,,0,003,"SCHUMAN LN","CINDY LN",140.00,E,N,A,-,N,,,,,,,,,,Y,3,0,1,1,A,-,01,23152,A,N,E,I,A,A,H,-,A,D,0,,,,,Y,Y,A,01,0,1,0,0,0,0,0,0,0,"- ","- ",38.2412109375,-122.65618133544922,SONOMA,PETALUMA,-122.65534973144531,38.241310119628906
82026369,2022,2023-03-23,4908,2022-10-28,2202,3458,11,5,5,5,4908,0,0,0,,0,004,"SONOMA MOUNTAIN PW","EAST WASHINGTON ST",67.00,N,N,A,-,N,,,,,,,,,,N,3,0,1,2,D,-,00,,,N,H,G,A,A,H,-,C,D,0,,Y,,,Y,,-,"- ",0,1,0,0,0,0,1,0,0,"- ","- ",38.256629943847656,-122.61924743652344,SONOMA,PETALUMA,-122.619384765625,38.256706237792969
82026370,2022,2023-03-23,4908,2022-11-02,0909,3593,3,3,5,5,4908,0,0,0,,0,002,"PETALUMA BL SOUTH","MCNEAR AV",300.00,S,N,A,-,N,,,,,,,,,,N,4,0,1,2,A,-,03,22350,,N,C,C,A,A,H,-,A,A,0,,,,,Y,,A,01,0,0,1,0,0,0,0,0,0,"- ","- ",38.227039337158203,-122.62291717529297,SONOMA,PETALUMA,-122.62277984619141,38.227008819580078
82026373,2022,2023-03-23,4908,2022-11-11,1426,3383,1,5,5,5,4908,0,0,0,,0,002,"C ST","6TH ST",0.00,,Y,A,-,N,,,,,,,,,,Y,4,0,2,2,A,-,09,21802,A,N,D,C,A,A,H,-,A,A,0,,,,,Y,,A,07,0,0,2,0,0,0,0,0,0,"- ","- ",38.230190277099609,-122.64000701904297,SONOMA,PETALUMA,-122.63956451416016,38.230442047119141
82026374,2022,2023-03-23,4908,2022-11-12,1534,3367,1,6,5,5,4908,0,0,0,,0,002,"WASHINGTON ST","HOWARD ST",214.00,E,N,A,-,N,,,,,,,,,,Y,3,0,1,2,A,-,09,21801,A,N,A,C,A,A,H,-,A,D,0,,,,,Y,,A,01,0,1,0,0,0,0,0,0,0,"- ","- ",38.234039306640625,-122.64637756347656,SONOMA,PETALUMA,-122.64527893066406,38.234432220458984
82026376,2022,2023-03-23,4908,2022-11-17,1215,3599,7,4,5,5,4908,0,0,0,,0,004,"NORTH MCDOWELL BL","RAND ST",0.00,,Y,A,-,N,,,,,,,,,,Y,3,0,1,2,A,-,09,21801,A,N,D,C,A,A,H,-,A,D,0,,,,,Y,,A,01,0,1,0,0,0,0,0,0,0,"- ","- ",38.26824951171875,-122.65921783447266,SONOMA,PETALUMA,-122.65928649902344,38.268287658691406
82026377,2022,2023-03-23,4908,2022-11-17,1844,2641,7,4,5,5,4908,0,0,0,,0,004,"OLD REDWOOD HW","N MCDOWELL BL (N)",846.00,S,N,A,-,Y,,,,,,,,,,Y,4,0,1,2,A,-,08,22107,,N,B,C,A,A,H,-,C,A,0,,,,,Y,,A,01,0,0,1,0,0,0,0,0,0,"- ","- ",38.280410766601562,-122.66818237304688,SONOMA,PETALUMA,-122.66973114013672,38.273323059082031
82026384,2022,2023-03-23,4908,2022-12-01,1600,3598,7,4,5,5,4908,0,0,0,,0,004,"OLD REDWOOD HW","N MCDOWELL BL (N)",0.00,,Y,A,-,N,,,,,,,,,,N,4,0,1,2,A,-,08,22107,,F,B,C,A,A,H,-,A,A,0,,,,,Y,Y,A,01,0,0,1,0,0,0,0,0,0,"- ","- ",38.280479431152344,-122.668212890625,SONOMA,PETALUMA,-122.6693115234375,38.275623321533203
82026390,2022,2023-03-23,4908,2022-12-18,1710,3458,2,7,5,5,4908,0,0,0,,0,002,"EAST D ST","LAKEVILLE ST",219.00,E,N,A,-,N,,,,,,,,,,N,3,0,1,2,A,-,05,21650,1,N,H,G,A,A,H,-,A,D,0,,Y,,,Y,,L,04,0,1,0,0,0,0,1,0,0,"- ","- ",38.236621856689453,-122.63436889648438,SONOMA,PETALUMA,-122.63355255126953,38.237449645996094
82026396,2022,2023-03-23,4908,2022-12-28,1555,3668,13,3,5,5,4908,0,0,0,,0,001,"LAKEVILLE HW","MARINA AV",490.00,E,N,A,-,Y,SON,,116,,,35.391,H,,R,Y,4,0,1,3,A,-,03,22350,,N,C,C,A,A,H,-,A,D,0,,,,,Y,,A,07,0,0,1,0,0,0,0,0,0,"- ","- ",38.233169555664062,-122.61048126220703,SONOMA,PETALUMA,-122.6104736328125,38.233142852783203
82026401,2023,2023-03-23,4908,2023-01-09,"959 ",3597,5,1,5,5,4908,0,0,0,,0,003,"LIBERTY ST","PROSPECT ST",0.00,,Y,B,-,N,,,,,,,,,,N,3,0,1,2,A,-,12,22450,A,N,D,G,A,B,H,-,A,D,0,,Y,,,Y,,L,04,0,1,0,0,0,0,1,0,0,"- ","- ",38.236251831054688,-122.64534759521484,SONOMA,PETALUMA,-122.64498901367188,38.236507415771484
82026402,2023,2023-03-23,4908,2023-01-13,2040,3458,4,5,5,5,4908,0,0,0,,0,002,"WESTERN AV","HOWARD ST",75.00,W,N,B,-,N,,,,,,,,,,Y,3,0,1,3,A,-,08,22107,,N,G,B,E,B,H,-,C,D,0,Y,,,,Y,,A,01,0,1,0,0,1,0,0,0,0,"- ","- ",38.23284912109375,-122.64389801025391,SONOMA,PETALUMA,-122.6441650390625,38.232795715332031
82026410,2023,2023-03-23,4908,2023-01-18,1734,3458,13,3,5,5,4908,0,0,0,,0,001,"EAST WASHINGTON ST","SOUTH MCDOWELL BL",530.00,W,N,A,-,N,,,,,,,,,,N,4,0,1,2,A,-,03,22350,,N,C,C,A,A,H,-,C,D,0,,,,,Y,,A,01,0,0,1,0,0,0,0,0,0,"- ","- ",38.249179840087891,-122.62574005126953,SONOMA,PETALUMA,-122.62681579589844,38.247959136962891
82026417,2023,2023-03-23,4908,2023-02-01,1214,3383,6,3,5,5,4908,0,0,0,,0,003,"CORONA RD","INDUSTRIAL AV",0.00,,Y,A,-,N,,,,,,,,,,Y,4,0,1,2,A,-,09,21801,A,N,D,C,A,A,H,-,A,D,0,,,,,Y,,D,22,0,0,1,0,0,0,0,0,0,"- ","- ",38.262149810791016,-122.66033935546875,SONOMA,PETALUMA,-122.66033172607422,38.262157440185547
82026420,2023,2023-03-23,4908,2023-02-08,1108,2747,15,3,5,5,4908,0,0,0,,0,001,"LAKEVILLE HW","CASA GRANDE RD",0.00,,Y,A,-,Y,SON,,116," "," ",35.766,H,,R,Y,4,0,3,4,A,-,12,21453,A,N,D,C,A,A,H,-,A,A,0,,,Y,,Y,,A,07,0,0,3,0,0,0,0,0,1,"- ","- ",38.233680725097656,-122.60472869873047,SONOMA,PETALUMA,-122.60472106933594,38.233585357666016
82026423,2023,2023-03-23,4908,2023-02-16,"857 ",2747,7,4,5,5,4908,0,0,0,,0,004,"NORTH MCDOWELL BL","OLD REDWOOD HW (N)",435.00,S,N,A,-,N,,,,,,,,,,Y,4,0,2,3,A,-,03,22350,,N,C,C,A,A,H,-,A,D,0,,,,,Y,,A,01,0,0,2,0,0,0,0,0,0,"- ","- ",38.280479431152344,-122.668212890625,SONOMA,PETALUMA,-122.66806793212891,38.274932861328125
82026424,2023,2023-03-23,4908,2023-02-18,1746,2641,13,6,5,5,4908,0,0,0,,0,001,"EAST WASHINGTON ST","HWY 101 N OFF RAMP",175.00,W,N,B,-,N,,,,,,,,,,Y,4,0,1,2,A,-,03,22350,,N,C,C,A,A,H,-,B,A,0,,,,,Y,,D,22,0,0,1,0,0,0,0,0,0,"- ","- ",38.246891021728516,-122.62750244140625,SONOMA,PETALUMA,-122.62752532958984,38.246852874755859
82026425,2023,2023-03-23,4908,2023-02-20,"907 ",3572,8,1,5,5,4908,0,0,0,,0,004,"SONOMA MOUNTAIN PW","RIESLING RD (E)",0.00,,Y,A,-,N,,,,,,,,,,Y,3,0,4,2,A,-,12,21453,A,N,A,C,A,A,H,-,A,A,0,,,,,Y,,A,01,0,4,0,0,0,0,0,0,0,"- ","- ",38.267929077148438,-122.63935089111328,SONOMA,PETALUMA,-122.64057159423828,38.268638610839844
82026433,2023,2023-03-23,4908,2023-03-16,1715,3458,1,4,5,5,4908,0,0,0,,0,002,"4TH ST","D ST",15.00,N,N,A,-,N,,,,,,,,,,N,3,0,1,1,A,-,01,21200,5,N,H,A,A,A,H,-,B,D,0,,Y,,,Y,Y,L,04,0,1,0,0,0,0,1,0,0,"- ","- ",38.231861114501953,-122.63732147216797,SONOMA,PETALUMA,-122.63734436035156,38.231857299804688
82028672,2023,2023-03-27,4902,2023-03-05,1046,105348,,7,5,2,4902,0,0,0,,0,,"GILBERT CT","WILFORD LN",51.00,W,N,A,-,N,,,,,,,,,,Y,4,0,1,2,A,-,03,22350,,N,D,C,A,A,H,-,A,D,0,,,,,Y,,J,48,0,0,1,0,0,0,0,0,0,"- ","- ",,,SONOMA,COTATI,-122.70836639404297,38.331165313720703
82028891,2023,2023-03-27,4904,2023-03-15,2147,1040565,4904,3,5,4,4904,0,0,0,,0,002,"COMMERCE BLVD","ROHNERT PARK EXPY",143.00,S,N,A,-,N,,,,,,,,,,Y,4,0,1,2,A,-,03,22350,,N,C,C,A,A,H,-,C,A,0,,,,,Y,,A,01,0,0,1,0,0,0,0,0,0,"- ","- ",38.34844970703125,-122.70960998535156,SONOMA,"ROHNERT PARK",-122.70957946777344,38.348136901855469
8202966,2016,2017-02-06,4901,2016-12-11,1812,075,4901,7,5,2,4901,0,0,0,,0,,"N CLOVERDALE BL","CALEDONIAN CT",142.00,S,N,A,-,N,,,,,,,,,,Y,3,0,1,2,A,-,08,22107,,N,B,E,A,A,H,-,C,D,0,,,,,Y,,A,01,0,1,0,0,0,0,0,0,0,"- ","- ",38.809930000000001,-123.02043999999999,SONOMA,CLOVERDALE,-123.02020884,38.809603080000002
82029987,2023,2023-03-28,4904,2023-02-25,1420,1040493,4904,6,5,4,4904,0,0,0,,0,002,"BUSINESS PARK DR","DOWDELL AV",136.00,E,N,A,-,N,,,,,,,,,,N,3,0,1,1,A,-,03,22350,,N,E,I,A,A,H,-,A,A,0,,,,,Y,,A,01,0,1,0,0,0,0,0,0,0,"- ","- ",,,SONOMA,"ROHNERT PARK",-122.71741485595703,38.357700347900391
82032179,2023,2023-03-30,4913,2023-03-13,"820 ",1102798,,1,5,3,4980,0,0,0,,0,,"BROOKS RD SOUTH","JESSICA DR",0.00,,Y,C,-,N,,,,,,,,,,N,4,0,1,2,A,-,03,22350,,N,C,C,A,B,H,-,A,D,0,,,,,Y,,A,07,0,0,1,0,0,0,0,0,0,"- ","- ",,,SONOMA,WINDSOR,-122.80741882324219,38.560428619384766
82034158,2023,2023-03-31,4908,2023-02-14,1614,3341,9,2,5,5,4908,0,0,0,,0,004,"NORTH MCDOWELL BL","SOUTHPOINT BL",580.00,S,N,A,-,N,,,,,,,,,,N,4,0,1,2,A,-,03,22350,,N,C,C,A,A,D,-,A,D,0,,,,,Y,,A,01,0,0,1,0,0,0,0,0,0,"- ","- ",38.261310577392578,-122.64746856689453,SONOMA,PETALUMA,-122.64582824707031,38.260356903076172
82034159,2023,2023-03-31,4908,2023-03-25,1526,2747,7,6,5,5,4908,0,0,0,,0,004,"PETALUMA BL NORTH","AUTO CENTER DR",50.00,N,N,A,-,N,,,,,,,,,,N,4,0,1,2,A,-,03,22350,,N,B,C,A,A,H,-,A,D,0,,,Y,,Y,,C,02,0,0,1,0,0,0,0,0,1,"- ","- ",38.269859313964844,-122.67038726806641,SONOMA,PETALUMA,-122.67041015625,38.269855499267578
82037206,2023,2023-04-05,4905,2023-03-08,1948,1060541,,3,5,6,4905,0,0,0,,0,003,"FULTON RD","GUERNEVILLE RD",60.00,N,N,A,-,N,,,,,,,,,,Y,4,0,1,3,A,-,01,23152,A,F,C,C,A,A,H,-,C,A,0,,,,,Y,Y,D,22,0,0,1,0,0,0,0,0,0,"- ","- ",,,SONOMA,"SANTA ROSA",-122.76963806152344,38.452713012695312
82037207,2023,2023-04-05,4905,2023-03-10,1138,1068920,,5,5,6,4905,0,0,0,,0,007,"STONY POINT RD","GIFFEN AV",0.00,,Y,B,-,N,,,,,,,,,,Y,3,0,1,2,A,-,17,21457,B,N,D,C,A,A,H,-,A,A,0,,,Y,,Y,,A,01,0,1,0,0,0,0,0,0,1,"- ","- ",,,SONOMA,"SANTA ROSA",-122.74018096923828,38.418109893798828
82041494,2023,2023-04-11,4904,2023-03-20,"813 ",1040598,4904,1,5,4,4904,0,0,0,,0,001,"KEISER AVE","KERRY ROAD",412.00,E,N,A,-,N,,,,,,,,,,Y,3,0,1,2,A,-,16,26710,,N,C,C,A,A,H,-,A,D,0,,,,,Y,,A,01,0,1,0,0,0,0,0,0,0,"- ","- ",,,SONOMA,"ROHNERT PARK",-122.67481994628906,38.354148864746094
82043804,2023,2023-04-13,4908,2023-04-11,1225,3668,13,2,5,5,4908,0,0,0,,0,001,"LAKEVILLE HW","HWY 101  N",182.00,E,N,A,-,Y,SON,,116," "," ",35.046,H,,R,Y,4,0,1,2,A,-,03,22350,,N,C,C,A,A,H,-,A,A,0,,,,,Y,,A,07,0,0,1,0,0,0,0,0,0,"- ","- ",38.233280181884766,-122.61779022216797,SONOMA,PETALUMA,-122.61781311035156,38.233184814453125
82044719,2023,2023-04-14,4908,2023-04-11,1449,3593,5,2,5,5,4908,0,0,0,,0,003,"WASHINGTON ST","LIBERTY ST",0.00,,Y,C,-,N,,,,,,,,,,N,4,0,1,2,A,-,12,22450,A,N,D,C,A,A,H,-,A,D,0,,,,,Y,,A,07,0,0,1,0,0,0,0,0,0,"- ","- ",38.234851837158203,-122.64385223388672,SONOMA,PETALUMA,-122.64389038085938,38.234878540039062
8204930,2016,2017-01-11,4903,2016-12-25,1127,1165,2,7,5,3,4903,0,0,0,,0,,"FITCH ST","SHERMAN ST",0.00,,Y,A,-,N,,,,,,,,,,N,3,0,1,2,A,-,09,21804,A,N,D,C,A,A,H,-,A,A,0,,,Y,,Y,,A,01,0,1,0,0,0,0,0,0,1,"- ","- ",,,SONOMA,HEALDSBURG,-122.86721994,38.619269889999998
82049998,2023,2023-04-24,4904,2023-03-19,1822,1040599,RPDPS,7,5,4,4904,0,0,0,,0,001,"GOLF COURSE DR","HILLVIEW WAY",171.00,W,N,A,B,N,,,,,,,,,,Y,3,0,1,2,A,-,07,21658,A,N,E,I,A,B,H,-,A,D,0,,,,,Y,,A,01,0,1,0,0,0,0,0,0,0,"- ","- ",38.367130279541016,-122.68946075439453,SONOMA,"ROHNERT PARK",-122.6900634765625,38.367095947265625
82052206,2023,2023-04-25,4908,2023-03-30,2106,3590,10,4,5,5,4908,0,0,0,,0,004,"NORTH MCDOWELL BL","PROFESSIONAL DR",33.00,S,N,A,-,N,,,,,,,,,,N,4,0,1,1,A,-,08,22107,,N,E,I,A,A,H,-,C,D,0,,,Y,,Y,,C,03,0,0,1,0,0,0,0,0,1,"- ","- ",38.253791809082031,-122.63485717773438,SONOMA,PETALUMA,-122.63450622558594,38.254077911376953
82054224,2023,2023-05-08,4904,2023-04-09,2216,1040596,,7,5,4,4904,0,0,0,,0,,"E COTATI AVE","CAMINO COLEGIO",0.00,,Y,A,-,N,,,,,,,,,,Y,3,0,2,2,A,-,01,23153,A,N,D,C,A,A,H,-,C,A,0,,,,,Y,Y,A,07,0,1,1,0,0,0,0,0,0,"- ","- ",38.334259033203125,-122.68804168701172,SONOMA,"ROHNERT PARK",-122.68803405761719,38.334312438964844
82054278,2023,2023-04-27,4907,2023-04-15,1322,1102826,,6,5,2,4907,0,0,0,,0,,BROADWAY,"CLAY ST",265.00,N,N,A,-,Y,,,,,,,,,,Y,3,0,1,2,A,-,09,21804,A,N,D,C,A,A,H,-,A,D,0,,,,Y,Y,,F,26,0,1,0,0,0,0,0,0,0,"- ","- ",,,SONOMA,SONOMA,-122.45991516113281,38.278350830078125
82059650,2023,2023-05-03,4908,2023-04-10,1300,2641,5,1,5,5,4908,0,0,0,,0,002,"WASHINGTON ST","PETALUMA BL NORTH",25.00,W,N,A,-,N,,,,,,,,,,N,3,0,1,2,A,-,03,22350,,N,C,C,A,A,H,-,B,A,0,,,,,Y,,A,07,0,1,0,0,0,0,0,0,0,"- ","- ",38.235500335693359,-122.64154815673828,SONOMA,PETALUMA,-122.64126586914062,38.235748291015625
82065386,2023,2023-05-10,4908,2023-04-29,1509,3367,2,6,5,5,4908,0,0,0,,0,002,"LAKEVILLE ST","EAST D ST",0.00,,Y,A,-,N,,,,,,,,,,Y,3,0,1,2,A,-,09,21801,A,N,D,C,A,A,H,-,A,A,0,,,,,Y,,A,01,0,1,0,0,0,0,0,0,0,"- ","- ",38.236930847167969,-122.63397216796875,SONOMA,PETALUMA,-122.63400268554688,38.236957550048828
82068481,2023,2023-05-15,4904,2023-03-22,2230,1040525,,3,5,4,4904,0,0,0,,0,,"GOLF COURSE DR","REDWOOD DR",50.00,W,N,B,-,N,,,,,,,,,,N,3,0,1,2,A,-,07,21658,A,N,C,C,A,B,H,-,C,D,0,,,,,Y,Y,A,01,0,1,0,0,0,0,0,0,0,"- ","- ",,,SONOMA,"ROHNERT PARK",-122.71531677246094,38.363269805908203
8206888,2016,2017-01-23,4906,2016-10-19,1305,370,4906,3,5,2,4906,0,0,0,,0,,"BODEGA AV","NELSON WY",29.00,E,N,A,-,N,,,,,,,,,,Y,4,0,2,3,A,-,03,22350,,N,C,C,A,A,H,-,A,A,0,,,,,Y,,D,72,0,0,2,0,0,0,0,0,0,"- ","- ",38.39817,-122.83317,SONOMA,SEBASTOPOL,-122.83306883,38.398142579999998
82073585,2023,2023-05-22,4908,2023-05-16,1919,3458,13,2,5,5,4908,0,0,0,,0,001,"LAKEVILLE HW","BAYWOOD DR",65.00,W,N,A,-,Y,SON,,116," "," ",35.149,H,,R,Y,3,0,2,2,A,-,03,22350,,N,C,C,A,A,H,-,A,A,0,,,,,Y,,A,07,0,2,0,0,0,0,0,0,0,"- ","- ",38.232940673828125,-122.61419677734375,SONOMA,PETALUMA,-122.61419677734375,38.232906341552734
82075796,2023,2023-05-24,4904,2023-04-07,1410,1040580,,5,5,4,4904,0,0,0,,0,,"COMMERCE BLVD","ROHNERT PARK EXPY",405.00,N,N,A,-,N,,,,,,,,,,N,4,0,1,2,A,-,17,21200,A,N,D,G,A,A,H,-,A,D,0,,Y,,,Y,,L,04,0,0,1,0,0,0,1,0,0,"- ","- ",38.348220825195312,-122.70942687988281,SONOMA,"ROHNERT PARK",-122.70961761474609,38.349643707275391