CASE_ID,ACCIDENT_YEAR,PROC_DATE,JURIS,COLLISION_DATE,COLLISION_TIME,OFFICER_ID,REPORTING_DISTRICT,DAY_OF_WEEK,CHP_SHIFT,POPULATION,CNTY_CITY_LOC,SPECIAL_COND,BEAT_TYPE,CHP_BEAT_TYPE,CITY_DIVISION_LAPD,CHP_BEAT_CLASS,BEAT_NUMBER,PRIMARY_RD,SECONDARY_RD,DISTANCE,DIRECTION,INTERSECTION,WEATHER_1,WEATHER_2,STATE_HWY_IND,CALTRANS_COUNTY,CALTRANS_DISTRICT,STATE_ROUTE,ROUTE_SUFFIX,POSTMILE_PREFIX,POSTMILE,LOCATION_TYPE,RAMP_INTERSECTION,SIDE_OF_HWY,TOW_AWAY,COLLISION_SEVERITY,NUMBER_KILLED,NUMBER_INJURED,PARTY_COUNT,PRIMARY_COLL_FACTOR,PCF_CODE_OF_VIOL,PCF_VIOL_CATEGORY,PCF_VIOLATION,PCF_VIOL_SUBSECTION,HIT_AND_RUN,TYPE_OF_COLLISION,MVIW,PED_ACTION,ROAD_SURFACE,ROAD_COND_1,ROAD_COND_2,LIGHTING,CONTROL_DEVICE,CHP_ROAD_TYPE,PEDESTRIAN_ACCIDENT,BICYCLE_ACCIDENT,MOTORCYCLE_ACCIDENT,TRUCK_ACCIDENT,NOT_PRIVATE_PROPERTY,ALCOHOL_INVOLVED,STWD_VEHTYPE_AT_FAULT,CHP_VEHTYPE_AT_FAULT,COUNT_SEVERE_INJ,COUNT_VISIBLE_INJ,COUNT_COMPLAINT_PAIN,COUNT_PED_KILLED,COUNT_PED_INJURED,COUNT_BICYCLIST_KILLED,COUNT_BICYCLIST_INJURED,COUNT_MC_KILLED,COUNT_MC_INJURED,PRIMARY_RAMP,SECONDARY_RAMP,LATITUDE,LONGITUDE,COUNTY,CITY,POINT_X,POINT_Y
8453485,2017,2017-09-25,4908,2017-09-12,1551,2747,5,2,5,5,4908,0,0,0,,0,003,"PETALUMA BLVD N","CINNABAR AV",100.00,N,N,A,-,N,,,,,,,,,,Y,3,0,2,2,A,-,09,21804,A,N,D,C,A,A,H,-,A,D,0,,,,,Y,,D,22,0,1,1,0,0,0,0,0,0,"- ","- ",38.248860000000001,-122.64597999999999,SONOMA,PETALUMA,-122.64606036000001,38.249063020000001
84543416,2024,2025-01-21,4904,2024-12-13,"711 ",1040597,,5,5,4,4904,0,0,0,,0,,"COMMERCE BLVD","ROHNERT PARK EXPY",384.00,N,N,C,-,N,,,,,,,,,,N,3,0,1,2,A,-,09,21804,A,N,D,C,A,B,H,-,C,D,0,,,,,Y,,I,11,0,1,0,0,0,0,0,0,0,"- ","- ",38.348220825195312,-122.70942687988281,SONOMA,"ROHNERT PARK",-122.70961761474609,38.349586486816406
8454376,2017,2017-10-06,4908,2017-09-17,1938,3187,7,7,5,5,4908,0,0,0,,0,003,"PETALUMA BL NORTH","INDUSTRIAL AV",0.00,,Y,A,-,N,,,,,,,,,,Y,4,0,1,4,A,-,12,21453,A,N,D,C,A,A,H,-,C,A,0,,,,Y,Y,,F,55,0,0,1,0,0,0,0,0,0,"- ","- ",38.268909999999998,-122.67058,SONOMA,PETALUMA,-122.67061988,38.268989900000001
8454520,2017,2017-10-13,4908,2017-09-30,2134,3184,1,6,5,5,4908,0,0,0,,0,002,"COPELAND ST","EAST WASHINGTON ST",149.00,S,N,A,-,N,,,,,,,,,,Y,4,0,1,1,A,-,01,23152,A,N,F,I,A,A,H,-,C,D,0,,,,,Y,Y,D,22,0,0,1,0,0,0,0,0,0,"- ","- ",38.237000000000002,-122.63715000000001,SONOMA,PETALUMA,-122.63678772,38.236742100000001
84549801,2025,2025-01-27,4913,2025-01-02,1418,1103112,,4,5,3,4980,0,0,0,,0,,"OLD REDWOOD HW","LAKEWOOD DR",0.00,,Y,B,-,N,,,,,,,,,,N,3,0,1,2,D,-,00,,,F,G,B,B,A,H,-,A,A,0,Y,,,,Y,,-,"- ",0,1,0,0,1,0,0,0,0,"- ","- ",38.546470642089844,-122.80680847167969,SONOMA,WINDSOR,-122.80683135986328,38.546512603759766
84560040,2024,2025-02-03,4905,2024-10-19,"513 ",1060605,,6,5,6,4905,0,0,0,,0,008,"COLGAN AV","SANTA ROSA AV",445.00,E,N,A,-,N,,,,,,,,,,Y,3,0,1,1,A,-,03,22350,,N,E,I,A,A,H,-,C,D,0,,,,,Y,,A,01,0,1,0,0,0,0,0,0,0,"- ","- ",,,SONOMA,"SANTA ROSA",-122.71205902099609,38.42138671875
84560050,2024,2025-02-03,4905,2024-10-20,1122,1068926,,7,5,6,4905,0,0,0,,0,,"4TH ST","FARMERS LN",0.00,,Y,A,-,N,,,,,,,,,,N,4,0,1,2,A,-,08,22107,,N,B,C,A,A,H,-,A,A,0,,,,,Y,,A,07,0,0,1,0,0,0,0,0,0,"- ","- ",,,SONOMA,"SANTA ROSA",-122.68849182128906,38.449630737304688
84560070,2024,2025-02-03,4905,2024-10-29,1704,1060474,,2,5,6,4905,0,0,0,,0,001,"CLEVELAND AV","TERRY LN",710.00,S,N,A,-,N,,,,,,,,,,Y,3,0,1,2,A,-,09,21804,A,N,A,C,A,A,H,-,A,D,0,,,,,Y,,A,01,0,1,0,0,0,0,0,0,0,"- ","- ",,,SONOMA,"SANTA ROSA",-122.72837829589844,38.462261199951172
84560109,2024,2025-02-03,4905,2024-10-30,1610,1060593,,3,5,6,4905,0,0,0,,0,,"FOUNTAINGROVE PW","ROUND BARN BL (E)",193.00,N,N,A,-,N,,,,,,,,,,Y,4,0,1,1,A,-,08,22107,,N,E,I,A,A,H,-,A,D,0,,,,,Y,,A,01,0,0,1,0,0,0,0,0,0,"- ","- ",,,SONOMA,"SANTA ROSA",-122.72554016113281,38.475601196289062
84560182,2024,2025-02-03,4905,2024-11-01,1558,1060550,,5,5,6,4905,0,0,0,,0,,"3RD ST","SANTA ROSA AV",0.00,,Y,B,-,N,,,,,,,,,,Y,3,0,2,2,A,-,09,21801,A,N,A,C,A,A,H,-,A,A,0,,,,,Y,,D,22,0,2,0,0,0,0,0,0,0,"- ","- ",,,SONOMA,"SANTA ROSA",-122.71346282958984,38.439685821533203
84560248,2024,2025-02-03,4905,2024-11-04,"803 ",1060639,,1,5,6,4905,0,0,0,,0,007,"WESTWOOD DR","SOUTHWOOD DR",0.00,,Y,A,-,N,,,,,,,,,,N,2,0,1,2,A,-,12,22450,A,N,D,C,A,A,H,-,A,A,0,,,Y,,Y,,C,03,1,0,0,0,0,0,0,0,1,"- ","- ",,,SONOMA,"SANTA ROSA",-122.73039245605469,38.416969299316406
84560424,2024,2025-02-03,4905,2024-11-11,"846 ",1060408,,1,5,6,4905,0,0,0,,0,,"RANGE AV","RUSSELL AV",0.00,,Y,C,-,N,,,,,,,,,,N,3,0,1,2,A,-,09,21802,A,N,D,G,A,B,H,-,A,A,0,,Y,,,Y,,A,01,0,1,0,0,0,0,1,0,0,"- ","- ",,,SONOMA,"SANTA ROSA",-122.73264312744141,38.469131469726562
84560493,2024,2025-02-03,4905,2024-11-11,1534,1060445,,1,5,6,4905,0,0,0,,0,004,"FOUNTAINGROVE PW","WB FOUNTAINGROVE PKY OFFRAMP",45.00,E,N,B,-,N,,,,,,,,,,Y,4,0,1,1,A,-,03,22350,,N,E,I,A,A,H,-,A,D,0,,,,,Y,,B,01,0,0,1,0,0,0,0,0,0,"- ","- ",,,SONOMA,"SANTA ROSA",,
84560593,2024,2025-02-03,4905,2024-11-14,"944 ",1060576,,4,5,6,4905,0,0,0,,0,009,"3RD ST","E ST",0.00,,Y,B,-,N,,,,,,,,,,Y,4,0,1,2,A,-,12,21453,A,N,D,C,A,B,H,-,A,A,0,,,,,Y,,A,01,0,0,1,0,0,0,0,0,0,"- ","- ",,,SONOMA,"SANTA ROSA",-122.71012115478516,38.441131591796875
84560603,2024,2025-02-03,4905,2024-11-14,1612,1060541,,4,5,6,4905,0,0,0,,0,005,"SEBASTOPOL RD","KENMORE LN",0.00,,Y,B,-,N,,,,,,,,,,Y,4,0,1,2,A,-,09,21804,A,N,D,C,A,A,H,-,A,D,0,,,,,Y,Y,D,22,0,0,1,0,0,0,0,0,0,"- ","- ",,,SONOMA,"SANTA ROSA",-122.74311065673828,38.426750183105469
84560623,2024,2025-02-03,4905,2024-11-15,1700,1060552,,5,5,6,4905,0,0,0,,0,006,"MONTGOMERY DR","HALLIN DR",1930.00,E,N,A,-,N,,,,,,,,,,Y,3,0,1,1,A,-,08,22107,,N,E,I,A,A,H,-,D,D,0,,,,,Y,,A,01,0,1,0,0,0,0,0,0,0,"- ","- ",,,SONOMA,"SANTA ROSA",-122.65962219238281,38.461750030517578
84560646,2024,2025-02-03,4905,2024-11-18,1535,1060636,,1,5,6,4905,0,0,0,,0,006,"MONTGOMERY DR","YULUPA AV",326.00,W,N,A,-,N,,,,,,,,,,Y,4,0,1,2,A,-,08,22107,,N,B,C,A,A,H,-,A,D,0,,,,,Y,,A,01,0,0,1,0,0,0,0,0,0,"- ","- ",,,SONOMA,"SANTA ROSA",-122.68016815185547,38.448902130126953
84560663,2024,2025-02-03,4905,2024-11-12,1529,1060509,,2,5,6,4905,0,0,0,,0,007,"SEBASTOPOL RD","LOMBARDI CT",480.00,E,N,A,-,N,,,,,,,,,,Y,3,0,1,2,A,-,03,22350,,N,C,C,A,A,H,-,A,A,0,,,,,Y,,A,01,0,1,0,0,0,0,0,0,0,"- ","- ",,,SONOMA,"SANTA ROSA",-122.7467041015625,38.426448822021484
84560735,2024,2025-02-03,4905,2024-11-26,1408,1068911,,2,5,6,4905,0,0,0,,0,006,"SUMMERFIELD RD","KANSAS DR",0.00,,Y,B,-,N,,,,,,,,,,Y,3,0,1,2,A,-,08,22107,,N,B,C,A,A,H,-,A,D,0,,,,,Y,,A,01,0,1,0,0,0,0,0,0,0,"- ","- ",,,SONOMA,"SANTA ROSA",-122.66661071777344,38.448097229003906
84560745,2024,2025-02-03,4905,2024-11-27,1614,1060597,,3,5,6,4905,0,0,0,,0,,"FARMERS LN","VALLEJO ST",0.00,,Y,A,-,N,,,,,,,,,,N,3,0,1,2,A,-,10,21950,A,N,G,B,B,A,H,-,A,A,0,Y,,,,Y,,A,01,0,1,0,0,1,0,0,0,0,"- ","- ",,,SONOMA,"SANTA ROSA",-122.68740081787109,38.437759399414062
84560762,2024,2025-02-03,4905,2024-11-29,"750 ",1060474,,5,5,6,4905,0,0,0,,0,002,"BRYDEN LN","AUSTIN WY",125.00,E,N,A,-,N,,,,,,,,,,Y,3,0,1,3,A,-,03,22350,,N,C,C,A,A,H,-,A,D,0,,,,,Y,,A,01,0,1,0,0,0,0,0,0,0,"- ","- ",,,SONOMA,"SANTA ROSA",-122.69793701171875,38.451000213623047
84560839,2024,2025-02-03,4905,2024-12-06,1350,1068926,,5,5,6,4905,0,0,0,,0,,"STONY POINT RD","OCCIDENTAL RD",75.00,S,N,A,-,N,,,,,,,,,,Y,4,0,2,4,A,-,03,22350,,N,B,C,A,A,H,-,A,A,0,,,,,Y,,A,01,0,0,2,0,0,0,0,0,0,"- ","- ",,,SONOMA,"SANTA ROSA",-122.74193572998047,38.431583404541016
84560884,2024,2025-02-03,4905,2024-12-12,"746 ",1060337,,4,5,6,4905,0,0,0,,0,008,"MAPLE AV","BROOKWOOD AV",0.00,,Y,A,-,Y,,,,,,,,,,Y,4,0,2,2,A,-,17,21461,A,N,D,C,A,B,H,-,A,A,0,,,,,Y,,A,01,0,0,2,0,0,0,0,0,0,"- ","- ",,,SONOMA,"SANTA ROSA",-122.69940185546875,38.4339599609375
84560901,2024,2025-02-03,4905,2024-12-13,1053,1060527,,5,5,6,4905,0,0,0,,0,002,"TERRACE WY","FRANKLIN AV",200.00,E,N,C,-,N,,,,,,,,,,N,3,0,1,2,A,-,11,21954,A,N,G,B,D,B,H,-,A,D,0,Y,,,,Y,,N,60,0,1,0,0,1,0,0,0,0,"- ","- ",,,SONOMA,"SANTA ROSA",-122.70318603515625,38.453941345214844
84560915,2024,2025-02-03,4905,2024-12-16,"728 ",1068927,,1,5,6,4905,0,0,0,,0,004,"FOUNTAINGROVE PW","THOMAS LAKE HARRIS DR (S)",0.00,,Y,C,-,N,,,,,,,,,,Y,4,0,2,2,D,-,00,,,N,D,C,A,B,H,-,B,A,0,,,,,Y,,-,"- ",0,0,2,0,0,0,0,0,0,"- ","- ",,,SONOMA,"SANTA ROSA",-122.72019958496094,38.479789733886719
84561082,2025,2025-02-03,4905,2025-01-11,1521,1060639,,6,5,6,4905,0,0,0,,0,009,"BROOKWOOD AV","4TH ST",0.00,,Y,A,-,N,,,,,,,,,,Y,4,0,2,2,A,-,12,21453,A,N,D,C,A,A,H,-,A,A,0,,,,,Y,,A,07,0,0,2,0,0,0,0,0,0,"- ","- ",,,SONOMA,"SANTA ROSA",-122.707275390625,38.443519592285156
84563460,2025,2025-02-04,4905,2025-01-23,1941,1060561,,4,5,6,4905,0,0,0,,0,006,"MONTGOMERY DR","SUMMERFIELD RD",380.00,E,N,A,-,N,,,,,,,,,,Y,3,0,2,2,A,-,07,21658,A,N,B,E,A,A,H,-,C,D,0,,,,,Y,Y,A,01,0,1,1,0,0,0,0,0,0,"- ","- ",,,SONOMA,"SANTA ROSA",-122.67195129394531,38.455970764160156
84570834,2025,2025-02-10,4905,2025-01-06,1658,1060597,,1,5,6,4905,0,0,0,,0,008,"SANTA ROSA AV","KAWANA SPRINGS RD",0.00,,Y,A,-,N,,,,,,,,,,N,3,0,1,2,A,-,12,21453,A,N,E,J,A,A,H,-,B,A,0,,,,,Y,,-,99,0,1,0,0,0,0,0,0,0,"- ","- ",,,SONOMA,"SANTA ROSA",-122.71356201171875,38.416465759277344
84570842,2025,2025-02-10,4905,2025-01-21,1915,1060474,,2,5,6,4905,0,0,0,,0,005,"SEBASTOPOL RD","ROBERTS AV",0.00,,Y,A,-,N,,,,,,,,,,Y,3,0,1,2,A,-,03,22350,,N,C,C,A,A,H,-,C,D,0,,,,,Y,,A,07,0,1,0,0,0,0,0,0,0,"- ","- ",,,SONOMA,"SANTA ROSA",-122.72280120849609,38.431186676025391
8457622,2017,2017-10-09,4905,2017-09-06,1722,SR440,10601,3,5,6,4905,0,0,0,,0,001,"CLEVELAND AV","TERRY LN",234.00,S,N,A,-,N,,,,,,,,,,N,4,0,1,3,A,-,03,22350,,N,C,C,A,A,H,-,A,A,0,,,,,Y,,D,22,0,0,1,0,0,0,0,0,0,"- ","- ",,,SONOMA,"SANTA ROSA",-122.72838878,38.463567300000001
8457646,2017,2018-05-18,4905,2017-09-11,0852,SR422,10604,1,5,6,4905,0,0,0,,0,004,"RT 12","FARMERS LN",900.00,E,N,A,-,Y,SON,4,12,-,-,17.930,H,-,W,Y,4,0,2,4,A,-,03,22350,,N,C,C,A,A,H,-,A,D,0,,,,,Y,,A,07,0,0,2,0,0,0,0,0,0,"- ","- ",,,SONOMA,"SANTA ROSA",-122.68463041,38.449546359999999
8457649,2017,2017-10-05,4905,2017-09-15,1203,SR8708,10602,5,5,6,4905,0,0,0,,0,002,"MENDOCINO AV","FOUNTAINGROVE PKWY",15.00,S,N,A,-,N,,,,,,,,,,N,4,0,1,2,A,-,03,22350,,N,C,C,A,A,H,-,A,A,0,,,,,Y,,D,22,0,0,1,0,0,0,0,0,0,"- ","- ",,,SONOMA,"SANTA ROSA",-122.72862842000001,38.474694919999997
8457662,2017,2017-10-04,4905,2017-08-21,1731,SR439,1060,1,5,6,4905,0,0,0,,0,008,"PETALUMA HILL RD","PRESSLEY ST",0.00,,Y,B,-,N,,,,,,,,,,N,4,0,1,2,A,-,09,21804,A,M,D,C,A,A,H,-,A,A,0,,,,,Y,,D,22,0,0,1,0,0,0,0,0,0,"- ","- ",,,SONOMA,"SANTA ROSA",-122.71038991,38.427609949999997
8457663,2017,2018-07-06,4905,2017-08-12,1159,SR8917,10606,6,5,6,4905,0,0,0,,0,006,"RT 12","VILLAGE  PKWY",25.00,W,N,A,-,Y,SON,4,12,-,-,18.470,H,-,W,Y,4,0,1,3,A,-,03,22350,,N,C,C,A,A,H,-,A,A,0,,,,,Y,,A,01,0,0,1,0,0,0,0,0,0,"- ","- ",,,SONOMA,"SANTA ROSA",-122.67878229999999,38.456160310000001
8457667,2017,2017-10-04,4905,2017-08-22,1722,SR474,10605,2,5,6,4905,0,0,0,,0,005,"DUTTON AV","SEBASTOPOL RD",340.00,N,N,A,-,N,,,,,,,,,,Y,3,0,2,3,A,-,09,21801,A,N,D,C,A,A,H,-,A,D,0,,,,,Y,,D,22,0,1,1,0,0,0,0,0,0,"- ","- ",,,SONOMA,"SANTA ROSA",-122.72562465999999,38.431518339999997
8457678,2017,2017-10-04,4905,2017-08-29,0927,SR215,10606,2,5,6,4905,0,0,0,,0,006,"MONTGOMERY DR","HAHMAN DR",530.00,E,N,A,-,N,,,,,,,,,,Y,4,0,1,2,A,-,08,22107,,N,C,E,A,A,H,-,A,D,0,,,,,Y,,A,01,0,0,1,0,0,0,0,0,0,"- ","- ",,,SONOMA,"SANTA ROSA",-122.68462129,38.447487809999998
84577371,2024,2025-02-13,4904,2024-11-21,"809 ",1040590,,4,5,4,4904,0,0,0,,0,,"MONET PL","MAURICE AVE",0.00,,Y,C,-,N,,,,,,,,,,N,4,0,1,2,A,-,09,21801,A,N,G,B,B,B,H,-,A,A,0,Y,,,,Y,,A,01,0,0,1,0,1,0,0,0,0,"- ","- ",38.334060668945312,-122.68257904052734,SONOMA,"ROHNERT PARK",-122.68257141113281,38.334400177001953
8457828,2017,2017-10-04,4905,2017-09-11,1208,SR284,10609,1,5,6,4905,0,0,0,,0,009,"3RD ST","D ST",0.00,,Y,A,-,N,,,,,,,,,,N,4,0,1,2,A,-,09,21801,A,N,D,G,A,A,H,-,A,A,0,,Y,,,Y,,A,01,0,0,1,0,0,0,1,0,0,"- ","- ",,,SONOMA,"SANTA ROSA",-122.71177991,38.440389920000001
8457832,2017,2017-10-04,4905,2017-09-12,1557,SR284,10602,2,5,6,4905,0,0,0,,0,002,"MENDOCINO AV","STEELE LN",153.00,N,N,A,-,N,,,,,,,,,,Y,3,0,2,2,A,-,08,22107,,N,B,C,A,A,H,-,A,D,0,,,,,Y,,A,07,0,2,0,0,0,0,0,0,0,"- ","- ",,,SONOMA,"SANTA ROSA",-122.71733795999999,38.46141592
8457840,2017,2017-10-04,4905,2017-09-08,1615,SR383,10603,5,5,6,4905,0,0,0,,0,003,"PINER RD","BAY VILLAGE CIR",0.00,,Y,A,-,N,,,,,,,,,,Y,4,0,2,3,A,-,09,21801,A,N,A,C,A,A,H,-,A,A,0,,,,,Y,,A,07,0,0,2,0,0,0,0,0,0,"- ","- ",,,SONOMA,"SANTA ROSA",-122.74865993,38.467299959999998
8457846,2017,2017-10-06,4905,2017-08-30,1032,SR440,1060,3,5,6,4905,0,0,0,,0,002,"ADMINISTRATION DR","COUNTY CENTER DR",0.00,,Y,A,-,N,,,,,,,,,,N,4,0,1,2,A,-,10,21950,A,M,G,B,B,A,H,-,A,A,0,Y,,,,Y,,A,07,0,0,1,0,1,0,0,0,0,"- ","- ",,,SONOMA,"SANTA ROSA",-122.72593986,38.464179950000002
8457850,2017,2017-10-06,4905,2017-08-05,2150,SR394,,6,5,6,4905,0,0,0,,0,002,"MENDOCINO AV","DENTON WY",54.00,N,N,A,-,N,,,,,,,,,,Y,2,0,1,2,A,-,11,21950,B,N,G,B,B,A,H,-,C,A,0,Y,,,,Y,,N,60,1,0,0,0,1,0,0,0,0,"- ","- ",,,SONOMA,"SANTA ROSA",-122.71761382,38.448748250000001
8457854,2017,2017-10-06,4905,2017-08-17,1545,SR8911,10604,4,5,6,4905,0,0,0,,0,004,"BENJAMIN RD","MONTECITO BL",0.00,,Y,A,-,N,,,,,,,,,,N,4,0,1,2,A,-,05,21650,,N,D,G,A,A,H,-,A,A,0,,Y,,,Y,,L,04,0,0,1,0,0,0,1,0,0,"- ","- ",,,SONOMA,"SANTA ROSA",-122.66796995999999,38.476989889999999
8457870,2017,2017-10-06,4905,2017-08-10,1644,SR473,,4,5,6,4905,0,0,0,,0,003,"FULTON RD","GUERNEVILLE RD",200.00,N,N,A,-,N,,,,,,,,,,Y,3,0,1,2,A,-,09,21804,A,N,D,C,A,A,H,-,A,D,0,,,Y,,Y,Y,A,01,0,1,0,0,0,0,0,0,1,"- ","- ",,,SONOMA,"SANTA ROSA",-122.76965678000001,38.45309898
8457874,2017,2017-10-09,4905,2017-08-25,0800,SR215,,5,5,6,4905,0,0,0,,0,003,"PINER RD","PETERSON LN",350.00,E,N,A,-,N,,,,,,,,,,Y,4,0,1,2,A,-,03,22350,,N,C,C,A,A,H,-,A,D,0,,,,,Y,,A,01,0,0,1,0,0,0,0,0,0,"- ","- ",,,SONOMA,"SANTA ROSA",-122.76146726,38.467140000000001
8457898,2017,2017-10-09,4905,2017-08-30,1212,SR413,,3,5,6,4905,0,0,0,,0,003,"FULTON RD","WOOD RD",290.00,S,N,A,-,N,,,,,,,,,,Y,4,0,1,2,A,-,03,22350,,N,C,C,A,A,H,-,A,D,0,,,,,Y,,A,01,0,0,1,0,0,0,0,0,0,"- ","- ",,,SONOMA,"SANTA ROSA",-122.76982561,38.480843409999999
8457932,2017,2017-10-06,4905,2017-08-19,2326,SR525,10604,6,5,6,4905,0,0,0,,0,004,"FOUNTAINGROVE PKWY","THOMAS LAKE HARRIS DR",800.00,W,N,A,-,N,,,,,,,,,,Y,3,0,1,2,A,-,17,21461,A,N,D,C,A,A,H,-,C,D,0,,,,,Y,,A,07,0,1,0,0,0,0,0,0,0,"- ","- ",,,SONOMA,"SANTA ROSA",-122.72110564,38.477851489999999
8457952,2017,2017-10-19,4905,2017-08-18,1810,SR481,10608,5,5,6,4905,0,0,0,,0,008,"SANTA ROSA AV","BENNETT VALLEY RD",25.00,N,N,A,-,N,,,,,,,,,,N,4,0,1,2,A,-,08,22107,,N,H,C,A,A,H,-,A,D,0,,,,,Y,,-,"- ",0,0,1,0,0,0,0,0,0,"- ","- ",,,SONOMA,"SANTA ROSA",-122.71111285000001,38.430577919999998
8457960,2017,2017-10-06,4905,2017-08-22,2043,SR484,10608,2,5,6,4905,0,0,0,,0,008,"PATIO CT","FARMERS LN",0.00,,Y,A,-,N,,,,,,,,,,N,4,0,2,2,A,-,03,22350,,M,C,C,A,A,H,-,C,A,0,,,,,Y,,A,07,0,0,2,0,0,0,0,0,0,"- ","- ",,,SONOMA,"SANTA ROSA",-122.6872699,38.441699919999998
8457964,2017,2017-10-06,4905,2017-08-10,1203,SR413,10601,4,5,6,4905,0,0,0,,0,001,"PINER RD","INDUSTRIAL DR",150.00,W,N,A,-,N,,,,,,,,,,Y,4,0,1,2,A,-,03,22350,,N,C,C,A,A,H,-,A,D,0,,,,,Y,,A,01,0,0,1,0,0,0,0,0,0,"- ","- ",,,SONOMA,"SANTA ROSA",-122.73998118,38.471171419999997
8457976,2017,2017-10-06,4905,2017-08-15,1915,SR8703,10605,2,5,6,4905,0,0,0,,0,005,"SEBASTOPOL RD","KENMORE LN",0.00,,Y,A,-,N,,,,,,,,,,Y,3,0,1,2,A,-,09,21804,A,N,D,C,A,A,H,-,A,D,0,,,,,Y,,A,01,0,1,0,0,0,0,0,0,0,"- ","- ",,,SONOMA,"SANTA ROSA",-122.74304988,38.426749970000003
84580542,2025,2025-02-17,4904,2025-01-28,2038,1040607,,2,5,4,4904,0,0,0,,0,,"GOLF COURSE DR","SB GOLF COURSE DR W OFFRAMP",0.00,,Y,A,-,N,,,,,,,,,,N,4,0,1,2,-,-,"- ",,,N,D,C,A,A,H,-,C,A,0,,,,,Y,,-,"- ",0,0,1,0,0,0,0,0,0,"- ","- ",38.363338470458984,-122.71317291259766,SONOMA,"ROHNERT PARK",-122.71324920654297,38.363273620605469
84580613,2025,2025-02-17,4905,2025-01-18,1810,1060559,,6,5,6,4905,0,0,0,,0,004,"MOUNTAIN HAWK","EVENING WY",30.00,S,N,A,-,N,,,,,,,,,,Y,4,0,1,1,A,-,05,21650,,N,E,I,A,A,H,-,C,D,0,,,,,Y,,A,01,0,0,1,0,0,0,0,0,0,"- ","- ",,,SONOMA,"SANTA ROSA",-122.64334869384766,38.463958740234375
84580964,2025,2025-02-17,4913,2025-01-31,1515,1102272,,5,5,3,4980,0,0,0,,0,008,"OLD REDWOOD HW","ALDEN LN",246.00,W,N,C,-,N,,,,,,,,,,N,3,0,1,1,A,-,03,22350,,N,E,I,A,B,H,-,A,A,0,,,,,Y,,D,22,0,1,0,0,0,0,0,0,0,"- ","- ",38.543460845947266,-122.80050659179688,SONOMA,WINDSOR,-122.80123901367188,38.543792724609375
84580980,2025,2025-02-17,4905,2025-01-23,1710,1060474,,4,5,6,4905,0,0,0,,0,003,"COLLEGE AV","LINK LN",60.00,E,N,A,-,N,,,,,,,,,,N,4,0,1,2,A,-,09,21804,A,N,D,C,A,A,H,-,A,D,0,,,,,Y,,A,01,0,0,1,0,0,0,0,0,0,"- ","- ",,,SONOMA,"SANTA ROSA",-122.73394012451172,38.445648193359375
84581363,2025,2025-02-17,4905,2025-02-06,1320,1060408,,4,5,6,4905,0,0,0,,0,,"SONOMA AV","DOYLE PARK DR",290.00,W,N,C,-,N,,,,,,,,,,N,4,0,1,2,A,-,09,21804,A,N,D,C,A,B,H,-,A,D,0,,,,,Y,,A,01,0,0,1,0,0,0,0,0,0,"- ","- ",,,SONOMA,"SANTA ROSA",-122.69915771484375,38.441394805908203
84592320,2025,2025-02-28,4905,2025-02-14,1858,1060561,,5,5,6,4905,0,0,0,,0,004,"HWY 12","BOAS DR",0.00,,Y,A,-,Y,,,,,,,,,,Y,4,0,1,2,A,-,09,21802,A,N,D,C,A,A,H,-,C,A,0,,,,,Y,,A,01,0,0,1,0,0,0,0,0,0,"- ","- ",,,SONOMA,"SANTA ROSA",-122.65780639648438,38.465099334716797
84592321,2025,2025-02-28,4905,2025-02-15,2314,1060561,,6,5,6,4905,0,0,0,,0,009,"3RD ST","B ST",0.00,,Y,A,-,N,,,,,,,,,,N,2,0,1,2,A,-,11,21954,A,N,G,B,B,A,H,-,C,A,0,Y,,,,Y,Y,N,60,1,0,0,0,1,0,0,0,0,"- ","- ",,,SONOMA,"SANTA ROSA",-122.71507263183594,38.438926696777344
84593382,2025,2025-03-03,4905,2025-02-14,1520,1060474,,5,5,6,4905,0,0,0,,0,006,"SUMMERFIELD RD","HILLSBORO WY",300.00,S,N,A,-,N,,,,,,,,,,Y,3,0,1,1,A,-,08,22107,,N,E,I,A,A,H,-,A,D,0,,,,,Y,,D,22,0,1,0,0,0,0,0,0,0,"- ","- ",,,SONOMA,"SANTA ROSA",-122.65933990478516,38.4278564453125
84593395,2025,2025-03-03,4905,2025-02-17,1142,1068926,,1,5,6,4905,0,0,0,,0,,"WHITE OAK DR","OAKMONT DR",0.00,,Y,A,-,N,,,,,,,,,,N,3,0,2,3,A,-,10,21950,A,N,G,B,B,A,H,-,A,A,0,Y,,,,Y,,A,01,0,2,0,0,2,0,0,0,0,"- ","- ",,,SONOMA,"SANTA ROSA",-122.60431671142578,38.440952301025391
84593783,2025,2025-03-03,4905,2025-02-19,1156,1060337,,3,5,6,4905,0,0,0,,0,,"D ST","4TH ST",0.00,,Y,B,-,N,,,,,,,,,,N,4,0,1,2,A,-,10,21950,A,N,G,B,B,B,H,-,A,A,0,Y,,,,Y,,D,23,0,0,1,0,1,0,0,0,0,"- ","- ",,,SONOMA,"SANTA ROSA",-122.71240234375,38.441230773925781
84595392,2025,2025-03-04,4905,2025-02-19,1813,1060550,,3,5,6,4905,0,0,0,,0,006,"VALLEY OAKS DR","OAKMONT DR",70.00,N,N,A,-,N,,,,,,,,,,N,2,0,1,2,A,-,03,22350,,N,C,G,A,A,H,-,B,D,0,,Y,,,Y,,L,04,1,0,0,0,0,0,1,0,0,"- ","- ",,,SONOMA,"SANTA ROSA",-122.58851623535156,38.430156707763672
84595393,2025,2025-03-04,4905,2025-02-20,1308,1060499,,4,5,6,4905,0,0,0,,0,002,"MENDOCINO AV","FOUNTAINGROVE PW",0.00,,Y,A,-,N,,,,,,,,,,Y,3,0,2,2,A,-,08,22107,,N,A,C,A,A,H,-,A,A,0,,,,,Y,,A,01,0,2,0,0,0,0,0,0,0,"- ","- ",,,SONOMA,"SANTA ROSA",-122.72866821289062,38.474720001220703
84595395,2025,2025-03-04,4905,2025-02-20,2132,1060550,,4,5,6,4905,0,0,0,,0,008,"BROOKWOOD AV","MAPLE AV",0.00,,Y,A,-,N,,,,,,,,,,Y,3,0,2,2,A,-,09,21801,A,N,A,C,A,A,H,-,C,A,0,,,,,Y,,A,01,0,2,0,0,0,0,0,0,0,"- ","- ",,,SONOMA,"SANTA ROSA",-122.69940185546875,38.4339599609375