CASE_ID,ACCIDENT_YEAR,PROC_DATE,JURIS,COLLISION_DATE,COLLISION_TIME,OFFICER_ID,REPORTING_DISTRICT,DAY_OF_WEEK,CHP_SHIFT,POPULATION,CNTY_CITY_LOC,SPECIAL_COND,BEAT_TYPE,CHP_BEAT_TYPE,CITY_DIVISION_LAPD,CHP_BEAT_CLASS,BEAT_NUMBER,PRIMARY_RD,SECONDARY_RD,DISTANCE,DIRECTION,INTERSECTION,WEATHER_1,WEATHER_2,STATE_HWY_IND,CALTRANS_COUNTY,CALTRANS_DISTRICT,STATE_ROUTE,ROUTE_SUFFIX,POSTMILE_PREFIX,POSTMILE,LOCATION_TYPE,RAMP_INTERSECTION,SIDE_OF_HWY,TOW_AWAY,COLLISION_SEVERITY,NUMBER_KILLED,NUMBER_INJURED,PARTY_COUNT,PRIMARY_COLL_FACTOR,PCF_CODE_OF_VIOL,PCF_VIOL_CATEGORY,PCF_VIOLATION,PCF_VIOL_SUBSECTION,HIT_AND_RUN,TYPE_OF_COLLISION,MVIW,PED_ACTION,ROAD_SURFACE,ROAD_COND_1,ROAD_COND_2,LIGHTING,CONTROL_DEVICE,CHP_ROAD_TYPE,PEDESTRIAN_ACCIDENT,BICYCLE_ACCIDENT,MOTORCYCLE_ACCIDENT,TRUCK_ACCIDENT,NOT_PRIVATE_PROPERTY,ALCOHOL_INVOLVED,STWD_VEHTYPE_AT_FAULT,CHP_VEHTYPE_AT_FAULT,COUNT_SEVERE_INJ,COUNT_VISIBLE_INJ,COUNT_COMPLAINT_PAIN,COUNT_PED_KILLED,COUNT_PED_INJURED,COUNT_BICYCLIST_KILLED,COUNT_BICYCLIST_INJURED,COUNT_MC_KILLED,COUNT_MC_INJURED,PRIMARY_RAMP,SECONDARY_RAMP,LATITUDE,LONGITUDE,COUNTY,CITY,POINT_X,POINT_Y
84927070,2025,2025-11-13,4913,2025-10-28,"750 ",1102743,,2,5,3,4980,0,0,0,,0,008,"OLD REDWOOD HW","RICHARDSON ST",0.00,,Y,A,-,N,,,,,,,,,,N,3,0,1,2,A,-,09,21804,A,N,D,G,A,A,H,-,A,B,0,,Y,,,Y,,L,04,0,1,0,0,0,0,1,0,0,"- ","- ",38.548728942871094,-122.8118896484375,SONOMA,WINDSOR,-122.81179809570312,38.548690795898438
84931709,2025,2025-11-17,4904,2025-10-19,1509,1040567,,7,5,4,4904,0,0,0,,0,,"COUNTRY CLUB DR","SANTA DOROTEA CIR (N)",30.00,N,N,A,-,N,,,,,,,,,,Y,3,0,1,2,A,-,01,23152,A,F,C,C,A,A,H,-,A,A,0,,,,,Y,Y,D,82,0,1,0,0,0,0,0,0,0,"- ","- ",38.355098724365234,-122.69403839111328,SONOMA,"ROHNERT PARK",-122.69561767578125,38.352031707763672
8493189,2017,2018-07-06,4906,2017-08-13,2115,433,4906,7,5,2,4906,0,0,0,,0,,"LAGUNA  PKWY","RT 116",13.00,N,N,A,-,Y,SON,4,116,-,R,26.740,H,-,E,N,4,0,1,1,A,-,03,22350,,N,E,I,A,A,H,-,C,A,0,,Y,,,Y,,L,04,0,0,1,0,0,0,1,0,0,"- ","- ",38.403759999999998,-122.82344999999999,SONOMA,SEBASTOPOL,-122.82411338,38.40195868
8493204,2017,2018-07-06,4906,2017-11-02,1425,451,4906,4,5,2,4906,0,0,0,,0,,"DR 116","ABBOTT AV",22.00,N,N,A,-,Y,SON,4,116,-,R,26.900,H,-,E,Y,3,0,1,2,A,-,08,22107,,N,B,C,A,A,H,-,A,A,0,,,Y,,Y,,A,07,0,1,0,0,0,0,0,0,1,"- ","- ",38.40108,-122.8224,SONOMA,SEBASTOPOL,-122.82293009999999,38.39983161
8493226,2017,2018-05-18,4906,2017-09-12,1658,433,4906,2,5,2,4906,0,0,0,,0,,"MAIN ST","LITCHFIELD AV",56.00,S,N,B,-,Y,SON,4,116,-,R,27.200,H,-,E,Y,3,0,1,1,C,-,18,,,N,H,H,A,A,H,-,A,A,0,,,,,Y,,-,"- ",0,1,0,0,0,0,0,0,0,"- ","- ",38.395919999999997,-122.82079,SONOMA,SEBASTOPOL,-122.82076925,38.39589247
8493242,2017,2018-05-18,4906,2017-09-30,1407,455,4906,6,5,2,4906,0,0,0,,0,,"PETALUMA AV","DEPOT ST",0.00,,Y,A,-,Y,SON,4,116,-,R,26.810,H,-,W,N,4,0,1,2,A,-,03,22350,,N,C,C,A,A,H,-,A,A,0,,,,,Y,,A,01,0,0,1,0,0,0,0,0,0,"- ","- ",38.402650000000001,-122.82281,SONOMA,SEBASTOPOL,-122.82287823,38.402717930000001
84932755,2025,2025-12-11,4904,2025-11-01,1918,1040574,,6,5,4,4904,0,0,0,,0,,"REDWOOD DR","ROHNERT PARK EXPY",0.00,,Y,A,-,Y,,,,,,,,,,Y,3,0,3,3,A,-,12,21453,A,N,A,C,A,A,H,-,C,A,0,,,,Y,Y,,-,"- ",0,1,2,0,0,0,0,0,0,"- ","- ",38.348461151123047,-122.71701049804688,SONOMA,"ROHNERT PARK",-122.71688842773438,38.348308563232422
84943780,2025,2025-11-24,4907,2025-11-06,1745,1102768,,4,5,2,4907,0,0,0,,0,,"W NAPA ST","1ST ST WEST",0.00,,Y,A,-,N,,,,,,,,,,N,2,0,2,3,A,-,10,21950,A,N,G,B,B,A,H,-,C,D,0,Y,,,,Y,,A,01,2,0,0,0,2,0,0,0,0,"- ","- ",,,SONOMA,SONOMA,-122.45896911621094,38.292030334472656
84946091,2025,2025-11-25,4904,2025-09-28,"354 ",1040631,,7,5,4,4904,0,0,0,,0,003,"BODWAY PKY","MAURICE AVE",54.00,S,N,A,-,N,,,,,,,,,,Y,4,0,1,1,A,-,01,23152,F,N,E,I,A,A,H,-,C,D,0,,,,,Y,,A,07,0,0,1,0,0,0,0,0,0,"- ","- ",38.334201812744141,-122.67790222167969,SONOMA,"ROHNERT PARK",-122.67803192138672,38.334403991699219
84946095,2025,2025-11-25,4904,2025-10-31,1743,1040610,,5,5,4,4904,0,0,0,,0,002,"GOLF COURSE DR","GOLF COURSE DR W",5.00,N,Y,A,-,Y,SON,,101," "," ",14.905,H,,L,N,3,0,1,2,A,-,08,22107,,N,G,B,B,A,H,-,B,A,0,Y,,,,Y,,A,01,0,1,0,0,1,0,0,0,0,"- ","- ",38.363338470458984,-122.71317291259766,SONOMA,"ROHNERT PARK",-122.71288299560547,38.363319396972656
8494783,2017,2017-11-29,4900,2017-10-15,1816,1500,,7,5,3,4980,0,0,0,,0,008,"HEMBRE LN","BLUEBIRD DR",3.00,S,N,A,-,N,,,,,,,,,,Y,4,0,1,2,A,-,08,22107,,N,A,C,A,A,H,-,B,D,0,,,,,Y,,-,,0,0,1,0,0,0,0,0,0,"- ","- ",,,SONOMA,WINDSOR,-122.79801999999999,38.540021760000002
84964865,2025,2025-12-10,4904,2025-10-31,1036,1040457,,5,5,4,4904,0,0,0,,0,,"COMMERCE BLVD","ALISON AVE",70.00,S,N,A,-,N,,,,,,,,,,Y,3,0,1,2,A,-,01,23152,F,N,B,C,A,A,H,-,A,A,0,,,,,Y,,A,01,0,1,0,0,0,0,0,0,0,"- ","- ",38.337661743164062,-122.71221923828125,SONOMA,"ROHNERT PARK",-122.71226501464844,38.337646484375
84976785,2025,2025-12-18,4904,2025-11-10,1718,1040647,,1,5,4,4904,0,0,0,,0,001,"SNYDER LN","HOLLY AVE (E)",0.00,,Y,A,-,N,,,,,,,,,,N,2,0,1,2,A,-,09,21800,A,N,D,G,A,A,H,-,C,A,0,,Y,,,Y,,A,07,1,0,0,0,0,0,1,0,0,"- ","- ",38.370609283447266,-122.68563842773438,SONOMA,"ROHNERT PARK",-122.68585968017578,38.370662689208984
84976789,2025,2025-12-22,4904,2025-11-14,"820 ",1040613,,5,5,4,4904,0,0,0,,0,003,"SNYDER LN","COPELAND CREEK TRL",80.00,S,N,B,-,N,,,,,,,,,,Y,4,0,2,4,A,-,03,22350,,N,C,C,A,B,H,-,A,A,0,,,,,Y,,A,01,0,0,2,0,0,0,0,0,0,"- ","- ",38.342811584472656,-122.68540954589844,SONOMA,"ROHNERT PARK",,
84976850,2025,2025-12-18,4913,2025-11-26,1339,1101496,,3,5,3,4980,0,0,0,,0,008,"OLD REDWOOD HW","KENDALL WY",52.00,N,N,A,-,N,,,,,,,,,,Y,3,0,1,2,A,-,08,22107,,N,E,I,A,A,H,-,A,D,0,,,,,Y,,A,01,0,1,0,0,0,0,0,0,0,"- ","- ",38.527519226074219,-122.78102111816406,SONOMA,WINDSOR,-122.78093719482422,38.528156280517578
84982857,2025,2025-12-23,4902,2025-12-11,"746 ",105365,,4,5,2,4902,0,0,0,,0,,"116 HIGHWAY","MADRONE AVE",0.00,,Y,B,-,Y,,,,,,,,,,Y,3,0,1,2,A,-,09,21801,A,N,D,C,A,A,H,-,A,D,0,,,,,Y,,A,07,0,1,0,0,0,0,0,0,0,"- ","- ",,,SONOMA,COTATI,,
84984740,2025,2025-12-24,4907,2025-11-29,1855,1102323,,6,5,2,4907,0,0,0,,0,,"W NAPA STREET","HWY 12",0.00,,Y,A,-,N,,,,,,,,,,N,3,0,2,2,A,-,17,21451,A,N,D,C,A,A,H,-,C,A,0,,,,,Y,,A,01,0,2,0,0,0,0,0,0,0,"- ","- ",,,SONOMA,SONOMA,-122.47585296630859,38.293678283691406
84988452,2025,2025-12-29,4904,2025-12-08,1034,1040555,,1,5,4,4904,0,0,0,,0,002,"COMMERCE BLVD","ENTERPRISE DR",0.00,,Y,B,-,N,,,,,,,,,,N,4,0,1,2,A,-,21,22106,,N,C,C,A,A,H,-,A,A,0,,,,,Y,,A,07,0,0,1,0,0,0,0,0,0,"- ","- ",38.344718933105469,-122.71183013916016,SONOMA,"ROHNERT PARK",-122.71192932128906,38.344860076904297
8499083,2017,2017-11-27,4906,2017-09-21,1518,455,4906,4,5,2,4906,0,0,0,,0,,"NORTH HIGH ST","BODEGA AV",146.00,N,N,A,-,N,,,,,,,,,,Y,3,0,1,2,A,-,09,21804,A,N,D,C,A,A,H,-,A,A,0,,,,,Y,,A,01,0,1,0,0,0,0,0,0,0,"- ","- ",38.401620000000001,-122.82559000000001,SONOMA,SEBASTOPOL,-122.82583059,38.401977649999999
8499620,2017,2017-12-05,4905,2017-10-17,0917,SR215,10606,2,5,6,4905,0,0,0,,0,006,"DOYLE PARK DR","MONTGOMERY DR",9.00,S,N,A,-,N,,,,,,,,,,N,3,0,1,2,A,-,10,21950,A,N,G,B,B,A,H,-,A,A,0,Y,,,,Y,,D,22,0,1,0,0,1,0,0,0,0,"- ","- ",,,SONOMA,"SANTA ROSA",-122.69904972,38.443466639999997
8499668,2017,2017-12-05,4905,2017-09-10,1502,SR8708,10609,7,5,6,4905,0,0,0,,0,009,"3RD ST","B ST",0.00,,Y,A,-,N,,,,,,,,,,Y,3,0,1,3,A,-,08,22107,,N,B,C,A,A,H,-,A,A,0,,,,Y,Y,,A,08,0,1,0,0,0,0,0,0,0,"- ","- ",,,SONOMA,"SANTA ROSA",-122.71506997,38.438929989999998
8499853,2017,2017-12-07,4908,2017-10-27,2158,2939,12,5,5,5,4908,0,0,0,,0,001,"ELY BL SOUTH","WILLOW DR",0.00,,Y,A,-,N,,,,,,,,,,Y,2,0,3,6,A,-,09,21802,A,N,D,C,A,A,H,-,C,A,0,,,,,Y,,A,07,1,0,2,0,0,0,0,0,0,"- ","- ",38.253810000000001,-122.61422,SONOMA,PETALUMA,-122.61418995,38.253799950000001
8500116,2017,2017-12-01,4905,2017-10-18,1626,SR284,10607,3,5,6,4905,0,0,0,,0,007,"HEARN AV","VICTORIA DR",40.00,W,N,A,-,N,,,,,,,,,,Y,4,0,1,3,A,-,03,22350,,N,C,C,A,A,H,-,A,D,0,,,,,Y,,A,01,0,0,1,0,0,0,0,0,0,"- ","- ",,,SONOMA,"SANTA ROSA",-122.72252964,38.41434134
8500128,2017,2017-12-01,4905,2017-10-05,1354,SR8906,10601,4,5,6,4905,0,0,0,,0,001,"CLEVELAND AV","STEEL LN",500.00,N,N,A,-,N,,,,,,,,,,Y,4,0,2,2,A,-,09,21804,A,N,D,C,A,A,H,-,A,A,0,,,,,Y,,A,01,0,0,2,0,0,0,0,0,0,"- ","- ",,,SONOMA,"SANTA ROSA",-122.728368,38.461342999999999
8500132,2017,2017-12-01,4905,2017-10-28,1323,SE8917,10602,6,5,6,4905,0,0,0,,0,002,"MENDOCINO AV","MCCONNELL AV",0.00,,Y,A,-,N,,,,,,,,,,Y,4,0,1,2,A,-,03,22350,,N,C,C,A,A,H,-,A,D,0,,,,,Y,,A,01,0,0,1,0,0,0,0,0,0,"- ","- ",,,SONOMA,"SANTA ROSA",-122.71738999999999,38.454779899999998
8500136,2017,2017-12-01,4905,2017-10-16,1631,SR474,10609,1,5,6,4905,0,0,0,,0,009,"COLLEGE AV","E ST",9.00,N,N,A,-,N,,,,,,,,,,N,3,0,1,2,A,-,10,21950,A,N,G,B,-,A,H,-,A,A,0,Y,,,,Y,,A,08,0,1,0,0,1,0,0,0,0,"- ","- ",,,SONOMA,"SANTA ROSA",,
8500140,2017,2017-12-01,4905,2017-10-02,1343,SE341,10606,1,5,6,4905,0,0,0,,0,006,"SUMMERFIELD RD","HOWARTH CT",250.00,N,N,A,-,N,,,,,,,,,,N,4,0,1,3,A,-,03,22350,,N,C,C,A,A,H,-,A,A,0,,,,,Y,,A,07,0,0,1,0,0,0,0,0,0,"- ","- ",,,SONOMA,"SANTA ROSA",-122.67103876,38.453678770000003
8500145,2017,2017-12-06,4905,2017-09-23,1557,SR383,1060,6,5,6,4905,0,0,0,,0,006,"MIDWAY DR","YULUPA AV",325.00,W,N,A,-,N,,,,,,,,,,N,3,0,1,2,A,-,05,21650,A,N,F,A,A,A,H,-,A,A,0,,Y,,,Y,,A,07,0,1,0,0,0,0,1,0,0,"- ","- ",,,SONOMA,"SANTA ROSA",-122.67964042,38.448214040000003
8500148,2017,2017-12-01,4905,2017-10-04,1230,SR413,10609,3,5,6,4905,0,0,0,,0,009,"B ST","7TH ST",0.00,,Y,A,-,N,,,,,,,,,,N,4,0,1,2,A,-,03,22350,,N,B,C,A,A,H,-,A,A,0,,,Y,,Y,,C,02,0,0,1,0,0,0,0,0,1,"- ","- ",,,SONOMA,"SANTA ROSA",-122.71731998,38.441989890000002
8500152,2017,2017-12-01,4905,2017-10-05,1549,SR341,10607,4,5,6,4905,0,0,0,,0,007,"HEARN AV","DUTTON MEADOW",90.00,E,N,A,-,N,,,,,,,,,,N,4,0,2,2,A,-,09,21804,A,N,D,C,A,A,H,-,A,A,0,,,,,Y,,A,01,0,0,2,0,0,0,0,0,0,"- ","- ",,,SONOMA,"SANTA ROSA",-122.72897586000001,38.414245549999997
8500156,2017,2017-12-01,4905,2017-10-10,1647,SR455,10606,2,5,6,4905,0,0,0,,0,006,"MONTGOMERY DR","SUMMERFIELD RD",0.00,,Y,F,-,N,,,,,,,,,,Y,4,0,1,2,A,-,00,21801,D,N,D,C,A,A,H,-,A,B,0,,,,,Y,,A,07,0,0,1,0,0,0,0,0,0,"- ","- ",,,SONOMA,"SANTA ROSA",-122.67215985999999,38.454939920000001
8500295,2017,2017-12-11,4908,2017-11-09,1345,2926,9,4,5,5,4908,0,0,0,,0,004,"SONOMA MOUNTAIN  PKWY","REISLING RD",30.00,S,N,B,-,N,,,,,,,,,,N,4,0,1,2,D,-,00,,,N,C,C,A,A,H,-,A,D,0,,,,,Y,,-,"- ",0,0,1,0,0,0,0,0,0,"- ","- ",,,SONOMA,PETALUMA,-122.64048511999999,38.268591899999997
8500401,2017,2017-12-04,4905,2017-08-11,2055,SR509,10604,5,5,6,4905,0,0,0,,0,004,"FOUNTAINGROVE PKWY","CHANATE RD",200.00,E,N,A,-,N,,,,,,,,,,Y,4,0,1,1,C,-,18,,,N,F,A,A,A,H,-,C,D,0,,,Y,,Y,,-,"- ",0,0,1,0,0,0,0,0,1,"- ","- ",,,SONOMA,"SANTA ROSA",-122.68651285,38.473935429999997
8500409,2017,2017-12-04,4905,2017-09-25,0850,SR353,10602,1,5,6,4905,0,0,0,,0,002,"LEWIS RD","ORCHARD ST",0.00,,Y,A,-,N,,,,,,,,,,Y,3,0,2,2,A,-,03,22350,,N,C,C,A,A,H,-,A,D,0,,,,,Y,,A,01,0,1,1,0,0,0,0,0,0,"- ","- ",,,SONOMA,"SANTA ROSA",-122.71335987000001,38.46231993
8500421,2017,2017-12-04,4905,2017-09-16,2011,SR469,10603,6,5,6,4905,0,0,0,,0,003,"GUERNEVILLE RD","MARLOW RD",80.00,W,N,A,-,N,,,,,,,,,,Y,3,0,1,2,A,-,05,21650,1,N,D,G,A,A,H,-,C,A,0,,Y,,,Y,,L,04,0,1,0,0,0,0,1,0,0,"- ","- ",,,SONOMA,"SANTA ROSA",-122.75166944999999,38.452648969999998
8500429,2017,2017-12-04,4905,2017-09-18,2105,SR508,10609,1,5,6,4905,0,0,0,,0,009,"6TH ST","MORGAN ST",8.00,E,N,A,-,N,,,,,,,,,,N,2,0,1,2,A,-,10,21950,A,F,G,B,B,A,H,-,C,A,0,Y,,,,Y,,A,01,1,0,0,0,1,0,0,0,0,"- ","- ",,,SONOMA,"SANTA ROSA",-122.71937566,38.439900790000003
8500437,2017,2017-12-04,4905,2017-09-29,1131,SR215,10601,5,5,6,4905,0,0,0,,0,001,"COFFEY LN","BLUEBELL DR",206.00,N,N,A,-,N,,,,,,,,,,Y,2,0,1,2,A,-,09,21804,A,N,D,C,A,A,H,-,A,D,0,,,Y,,Y,,A,01,1,0,0,0,0,0,0,0,1,"- ","- ",,,SONOMA,"SANTA ROSA",-122.74449774,38.467894059999999
8500441,2017,2017-12-04,4905,2017-09-29,1651,SR469,10602,5,5,6,4905,0,0,0,,0,002,"FOUNTAINGROVE PKWY","MENDOCINO AV",63.00,E,N,A,-,N,,,,,,,,,,N,4,0,1,3,A,-,03,22350,,N,C,C,A,A,H,-,A,A,0,,,,,Y,,A,07,0,0,1,0,0,0,0,0,0,"- ","- ",,,SONOMA,"SANTA ROSA",-122.72846273,38.474778299999997
8500473,2017,2017-12-04,4905,2017-10-09,0351,SR408,10607,1,5,6,4905,0,0,0,,0,007,"SEBASTOPOL RD","FRESNO AV",100.00,E,N,A,-,N,,,,,,,,,,Y,3,0,1,1,A,-,08,22107,,N,E,I,A,A,H,-,C,D,0,,,,,Y,,A,01,0,1,0,0,0,0,0,0,0,"- ","- ",,,SONOMA,"SANTA ROSA",-122.75932173,38.425529900000001
8500487,2017,2017-12-26,4905,2017-11-01,0548,SR413,10603,3,5,6,4905,0,0,0,,0,003,"MARLOW RD","WEST STEELE LN",0.00,,Y,A,-,N,,,,,,,,,,Y,4,0,2,2,A,-,12,21453,A,N,A,C,A,A,H,-,C,A,0,,,,,Y,,-,"- ",0,0,2,0,0,0,0,0,0,"- ","- ",,,SONOMA,"SANTA ROSA",-122.75111987,38.45977997
8500492,2017,2017-12-04,4905,2017-10-19,2121,SR408,10609,4,5,6,4905,0,0,0,,0,009,"W 8TH ST","COULTER ST",0.00,,Y,A,-,N,,,,,,,,,,N,4,0,1,2,A,-,14,21201,D,N,A,G,A,B,H,-,D,D,0,,Y,,,Y,,L,04,0,0,1,0,0,0,1,0,0,"- ","- ",,,SONOMA,"SANTA ROSA",-122.72695,38.43931989
8500548,2017,2017-12-04,4905,2017-11-14,1314,SR439,10608,2,5,6,4905,0,0,0,,0,1314,"KAWANA SPRINGS RD","PETALUMA HILL RD",0.00,,Y,B,-,N,,,,,,,,,,Y,3,0,2,2,A,-,09,21801,A,N,A,C,A,A,H,-,A,A,0,,,,,Y,,A,01,0,1,1,0,0,0,0,0,0,"- ","- ",,,SONOMA,"SANTA ROSA",-122.70426986,38.416499930000001
8501243,2017,2018-01-03,4908,2017-11-24,0253,2675,,5,5,5,4908,0,0,0,,0,,"WESTERN AV","CLEVELAND LN",40.00,W,N,E,-,N,,,,,,,,,,Y,4,0,2,1,A,-,01,23152,A,F,E,I,A,A,H,-,D,D,0,,,,,Y,Y,A,07,0,0,2,0,0,0,0,0,0,"- ","- ",,,SONOMA,PETALUMA,-122.66232501,38.22831781
8501551,2017,2018-06-08,4904,2017-11-16,1745,466,,4,5,4,4904,0,0,0,,0,001,"COUNTRY CLUB DR","SANTA CRUZ WY",237.00,N,N,C,-,N,,,,,,,,,,N,4,0,1,2,A,-,04,21703,,F,C,C,A,B,H,-,C,D,0,,,,Y,Y,Y,A,01,0,0,1,0,0,0,0,0,0,"- ","- ",38.349899999999998,-122.69553000000001,SONOMA,"ROHNERT PARK",-122.69572547,38.350438220000001
8501863,2017,2017-12-15,4908,2017-11-25,0202,2938,3,6,5,5,4908,0,0,0,,0,002,"D ST","8TH ST",205.00,W,N,A,-,N,,,,,,,,,,Y,3,0,1,2,A,-,01,23152,A,N,C,E,A,A,H,-,D,D,0,,,,,Y,Y,A,01,0,1,0,0,0,0,0,0,0,"- ","- ",38.227559999999997,-122.6399,SONOMA,PETALUMA,-122.64025448,38.227044450000001
8501883,2017,2017-12-18,4908,2017-11-28,1052,2926,7,2,5,5,4908,0,0,0,,0,004,"NORTH MCDOWELL BL","CORONA RD",266.00,N,N,A,B,N,,,,,,,,,,Y,4,0,2,2,A,-,08,21460,5,N,D,C,A,A,H,-,A,B,0,,,,,Y,,A,01,0,0,2,0,0,0,0,0,0,"- ","- ",38.266669999999998,-122.65691,SONOMA,PETALUMA,-122.65765559,38.267103140000003
8503563,2017,2017-11-28,4906,2017-08-24,1325,455,4906,4,5,2,4906,0,0,0,,0,,"N MAIN ST","WALLACE ST",0.00,,-,A,-,N,,,,,,,,,,Y,3,0,1,2,A,-,08,22107,,N,D,C,A,A,H,-,A,A,0,,,Y,,Y,,A,01,0,1,0,0,0,0,0,0,1,"- ","- ",38.404870000000003,-122.82593,SONOMA,SEBASTOPOL,-122.82595988,38.404859950000002
8504384,2017,2018-06-08,4900,2017-12-03,2021,SD2164,11101,7,5,3,4980,0,0,0,,0,WI1,"OLD REDWOOD HWY","WINDSOR RD",0.00,,Y,A,-,N,,,,,,,,,,Y,2,0,1,1,A,-,01,23152,A,M,E,I,A,A,H,-,C,-,0,,,,,Y,Y,A,07,1,0,0,0,0,0,0,0,0,"- ","- ",,,SONOMA,WINDSOR,-122.81668997,38.552749980000002
8505141,2017,2017-12-05,4905,2017-09-07,1754,SR394,10607,4,5,6,4905,0,0,0,,0,007,"SEBASTOPOL RD","STONY POINT RD",100.00,E,N,B,-,N,,,,,,,,,,N,4,0,1,2,A,-,03,22350,,M,C,C,A,A,H,-,A,A,0,,,,,Y,,D,22,0,0,1,0,0,0,0,0,0,"- ","- ",,,SONOMA,"SANTA ROSA",-122.74100805,38.42691567
8505288,2017,2017-12-12,4905,2017-11-07,0524,SR455,1060,2,5,6,4905,0,0,0,,0,004,"MONTECITO BL","PESADO CALLE",45.00,E,N,A,-,N,,,,,,,,,,Y,3,0,1,1,A,-,08,22107,,N,E,I,A,A,H,-,C,D,0,,,,,Y,,A,07,0,1,0,0,0,0,0,0,0,"- ","- ",,,SONOMA,"SANTA ROSA",-122.66969811,38.476721980000001
8505297,2017,2017-12-01,4905,2017-09-25,1736,SR482,,1,5,6,4905,0,0,0,,0,008,"SANTA ROSA AV","BAKER AV",150.00,N,N,A,-,N,,,,,,,,,,Y,4,0,1,2,A,-,06,21755,A,N,D,C,A,A,H,-,A,A,0,,,,,Y,,A,01,0,0,1,0,0,0,0,0,0,"- ","- ",,,SONOMA,"SANTA ROSA",-122.71355,38.421582039999997
8505314,2017,2017-11-30,4905,2017-10-28,1853,SR469,10605,6,5,6,4905,0,0,0,,0,005,"STONY POINT RD","STONY POINT PLAZA",0.00,,Y,A,-,N,,,,,,,,,,N,4,0,1,2,A,-,09,21800,A,N,D,C,A,A,H,-,C,A,0,,,,,Y,,A,01,0,0,1,0,0,0,0,0,0,"- ","- ",,,SONOMA,"SANTA ROSA",-122.75135991000001,38.445069920000002
8505316,2017,2017-12-12,4905,2017-11-17,1548,SR383,1060,5,5,6,4905,0,0,0,,0,001,"PINER RD","RANGE AV",300.00,W,N,A,-,N,,,,,,,,,,Y,4,0,1,2,A,-,09,21804,A,N,D,C,A,A,H,-,A,A,0,,,,,Y,,A,01,0,0,1,0,0,0,0,0,0,"- ","- ",,,SONOMA,"SANTA ROSA",-122.7335681,38.472037589999999
8505328,2017,2017-12-12,4905,2017-11-21,1309,SR440,1060,2,5,6,4905,0,0,0,,0,002,"MENDOCINO AV","DEXTER ST",30.00,S,N,A,-,N,,,,,,,,,,N,3,0,1,2,A,-,08,22107,,N,B,G,A,A,A,-,A,A,0,,Y,,,Y,,L,04,0,1,0,0,0,0,1,0,0,"- ","- ",,,SONOMA,"SANTA ROSA",-122.71729320999999,38.457267629999997
8505768,2017,2017-12-11,4905,2017-11-08,1121,SR215,10606,3,5,6,4905,0,0,0,,0,006,"SONOMA AV","WALNUT CT",100.00,W,N,B,-,N,,,,,,,,,,N,3,0,1,2,A,-,09,21804,A,N,D,G,A,A,H,-,A,D,0,,Y,,,Y,,A,01,0,1,0,0,0,0,1,0,0,"- ","- ",,,SONOMA,"SANTA ROSA",-122.70158972,38.440729419999997
8505804,2017,2017-12-08,4900,2017-11-18,1030,SD1536,0,6,5,3,4980,0,0,0,,0,,"SHILOH RD","OLD REDWOOD HWY",90.00,W,N,A,-,N,,,,,,,,,,N,3,0,1,1,A,-,03,22350,,N,H,A,A,A,A,-,A,D,0,,Y,,,Y,,L,04,0,1,0,0,0,0,1,0,0,"- ","- ",,,SONOMA,WINDSOR,-122.77963471,38.525739999999999
8506140,2017,2017-12-11,4904,2017-11-12,0237,483,,7,5,4,4904,0,0,0,,0,002,"CAMINO COLEGIO","EAST COTATI AV",0.00,,Y,A,-,N,,,,,,,,,,N,4,0,1,1,A,-,01,23152,A,N,E,I,A,A,H,-,C,D,0,,,,,Y,Y,A,01,0,0,1,0,0,0,0,0,0,"- ","- ",,,SONOMA,"ROHNERT PARK",-122.68802998,38.334309900000001
8506168,2017,2017-12-29,4905,2017-11-15,0637,SR353,10603,3,5,6,4905,0,0,0,,0,003,"JENNINGS AV","MARLOW RD",0.00,,Y,A,-,N,,,,,,,,,,Y,4,0,1,2,A,-,09,21801,A,N,A,C,A,A,H,-,A,A,0,,,,,Y,,A,01,0,0,1,0,0,0,0,0,0,"- ","- ",,,SONOMA,"SANTA ROSA",-122.75133987,38.449609959999997
85066380,2025,2026-02-23,4904,2025-11-02,1736,1040620,,7,5,4,4904,0,0,0,,0,001,"GOLF COURSE DR","COMMERCE BLVD",282.00,E,N,A,-,N,,,,,,,,,,Y,4,0,1,2,A,-,09,21804,A,N,D,G,A,A,H,-,B,A,0,,Y,,,Y,,L,04,0,0,1,0,0,0,1,0,0,"- ","- ",38.363040924072266,-122.71177673339844,SONOMA,"ROHNERT PARK",-122.71111297607422,38.363285064697266
8506757,2017,2018-06-08,4902,2017-11-25,1241,105338,,6,5,2,4902,0,0,0,,0,,"OLD REDWOOD HWY","RT 116",80.00,N,N,A,-,N,,,,,,,,,,Y,4,0,1,2,A,-,08,22107,,N,D,C,A,A,H,-,A,D,0,,,,,Y,,A,01,0,0,1,0,0,0,0,0,0,"- ","- ",,,SONOMA,COTATI,-122.99676857999999,38.48039266
8506832,2017,2017-12-06,4904,2017-11-10,1854,502,,5,5,4,4904,0,0,0,,0,,"SOUTHWEST BL","COLLEGE VIEW DR",55.00,E,N,A,-,N,,,,,,,,,,N,4,0,1,2,A,-,09,21801,A,N,D,C,A,A,H,-,C,D,0,,,,,Y,,A,01,0,0,1,0,0,0,0,0,0,"- ","- ",38.336109999999998,-122.70777,SONOMA,"ROHNERT PARK",-122.7075782,38.336031810000001
8508142,2017,2018-06-14,4904,2017-12-03,1249,505,,7,5,4,4904,0,0,0,,0,,"ROHNERT PARK EXPWY","COMMERCE BL",939.00,W,N,A,-,Y,SON,4,101,-,-,13.899,R,4,S,Y,4,0,2,2,A,-,03,22350,,N,C,C,A,A,H,-,A,D,0,,,,,Y,,A,01,0,0,2,0,0,0,0,0,0,"- ","- ",38.34845,-122.70961,SONOMA,"ROHNERT PARK",-122.71318463999999,38.348711680000001
8508697,2017,2017-12-14,4908,2017-11-21,1335,2747,3,2,5,5,4908,0,0,0,,0,002,"PETALLUMA BLVD S","I ST",450.00,S,N,A,-,N,,,,,,,,,,N,4,0,1,2,A,-,21,22106,,N,G,B,-,A,H,-,A,D,0,Y,,,,Y,,A,07,0,0,1,0,1,0,0,0,0,"- ","- ",38.230130000000003,-122.63074,SONOMA,PETALUMA,-122.62933217,38.229566990000002