CASE_ID,ACCIDENT_YEAR,PROC_DATE,JURIS,COLLISION_DATE,COLLISION_TIME,OFFICER_ID,REPORTING_DISTRICT,DAY_OF_WEEK,CHP_SHIFT,POPULATION,CNTY_CITY_LOC,SPECIAL_COND,BEAT_TYPE,CHP_BEAT_TYPE,CITY_DIVISION_LAPD,CHP_BEAT_CLASS,BEAT_NUMBER,PRIMARY_RD,SECONDARY_RD,DISTANCE,DIRECTION,INTERSECTION,WEATHER_1,WEATHER_2,STATE_HWY_IND,CALTRANS_COUNTY,CALTRANS_DISTRICT,STATE_ROUTE,ROUTE_SUFFIX,POSTMILE_PREFIX,POSTMILE,LOCATION_TYPE,RAMP_INTERSECTION,SIDE_OF_HWY,TOW_AWAY,COLLISION_SEVERITY,NUMBER_KILLED,NUMBER_INJURED,PARTY_COUNT,PRIMARY_COLL_FACTOR,PCF_CODE_OF_VIOL,PCF_VIOL_CATEGORY,PCF_VIOLATION,PCF_VIOL_SUBSECTION,HIT_AND_RUN,TYPE_OF_COLLISION,MVIW,PED_ACTION,ROAD_SURFACE,ROAD_COND_1,ROAD_COND_2,LIGHTING,CONTROL_DEVICE,CHP_ROAD_TYPE,PEDESTRIAN_ACCIDENT,BICYCLE_ACCIDENT,MOTORCYCLE_ACCIDENT,TRUCK_ACCIDENT,NOT_PRIVATE_PROPERTY,ALCOHOL_INVOLVED,STWD_VEHTYPE_AT_FAULT,CHP_VEHTYPE_AT_FAULT,COUNT_SEVERE_INJ,COUNT_VISIBLE_INJ,COUNT_COMPLAINT_PAIN,COUNT_PED_KILLED,COUNT_PED_INJURED,COUNT_BICYCLIST_KILLED,COUNT_BICYCLIST_INJURED,COUNT_MC_KILLED,COUNT_MC_INJURED,PRIMARY_RAMP,SECONDARY_RAMP,LATITUDE,LONGITUDE,COUNTY,CITY,POINT_X,POINT_Y
8898800,2019,2019-08-30,4905,2019-06-04,1736,SR529,10604,2,5,6,4905,0,0,0,,0,004,"FOUNTAINGROVE PKWY","BRUSH CREEK RD",0.00,,Y,A,-,N,,,,,,,,,,Y,4,0,1,2,A,-,09,21453,C,N,D,C,A,A,H,-,A,A,0,,,,,Y,,A,01,0,0,1,0,0,0,0,0,0,"- ","- ",,,SONOMA,"SANTA ROSA",-122.68019866943359,38.47113037109375
8902249,2019,2019-07-30,4900,2019-06-30,2255,SD1496,11101,7,5,3,4980,0,0,0,,0,WI1,"CORDELLIA LN","JANE DR",102.00,W,N,A,-,N,,,,,,,,,,Y,4,0,1,3,A,-,01,23152,B,N,D,E,A,A,H,-,C,D,0,,,,,Y,Y,D,22,0,0,1,0,0,0,0,0,0,"- ","- ",,,SONOMA,WINDSOR,-122.8145751953125,38.556735992431641
8902293,2019,2020-01-29,4903,2019-07-06,1857,1567,,6,5,3,4903,0,0,0,,0,,"REDWOOD HWY","RT 101",0.00,,Y,A,-,Y,SON,4,101,-,-,33.669,R,4,N,Y,2,0,4,2,A,-,09,21801,A,N,D,C,A,A,H,-,A,D,0,,,,,Y,,D,22,1,3,0,0,0,0,0,0,0,"- ",NO,38.611930847167969,-122.87097930908203,SONOMA,HEALDSBURG,-122.85545349121094,38.596290588378906
8902827,2019,2019-08-09,4908,2019-07-20,0823,3383,4,6,5,5,4908,0,0,0,,0,002,"B ST","PEARCE ST",27.00,E,N,A,-,N,,,,,,,,,,Y,4,0,1,3,A,-,01,23152,B,N,G,B,F,A,H,-,A,D,0,Y,,,,Y,Y,A,01,0,0,1,0,1,0,0,0,0,"- ","- ",38.224029541015625,-122.64488983154297,SONOMA,PETALUMA,-122.6448974609375,38.224098205566406
8910364,2019,2019-11-23,4904,2019-07-28,1145,524,,7,5,4,4904,0,0,0,,0,,"SNYDER LN","CIRCULO GRANDE",116.00,N,N,A,-,N,,,,,,,,,,N,4,0,1,2,A,-,09,21804,A,N,D,C,A,A,H,-,A,D,0,,,,,Y,,A,01,0,0,1,0,0,0,0,0,0,"- ","- ",38.352489471435547,-122.68550109863281,SONOMA,"ROHNERT PARK",-122.68570709228516,38.353107452392578
8910368,2019,2019-11-23,4904,2019-07-25,2139,493,,4,5,4,4904,0,0,0,,0,,"ELEANOR AV","SNYDER LN",978.00,E,N,A,-,N,,,,,,,,,,N,4,0,2,2,A,-,07,21658,A,N,H,E,A,A,H,-,C,D,0,,,,,Y,,A,01,0,0,2,0,0,0,0,0,0,"- ","- ",38.361740112304688,-122.68579864501953,SONOMA,"ROHNERT PARK",-122.685791015625,38.361778259277344
8910511,2019,2020-01-06,4905,2019-07-13,1121,SR471,10605,6,5,6,4905,0,0,0,,0,005,"OCCIDINTAL RD","STONY POINT RD",3.00,W,N,A,-,Y,SON,4,12,-,R,14.634,R,4,W,N,4,0,1,2,A,-,10,21950,A,N,G,B,B,A,H,-,A,A,0,Y,,,,Y,,A,01,0,0,1,0,1,0,0,0,0,"- ","- ",,,SONOMA,"SANTA ROSA",-122.73854064941406,38.431404113769531
8911552,2020,2020-09-10,4908,2020-05-26,0928,2754,6,2,5,5,4908,0,0,0,,0,003,"CORONA RD","INDUSTRIAL AV",365.00,E,N,A,-,N,,,,,,,,,,Y,1,1,0,3,A,-,01,23152,F,N,G,B,E,A,H,-,-,D,0,Y,,,,Y,,A,01,0,0,0,1,0,0,0,0,0,"- ","- ",38.262149810791016,-122.66033935546875,SONOMA,PETALUMA,-122.65977478027344,38.263042449951172
8922900,2019,2019-08-23,4905,2019-07-26,1358,SR383,10609,5,5,6,4905,0,0,0,,0,009,"B ST","5TH ST",0.00,,Y,A,-,N,,,,,,,,,,Y,3,0,1,2,A,-,12,21453,A,N,D,C,A,A,H,-,A,A,0,,,,,Y,,A,07,0,1,0,0,0,0,0,0,0,"- ","- ",,,SONOMA,"SANTA ROSA",-122.71614837646484,38.44036865234375
8923449,2019,2019-09-26,4905,2019-08-08,1142,SR353,10601,4,5,6,4905,0,0,0,,0,001,"CLEVELAND AV","PINER RD",415.00,N,N,A,-,N,,,,,,,,,,Y,4,0,1,2,A,-,09,21804,A,N,D,C,A,A,H,-,A,D,0,,,Y,,Y,,D,22,0,0,1,0,0,0,0,0,1,"- ","- ",,,SONOMA,"SANTA ROSA",-122.73118591308594,38.473560333251953
8923505,2019,2019-08-26,4905,2019-07-24,0659,SR413,10609,3,5,6,4905,0,0,0,,0,009,"WHEELER ST","HENDLEY ST",85.00,E,N,A,-,N,,,,,,,,,,Y,4,0,1,2,A,-,03,22350,,N,B,E,A,A,H,-,A,D,0,,,,,Y,,A,01,0,0,1,0,0,0,0,0,0,"- ","- ",,,SONOMA,"SANTA ROSA",-122.70698547363281,38.435222625732422
8923627,2019,2019-08-26,4905,2019-06-20,0741,SR534,10608,4,5,6,4905,0,0,0,,0,008,"PETALUMA HILL RD","KAWANA SPRINGS RD",0.00,,Y,A,-,N,,,,,,,,,,Y,3,0,1,2,A,-,08,22107,,N,A,C,A,A,H,-,A,D,0,,,,,Y,,A,01,0,1,0,0,0,0,0,0,0,"- ","- ",,,SONOMA,"SANTA ROSA",-122.70426940917969,38.416500091552734
8923631,2019,2019-11-08,4905,2019-06-07,2206,SR383,10603,5,5,6,4905,0,0,0,,0,003,"COLLEGE AV","LINK LN",0.00,,Y,A,-,N,,,,,,,,,,Y,3,0,2,2,A,-,09,21801,A,N,A,C,A,A,H,-,C,A,0,,,,,Y,,A,01,0,1,1,0,0,0,0,0,0,"- ","- ",,,SONOMA,"SANTA ROSA",-122.73415374755859,38.445640563964844
8923639,2019,2019-08-26,4905,2019-06-25,2139,SR526,10607,2,5,6,4905,0,0,0,,0,007,"LUDWIG AV","DANIEL'S AV",1370.00,W,N,A,-,N,,,,,,,,,,Y,2,0,1,2,A,-,09,21804,A,N,A,C,A,A,H,-,D,D,0,,,Y,,Y,,A,01,1,0,0,0,0,0,0,0,1,"- ","- ",,,SONOMA,"SANTA ROSA",-122.76321411132812,38.403518676757812
8923647,2019,2019-09-11,4905,2019-06-30,1712,SR8712,10608,7,5,6,4905,0,0,0,,0,008,"SANTA ROSA AV","YOLANDA AV",575.00,S,N,A,-,N,,,,,,,,,,N,4,0,2,2,A,-,12,21453,A,N,D,C,A,A,H,-,A,A,0,,,,,Y,,-,"- ",0,0,2,0,0,0,0,0,0,"- ","- ",,,SONOMA,"SANTA ROSA",-122.71353149414062,38.411628723144531
8923652,2019,2019-08-23,4905,2019-07-03,1737,SR545,10609,3,5,6,4905,0,0,0,,0,009,"COLLEGE AV","MENDOCINO AV",5.00,W,N,A,-,N,,,,,,,,,,Y,3,0,2,2,A,-,12,21453,A,N,D,C,A,A,H,-,A,A,0,,,,,Y,,A,01,0,1,1,0,0,0,0,0,0,"- ","- ",,,SONOMA,"SANTA ROSA",-122.71775054931641,38.445659637451172
8923681,2019,2019-08-26,4905,2019-07-17,1119,SR474,10609,3,5,6,4905,0,0,0,,0,009,"9TH ST","DUTTON AV",0.00,,Y,A,-,N,,,,,,,,,,N,3,0,1,2,A,-,12,21453,A,N,D,G,A,A,H,-,A,A,0,,Y,,,Y,,A,01,0,1,0,0,0,0,1,0,0,"- ","- ",,,SONOMA,"SANTA ROSA",-122.72898101806641,38.441608428955078
8923693,2019,2019-08-26,4905,2019-07-07,1126,SR553,10609,7,5,6,4905,0,0,0,,0,009,"SANTA ROSA AV","WHEELER ST",0.00,,Y,A,-,N,,,,,,,,,,N,4,0,1,2,A,-,08,22107,,N,D,G,A,A,H,-,A,D,0,,Y,,,Y,,A,01,0,0,1,0,0,0,1,0,0,"- ","- ",,,SONOMA,"SANTA ROSA",-122.71192169189453,38.434581756591797
8923697,2019,2019-09-11,4905,2019-07-07,0859,SR553,10609,7,5,6,4905,0,0,0,,0,009,"6TH ST","DAVIS ST",0.00,,Y,A,-,N,,,,,,,,,,Y,4,0,2,2,A,-,12,21453,A,N,D,C,A,A,H,-,A,A,0,,,,,Y,,-,"- ",0,0,2,0,0,0,0,0,0,"- ","- ",,,SONOMA,"SANTA ROSA",-122.72046661376953,38.439319610595703
8923702,2019,2019-08-28,4903,2019-08-07,1533,1384,2,3,5,3,4903,0,0,0,,0,,"GROVE ST","W GRANT ST",762.00,N,N,A,-,N,,,,,,,,,,N,3,0,2,2,A,-,05,21460,A,N,C,C,A,A,H,-,A,D,0,,,,,Y,,A,07,0,2,0,0,0,0,0,0,0,"- ","- ",38.623630523681641,-122.87576293945312,SONOMA,HEALDSBURG,-122.87568664550781,38.617931365966797
8923705,2019,2019-08-23,4905,2019-07-21,1715,SR712,10605,7,5,6,4905,0,0,0,,0,005,"STONY POINT RD","COLLEGE AV",0.00,,Y,A,-,N,,,,,,,,,,N,4,0,2,3,A,-,03,22350,,N,C,C,A,A,H,-,A,A,0,,,,,Y,,A,01,0,0,2,0,0,0,0,0,0,"- ","- ",,,SONOMA,"SANTA ROSA",-122.75129699707031,38.445240020751953
8923709,2019,2019-08-26,4905,2019-07-26,1514,SR551,10601,5,5,6,4905,0,0,0,,0,001,"GUERNEVILLE RD","CLEVELAND AV",495.00,W,N,A,-,N,,,,,,,,,,Y,4,0,1,2,A,-,21,22106,,N,C,D,A,A,H,-,A,D,0,,,,,Y,,A,01,0,0,1,0,0,0,0,0,0,"- ","- ",,,SONOMA,"SANTA ROSA",-122.73009490966797,38.459701538085938
8923713,2019,2020-01-29,4905,2019-07-19,1211,SR8712,10605,5,5,6,4905,0,0,0,,0,005,"DUTTON AV","RT 12",0.00,,Y,A,-,Y,SON,4,12,-,R,15.467,R,4,W,N,4,0,2,2,A,-,09,21800,D,N,D,C,A,A,H,-,A,B,0,,,,,Y,,A,01,0,0,2,0,0,0,0,0,0,"- ",WF,,,SONOMA,"SANTA ROSA",-122.72354888916016,38.4334716796875
8923718,2019,2019-08-28,4905,2019-08-03,1720,SR8921,10607,6,5,6,4905,0,0,0,,0,007,"SEBASTOPOL RD","LOMBARDI CT",20.00,W,N,A,-,N,,,,,,,,,,Y,3,0,6,3,A,-,03,22350,,N,C,C,A,A,H,-,A,A,0,,,,,Y,,A,01,0,1,5,0,0,0,0,0,0,"- ","- ",,,SONOMA,"SANTA ROSA",-122.74843597412109,38.426315307617188
8923721,2019,2019-08-26,4905,2019-07-03,0636,SR445,10606,3,5,6,4905,0,0,0,,0,006,"SONOMA AV","BROOKWOOD AV",0.00,,Y,B,-,N,,,,,,,,,,N,4,0,1,2,A,-,09,21800,A,N,D,G,A,A,H,-,A,A,0,,Y,,,Y,,A,07,0,0,1,0,0,0,1,0,0,"- ","- ",,,SONOMA,"SANTA ROSA",-122.70282745361328,38.440380096435547
8923726,2019,2019-08-28,4905,2019-08-07,1441,SR8916,10609,3,5,6,4905,0,0,0,,0,009,"SOUTH E ST","SONOMA AV",0.00,,Y,A,-,N,,,,,,,,,,Y,3,0,5,3,A,-,12,21453,A,N,D,C,A,A,H,-,A,A,0,,,,,Y,,A,01,0,2,3,0,0,0,0,0,0,"- ","- ",,,SONOMA,"SANTA ROSA",-122.70844268798828,38.438808441162109
8923729,2019,2019-08-26,4905,2019-07-27,1117,SR403,10603,6,5,6,4905,0,0,0,,0,003,"COLLEGE AV","CLOVER DR",190.00,W,N,A,-,N,,,,,,,,,,N,4,0,1,2,A,-,09,21804,A,N,D,C,A,A,H,-,A,D,0,,,,,Y,,A,01,0,0,1,0,0,0,0,0,0,"- ","- ",,,SONOMA,"SANTA ROSA",-122.74008941650391,38.445400238037109
8923733,2019,2019-08-26,4905,2019-07-22,1312,SR284,10602,1,5,6,4905,0,0,0,,0,002,"KLUTE ST","B ST",133.00,W,N,A,-,N,,,,,,,,,,N,4,0,1,2,A,-,17,22517,,N,B,G,A,A,H,-,A,D,0,,Y,,,Y,,A,01,0,0,1,0,0,0,1,0,0,"- ","- ",,,SONOMA,"SANTA ROSA",-122.71918487548828,38.4447021484375
8923741,2019,2019-08-26,4905,2019-07-29,1250,SR447,10601,1,5,6,4905,0,0,0,,0,001,"INDUSTRIAL DR","AIRWAY DR",0.00,,Y,A,-,N,,,,,,,,,,N,4,0,1,2,A,-,09,21802,A,N,D,C,A,A,H,-,A,A,0,,,,,Y,,A,01,0,0,1,0,0,0,0,0,0,"- ","- ",,,SONOMA,"SANTA ROSA",-122.73809814453125,38.476848602294922
8923745,2019,2019-08-26,4905,2019-07-19,1908,SR383,10601,5,5,6,4905,0,0,0,,0,001,"CLEVELAND AV","PINER RD",0.00,,Y,A,-,N,,,,,,,,,,N,3,0,1,2,A,-,08,22100,A,N,D,C,A,A,H,-,A,A,0,,,,,Y,,A,01,0,1,0,0,0,0,0,0,0,"- ","- ",,,SONOMA,"SANTA ROSA",-122.73072052001953,38.472480773925781
8923757,2019,2019-08-23,4905,2019-07-22,1751,SR505,10607,1,5,6,4905,0,0,0,,0,007,"STONY POINT RD","HEARN AV",100.00,S,N,A,-,N,,,,,,,,,,Y,4,0,1,3,A,-,04,21703,,N,C,C,A,A,H,-,A,A,0,,,,,Y,,A,01,0,0,1,0,0,0,0,0,0,"- ","- ",,,SONOMA,"SANTA ROSA",-122.74139404296875,38.411815643310547
8924026,2019,2020-09-14,4906,2019-06-30,1053,465,4906,7,5,2,4906,0,0,0,,0,,"RT 12","MORRIS ST",0.00,,Y,A,-,Y,SON,4,12,-,-,9.530,H,-,W,N,3,0,1,2,A,-,03,22350,,N,C,C,A,A,H,-,A,A,0,,,,,Y,,A,01,0,1,0,0,0,0,0,0,0,"- ","- ",38.402900695800781,-122.81907653808594,SONOMA,SEBASTOPOL,-122.81917572021484,38.402889251708984
8924616,2019,2019-10-30,4904,2019-06-19,1523,337,,3,5,4,4904,0,0,0,,0,,"REDWOOD DR","ROHNERT PARK EXPWY",0.00,,Y,A,-,N,,,,,,,,,,Y,4,0,3,2,A,-,09,21453,C,N,A,C,A,A,H,-,A,A,0,,,,,Y,,A,01,0,0,3,0,0,0,0,0,0,"- ","- ",38.348461151123047,-122.71701049804688,SONOMA,"ROHNERT PARK",-122.71688842773438,38.348430633544922
8925483,2019,2020-01-29,4904,2019-08-13,2333,498,4904,2,5,4,4904,0,0,0,,0,,"ROHNERT PARK EXPWY","RT 101",0.00,,Y,A,-,Y,SON,4,101,-,-,14.028,R,4,S,N,4,0,2,2,A,-,12,21453,A,N,D,C,A,A,H,-,C,A,0,,,,,Y,,A,01,0,0,2,0,0,0,0,0,0,"- ",SF,38.348251342773438,-122.71466827392578,SONOMA,"ROHNERT PARK",-122.71324157714844,38.350547790527344
8926598,2019,2019-08-27,4905,2019-05-31,2355,SR422,10607,5,5,6,4905,0,0,0,,0,007,"CORPORATE CENTER  PKWY","NORTHPOINT  PKWY",140.00,N,N,A,-,N,,,,,,,,,,Y,2,0,1,1,A,-,03,22350,,N,E,I,A,A,H,-,C,D,0,,,,,Y,Y,A,01,1,0,0,0,0,0,0,0,0,"- ","- ",,,SONOMA,"SANTA ROSA",-122.75406646728516,38.416091918945312
8932201,2019,2019-09-17,4908,2019-08-26,1429,3381,10,1,5,5,4908,0,0,0,,0,004,"RAINIER AV","PRINCE ALBERT CT",0.00,,Y,A,-,N,,,,,,,,,,Y,3,0,2,2,A,-,09,21801,A,N,A,C,A,A,H,-,A,D,0,,,,,Y,,A,07,0,2,0,0,0,0,0,0,0,"- ","- ",38.25714111328125,-122.63717651367188,SONOMA,PETALUMA,-122.63713836669922,38.257148742675781
8932217,2019,2019-09-17,4908,2019-08-27,1306,3387,8,2,5,5,4908,0,0,0,,0,0'4,"SONOMA MOUNTAIN  PKWY","MAURO PIETRO DR",62.00,N,N,A,-,N,,,,,,,,,,Y,4,0,1,2,A,-,03,22350,,N,C,C,A,A,D,-,A,A,0,,,,,Y,,A,07,0,0,1,0,0,0,0,0,0,"- ","- ",38.268520355224609,-122.65341949462891,SONOMA,PETALUMA,-122.65366363525391,38.268619537353516
8933052,2019,2019-09-23,4908,2019-09-05,1309,2747,5,4,5,5,4908,0,0,0,,0,003,"PETALLUMA BLVD N","WEST ST",0.00,,Y,A,-,N,,,,,,,,,,Y,4,0,2,2,A,-,09,21801,A,N,D,C,A,A,H,-,A,D,0,,,,,Y,,A,07,0,0,2,0,0,0,0,0,0,"- ","- ",38.241950988769531,-122.64386749267578,SONOMA,PETALUMA,-122.64389801025391,38.242000579833984
8934670,2019,2019-12-14,4904,2019-07-06,1348,527,,6,5,4,4904,0,0,0,,0,,"COUNTRY CLUB DR","SANTA DOROTEA CIR",0.00,,Y,A,-,N,,,,,,,,,,N,4,0,1,2,A,-,09,21804,A,N,D,C,A,A,H,-,A,D,0,,,,,Y,,A,01,0,0,1,0,0,0,0,0,0,"- ","- ",38.351680755615234,-122.6953125,SONOMA,"ROHNERT PARK",-122.69564056396484,38.351951599121094
8938658,2019,2019-10-02,4905,2019-09-01,1756,SR503,10608,7,5,6,4905,0,0,0,,0,008,"ASTON AV","MIRAS LN",150.00,,N,A,-,N,,,,,,,,,,Y,4,0,1,2,A,-,01,23152,A,N,E,I,A,A,H,-,A,D,0,,,,,Y,Y,A,01,0,0,1,0,0,0,0,0,0,"- ","- ",,,SONOMA,"SANTA ROSA",-122.70455932617188,38.425090789794922
8938666,2019,2019-10-02,4905,2019-09-07,1400,SR8712,10603,6,5,6,4905,0,0,0,,0,003,"MARLOW RD","GREENEICH AV",90.00,S,N,A,-,N,,,,,,,,,,Y,4,0,1,2,A,-,08,22107,,N,D,C,A,A,H,-,A,D,0,,,Y,,Y,,D,22,0,0,1,0,0,0,0,0,1,"- ","- ",,,SONOMA,"SANTA ROSA",-122.7513427734375,38.450214385986328
8938698,2019,2019-10-03,4905,2019-08-16,0003,SR383,10604,5,5,6,4905,0,0,0,,0,004,"HIDDEN VALLEY DR","INDIAN ROCK CT",110.00,S,N,A,-,N,,,,,,,,,,Y,4,0,1,2,A,-,01,23152,A,N,C,E,A,A,H,-,C,D,0,,,,,Y,Y,A,01,0,0,1,0,0,0,0,0,0,"- ","- ",,,SONOMA,"SANTA ROSA",-122.69924926757812,38.470130920410156
8938710,2019,2019-10-03,4905,2019-08-27,0530,SR353,10605,2,5,6,4905,0,0,0,,0,005,"CHATHAM DR","FULTON RD",4.00,E,N,B,-,N,,,,,,,,,,N,3,0,1,2,A,-,10,21950,A,M,G,B,B,A,H,-,C,D,0,Y,,,,Y,,D,22,0,1,0,0,1,0,0,0,0,"- ","- ",,,SONOMA,"SANTA ROSA",-122.76960754394531,38.443840026855469
8938718,2019,2019-10-02,4905,2019-08-23,1909,SR8921,10607,5,5,6,4905,0,0,0,,0,007,"LUDWIG AV","SOUTH WRIGHT RD",0.00,,Y,A,-,N,,,,,,,,,,Y,4,0,1,2,A,-,12,22450,A,N,D,C,A,A,H,-,A,A,0,,,,,Y,,D,22,0,0,1,0,0,0,0,0,0,"- ","- ",,,SONOMA,"SANTA ROSA",-122.76878356933594,38.403511047363281
8938910,2019,2019-12-05,4904,2019-06-15,2340,540,,6,5,4,4904,0,0,0,,0,BEAT2,"STATE FARM DR","PROFESSIONAL CENTER DR",0.00,,Y,B,-,N,,,,,,,,,,Y,4,0,1,2,A,-,09,21802,A,N,D,C,A,A,H,-,C,A,0,,,,,Y,,A,01,0,0,1,0,0,0,0,0,0,"- ","- ",38.354648590087891,-122.70793914794922,SONOMA,"ROHNERT PARK",-122.70797729492188,38.354591369628906
8938982,2019,2020-01-28,4908,2019-08-16,0020,3301,15,5,5,5,4908,0,0,0,,0,001,"LAKEVILLE HWY","PINE VIEW WY",248.00,E,N,A,-,Y,SON,4,116,-,-,36.970,H,-,W,Y,4,0,1,2,A,-,05,21460,A,N,A,C,A,A,H,-,D,A,0,,,,,Y,,A,01,0,0,1,0,0,0,0,0,0,"- ","- ",38.231258392333984,-122.58438110351562,SONOMA,PETALUMA,-122.58417510986328,38.231220245361328
8939019,2019,2019-12-04,4904,2019-09-08,0536,532,2,7,5,4,4904,0,0,0,,0,001,"ROHNERT PARK EXPWY","COUNTRY CLUB DR",0.00,,Y,B,-,N,,,,,,,,,,N,4,0,1,2,A,-,08,22107,,N,H,G,A,A,H,-,B,A,0,,Y,,,Y,,A,01,0,0,1,0,0,0,1,0,0,"- ","- ",38.348121643066406,-122.69612121582031,SONOMA,"ROHNERT PARK",-122.69615173339844,38.348171234130859
8939600,2019,2020-02-13,4905,2019-10-14,0259,SR473,10606,1,5,6,4905,0,0,0,,0,006,"HOEN AV","CYPRESS WY",149.00,W,N,A,-,N,,,,,,,,,,Y,1,1,1,4,A,-,01,23152,A,F,C,E,A,A,H,-,C,D,0,,,,,Y,Y,A,01,0,1,0,0,0,0,0,0,0,"- ","- ",,,SONOMA,"SANTA ROSA",-122.681884765625,38.437969207763672
8940633,2019,2019-10-09,4900,2019-09-03,1456,SD2224,11101,2,5,3,4980,0,0,0,,0,WI1,"GUMVIEW RD","KEITH CT",101.00,W,N,A,-,N,,,,,,,,,,Y,3,0,1,1,A,-,05,21650,A,N,E,I,A,A,H,-,A,D,0,,,,,Y,Y,A,01,0,1,0,0,0,0,0,0,0,"- ","- ",,,SONOMA,WINDSOR,-122.82865142822266,38.556503295898438
8940913,2019,2019-09-25,4904,2019-08-30,1408,528,,5,5,4,4904,0,0,0,,0,002,"STATE FARM DR","CITY CENTER DR",0.00,,Y,A,-,N,,,,,,,,,,Y,4,0,1,2,A,-,09,21801,A,N,D,C,A,A,H,-,A,A,0,,,,,Y,,A,01,0,0,1,0,0,0,0,0,0,"- ","- ",38.3497314453125,-122.70601654052734,SONOMA,"ROHNERT PARK",-122.70599365234375,38.3497314453125
8941342,2019,2019-09-30,4904,2019-09-03,2050,529,,2,5,4,4904,0,0,0,,0,001,"GOLF COURSE DR","FERN PL",580.00,E,N,A,-,N,,,,,,,,,,Y,4,0,1,1,A,-,08,22107,,N,E,I,A,A,A,H,D,D,0,,,,,Y,,A,01,0,0,1,0,0,0,0,0,0,"- ","- ",38.361621856689453,-122.70540618896484,SONOMA,"ROHNERT PARK",-122.70516204833984,38.361549377441406
8947728,2019,2019-10-11,4908,2019-09-14,1618,3381,8,6,5,5,4908,0,0,0,,0,004,"RIESLING RD","SONOMA MOUNTAIN  PKWY",275.00,E,N,A,-,N,,,,,,,,,,N,3,0,1,2,A,-,10,21950,A,N,G,B,C,A,H,-,A,A,0,Y,,,,Y,,D,22,0,1,0,0,1,0,0,0,0,"- ","- ",38.269508361816406,-122.64006805419922,SONOMA,PETALUMA,-122.64023590087891,38.269329071044922
8948270,2019,2019-10-02,4905,2019-08-18,1614,8921,10607,7,5,6,4905,0,0,0,,0,00Y,"DUTTON AV","SEBASTOPOL RD",0.00,,Y,A,-,N,,,,,,,,,,Y,3,0,3,2,A,-,08,22107,,N,B,C,A,A,H,-,A,A,0,,,,,Y,,A,01,0,1,2,0,0,0,0,0,0,"- ","- ",,,SONOMA,"SANTA ROSA",-122.72530364990234,38.430618286132812
8948286,2019,2019-10-02,4905,2019-08-02,0406,517,10602,5,5,6,4905,0,0,0,,0,002,"BICENTENNIAL WY","THE OVERLOOK",0.00,E,N,A,-,N,,,,,,,,,,Y,4,0,1,1,A,-,03,22350,,M,E,I,A,A,H,-,C,A,0,,,,,Y,,A,01,0,0,1,0,0,0,0,0,0,"- ","- ",,,SONOMA,"SANTA ROSA",,
8948287,2019,2019-10-03,4905,2019-08-17,2126,SR481,10605,6,5,6,4905,0,0,0,,0,005,"STONY POINT RD","WEST COLLEGE AV",200.00,S,N,A,-,N,,,,,,,,,,Y,2,0,1,1,B,-,22,,,N,E,I,A,A,H,-,C,D,0,,,Y,,Y,,C,02,1,0,0,0,0,0,0,0,1,"- ","- ",,,SONOMA,"SANTA ROSA",-122.75135040283203,38.444698333740234
8948299,2019,2019-10-03,4905,2019-08-26,1513,SR504,10602,1,5,6,4905,0,0,0,,0,002,"MENDOCINO AV","LEWIS ST",0.00,,Y,A,-,N,,,,,,,,,,N,4,0,1,2,A,-,03,22350,,N,C,C,A,A,H,-,A,A,0,,,,,Y,,A,01,0,0,1,0,0,0,0,0,0,"- ","- ",,,SONOMA,"SANTA ROSA",-122.71720123291016,38.461009979248047
8948302,2019,2019-10-02,4905,2019-08-20,1255,353,10606,2,5,6,4905,0,0,0,,0,006,"QUIGG DR","MISSION BL",258.00,E,N,A,-,N,,,,,,,,,,N,3,0,1,2,A,-,09,21804,,N,H,A,A,A,H,-,A,D,0,,,Y,,Y,,A,01,0,1,0,0,0,0,0,0,1,"- ","- ",,,SONOMA,"SANTA ROSA",-122.67236328125,38.458595275878906
8948303,2019,2019-10-02,4905,2019-08-30,0721,SR8920,10608,5,5,6,4905,0,0,0,,0,008,"KAWANA SPRINGS RD","PETALUMA HILL RD",0.00,,Y,A,-,N,,,,,,,,,,Y,3,0,1,2,A,-,17,21451,A,N,D,C,A,A,H,-,A,A,0,,,,,Y,,A,07,0,1,0,0,0,0,0,0,0,"- ","- ",,,SONOMA,"SANTA ROSA",-122.70426940917969,38.416500091552734
8948306,2019,2019-10-02,4905,2019-08-20,1733,551,10609,2,5,6,4905,0,0,0,,0,009,"3RD ST","D ST",0.00,,Y,A,-,N,,,,,,,,,,Y,4,0,2,2,A,-,09,21801,A,N,D,C,A,A,H,-,A,A,0,,,,,Y,,A,01,0,0,2,0,0,0,0,0,0,"- ","- ",,,SONOMA,"SANTA ROSA",-122.71177673339844,38.440391540527344
8948318,2019,2019-10-02,4905,2019-08-07,1652,SR383,10608,3,5,6,4905,0,0,0,,0,008,"SANTA ROSA AV","EL PORTAL DR",0.00,,Y,A,-,N,,,,,,,,,,N,4,0,1,2,A,-,05,21650,1,F,A,G,A,A,H,-,A,D,0,,Y,,,Y,,L,04,0,0,1,0,0,0,1,0,0,"- ","- ",,,SONOMA,"SANTA ROSA",-122.71347808837891,38.4039306640625
8948490,2019,2019-10-02,4905,2019-09-04,0754,SR413,10609,3,5,6,4905,0,0,0,,0,009,"COLLEGE AV","KING ST",0.00,,Y,A,-,N,,,,,,,,,,Y,4,0,1,2,A,-,12,21453,A,N,D,C,A,A,H,-,A,A,0,,,,,Y,,A,01,0,0,1,0,0,0,0,0,0,"- ","- ",,,SONOMA,"SANTA ROSA",-122.71087646484375,38.445468902587891
8948506,2019,2019-10-02,4905,2019-09-07,1559,SR8921,10605,6,5,6,4905,0,0,0,,0,005,"WESTGATE CIR","SOVEREIGN LN",0.00,,Y,A,-,N,,,,,,,,,,Y,3,0,3,2,A,-,09,21803,A,N,D,C,A,A,H,-,A,A,0,,,,,Y,,A,01,0,1,2,0,0,0,0,0,0,"- ","- ",,,SONOMA,"SANTA ROSA",-122.75676727294922,38.432338714599609