CASE_ID,ACCIDENT_YEAR,PROC_DATE,JURIS,COLLISION_DATE,COLLISION_TIME,OFFICER_ID,REPORTING_DISTRICT,DAY_OF_WEEK,CHP_SHIFT,POPULATION,CNTY_CITY_LOC,SPECIAL_COND,BEAT_TYPE,CHP_BEAT_TYPE,CITY_DIVISION_LAPD,CHP_BEAT_CLASS,BEAT_NUMBER,PRIMARY_RD,SECONDARY_RD,DISTANCE,DIRECTION,INTERSECTION,WEATHER_1,WEATHER_2,STATE_HWY_IND,CALTRANS_COUNTY,CALTRANS_DISTRICT,STATE_ROUTE,ROUTE_SUFFIX,POSTMILE_PREFIX,POSTMILE,LOCATION_TYPE,RAMP_INTERSECTION,SIDE_OF_HWY,TOW_AWAY,COLLISION_SEVERITY,NUMBER_KILLED,NUMBER_INJURED,PARTY_COUNT,PRIMARY_COLL_FACTOR,PCF_CODE_OF_VIOL,PCF_VIOL_CATEGORY,PCF_VIOLATION,PCF_VIOL_SUBSECTION,HIT_AND_RUN,TYPE_OF_COLLISION,MVIW,PED_ACTION,ROAD_SURFACE,ROAD_COND_1,ROAD_COND_2,LIGHTING,CONTROL_DEVICE,CHP_ROAD_TYPE,PEDESTRIAN_ACCIDENT,BICYCLE_ACCIDENT,MOTORCYCLE_ACCIDENT,TRUCK_ACCIDENT,NOT_PRIVATE_PROPERTY,ALCOHOL_INVOLVED,STWD_VEHTYPE_AT_FAULT,CHP_VEHTYPE_AT_FAULT,COUNT_SEVERE_INJ,COUNT_VISIBLE_INJ,COUNT_COMPLAINT_PAIN,COUNT_PED_KILLED,COUNT_PED_INJURED,COUNT_BICYCLIST_KILLED,COUNT_BICYCLIST_INJURED,COUNT_MC_KILLED,COUNT_MC_INJURED,PRIMARY_RAMP,SECONDARY_RAMP,LATITUDE,LONGITUDE,COUNTY,CITY,POINT_X,POINT_Y
90025772,2015,2015-10-19,9350,2015-10-03,0730,020201,,6,1,9,4900,0,1,S,,2,904,"SR-121 S/B",SR-37,25.00,N,N,A,-,Y,,,121,,,,,,S,N,4,0,2,2,A,-,03,22350,,N,C,C,A,A,H,-,A,D,0,,,,,Y,,A,07,0,0,2,0,0,0,0,0,0,"- ","- ",38.15099,-122.44935,SONOMA,UNINCORPORATED,-122.44945877000001,38.15095788
90026327,2015,2015-10-19,9360,2015-09-21,0605,013440,9360,1,1,9,4900,0,3,5,,2,005,"PLEASANT HILL RD","BLACKNEY RD",400.00,S,N,A,-,N,,,,,,,,,,Y,3,0,1,1,A,-,08,22107,,N,F,I,A,A,H,-,B,D,0,,,,,Y,,A,01,0,1,0,0,0,0,0,0,0,"- ","- ",,,SONOMA,UNINCORPORATED,-122.83368847,38.38317266
90026506,2015,2015-10-19,9360,2015-09-04,2205,020326,,5,3,9,4900,0,3,5,,2,004,"SANTA ROSA AVE","MOUNTAIN VIEW AVE",1584.00,N,N,A,-,N,,,,,,,,,,Y,2,0,1,2,D,-,00,,,N,G,B,E,A,H,-,C,D,0,Y,,,,Y,,-,"- ",1,0,0,0,1,0,0,0,0,"- ","- ",38.229779999999998,-122.42811,SONOMA,UNINCORPORATED,-122.71356514999999,38.383680589999997
90026587,2015,2015-10-19,9360,2015-09-29,0210,019092,,2,3,9,4900,0,1,2,,2,050,"US-101 S/B","PETALUMA BLVDN",2112.00,N,N,A,-,Y,,,,,,,,,,N,4,0,1,1,A,-,08,22107,,N,E,I,A,A,H,-,C,D,0,,,,,Y,,A,01,0,0,1,0,0,0,0,0,0,"- ","- ",38.276490000000003,-122.67578,SONOMA,UNINCORPORATED,,
90026786,2015,2015-10-19,9360,2015-09-24,1935,016000,,4,2,9,4900,0,1,2,,1,060,"US-101 N/B","KASTANIA RD",0.00,,N,A,-,Y,,,101,,,,,,N,Y,4,0,1,1,A,-,08,22107,,N,E,J,A,A,D,-,D,D,0,,,,,Y,,A,01,0,0,1,0,0,0,0,0,0,"- ","- ",38.210479999999997,-122.60052,SONOMA,UNINCORPORATED,-122.60053202,38.210474550000001
90026931,2015,2015-10-19,9360,2015-10-04,1735,016000,,7,2,5,4908,0,1,2,,1,060,"US-101 S/B","SR-116 (LAKEVILLE HWY)",1584.00,S,N,A,-,Y,,,101,,,,,,S,Y,3,0,2,2,A,-,01,23152,A,N,C,C,A,A,D,-,A,D,0,,,,,Y,Y,A,07,0,1,1,0,0,0,0,0,0,"- ","- ",38.228879999999997,-122.61575000000001,SONOMA,PETALUMA,-122.61579098,38.228858870000003
90027025,2015,2016-02-25,9325,2015-08-07,2354,020261,,5,3,9,4900,0,3,5,,2,005,"7TH ST  E","CASTLE RD",1584.00,N,N,A,-,N,,,,,,,,,,Y,1,1,1,1,A,-,01,23152,A,N,E,I,A,A,H,-,D,D,0,,,,,Y,Y,A,01,1,0,0,0,0,0,0,0,0,"- ","- ",38.171550000000003,-122.12624,SONOMA,UNINCORPORATED,-122.43916842,38.298073590000001
90027155,2015,2015-10-19,9360,2015-09-24,1630,020731,,4,2,6,4905,0,1,2,,2,040,"US-101 S/B","COLLEGE AVENUE U/C",2000.00,S,N,A,-,Y,,,101,,,,,,S,Y,4,0,1,2,A,-,03,22350,,N,C,C,A,A,H,-,A,D,0,,,,,Y,,A,07,0,0,1,0,0,0,0,0,0,"- ","- ",38.439839999999997,-122.71999,SONOMA,"SANTA ROSA",-122.71995737,38.439861460000003
90027814,2015,2015-10-19,9360,2015-09-29,1020,014773,,2,1,9,4900,0,2,4,,1,038,"GRATON RD","SONOMA AVE",200.00,N,N,A,-,N,,,,,,,,,,Y,4,0,1,2,A,-,03,22350,,N,C,C,A,A,H,-,A,D,0,,,,,Y,,D,23,0,0,1,0,0,0,0,0,0,"- ","- ",38.436900000000001,-122.86183,SONOMA,UNINCORPORATED,-122.86157,38.436839999999997
90028076,2015,2015-10-19,9360,2015-09-24,1040,019833,,4,1,5,4908,0,1,2,,1,060,"US-101 N/B","CORONA ROAD",1000.00,S,N,A,-,Y,,,101,,,,,,N,Y,3,0,2,4,A,-,03,22350,,N,C,C,A,A,H,-,A,D,0,,,,,Y,,D,22,0,1,1,0,0,0,0,0,0,"- ","- ",38.261299999999999,-122.65483999999999,SONOMA,PETALUMA,-122.65474918,38.26146138
90028156,2015,2015-10-19,9360,2015-09-26,1915,019359,,6,2,9,4900,0,2,4,,1,046,"WARM SPRINGS RD","WOLF RUN",360.00,E,N,A,-,N,,,,,,,,,,Y,3,0,1,1,A,-,08,22107,,M,E,J,A,A,H,-,D,D,0,,,,,Y,,A,01,0,1,0,0,0,0,0,0,0,"- ","- ",38.371650000000002,-122.53484,SONOMA,UNINCORPORATED,-122.53485652000001,38.371536089999999
90030303,2015,2015-10-19,9325,2015-09-24,2130,019987,,4,2,9,4900,0,1,3,,1,063,SR12,"CAVEDALE RD",500.00,W,N,A,-,Y,,,12,,,,,,,Y,3,0,1,1,A,-,08,22107,,N,E,I,A,A,H,-,C,D,0,,,,,Y,,D,22,0,1,0,0,0,0,0,0,0,"- ","- ",38.337710000000001,-122.4932,SONOMA,UNINCORPORATED,-122.49321433,38.337700179999999
90030722,2015,2015-10-19,9360,2015-09-19,2138,020819,,6,2,9,4900,0,3,5,,2,004,"LAWNDALE RD",SR-12,2218.00,W,N,A,-,N,,,,,,,,,,Y,2,0,2,1,A,-,01,23152,A,N,E,I,A,A,H,-,D,D,0,,,,,Y,Y,D,22,1,1,0,0,0,0,0,0,0,"- ","- ",38.424190000000003,-122.56788,SONOMA,UNINCORPORATED,,
90030940,2015,2015-10-19,9360,2015-10-03,1519,016076,,6,2,9,4900,0,2,4,,1,038,"GRATON RD","GREEN HILL RD",9504.00,W,N,A,-,N,,,,,,,,,,N,2,0,1,1,A,-,03,22350,,N,F,A,A,A,H,-,A,A,0,,Y,,,Y,,L,04,1,0,0,0,0,0,1,0,0,"- ","- ",38.256,-122.5424,SONOMA,UNINCORPORATED,-122.93427010000001,38.416512269999998
90032616,2015,2015-10-19,9360,2015-10-08,0525,014883,,4,3,6,4905,0,3,5,,2,004,"SAN DOMINGO DR","MORAGA DR",336.00,W,N,B,-,N,,,,,,,,,,Y,4,0,1,2,A,-,08,22107,,N,B,E,A,A,H,-,C,D,0,,,,,Y,,A,01,0,0,1,0,0,0,0,0,0,"- ","- ",38.421979999999998,-122.70135999999999,SONOMA,"SANTA ROSA",-122.70122320999999,38.421980019999999
90033551,2015,2015-10-19,9360,2015-10-03,1630,019359,,6,2,9,4900,0,3,5,,2,004,"SONOMA MOUNTAIN RD","PALM DR",1200.00,W,N,A,-,N,,,,,,,,,,Y,3,0,1,1,A,-,08,22107,,N,E,I,A,A,H,-,A,D,0,,,,,Y,,A,01,0,1,0,0,0,0,0,0,0,"- ","- ",38.29992,-122.599,SONOMA,UNINCORPORATED,,
90033676,2015,2015-10-19,9325,2015-10-14,0830,015176,,3,1,9,4900,0,1,3,,1,051,SR-121,"MEADOWLARK CT",5280.00,S,N,A,-,Y,,,121,,,,,,,Y,4,0,1,2,A,-,03,22350,,N,C,C,A,A,H,-,A,D,0,,,,,Y,,A,01,0,0,1,0,0,0,0,0,0,"- ","- ",38.205719999999999,-122.45148,SONOMA,UNINCORPORATED,-122.45148745,38.205714219999997
90034811,2015,2015-10-20,9350,2015-10-14,1625,016274,,3,2,9,4900,0,1,3,,2,137,"SR-37 E/B","MARIN COUNTY LINE",500.00,E,N,A,-,Y,,,37,,,,,,E,Y,4,0,1,3,A,-,03,22350,,N,C,C,A,A,H,-,A,D,0,,,,,Y,,A,07,0,0,1,0,0,0,0,0,0,"- ","- ",38.1158,-122.50521999999999,SONOMA,UNINCORPORATED,-122.50520971,38.115786819999997
90035139,2015,2015-10-21,9360,2015-10-07,1810,015812,,3,2,9,4900,0,2,4,,1,024,"CALISTOGA ROAD","PORTER CREEK ROAD",2640.00,S,N,A,-,N,,,,,,,,,,Y,3,0,4,2,A,-,03,22350,,N,A,C,A,A,H,-,A,D,0,,,,,Y,,A,01,0,1,3,0,0,0,0,0,0,"- ","- ",38.544710000000002,-122.65055,SONOMA,UNINCORPORATED,-122.65213371999999,38.544973550000002
9003612,2019,2020-02-10,4906,2019-11-27,1400,451,4906,3,5,2,4906,0,0,0,,0,,"MAPLE AV","RT 116",3.00,W,N,B,-,Y,SON,4,116,-,R,27.110,I,5,W,N,3,0,1,2,A,-,10,21950,A,N,G,B,B,A,H,-,A,A,0,Y,,,,Y,,A,01,0,1,0,0,1,0,0,0,0,"- ","- ",38.402698516845703,-122.82306671142578,SONOMA,SEBASTOPOL,-122.82120513916016,38.398330688476562
90037297,2015,2015-10-23,9360,2015-10-19,1155,015812,,1,1,5,4908,0,1,2,,1,060,"US-101 N/B","EAST WASHINGTON STREET (O/C)",4224.00,N,N,A,-,Y,,,101,,,,,,N,Y,4,0,1,1,A,-,08,22107,,N,F,A,A,A,H,-,A,D,0,,,,,Y,,A,07,0,0,1,0,0,0,0,0,0,"- ","- ",38.253010000000003,-122.63802,SONOMA,PETALUMA,-122.63831281,38.252444009999998
90038727,2015,2015-11-02,9360,2015-10-06,1220,014455,,2,1,9,4900,0,1,3,,1,053,"MECHAM RD. E/B","STONY POINT RD.",0.00,,Y,A,-,N,,,,,,,,,,Y,4,0,1,1,A,-,03,22350,,N,F,A,A,A,B,-,A,A,0,,,Y,,Y,,C,02,0,0,1,0,0,0,0,0,1,"- ","- ",38.310699999999997,-122.73480000000001,SONOMA,UNINCORPORATED,-122.73471000000001,38.310789980000003
9003899,2021,2021-10-06,4908,2021-09-05,2033,2938,15,7,5,5,4908,0,0,0,,0,001,"LAKEVILLE HWY","SOUTH MCDOWELL BL",350.00,W,N,A,-,Y,SON,4,116,-,-,35.990,H,-,W,Y,3,0,1,1,A,-,01,23152,A,N,E,I,A,A,H,-,C,D,0,,,,,Y,Y,A,01,0,1,0,0,0,0,0,0,0,"- ","- ",38.23419189453125,-122.59998321533203,SONOMA,PETALUMA,-122.60015869140625,38.234157562255859
90040352,2015,2015-10-29,9360,2015-10-17,0745,019824,,6,1,2,4901,0,1,2,,1,010,"US-101 S/B","N. REDWOOD HWY. (CLOVERDALE)",1504.00,S,N,B,C,Y,,,,,,,,,,Y,4,0,1,1,A,-,03,22350,,N,E,C,A,B,H,-,A,D,0,,,,,Y,,A,07,0,0,1,0,0,0,0,0,0,"- ","- ",38.824440000000003,-123.01523,SONOMA,CLOVERDALE,-122.85265,38.594619999999999
90040450,2015,2015-10-29,9360,2015-10-17,1955,020082,,6,2,5,4908,0,1,2,,1,060,"US-101 NORTHBOUND","LYNCH CREEK",139.00,N,N,A,-,Y,,,101,,,,,,N,Y,4,0,1,3,A,-,03,22350,,N,C,C,A,A,H,-,A,D,0,,,,,Y,,A,01,0,0,1,0,0,0,0,0,0,"- ","- ",38.25564,-122.64449999999999,SONOMA,PETALUMA,-122.64447726,38.25568097
90040547,2015,2015-10-29,9360,2015-10-17,1610,018881,,6,2,9,4900,0,1,3,,1,065,"CAZADERO HIGHWAY","OLD DUNCANS MILLS",13728.00,N,N,A,-,N,,,,,,,,,,Y,3,0,1,1,A,-,08,22107,,N,B,I,A,A,H,-,A,D,0,,,,,Y,,A,01,0,1,0,0,0,0,0,0,0,"- ","- ",38.495739999999998,-123.2011,SONOMA,UNINCORPORATED,-123.06985616999999,38.499876620000002
90042095,2015,2015-11-02,9360,2015-09-04,1150,016577,,5,1,9,4900,0,1,2,,1,010,"US-101 (N/B)","CANYON RD",2640.00,N,N,A,-,Y,,,101,,,,,,,Y,3,0,1,1,A,-,08,22107,,N,E,I,A,A,H,-,A,D,0,,,,,Y,,A,01,0,1,0,0,0,0,0,0,0,"- ","- ",38.719050000000003,-122.92363,SONOMA,UNINCORPORATED,-122.9237122,38.718974699999997
90042132,2015,2015-11-02,9325,2015-10-20,1532,015447,,2,2,9,4900,0,1,3,,1,072,"SR-121 S/B","MAFFEI RD",233.00,N,N,A,-,Y,,,121,,,,,,S,Y,4,0,1,1,A,-,08,22107,,N,E,I,A,A,H,-,A,D,0,,,,,Y,,A,01,0,0,1,0,0,0,0,0,0,"- ","- ",38.237839999999998,-122.45668000000001,SONOMA,UNINCORPORATED,-122.45666284000001,38.237787599999997
90042255,2015,2015-11-02,9360,2015-10-17,1710,018859,,6,2,9,4900,0,1,3,,1,061,SR-1,"KELLY CT",18480.00,S,N,B,-,Y,,,1,,,,,,,Y,3,0,1,2,A,-,05,21460,A,N,A,C,A,B,H,-,A,D,0,,,Y,,Y,,C,02,0,1,0,0,0,0,0,0,1,"- ","- ",38.581180000000003,-123.33222000000001,SONOMA,UNINCORPORATED,-123.33221349999999,38.581177500000003
90043120,2015,2015-11-03,9360,2015-10-21,0110,016524,,3,3,9,4900,0,2,4,,1,032,"RIVER RD.","MARTINELLI RD",198.00,E,N,A,-,Y,,,,,,,,,,Y,4,0,1,1,A,-,08,22107,,N,E,I,A,A,H,-,D,D,0,,,,,Y,,A,01,0,0,1,0,0,0,0,0,0,"- ","- ",38.50282,-122.90848,SONOMA,UNINCORPORATED,-122.90931739,38.503139320000002
90044301,2015,2015-11-04,9325,2015-11-03,1623,015447,,2,2,9,4900,0,1,3,,1,053,"SR-116 E/B","ARNOLD DRIVE",10.00,W,N,A,-,Y,,,116,,,,,,E,Y,4,0,1,2,A,-,03,22350,,N,C,C,A,A,H,-,B,A,0,,,,,Y,,A,01,0,0,1,0,0,0,0,0,0,"- ","- ",38.254899999999999,-122.48021,SONOMA,UNINCORPORATED,-122.48020488,38.254964700000002
90046569,2015,2015-11-09,9360,2015-10-02,1920,016000,,5,2,9,4900,0,1,3,,1,045,"SR-116 (LAKEVILLE HWY)","STAGE GULCH ROAD",0.00,,Y,A,-,Y,,,116,,,,,,,Y,3,0,2,2,A,-,09,21801,A,N,A,C,A,A,H,-,C,A,0,,,,,Y,,A,01,0,1,1,0,0,0,0,0,0,"- ","- ",38.212049999999998,-122.54928,SONOMA,UNINCORPORATED,-122.54927526,38.212039310000002
9004663,2019,2020-01-27,4904,2019-12-11,1009,514,,3,5,4,4904,0,0,0,,0,,"EAST COTATI AV","SNYDER LN",365.00,E,N,C,-,N,,,,,,,,,,,4,0,1,1,A,-,08,22107,,N,E,I,A,B,H,-,A,D,0,,,,,Y,,D,82,0,0,1,0,0,0,0,0,0,"- ","- ",38.335800170898438,-122.68515014648438,SONOMA,"ROHNERT PARK",-122.68401336669922,38.336181640625
90047374,2015,2015-12-15,9360,2015-10-01,0640,020085,,4,1,5,4908,0,1,2,,1,060,"US 101 S/B","WASHINGTON AVE",989.00,N,N,B,-,Y,,,,,,,,,,Y,3,0,1,2,A,-,07,21658,,N,B,C,A,A,H,-,B,D,0,,,,,Y,,A,01,0,1,0,0,0,0,0,0,0,"- ","- ",38.248249999999999,-122.63075000000001,SONOMA,PETALUMA,-122.63062856000001,38.248272499999999
90051243,2015,2015-11-16,9325,2015-11-07,0202,020563,,6,3,9,4900,0,3,5,,2,005,"LEVERONI ROAD","5TH ST  W",800.00,W,N,A,-,N,,,,,,,,,,Y,3,0,1,1,A,-,01,23152,A,N,E,I,A,A,H,-,D,D,0,,,,,Y,Y,A,01,0,1,0,0,0,0,0,0,0,"- ","- ",38.163890000000002,-122.28263,SONOMA,UNINCORPORATED,-122.47327276,38.277517490000001
90051364,2015,2015-11-16,9360,2015-10-30,0700,016660,,5,1,9,4900,0,2,4,,2,056,"STONY POINT RD","RAILROAD AVE",0.00,,Y,A,-,N,,,,,,,,,,N,3,0,1,2,A,-,09,21801,A,N,D,C,A,A,H,-,D,D,0,,,,,Y,,A,01,0,1,0,0,0,0,0,0,0,"- ","- ",38.299300000000002,-122.71258,SONOMA,UNINCORPORATED,-122.71255986,38.29922998
90051499,2015,2015-11-16,9360,2015-10-31,1640,018859,,6,2,9,4900,0,3,5,,2,003,"PINER ROAD","WILLOWSIDE RD",528.00,W,N,A,-,N,,,,,,,,,,N,4,0,1,2,A,-,08,22107,,N,C,C,A,A,H,-,A,D,0,,,Y,,Y,,A,07,0,0,1,0,0,0,0,0,1,"- ","- ",38.46707,-122.80604,SONOMA,UNINCORPORATED,-122.80865461,38.467070200000002
90051752,2015,2015-11-16,9360,2015-11-01,1840,018828,,7,2,9,4900,0,1,3,,1,013,"SR-116 (MAIN ST)","BROOKSIDE LN",0.00,,Y,B,C,Y,,,116,,,,,,,N,4,0,1,2,A,-,09,21802,B,N,D,C,A,B,H,-,D,B,0,,,,,Y,,A,01,0,0,1,0,0,0,0,0,0,"- ","- ",38.502070000000003,-123.00221000000001,SONOMA,UNINCORPORATED,-123.00221177,38.501974500000003
90052227,2015,2015-11-17,9325,2015-11-04,0855,015674,,3,1,9,4900,0,2,4,,1,064,"ARNOLD DRIVE","BOYES BLVD",520.00,N,N,A,-,N,,,,,,,,,,Y,2,0,1,2,A,-,09,21804,A,N,D,C,A,A,H,-,A,D,0,,,Y,,Y,,A,01,1,0,0,0,0,0,0,0,1,"- ","- ",38.311619999999998,-122.49818999999999,SONOMA,UNINCORPORATED,-122.49817279,38.311512329999999
90052228,2015,2015-11-17,9360,2015-11-02,0825,011932,9360,1,1,9,4900,0,1,2,,2,050,"US-101 S/B","TODD RD",528.00,N,N,B,-,Y,,,101,,,,,,S,Y,3,0,2,2,A,-,03,22350,,N,B,C,A,B,H,-,A,D,0,,,,,Y,,A,07,0,1,1,0,0,0,0,0,0,"- ","- ",38.388739999999999,-122.71634,SONOMA,UNINCORPORATED,-122.71629184,38.388739389999998
90053748,2015,2015-11-18,9360,2015-11-06,1105,019824,,5,1,9,4900,0,1,3,,1,041,SR-12,"GREENE ST",15.00,W,N,A,-,Y,,,12,,,,,,,Y,4,0,1,2,A,-,03,22350,,N,C,C,A,A,H,-,A,D,0,,,,Y,Y,,F,27,0,0,1,0,0,0,0,0,0,"- ","- ",38.421370000000003,-122.55296,SONOMA,UNINCORPORATED,-122.55311266,38.421217339999998
90054364,2015,2015-11-19,9360,2015-11-01,1835,018881,,7,2,9,4900,0,1,3,,1,063,SR-1,"CARMET DRIVE",528.00,S,N,C,-,Y,,,1,,,,,,,Y,3,0,1,1,A,-,08,22107,,N,E,I,A,B,H,-,D,D,0,,,,,Y,,A,01,0,1,0,0,0,0,0,0,0,"- ","- ",38.370249999999999,-123.07295000000001,SONOMA,UNINCORPORATED,-123.07295316,38.370246590000001
90054604,2015,2015-11-19,9360,2015-11-07,1715,019359,,6,2,9,4900,0,3,5,,2,003,"COVEY RD","CENTER DR",0.00,,Y,A,-,N,,,,,,,,,,Y,4,0,2,2,A,-,09,21804,A,N,D,C,A,A,H,-,B,D,0,,,,,Y,,A,01,0,0,2,0,0,0,0,0,0,"- ","- ",38.474550000000001,-122.89042000000001,SONOMA,UNINCORPORATED,-122.89019992,38.474539970000002
90056048,2015,2015-11-20,9360,2015-11-13,1745,018828,,5,2,6,4905,0,1,2,,2,030,"US-101 S/B","MENDOCINO AVE OVER-CROSSING",2640.00,N,N,A,-,Y,,,101,,,,,,S,Y,4,0,2,3,A,-,03,22350,,N,C,C,A,A,H,-,D,D,0,,,,,Y,,A,01,0,0,2,0,0,0,0,0,0,"- ","- ",38.480649999999997,-122.73475000000001,SONOMA,"SANTA ROSA",-122.73470974999999,38.480694640000003
90058284,2015,2015-11-24,9360,2015-11-08,1825,020566,,7,2,9,4900,0,1,2,,2,050,"US-101 S/B","PETALUMA BLVDN",500.00,N,N,A,-,Y,,,,,,,,,,Y,4,0,1,3,A,-,03,22350,,N,C,C,A,A,H,-,C,D,0,,,,,Y,,A,01,0,0,1,0,0,0,0,0,0,"- ","- ",38.27169,-122.6703,SONOMA,UNINCORPORATED,,
90058841,2015,2015-11-24,9360,2015-11-10,1725,016045,,2,2,4,4904,0,1,2,,2,050,"U.S.-101 N/B","ROHNERT PARK EXPY",3168.00,N,N,A,B,Y,,,,,,,,,,Y,3,0,1,4,A,-,03,22350,,N,C,C,A,A,H,-,A,D,0,,,,,Y,,D,22,0,1,0,0,0,0,0,0,0,"- ","- ",38.385590000000001,-122.71210000000001,SONOMA,"ROHNERT PARK",-122.71302,38.357181330000003
90059560,2015,2015-11-25,9360,2015-11-16,1550,016045,,1,2,9,4900,0,2,4,,1,034,"GUERNEVILLE RD","OLIVET RD",0.00,,Y,A,-,N,,,,,,,,,,Y,4,0,1,2,A,-,09,21802,A,N,D,C,A,A,H,-,A,A,0,,,,,Y,,A,07,0,0,1,0,0,0,0,0,0,"- ","- ",38.452440000000003,-122.81591,SONOMA,UNINCORPORATED,-122.81591998,38.45241
90059575,2015,2015-11-25,9325,2015-11-04,1925,015447,,3,2,9,4900,0,3,5,,2,005,"PETALUMA AVE","GOIN LN",0.00,,Y,A,-,N,,,,,,,,,,Y,4,0,1,2,A,-,05,21460,A,N,A,C,A,A,H,-,D,D,0,,,,,Y,,A,01,0,0,1,0,0,0,0,0,0,"- ","- ",38.293520000000001,-122.47968,SONOMA,UNINCORPORATED,-122.47966997,38.29366993
90059930,2015,2015-11-25,9350,2015-11-18,1650,013814,,3,2,9,4900,0,1,3,,2,137,"SR-37  E/B","SONOMA / MARIN COUNTY LINE",200.00,E,N,A,-,Y,,,,,,,,,,Y,4,0,1,1,C,-,18,,,N,E,I,A,A,H,-,B,D,0,,,,,Y,,-,"- ",0,0,1,0,0,0,0,0,0,"- ","- ",38.029440000000001,-122.53785000000001,SONOMA,UNINCORPORATED,,
90061596,2015,2015-11-30,9360,2015-11-17,1310,013440,9360,2,1,9,4900,0,2,4,,1,032,"RIVER RD.","TRENTON RD. (STEELEHEAD BEACH)",20.00,W,N,A,-,N,,,,,,,,,,N,4,0,2,2,A,-,03,22350,,N,C,C,A,A,H,-,A,D,0,,,,,Y,,-,30,0,0,2,0,0,0,0,0,0,"- ","- ",38.495829999999998,-122.89949,SONOMA,UNINCORPORATED,-122.89935111,38.495757480000002
9006201,2019,2020-01-07,4906,2019-11-21,1503,451,4906,4,5,2,4906,0,0,0,,0,,"BODEGA AV","NELSON WY",38.00,E,N,A,-,N,,,,,,,,,,Y,4,0,3,2,A,-,03,22350,,N,C,C,A,A,H,-,A,A,0,,,,,Y,,A,01,0,0,3,0,0,0,0,0,0,"- ","- ",38.398200988769531,-122.83318328857422,SONOMA,SEBASTOPOL,-122.83303833007812,38.398143768310547
90062354,2015,2015-12-01,9360,2015-11-18,0852,013513,,3,1,9,4900,0,1,2,,2,030,"US 101 S/B","AIRPORT BOULEVARD",10.00,S,N,B,-,Y,,,,,,,,,,Y,4,0,2,4,A,-,03,22350,,N,C,C,A,A,H,-,A,D,0,,,,,Y,,A,01,0,0,2,0,0,0,0,0,0,"- ","- ",38.51117,-122.77587,SONOMA,UNINCORPORATED,-122.77594487,38.511420899999997
90062468,2015,2015-12-01,9360,2015-10-18,0430,020567,,7,3,9,4900,0,3,5,,2,003,"EASTSIDE RD","WINDSOR RIVER RD",1056.00,S,N,A,-,N,,,,,,,,,,Y,1,1,0,1,A,-,01,23152,A,N,E,I,A,A,H,-,D,D,0,,,,,Y,Y,A,07,0,0,0,0,0,0,0,0,0,"- ","- ",38.546059999999997,-122.84621,SONOMA,UNINCORPORATED,-122.84621392,38.544629890000003
90064220,2015,2015-12-02,9360,2015-11-20,0745,016660,,5,1,6,4905,0,1,3,,1,051,"SR-12 E/B","DUTTON AVE",750.00,W,N,A,-,Y,,,,,,,,,,Y,4,0,2,2,A,-,03,22350,,N,C,C,A,A,H,-,A,D,0,,,,,Y,,A,08,0,0,2,0,0,0,0,0,0,"- ","- ",38.437019999999997,-122.72781000000001,SONOMA,"SANTA ROSA",-122.72874992,38.432604650000002
90064256,2015,2015-12-02,9360,2015-11-27,1240,015420,,5,1,3,4980,0,1,2,,2,030,"US-101 N/B","SHILOH RD O/C",2640.00,N,N,A,-,Y,,,101,,,,,,N,Y,3,0,3,1,A,-,08,22107,,N,E,I,A,A,H,-,A,D,0,,,,,Y,,A,01,0,3,0,0,0,0,0,0,0,"- ","- ",38.531739999999999,-122.79541,SONOMA,WINDSOR,-122.79538973,38.531758699999997
90064523,2015,2015-12-03,9360,2015-11-24,1910,016045,,2,2,9,4900,0,1,2,,1,060,U.S.-101,"OLD REDWOOD HWY",1320.00,S,N,B,-,Y,,,,,,,,,,Y,4,0,1,1,A,-,08,22107,,N,E,I,A,B,H,-,C,D,0,,,,,Y,,A,01,0,0,1,0,0,0,0,0,0,"- ","- ",38.266750000000002,-122.6634,SONOMA,UNINCORPORATED,-122.8528,38.594920000000002
90064537,2015,2015-12-03,9360,2015-12-01,1730,016045,,2,2,9,4900,0,1,2,,2,040,"U.S.-101 N/B","BAKER AVE O/C",20.00,S,N,A,-,Y,,,,,,,,,,Y,4,0,1,3,A,-,03,22350,,N,C,C,A,A,H,-,C,D,0,,,,Y,Y,,A,01,0,0,1,0,0,0,0,0,0,"- ","- ",38.422229999999999,-122.71510000000001,SONOMA,UNINCORPORATED,-122.7152378,38.421985409999998
90064819,2015,2015-12-03,9360,2015-11-24,0745,013838,,2,1,6,4905,0,1,2,,2,040,"US -101 N/B TO COLLEGE AVE","COLLEGE AVE",500.00,S,N,C,-,N,,,,,,,,,,N,4,0,1,2,A,-,03,22350,,N,C,C,A,B,H,-,A,D,0,,,,,Y,,D,22,0,0,1,0,0,0,0,0,0,"- ","- ",38.445050000000002,-122.72298000000001,SONOMA,"SANTA ROSA",-122.72304178,38.444675099999998
90065178,2015,2015-12-03,9360,2015-11-24,1200,013440,9360,2,1,9,4900,0,1,3,,1,053,SR-116,"LONE PINE RD",0.00,,Y,A,-,Y,,,,,,,,,,Y,4,0,1,4,A,-,09,21801,A,N,A,C,A,A,H,-,A,D,0,,,,,Y,,A,01,0,0,1,0,0,0,0,0,0,"- ","- ",,,SONOMA,UNINCORPORATED,,