CASE_ID,ACCIDENT_YEAR,PROC_DATE,JURIS,COLLISION_DATE,COLLISION_TIME,OFFICER_ID,REPORTING_DISTRICT,DAY_OF_WEEK,CHP_SHIFT,POPULATION,CNTY_CITY_LOC,SPECIAL_COND,BEAT_TYPE,CHP_BEAT_TYPE,CITY_DIVISION_LAPD,CHP_BEAT_CLASS,BEAT_NUMBER,PRIMARY_RD,SECONDARY_RD,DISTANCE,DIRECTION,INTERSECTION,WEATHER_1,WEATHER_2,STATE_HWY_IND,CALTRANS_COUNTY,CALTRANS_DISTRICT,STATE_ROUTE,ROUTE_SUFFIX,POSTMILE_PREFIX,POSTMILE,LOCATION_TYPE,RAMP_INTERSECTION,SIDE_OF_HWY,TOW_AWAY,COLLISION_SEVERITY,NUMBER_KILLED,NUMBER_INJURED,PARTY_COUNT,PRIMARY_COLL_FACTOR,PCF_CODE_OF_VIOL,PCF_VIOL_CATEGORY,PCF_VIOLATION,PCF_VIOL_SUBSECTION,HIT_AND_RUN,TYPE_OF_COLLISION,MVIW,PED_ACTION,ROAD_SURFACE,ROAD_COND_1,ROAD_COND_2,LIGHTING,CONTROL_DEVICE,CHP_ROAD_TYPE,PEDESTRIAN_ACCIDENT,BICYCLE_ACCIDENT,MOTORCYCLE_ACCIDENT,TRUCK_ACCIDENT,NOT_PRIVATE_PROPERTY,ALCOHOL_INVOLVED,STWD_VEHTYPE_AT_FAULT,CHP_VEHTYPE_AT_FAULT,COUNT_SEVERE_INJ,COUNT_VISIBLE_INJ,COUNT_COMPLAINT_PAIN,COUNT_PED_KILLED,COUNT_PED_INJURED,COUNT_BICYCLIST_KILLED,COUNT_BICYCLIST_INJURED,COUNT_MC_KILLED,COUNT_MC_INJURED,PRIMARY_RAMP,SECONDARY_RAMP,LATITUDE,LONGITUDE,COUNTY,CITY,POINT_X,POINT_Y
90067039,2015,2015-12-07,9360,2015-11-27,2145,020285,,5,2,9,4900,0,1,2,,2,050,"US-101 N/B","PETALUMA BLVDN",6864.00,N,N,A,-,Y,,,101,,,,,,N,N,4,0,1,2,A,-,03,22350,,N,C,C,A,A,H,-,C,D,0,,,,,Y,,A,01,0,0,1,0,0,0,0,0,0,"- ","- ",38.286380000000001,-122.68835,SONOMA,UNINCORPORATED,-122.68837511,38.286347640000002
9006718,2019,2020-01-31,4908,2019-12-30,1753,3388,6,1,5,5,4908,0,0,0,,0,003,"EAST WASHINGTON ST","GREY ST",110.00,W,N,A,-,N,,,,,,,,,,Y,4,0,1,4,A,-,08,22107,,N,B,E,A,A,H,-,C,D,0,,,,,Y,,D,22,0,0,1,0,0,0,0,0,0,"- ","- ",38.236461639404297,-122.63887786865234,SONOMA,PETALUMA,-122.63931599999999,38.236289999999997
90067432,2015,2015-12-08,9360,2015-11-29,1235,019824,,7,1,9,4900,0,2,4,,1,044,"ADOBE RD.","JACOBSEN LN",0.00,,Y,A,-,N,,,,,,,,,,Y,3,0,2,1,A,-,08,22107,,N,E,I,A,A,H,-,A,D,0,,,,,Y,,A,01,0,2,0,0,0,0,0,0,0,"- ","- ",38.292839999999998,-122.65181,SONOMA,UNINCORPORATED,-122.65179996000001,38.292919939999997
90067777,2015,2015-12-08,9360,2015-11-24,1555,018520,,2,2,9,4900,0,1,3,,1,051,SR-12,"HEPWORTH RD",2112.00,W,N,A,-,Y,,,12,,,,,,,Y,3,0,2,2,A,-,03,22350,,N,C,C,A,A,H,-,A,D,0,,,,,Y,,A,01,0,1,1,0,0,0,0,0,0,"- ","- ",38.407609999999998,-122.80422,SONOMA,UNINCORPORATED,-122.80423836999999,38.407661740000002
90068318,2015,2015-12-09,9360,2015-11-25,1315,013838,,3,1,6,4905,0,1,3,,1,051,"SR-12 W/B TO STONY POINT RD","STONY POINT RD",150.00,E,N,A,-,Y,,,12,,,,R,,W,N,4,0,1,2,D,-,00,,,N,H,A,A,A,H,-,A,D,0,,,,,Y,,-,"- ",0,0,1,0,0,0,0,0,0,"- ","- ",38.431849999999997,-122.74142999999999,SONOMA,"SANTA ROSA",-122.74142999999999,38.431849999999997
90068675,2015,2015-12-09,9360,2015-12-01,1710,015240,,2,2,9,4900,0,3,5,,2,003,"COLEMAN VALLEY RD","WILLOW CREEKRD",528.00,E,N,B,-,N,,,,,,,,,,N,3,0,1,2,A,-,14,21201,D,N,A,G,A,A,H,-,B,D,0,,Y,,,Y,,L,04,0,1,0,0,0,0,1,0,0,"- ","- ",38.413260000000001,-122.97145999999999,SONOMA,UNINCORPORATED,-122.97072199999999,38.413024
90069602,2015,2015-12-10,9360,2015-12-02,1600,015812,,3,2,9,4900,0,3,5,,2,003,"AIRPORT BOULEVARD","REGIONAL PARKWAY",470.00,E,N,A,-,N,,,,,,,,,,N,4,0,1,2,A,-,03,22350,,N,C,C,A,A,H,-,A,A,0,,,,,Y,,D,22,0,0,1,0,0,0,0,0,0,"- ","- ",38.511119999999998,-122.78464,SONOMA,UNINCORPORATED,-122.78465697,38.511131499999998
90071898,2015,2015-12-14,9350,2015-12-04,1435,020201,,5,2,9,4900,0,1,3,,2,237,"SR-37 W/B",SR-121,0.00,,Y,A,-,Y,,,37,,,,,,W,Y,4,0,2,2,A,-,09,21453,C,N,D,C,A,A,H,-,A,A,0,,,,,Y,,A,07,0,0,2,0,0,0,0,0,0,"- ","- ",38.151009999999999,-122.4494,SONOMA,UNINCORPORATED,-122.44938879999999,38.15097806
90072450,2015,2015-12-14,9360,2015-12-04,2105,020329,,5,2,9,4900,0,2,4,,1,024,"MARK WEST SPRINGS RD","CRESTA RD",6336.00,W,N,A,-,N,,,,,,,,,,Y,3,0,1,1,A,-,01,23152,A,N,E,I,A,B,H,-,D,D,0,,,,,Y,Y,A,07,0,1,0,0,0,0,0,0,0,"- ","- ",38.544040000000003,-122.72064,SONOMA,UNINCORPORATED,-122.72521361,38.533703719999998
90072802,2015,2015-12-14,9360,2015-12-03,1530,019359,,4,2,9,4900,0,1,3,,1,061,SR-1,"ANNAPOLIS RD",1056.00,N,N,A,-,Y,,,1,,,,,,,Y,4,0,1,1,A,-,01,23152,A,N,E,I,A,B,H,-,A,D,0,,,,,Y,Y,A,07,0,0,1,0,0,0,0,0,0,"- ","- ",38.696910000000003,-123.43322000000001,SONOMA,UNINCORPORATED,-123.43317549,38.696992369999997
90073160,2015,2015-12-15,9325,2015-11-25,2320,018400,,3,3,9,4900,0,1,3,,1,072,SR-121,SR-12,1584.00,N,N,A,-,Y,,,,,,,,,,Y,3,0,3,2,A,-,01,23152,A,N,D,C,A,A,H,-,C,D,0,,,,,Y,Y,A,01,0,1,2,0,0,0,0,0,0,"- ","- ",38.144300000000001,-122.2636,SONOMA,UNINCORPORATED,-122.44717237,38.244740229999998
90074737,2015,2015-12-15,9360,2015-12-05,1535,019833,,6,2,4,4904,0,1,2,,2,050,"US-101 SB TO ROHNERT PARK EXPRESSWAY","ROHNERT PARK EXPRESSWAY",1.00,N,N,B,-,Y,,,101,,,,R,,S,N,4,0,1,2,A,-,12,21453,A,N,G,B,A,A,H,-,A,A,0,,,,,Y,,A,01,0,0,1,0,0,0,0,0,0,"- ","- ",38.348480000000002,-122.71481,SONOMA,"ROHNERT PARK",-122.71481,38.348480000000002
90075241,2015,2015-12-16,9360,2015-12-05,1840,020234,,6,2,9,4900,0,3,5,,2,001,"WESTSIDE RD.","MT. JACKSON RESORT RD.",0.00,,Y,A,-,N,,,,,,,,,,Y,3,0,1,1,A,-,08,22107,,N,E,I,A,A,H,-,D,D,0,,,,,Y,,A,01,0,1,0,0,0,0,0,0,0,"- ","- ",38.507510000000003,-122.90517,SONOMA,UNINCORPORATED,-122.90504996,38.507409959999997
90075592,2015,2015-12-16,9360,2015-12-06,1455,018828,,7,2,3,4980,0,1,2,,2,030,"US-101 S/B","SHILOH RD",140.00,N,N,B,C,Y,,,,,,,,,,Y,4,0,3,2,A,-,08,22107,,N,B,C,A,B,H,-,A,D,0,,,,,Y,,A,07,0,0,3,0,0,0,0,0,0,"- ","- ",38.626370000000001,-122.79089,SONOMA,WINDSOR,-122.79052867,38.52613616
90075748,2015,2015-12-16,9360,2015-11-26,1055,018520,,4,1,9,4900,0,2,4,,1,054,"BODEGA AVE","MIDDLE TWO ROCK RD",528.00,W,N,A,-,N,,,,,,,,,,Y,2,0,1,1,A,-,08,22107,,N,F,A,A,A,H,-,A,D,0,,,,Y,Y,,G,25,1,0,0,0,0,0,0,0,0,"- ","- ",38.242350000000002,-122.67941,SONOMA,UNINCORPORATED,-122.75237989999999,38.260221360000003
90079154,2015,2015-12-21,9325,2015-12-10,0800,019123,,4,1,9,4900,0,1,3,,1,063,SR-12,"SIESTA WAY",50.00,E,N,B,-,Y,,,12,,,,,,,N,4,0,1,2,A,-,03,22350,,N,C,C,A,A,H,-,A,D,0,,,,,Y,,D,22,0,0,1,0,0,0,0,0,0,"- ","- ",38.30838,-122.47864,SONOMA,UNINCORPORATED,-122.47860798000001,38.308397429999999
90080990,2015,2015-12-23,9360,2015-12-06,2205,020369,,7,3,9,4900,0,2,4,,1,023,"ALEXANDER VALLEY RD.","HEALDSBURG AVE",0.00,,Y,B,-,N,,,,,,,,,,Y,3,0,1,1,A,-,03,22350,,N,E,I,A,B,H,-,D,D,0,,,,,Y,,A,01,0,1,0,0,0,0,0,0,0,"- ","- ",38.649850000000001,-122.86905,SONOMA,UNINCORPORATED,-122.86908991999999,38.649899990000002
90081319,2015,2016-02-03,9360,2015-12-12,1430,018790,,6,2,6,4905,0,1,2,,2,040,"US 101 NORTHBOUND","STEELE LANE",1056.00,S,N,A,-,Y,,,,,,,,,,Y,4,0,1,3,A,-,03,22350,,N,C,C,A,A,H,-,A,D,0,,,,,Y,,A,01,0,0,1,0,0,0,0,0,0,"- ","- ",38.45487,-122.72584999999999,SONOMA,"SANTA ROSA",-122.72595609,38.457103770000003
90081545,2015,2015-12-23,9360,2015-12-16,1725,015812,,3,2,9,4900,0,1,2,,2,040,"US-101 S/B","TODD ROAD (O/C)",1584.00,N,N,A,-,Y,,,101,,,,,,S,Y,4,0,1,3,A,-,04,21703,,N,C,C,A,A,H,-,C,D,0,,,,,Y,,A,07,0,0,1,0,0,0,0,0,0,"- ","- ",38.38982,-122.71635999999999,SONOMA,UNINCORPORATED,-122.71628287999999,38.389819889999998
90081726,2015,2015-12-24,9325,2015-12-15,2030,020257,,2,2,9,4900,0,3,5,,2,006,"WALNUT AVENUE","ARNOLD DRIVE",244.00,E,N,A,-,N,,,,,,,,,,N,3,0,1,2,A,-,09,21801,A,N,H,G,A,A,H,-,D,D,0,,Y,,,Y,,A,01,0,1,0,0,0,0,1,0,0,"- ","- ",38.174349999999997,-122.29205,SONOMA,UNINCORPORATED,-122.48908896,38.295335260000002
90086650,2015,2015-12-31,9360,2015-12-09,0720,013440,9360,3,1,9,4900,1,3,5,,2,005,"MOORLAND AVE","THISTLE LN",0.00,,Y,B,C,N,,,,,,,,,,N,4,0,1,2,A,-,09,21802,A,N,D,C,A,B,H,-,A,D,0,,,,,Y,,H,13,0,0,1,0,0,0,0,0,0,"- ","- ",38.398760000000003,-122.74809999999999,SONOMA,UNINCORPORATED,-122.71852997000001,38.39874992
90086688,2015,2015-12-31,9360,2015-12-15,2210,020160,,2,3,9,4900,0,3,5,,2,005,"MILLBRAE AVE","LABATH AVENUE",1056.00,E,N,A,-,N,,,,,,,,,,N,2,0,1,2,A,-,03,22350,,N,G,B,E,A,H,-,D,D,0,Y,,,,Y,Y,A,07,1,0,0,0,1,0,0,0,0,"- ","- ",38.369540000000001,-122.71878,SONOMA,UNINCORPORATED,-122.71757563,38.369508539999998
9008691,2019,2020-02-11,4908,2019-12-11,1353,1944,14,3,5,5,4908,0,0,0,,0,001,"CASA GRANDE RD","ELY BL SOUTH",850.00,W,N,C,-,N,,,,,,,,,,Y,3,0,2,2,A,-,09,21804,A,N,D,C,A,B,H,-,A,D,0,,,,,Y,,A,01,0,1,1,0,0,0,0,0,0,"- ","- ",38.243518829345703,-122.59584808349609,SONOMA,PETALUMA,-122.598251,38.244843000000003
90087946,2015,2016-01-05,9325,2015-12-07,0933,015674,,1,1,9,4900,0,2,4,,1,064,"REDWOOD DR","ARNOLD DR",138.00,E,N,B,-,N,,,,,,,,,,N,3,0,1,1,A,-,08,22107,,N,H,G,A,B,H,-,A,D,0,,Y,,,Y,,L,04,0,1,0,0,0,0,1,0,0,"- ","- ",38.346879999999999,-122.51406,SONOMA,UNINCORPORATED,,
90088336,2015,2016-01-05,9360,2015-12-12,1609,018196,,6,2,9,4900,0,1,2,,2,050,"US-101 N/B TO SANTA ROSA AVENUE","SANTA ROSA AVE O/C",120.00,S,N,B,-,Y,,,101,,,,R,,N,Y,4,0,3,1,A,-,03,22350,,N,E,I,A,A,H,-,A,A,0,,,,,Y,,A,01,0,0,3,0,0,0,0,0,0,"- ","- ",38.372300000000003,-122.71396,SONOMA,UNINCORPORATED,-122.71396,38.372300000000003
90089390,2015,2016-01-06,9325,2015-12-30,1935,018110,,3,2,9,4900,0,1,3,,1,072,SR-121,"POEHLMAN RD",200.00,N,N,A,-,Y,,,121,,,,,,,Y,4,0,2,2,A,-,03,22350,,N,C,C,A,B,H,-,D,D,0,,,,,Y,,D,22,0,0,2,0,0,0,0,0,0,"- ","- ",38.251739999999998,-122.38697000000001,SONOMA,UNINCORPORATED,-122.38699108,38.251648789999997
90089508,2015,2016-01-06,9360,2015-12-19,2230,020038,,6,3,9,4900,0,1,3,,1,053,SR-116,"LONE PINE RD",528.00,W,N,A,-,Y,,,116,,,,,,,Y,3,0,1,1,A,-,08,22107,,N,E,I,A,A,H,-,D,D,0,,,,,Y,,A,01,0,1,0,0,0,0,0,0,0,"- ","- ",38.36636,-122.78198,SONOMA,UNINCORPORATED,-122.78206843,38.366298010000001
90090606,2015,2016-01-07,9360,2015-12-23,1717,015812,,3,2,6,4905,0,1,2,,2,030,"US-101 S/B","MENDOCINO AVENUE (O/C)",1584.00,N,N,A,-,Y,,,101,,,,,,S,Y,4,0,2,4,A,-,03,22350,,N,C,C,A,A,H,-,C,D,0,,,,,Y,,A,07,0,0,2,0,0,0,0,0,0,"- ","- ",38.478499999999997,-122.73266,SONOMA,"SANTA ROSA",-122.7328527,38.47839965
90090720,2015,2016-01-07,9360,2015-12-23,2153,020136,,3,2,9,4900,0,3,5,,2,003,"WOOLSEY ROAD","WOOD ROAD",1056.00,N,N,B,-,N,,,,,,,,,,Y,3,0,1,1,A,-,01,23152,A,N,E,I,A,A,H,-,D,D,0,,,,,Y,Y,A,07,0,1,0,0,0,0,0,0,0,"- ","- ",38.488579999999999,-122.78606000000001,SONOMA,UNINCORPORATED,-122.78606117,38.488562029999997
90092030,2015,2016-01-12,9360,2015-12-23,1040,013513,,3,1,9,4900,0,3,5,,2,001,"WINDSOR RIVER ROAD (9600 BLOCK)","EASTSIDE ROAD",180.00,E,N,A,-,N,,,,,,,,,,Y,4,0,1,1,A,-,08,22107,,N,F,I,A,A,H,-,A,C,0,,,,,Y,,D,22,0,0,1,0,0,0,0,0,0,"- ","- ",38.547620000000002,-122.84498000000001,SONOMA,UNINCORPORATED,-122.84552332,38.547573040000003
90093037,2015,2016-03-31,9325,2015-12-28,1435,017478,,1,2,9,4900,0,1,3,,1,051,SR-121,SR-37,6864.00,N,N,A,-,Y,,,121,,,,,,,Y,2,0,3,2,A,-,05,21460,A,N,A,C,A,A,H,-,A,D,0,,,,,Y,,A,01,2,0,1,0,0,0,0,0,0,"- ","- ",38.170200000000001,-122.45735999999999,SONOMA,UNINCORPORATED,-122.45736286,38.170201059999997
90094534,2015,2016-01-13,9360,2015-12-18,2212,020234,,5,3,6,4905,0,1,2,,2,050,"US-101 S/B","TODD RD. O/C",2.00,S,N,B,C,Y,,,,,,,,,,Y,4,0,2,2,A,-,08,22107,,N,E,I,A,B,H,-,D,D,0,,,,,Y,,A,01,0,0,2,0,0,0,0,0,0,"- ","- ",38.386200000000002,-122.71626000000001,SONOMA,"SANTA ROSA",-122.71630008,38.386254510000001
90095805,2016,2016-01-14,9360,2016-01-01,1735,019794,,5,2,9,4900,0,1,3,,1,063,SR-1,"ESTERO LN",0.00,,Y,A,-,Y,,,1,,,,,,,Y,4,0,2,2,A,-,09,21802,A,N,D,C,A,A,H,-,D,A,0,,,,,Y,,D,23,0,0,2,0,0,0,0,0,0,"- ","- ",38.336120000000001,-122.98899,SONOMA,UNINCORPORATED,-122.98900072000001,38.336139699999997
90097087,2016,2016-04-11,9360,2016-01-02,1605,018790,,6,2,9,4900,0,1,3,,1,041,"STATE ROUTE 12","ADOBE CANYON ROAD",0.00,,Y,B,-,Y,,,12,,,,,,,Y,4,0,2,3,A,-,09,21801,A,N,D,D,A,A,H,-,A,D,0,,,,,Y,,A,07,0,0,2,0,0,0,0,0,0,"- ","- ",38.424329999999998,-122.55623,SONOMA,UNINCORPORATED,-122.55623699,38.424322140000001
90097178,2016,2016-01-18,9360,2016-01-07,0955,013513,,4,1,6,4905,0,1,2,,2,030,"US 101 N/B","STEELE LANE",1056.00,N,N,B,-,Y,,,,,,,,,,Y,3,0,1,1,A,-,03,22350,,N,E,I,A,B,H,-,A,D,0,,,,,Y,,D,22,0,1,0,0,0,0,0,0,0,"- ","- ",38.46461,-122.72664,SONOMA,"SANTA ROSA",-122.72636799999999,38.462896000000001
90097241,2016,2016-01-18,9360,2016-01-07,0820,013513,,4,1,6,4905,0,1,2,,2,040,"US 101 S/B","5TH STREET",1000.00,N,N,B,-,Y,,,,,,,,,,Y,4,0,1,5,A,-,03,22350,,N,C,C,A,B,H,-,A,D,0,,,,,Y,,D,22,0,0,1,0,0,0,0,0,0,"- ","- ",38.440939999999998,-122.72084,SONOMA,"SANTA ROSA",-122.72099557999999,38.441320130000001
90098324,2016,2016-01-19,9360,2016-01-16,1705,018828,,6,2,9,4900,0,2,4,,1,024,"CALISTOGA RD","PLUM RANCH RD",700.00,S,N,B,-,N,,,,,,,,,,Y,4,0,4,2,A,-,03,22350,,N,E,I,A,B,H,-,D,D,0,,,,,Y,,A,01,0,0,4,0,0,0,0,0,0,"- ","- ",38.496499999999997,-122.65558,SONOMA,UNINCORPORATED,-122.65555697000001,38.496648069999999
90098332,2016,2016-01-19,9360,2016-01-15,1630,018828,,5,2,6,4905,0,1,2,,2,040,"US-101 S/B",SR-12,1584.00,N,N,A,-,Y,,,101,,,,,,S,Y,4,0,1,2,A,-,03,22350,,N,C,C,A,A,H,-,A,D,0,,,,,Y,,A,01,0,0,1,0,0,0,0,0,0,"- ","- ",38.435310000000001,-122.71720000000001,SONOMA,"SANTA ROSA",-122.71716369000001,38.435327909999998
90098366,2016,2016-01-19,9360,2016-01-09,0240,020329,,6,3,9,4900,0,1,3,,1,041,"SR-12 E/B","ADOBE CANYON RD",528.00,W,N,A,-,Y,,,12,,,,,,E,Y,4,0,1,1,A,-,08,22107,,N,E,J,A,A,H,-,D,D,0,,,,,Y,,A,07,0,0,1,0,0,0,0,0,0,"- ","- ",38.423560000000002,-122.55549000000001,SONOMA,UNINCORPORATED,-122.55544162,38.423614370000003
90099017,2016,2016-01-20,9325,2016-01-19,1606,013434,,2,2,9,4900,0,1,3,,1,052,SR-12,"EAST WATMAUGH ROAD",0.00,,Y,B,-,Y,,,12,,,,,,,Y,4,0,1,3,A,-,09,21802,,N,D,C,A,A,H,-,A,A,0,,,,,Y,,A,07,0,0,1,0,0,0,0,0,0,"- ","- ",38.265419999999999,-122.46189,SONOMA,UNINCORPORATED,-122.46196257,38.265431049999997
90099491,2016,2016-01-21,9360,2016-01-11,1155,011932,9360,1,1,9,4900,0,1,2,,2,050,"US-101 N/B","RAILROAD AVE",3696.00,S,N,B,-,Y,,,101,,,,,,N,Y,3,0,1,1,A,-,01,23152,A,N,E,I,A,A,H,-,A,D,0,,,,,Y,Y,A,07,0,1,0,0,0,0,0,0,0,"- ","- ",38.293660000000003,-122.69877,SONOMA,UNINCORPORATED,-122.69880902,38.293609420000003
90102309,2016,2016-01-26,9360,2016-01-13,0746,013838,,3,1,6,4905,0,1,2,,2,040,"US-101 N/B","YOLANDA AVE",2640.00,S,N,B,-,Y,,,,,,,,,,Y,4,0,1,1,A,-,08,22107,,N,A,I,A,B,H,-,A,D,0,,,,,Y,,D,22,0,0,1,0,0,0,0,0,0,"- ","- ",38.234900000000003,-122.4258,SONOMA,"SANTA ROSA",,
90102907,2016,2016-01-26,9360,2016-01-13,1630,016045,,3,2,9,4900,0,1,3,,1,051,S.R.-12,"LLANO RD",800.00,W,N,A,-,Y,,,,,,,,,,N,4,0,1,2,A,-,03,22350,,N,C,C,A,A,H,-,A,D,0,,,,,Y,,D,23,0,0,1,0,0,0,0,0,0,"- ","- ",38.410490000000003,-122.79707999999999,SONOMA,UNINCORPORATED,,
90103353,2016,2016-01-27,9325,2016-01-22,1445,019625,,5,2,9,4900,0,1,3,,1,053,SR-116,"COUNTY DUMP ROAD",0.00,,Y,C,-,Y,,,116,,,,,,,Y,3,0,3,2,A,-,09,21801,A,N,D,C,A,B,H,-,A,A,0,,,,,Y,,A,01,0,2,1,0,0,0,0,0,0,"- ","- ",38.242629999999998,-122.50514,SONOMA,UNINCORPORATED,-122.50549597,38.242837649999998
90103766,2016,2016-01-27,9360,2016-01-20,0850,015812,,3,1,4,4904,0,1,2,,2,050,"US-101 N/B","ROHNERT PARK EXPRESSWAY (O/C)",1056.00,N,N,B,-,Y,,,101,,,,,,N,Y,4,0,1,3,A,-,03,22350,,N,C,C,A,B,H,-,A,D,0,,,,,Y,,A,01,0,0,1,0,0,0,0,0,0,"- ","- ",38.355130000000003,-122.71301,SONOMA,"ROHNERT PARK",-122.71298480999999,38.355130170000002
90104032,2016,2016-01-27,9360,2016-01-20,0745,011932,9360,3,1,6,4905,0,1,2,,2,040,"US-101 N/B","COLLEGE AVE",159.00,N,N,B,-,Y,,,101,,,,,,N,Y,3,0,1,2,A,-,07,21658,A,N,C,C,A,B,H,-,A,D,0,,,,,Y,,A,07,0,1,0,0,0,0,0,0,0,"- ","- ",38.446550000000002,-122.7244,SONOMA,"SANTA ROSA",-122.72435787000001,38.446579720000003
90104060,2016,2016-01-27,9360,2016-01-21,0710,011932,9360,4,1,9,4900,0,2,4,,1,042,"PETALUMA HILL RD","WARRINGTON RD",148.00,S,N,B,-,N,,,,,,,,,,Y,3,0,1,1,A,-,08,22107,,N,F,A,A,A,H,-,A,D,0,,,,,Y,,A,01,0,1,0,0,0,0,0,0,0,"- ","- ",38.380339999999997,-122.68289,SONOMA,UNINCORPORATED,-122.68294831999999,38.380296250000001
90104888,2016,2016-01-28,9360,2016-01-15,1548,019359,,5,2,6,4905,0,1,2,,2,030,"US-101 S/B","MENDOCINO AVE O/C",900.00,N,N,B,-,Y,,,101,,,,,,S,N,4,0,1,2,A,-,03,22350,,N,C,C,A,A,H,-,A,D,0,,,,,Y,,A,01,0,0,1,0,0,0,0,0,0,"- ","- ",38.478900000000003,-122.73324,SONOMA,"SANTA ROSA",-122.73318316,38.478938919999997
90105325,2016,2016-01-29,9360,2016-01-15,1528,018790,,5,2,6,4905,0,1,2,,2,030,"US 101 S/B","BICENTENNIAL WAY",200.00,N,N,A,-,Y,,,,,,,,,,Y,4,0,1,3,A,-,03,22350,,N,C,C,A,A,H,-,A,D,0,,,,,Y,,A,01,0,0,1,0,0,0,0,0,0,"- ","- ",38.47146,-122.73002,SONOMA,"SANTA ROSA",-122.72972085000001,38.471121220000001
90105490,2016,2016-01-29,9360,2016-01-20,1440,016045,,3,2,9,4900,0,1,2,,2,040,"U.S.-101 S/B","HEARN AVE",50.00,N,N,A,-,Y,,,,,,,,,,Y,4,0,1,2,A,-,03,22350,,N,C,C,A,A,H,-,A,D,0,,,,,Y,,A,01,0,0,1,0,0,0,0,0,0,"- ","- ",38.415100000000002,-122.7161,SONOMA,UNINCORPORATED,-122.71612,38.414717349999997
90105710,2016,2016-01-29,9360,2016-01-21,1415,015552,,4,2,9,4900,0,1,3,,1,061,SR-1,"KRUSE RANCH RD",10560.00,N,N,B,-,Y,,,1,,,,,,,Y,4,0,1,1,A,-,08,22107,,N,E,I,A,A,H,-,A,D,0,,,,,Y,,A,07,0,0,1,0,0,0,0,0,0,"- ","- ",38.602379999999997,-123.35326999999999,SONOMA,UNINCORPORATED,-123.35328060000001,38.602357310000002
90105776,2016,2016-01-29,9360,2016-01-23,1313,016577,,6,1,9,4900,0,1,2,,1,060,"US-101 N/B","E. WASHINGTON ST",4224.00,N,N,B,-,Y,,,,,,,,,,Y,4,0,1,2,A,-,03,22350,,N,C,C,A,A,H,-,A,D,0,,,,,Y,,A,01,0,0,1,0,0,0,0,0,0,"- ","- ",38.253050000000002,-122.63951,SONOMA,UNINCORPORATED,-122.63993628999999,38.253272150000001
90105786,2016,2016-01-29,9360,2016-01-22,1425,020160,,5,2,5,4908,0,1,2,,1,060,"US-101 NB","SR-116 (LAKEVILLE)",528.00,N,N,B,C,Y,,,101,,,,,,N,N,4,0,1,2,A,-,03,22350,,N,C,C,A,B,H,-,A,D,0,,,,,Y,,D,22,0,0,1,0,0,0,0,0,0,"- ","- ",38.234169999999999,-122.61827,SONOMA,PETALUMA,-122.61825278000001,38.234178739999997
90107197,2016,2016-07-20,9360,2016-01-19,2102,018482,,2,2,9,4900,0,2,4,,1,022,"OLD REDWOOD HWY","MARK WEST SPRINGS RD",0.00,,Y,B,-,N,,,,,,,,,,Y,4,0,1,2,A,-,09,21800,A,N,D,C,A,A,H,-,C,A,0,,,,,Y,,D,22,0,0,1,0,0,0,0,0,0,"- ","- ",38.496969999999997,-122.74769000000001,SONOMA,UNINCORPORATED,-122.74807998,38.49711989
90108799,2016,2016-02-03,9360,2016-01-27,0740,014773,,3,1,9,4900,0,2,4,,1,038,"BODEGA HWY","SEXTON RD",528.00,W,N,B,-,N,,,,,,,,,,Y,3,0,2,2,A,-,05,21460,A,N,A,C,A,B,H,-,A,A,0,,,,,Y,,A,01,0,1,1,0,0,0,0,0,0,"- ","- ",38.390740000000001,-122.88213,SONOMA,UNINCORPORATED,-122.88156794,38.391146030000002
90109570,2016,2016-02-04,9360,2016-01-25,0830,013838,,1,1,9,4900,0,2,4,,1,046,"WARM SPRINGS ROAD","ARNOLD DRIVE",1056.00,W,N,B,-,N,,,,,,,,,,Y,4,0,1,2,A,-,09,21804,A,N,D,C,A,B,H,-,A,D,0,,,,,Y,,A,01,0,0,1,0,0,0,0,0,0,"- ","- ",38.367899999999999,-122.53242,SONOMA,UNINCORPORATED,-122.52749496,38.365640669999998
90109593,2016,2016-02-04,9325,2016-02-01,1545,017478,,1,2,9,4900,0,2,4,,2,054,"ARNOLD DR","PETALUMA AVE",1056.00,S,N,A,-,N,,,,,,,,,,Y,4,0,1,3,A,-,03,22350,,N,C,C,A,A,H,-,A,D,0,,,,,Y,,A,01,0,0,1,0,0,0,0,0,0,"- ","- ",38.289160000000003,-122.49005,SONOMA,UNINCORPORATED,-122.49062789,38.288753479999997
90109618,2016,2016-02-04,9350,2016-01-28,1535,016406,,4,2,9,4900,0,1,3,,2,037,"SR-37 E/B","ATHERTON AVE",5280.00,E,N,B,-,Y,,,37,,,,,,E,Y,4,0,1,2,A,-,03,22350,,N,C,C,A,B,H,-,A,D,0,,,,,Y,,A,07,0,0,1,0,0,0,0,0,0,"- ","- ",38.118319999999997,-122.50199000000001,SONOMA,UNINCORPORATED,-122.5019688,38.118292459999999
90110359,2016,2016-02-05,9360,2016-02-01,2300,014998,,1,3,9,4900,0,3,5,,2,005,"CHILENO VALLEY RD","WILSON HILL RD",3168.00,W,N,A,-,N,,,,,,,,,,Y,4,0,1,1,A,-,08,22107,,N,E,I,A,A,H,-,D,D,0,,,,,Y,,A,01,0,0,1,0,0,0,0,0,0,"- ","- ",38.200830000000003,-122.71722,SONOMA,UNINCORPORATED,,