CASE_ID,ACCIDENT_YEAR,PROC_DATE,JURIS,COLLISION_DATE,COLLISION_TIME,OFFICER_ID,REPORTING_DISTRICT,DAY_OF_WEEK,CHP_SHIFT,POPULATION,CNTY_CITY_LOC,SPECIAL_COND,BEAT_TYPE,CHP_BEAT_TYPE,CITY_DIVISION_LAPD,CHP_BEAT_CLASS,BEAT_NUMBER,PRIMARY_RD,SECONDARY_RD,DISTANCE,DIRECTION,INTERSECTION,WEATHER_1,WEATHER_2,STATE_HWY_IND,CALTRANS_COUNTY,CALTRANS_DISTRICT,STATE_ROUTE,ROUTE_SUFFIX,POSTMILE_PREFIX,POSTMILE,LOCATION_TYPE,RAMP_INTERSECTION,SIDE_OF_HWY,TOW_AWAY,COLLISION_SEVERITY,NUMBER_KILLED,NUMBER_INJURED,PARTY_COUNT,PRIMARY_COLL_FACTOR,PCF_CODE_OF_VIOL,PCF_VIOL_CATEGORY,PCF_VIOLATION,PCF_VIOL_SUBSECTION,HIT_AND_RUN,TYPE_OF_COLLISION,MVIW,PED_ACTION,ROAD_SURFACE,ROAD_COND_1,ROAD_COND_2,LIGHTING,CONTROL_DEVICE,CHP_ROAD_TYPE,PEDESTRIAN_ACCIDENT,BICYCLE_ACCIDENT,MOTORCYCLE_ACCIDENT,TRUCK_ACCIDENT,NOT_PRIVATE_PROPERTY,ALCOHOL_INVOLVED,STWD_VEHTYPE_AT_FAULT,CHP_VEHTYPE_AT_FAULT,COUNT_SEVERE_INJ,COUNT_VISIBLE_INJ,COUNT_COMPLAINT_PAIN,COUNT_PED_KILLED,COUNT_PED_INJURED,COUNT_BICYCLIST_KILLED,COUNT_BICYCLIST_INJURED,COUNT_MC_KILLED,COUNT_MC_INJURED,PRIMARY_RAMP,SECONDARY_RAMP,LATITUDE,LONGITUDE,COUNTY,CITY,POINT_X,POINT_Y
90308731,2016,2016-11-01,9360,2016-10-28,1300,017693,,5,1,6,4905,0,1,2,,2,040,"US-101 S/B","BAKER AVE O/C",300.00,N,N,B,C,Y,,,101,,,,,,S,Y,4,0,1,2,A,-,03,22350,,N,C,C,A,B,H,-,A,D,0,,,,,Y,,D,22,0,0,1,0,0,0,0,0,0,"- ","- ",38.422939999999997,-122.71535,SONOMA,"SANTA ROSA",-122.71529087,38.422928990000003
90310933,2016,2016-11-03,9360,2016-10-30,2102,020234,,7,2,6,4905,0,1,2,,2,040,"US-101 S/B","BAKER AVE. O/C",365.00,S,N,A,-,Y,,,101,,,,,,S,Y,3,0,1,1,A,-,08,22107,,N,E,J,A,A,H,-,C,D,0,,,,,Y,,A,07,0,1,0,0,0,0,0,0,0,"- ","- ",38.420999999999999,-122.71584,SONOMA,"SANTA ROSA",-122.71564721,38.420963700000001
90313201,2016,2016-11-07,9360,2016-08-14,1105,019862,,7,1,9,4900,0,1,3,,1,053,SR-116,"COOPER RD",1056.00,E,N,A,-,Y,,,116,,,,,,,N,4,0,1,2,A,-,03,22350,,N,C,C,A,A,H,-,A,D,0,,,,,Y,,A,01,0,0,1,0,0,0,0,0,0,"- ","- ",38.379370000000002,-122.79883,SONOMA,UNINCORPORATED,-122.79887657,38.379245609999998
90313214,2016,2016-11-07,9360,2016-10-27,1245,013838,,4,1,6,4905,0,1,2,,2,040,"US-101 S/B","HEARN AVE",80.00,S,N,C,-,Y,,,101,,,,,,S,Y,4,0,1,2,A,-,03,22350,,N,C,C,A,B,H,-,A,D,0,,,,Y,Y,,G,25,0,0,1,0,0,0,0,0,0,"- ","- ",38.414459999999998,-122.71611,SONOMA,"SANTA ROSA",-122.71614232,38.414459999999998
90313236,2016,2016-11-07,9360,2016-11-03,1835,020326,,4,2,6,4905,0,1,2,,2,040,"US-101 S/B","6TH ST",635.00,N,N,A,-,Y,,,101,,,,,,S,Y,4,0,1,3,A,-,03,22350,,N,C,C,A,A,H,-,B,D,0,,,,,Y,,A,08,0,0,1,0,0,0,0,0,0,"- ","- ",38.441299999999998,-122.72094,SONOMA,"SANTA ROSA",-122.72095113,38.441292330000003
90313750,2016,2016-11-08,9360,2016-10-27,2220,014883,,4,3,6,4905,0,1,2,,2,040,"US-101 S/B",SR-12,528.00,N,N,B,C,Y,,,101,,,,,,S,Y,2,0,1,2,A,-,03,22350,,N,G,C,A,B,C,-,C,D,0,,,,,Y,,A,01,1,0,0,0,0,0,0,0,0,"- ","- ",38.431739999999998,-122.71571,SONOMA,"SANTA ROSA",-122.7157472,38.431725290000003
90315815,2016,2016-11-10,9360,2016-11-03,0130,014883,,4,3,9,4900,0,3,5,,2,005,"WESTERN AVE","BANTAM WAY",94.00,W,N,A,-,N,,,,,,,,,,Y,3,0,1,1,A,-,01,23152,A,N,E,I,A,A,H,-,C,D,0,,,,,Y,Y,A,01,0,1,0,0,0,0,0,0,0,"- ","- ",38.230809999999998,-122.6588,SONOMA,UNINCORPORATED,-122.65883975,38.230716430000001
90318586,2016,2016-11-14,9360,2016-10-30,1145,019824,,7,1,9,4900,0,2,4,,1,054,"BODEGA AVENUE","SKILLMAN LN",0.00,,Y,B,C,N,,,,,,,,,,Y,4,0,1,4,A,-,09,21802,A,N,D,C,A,B,H,-,A,D,0,,,,,Y,,A,07,0,0,1,0,0,0,0,0,0,"- ","- ",38.254510000000003,-122.70358,SONOMA,UNINCORPORATED,-122.70332995,38.25439995
9031923,2019,2020-08-26,4905,2019-12-20,1916,SR383,10608,5,5,6,4905,0,0,0,,0,008,"BENNETT VALLEY RD","BROOKWOOD AV",0.00,,Y,B,-,Y,SON,4,12,-,R,17.070,R,4,E,Y,3,0,3,2,A,-,12,21453,A,N,D,C,A,A,H,-,C,A,0,,,,,Y,Y,D,22,0,2,1,0,0,0,0,0,0,"- ","- ",,,SONOMA,"SANTA ROSA",-122.69684600830078,38.433891296386719
9031932,2019,2020-02-13,4905,2019-12-16,1525,SR8921,10607,1,5,6,4905,0,0,0,,0,007,"SEBASTOPOL RD","WEST AV",40.00,W,N,A,-,N,,,,,,,,,,N,4,0,1,2,A,-,09,21804,A,N,D,G,A,A,H,-,A,D,0,,Y,,,Y,,D,22,0,0,1,0,0,0,1,0,0,"- ","- ",,,SONOMA,"SANTA ROSA",-122.72904205322266,38.42974853515625
90319398,2016,2016-11-15,9360,2016-11-08,1630,018667,,2,2,9,4900,0,1,2,,2,030,"MARK WEST SPRINGS WB TO US-101 SB","MARK WEST SPRINGS OVER-CROSSING",600.00,N,N,A,-,Y,,,,,,,,,,N,4,0,1,2,A,-,03,22350,,N,C,C,A,A,H,-,A,A,0,,,,,Y,,A,01,0,0,1,0,0,0,0,0,0,"- ","- ",38.497030000000002,-122.75805,SONOMA,UNINCORPORATED,,
90319650,2016,2016-11-15,9360,2016-11-08,2125,014998,,2,2,9,4900,0,2,4,,1,042,"PETALUMA HILL RD","EAST RAILROAD AVE",0.00,,Y,A,-,N,,,,,,,,,,Y,3,0,2,3,A,-,12,22450,A,N,D,C,A,A,H,-,D,A,0,,,,,Y,Y,A,01,0,1,1,0,0,0,0,0,0,"- ","- ",38.314329999999998,-122.66668,SONOMA,UNINCORPORATED,-122.66670987000001,38.314279919999997
90319714,2016,2016-11-15,9360,2016-11-10,1455,015434,,4,2,9,4900,0,1,3,,1,051,"STATE ROUTE 12 E/B","MORRIS ST",2640.00,E,N,A,-,Y,,,12,,,,,,E,Y,4,0,1,3,A,-,04,21703,,N,C,C,A,A,H,-,A,D,0,,,,,Y,,A,01,0,0,1,0,0,0,0,0,0,"- ","- ",38.40558,-122.80983000000001,SONOMA,UNINCORPORATED,-122.80986032,38.405663420000003
90319740,2016,2016-11-15,9360,2016-11-10,1726,018828,,4,2,9,4900,0,1,3,,1,053,SR-116,"LONE PINE RD",1373.00,W,N,A,-,Y,,,116,,,,,,,Y,3,0,1,2,A,-,03,22350,,N,C,C,A,A,H,-,D,D,0,,,,,Y,,A,07,0,1,0,0,0,0,0,0,0,"- ","- ",38.368200000000002,-122.78360000000001,SONOMA,UNINCORPORATED,-122.7834527,38.36830561
9031976,2019,2020-02-26,4905,2019-12-04,2100,SR492,10609,3,5,6,4905,0,0,0,,0,009,"COLLEGE AV","BEAVER ST",0.00,,Y,C,-,N,,,,,,,,,,Y,4,0,1,2,A,-,08,22107,,M,D,C,A,B,H,-,C,D,0,,,,,Y,Y,A,01,0,0,1,0,0,0,0,0,0,"- ","- ",,,SONOMA,"SANTA ROSA",-122.71228790283203,38.445510864257812
9031994,2019,2020-02-15,4905,2019-12-29,0711,SR459,10608,7,5,6,4905,0,0,0,,0,008,"OLD PETALUMA HILL RD","PETALLUMA HILL RD",15.00,S,N,B,-,N,,,,,,,,,,Y,4,0,2,2,A,-,08,22107,,N,B,C,A,A,H,-,A,A,0,,,,,Y,,A,01,0,0,2,0,0,0,0,0,0,"- ","- ",,,SONOMA,"SANTA ROSA",-122.70432281494141,38.411239624023438
90319978,2016,2016-11-15,9360,2016-11-10,2010,020285,,4,2,9,4900,0,3,5,,2,004,"WALLACE RD","DEER TRAIL RD",1584.00,N,N,A,-,N,,,,,,,,,,Y,3,0,1,1,A,-,08,22107,,N,E,I,A,A,H,-,D,D,0,,,,,Y,,A,01,0,1,0,0,0,0,0,0,0,"- ","- ",38.488639999999997,-122.67921,SONOMA,UNINCORPORATED,-122.67935267999999,38.488896279999999
90320037,2016,2016-11-15,9360,2016-11-12,1755,020522,,6,2,9,4900,0,2,4,,1,038,"BODEGA HWY","FERGUSON RD",0.00,,N,A,-,N,,,,,,,,,,Y,4,0,1,2,A,-,03,22350,,N,C,C,A,A,H,-,D,D,0,,,,,Y,,D,22,0,0,1,0,0,0,0,0,0,"- ","- ",38.396000000000001,-122.8672,SONOMA,UNINCORPORATED,-122.86724999,38.396049939999997
90320521,2016,2016-11-16,9325,2016-11-02,2145,019590,,3,2,9,4900,0,1,3,,1,063,SR-12,"SIESTA WAY",28.00,W,N,A,-,Y,,,12,,,,,,,N,4,0,1,2,A,-,03,22350,,N,C,C,A,A,H,-,C,A,0,,,,,Y,,A,01,0,0,1,0,0,0,0,0,0,"- ","- ",38.309559999999998,-122.47924999999999,SONOMA,UNINCORPORATED,-122.47923561,38.309567569999999
90321475,2016,2016-11-17,9360,2016-11-09,1035,016524,,3,1,9,4900,0,2,4,,1,034,"GUERNEVILLE RD.","WILLOWSIDE RD.",0.00,,Y,A,-,N,,,,,,,,,,Y,3,0,2,2,A,-,12,21453,A,N,D,C,A,A,H,-,A,A,0,,,,,Y,,A,01,0,1,1,0,0,0,0,0,0,"- ","- ",38.452550000000002,-122.80686,SONOMA,UNINCORPORATED,-122.80679994,38.452539909999999
90321497,2016,2016-11-17,9360,2016-11-08,0930,013911,,2,1,9,4900,0,1,3,,1,021,SR-128,"CLOVERDALE BLVD.",10560.00,W,N,A,-,Y,,,128,,,,,,,Y,4,0,1,1,A,-,01,23152,A,N,E,I,A,A,H,-,A,D,0,,,,,Y,Y,A,01,0,0,1,0,0,0,0,0,0,"- ","- ",38.836039999999997,-123.05361000000001,SONOMA,UNINCORPORATED,-123.05356137,38.836086270000003
90321711,2016,2016-11-17,9360,2016-11-15,1903,018828,,2,2,9,4900,0,1,2,,1,060,"US-101 N/B","KASTANIA RD",13200.00,S,N,A,-,Y,,,101,,,,,,N,Y,4,0,1,4,A,-,03,22350,,N,C,C,A,A,D,-,A,D,0,,,,,Y,,D,22,0,0,1,0,0,0,0,0,0,"- ","- ",38.18685,-122.60098000000001,SONOMA,UNINCORPORATED,-122.60083577,38.186859460000001
90322288,2016,2016-11-17,9360,2016-11-15,1755,016652,,2,2,9,4900,0,1,3,,1,053,SR-116,"HESSEL RD",536.00,W,N,B,-,Y,,,116,,,,,,,Y,4,0,1,2,A,-,03,22350,,N,C,C,A,A,H,-,C,D,0,,,,,Y,,A,01,0,0,1,0,0,0,0,0,0,"- ","- ",38.363509999999998,-122.77945,SONOMA,UNINCORPORATED,-122.77945029999999,38.36350968
90324811,2016,2016-11-18,9325,2016-11-15,1220,015350,,2,1,9,4900,0,1,3,,1,053,SR-116,"EAST BONNESS ROAD",1056.00,W,N,B,C,Y,,,116,,,,,,,Y,4,0,1,1,A,-,08,22107,,N,F,A,A,B,H,-,A,D,0,,,,Y,Y,,F,26,0,0,1,0,0,0,0,0,0,"- ","- ",38.247,-122.47179,SONOMA,UNINCORPORATED,-122.47181277999999,38.246953249999997
90326667,2016,2016-11-21,9360,2016-11-17,1332,020234,,4,1,9,4900,0,2,4,,1,032,"RIVER RD.","MIRABEL RD.",0.00,,Y,A,-,N,,,,,,,,,,Y,4,0,1,2,A,-,09,21802,A,N,D,C,A,A,H,-,A,D,0,,,,,Y,,A,01,0,0,1,0,0,0,0,0,0,"- ","- ",38.493299999999998,-122.89518,SONOMA,UNINCORPORATED,-122.89531993,38.493399910000001
90326918,2016,2016-11-22,9360,2016-11-14,2240,020819,,1,3,9,4900,0,3,5,,2,001,"CAZADERO HWY",SR-116,135.00,N,N,A,-,N,,,,,,,,,,Y,2,0,1,1,A,-,01,23152,A,N,E,I,A,A,H,-,D,D,0,,,,,Y,Y,A,01,1,0,0,0,0,0,0,0,0,"- ","- ",38.467370000000003,-123.05108,SONOMA,UNINCORPORATED,-123.05101000000001,38.467392140000001
90328704,2016,2016-11-23,9360,2016-11-20,2500,018881,,7,4,9,4900,0,1,3,,1,061,SR-1,"MEYERS GRADE ROAD",3168.00,N,N,E,-,Y,,,1,,,,,,,Y,2,0,1,1,A,-,08,22107,,N,F,A,A,B,H,-,D,D,0,,,,,Y,,A,01,1,0,0,0,0,0,0,0,0,"- ","- ",38.482640000000004,-123.17448,SONOMA,UNINCORPORATED,-123.17448133000001,38.482691469999999
9032988,2020,2020-03-12,4904,2020-01-07,1245,560,,2,5,4,4904,0,0,0,,0,,"COUNTRY CLUB DR","GOLF COURSE DR",112.00,S,N,A,-,N,,,,,,,,,,Y,4,0,1,2,A,-,09,21804,A,N,D,C,A,A,H,-,A,D,0,,,,Y,Y,,F,26,0,0,1,0,0,0,0,0,0,"- ","- ",38.363338470458984,-122.71317291259766,SONOMA,"ROHNERT PARK",-122.69446563720703,38.361835479736328
90330208,2016,2016-11-28,9360,2016-11-12,2111,020870,,6,2,6,4905,0,1,2,,2,030,"US-101 N/B","BICENTENNIAL WAY",100.00,S,N,A,-,Y,,,101,,,,,,N,Y,4,0,1,2,A,-,17,22109,,M,C,C,A,A,H,-,C,D,0,,,,,Y,,A,01,0,0,1,0,0,0,0,0,0,"- ","- ",38.470089999999999,-122.72905,SONOMA,"SANTA ROSA",-122.72906564,38.470083160000001
90330213,2016,2016-11-28,9360,2016-11-17,0850,018196,,4,1,9,4900,0,1,2,,2,030,"US-101 S/B","AIRPORT BLVD",2112.00,N,N,A,-,Y,,,101,,,,,,S,Y,4,0,1,5,A,-,04,21703,,N,C,C,A,A,H,-,A,D,0,,,,,Y,,D,22,0,0,1,0,0,0,0,0,0,"- ","- ",38.518410000000003,-122.78346000000001,SONOMA,UNINCORPORATED,-122.78345301,38.51841632
90330840,2016,2016-11-28,9360,2016-11-20,1545,018683,,7,2,9,4900,0,1,3,,1,063,"STATE ROUTE 1","ST. JOHNS STREET",235.00,S,N,B,F,Y,,,1,,,,,,,Y,3,0,1,1,A,-,08,22107,,N,E,I,A,A,H,-,A,D,0,,,,,Y,,A,01,0,1,0,0,0,0,0,0,0,"- ","- ",38.319200000000002,-122.91930000000001,SONOMA,UNINCORPORATED,-122.91911721,38.318914929999998
90330972,2016,2016-11-28,9360,2016-11-20,0557,015420,,7,3,9,4900,0,2,4,,1,054,"BODEGA AVE","KING RD",5808.00,W,N,C,-,N,,,,,,,,,,Y,4,0,1,2,A,-,05,21460,A,M,A,C,A,B,H,-,D,D,0,,,,,Y,,-,99,0,0,1,0,0,0,0,0,0,"- ","- ",38.265309999999999,-122.73555,SONOMA,UNINCORPORATED,-122.73445537000001,38.265035349999998
90331949,2016,2016-11-29,9360,2016-11-22,0636,011631,,2,1,5,4908,0,1,2,,1,060,"US-101 NORTHBOUND","THE CAULFIELD LANE OVERCROSSING",290.00,N,N,E,-,Y,,,101,,,,,,N,Y,4,0,1,2,A,-,07,21658,A,N,B,C,A,A,H,-,B,D,0,,,,,Y,,A,01,0,0,1,0,0,0,0,0,0,"- ","- ",38.238520000000001,-122.62057,SONOMA,PETALUMA,-122.62049832,38.238557360000001
90332040,2016,2016-11-29,9360,2016-11-28,1515,016652,,1,2,6,4905,0,1,2,,2,040,"US-101 S/B","COLLEGE AVE",1584.00,N,N,A,-,Y,,,101,,,,,,S,N,4,0,1,2,A,-,03,22350,,N,C,C,A,A,H,-,A,D,0,,,,,Y,,A,01,0,0,1,0,0,0,0,0,0,"- ","- ",38.451450000000001,-122.72633,SONOMA,"SANTA ROSA",-122.72623468,38.451452600000003
90332288,2016,2016-11-29,9360,2016-11-26,1955,020905,,6,2,9,4900,0,2,4,,1,046,"CALISTOGA ROAD","SKINNER ROAD",335.00,S,N,C,-,N,,,,,,,,,,Y,4,0,1,1,A,-,08,22107,,N,E,I,A,B,H,-,D,D,0,,,,,Y,,A,01,0,0,1,0,0,0,0,0,0,"- ","- ",38.50947,-122.6529,SONOMA,UNINCORPORATED,-122.65297811000001,38.509478659999999
90332438,2016,2016-11-29,9360,2016-11-26,1510,020326,,6,2,9,4900,0,1,2,,2,040,"US-101 S/B","TODD ROAD O/C",140.00,N,N,B,C,Y,,,101,,,,,,S,Y,3,0,2,1,A,-,03,22350,,N,E,I,A,B,H,-,A,D,0,,,,,Y,,A,01,0,1,1,0,0,0,0,0,0,"- ","- ",38.387189999999997,-122.71662000000001,SONOMA,UNINCORPORATED,-122.71630788,38.387188160000001
90332501,2016,2016-11-29,9360,2016-11-26,1515,018859,,6,2,9,4900,0,2,4,,1,032,"RIVER ROAD","BARNES ROAD",605.00,E,N,B,-,Y,,,,,,,,,,N,4,0,3,2,A,-,03,22350,,M,C,C,A,A,H,-,A,A,0,,,,,Y,,A,01,0,0,3,0,0,0,0,0,0,"- ","- ",38.496250000000003,-122.75848999999999,SONOMA,UNINCORPORATED,-122.75849823999999,38.496226129999997
90337525,2016,2016-12-06,9360,2016-09-06,2229,014883,,2,3,9,4900,0,3,5,,2,006,"MOSCOW RD (21000 BLOCK)","RUSSIAN RIVER AVE",182.00,W,N,A,-,N,,,,,,,,,,Y,1,2,0,1,A,-,01,23152,F,N,E,I,A,A,H,-,D,D,0,,,,,Y,Y,A,01,0,0,0,0,0,0,0,0,0,"- ","- ",38.47381,-123.02197,SONOMA,UNINCORPORATED,-123.02249781,38.473820279999998
90337752,2016,2016-12-06,9360,2016-11-28,2225,014883,,1,3,6,4905,0,3,5,,2,004,"TODD RD","SANTA ROSA AVE",80.00,W,N,A,-,N,,,,,,,,,,N,3,0,1,2,A,-,05,21460,A,F,E,B,D,A,H,-,C,A,0,Y,,,,Y,,-,99,0,1,0,0,1,0,0,0,0,"- ","- ",38.38702,-122.71406,SONOMA,"SANTA ROSA",-122.71388918,38.387107090000001
90337871,2016,2016-12-06,9360,2016-11-28,0810,015812,,1,1,9,4900,0,2,4,,1,046,"BENNETT VALLEY ROAD","YULUPA AVENUE",3696.00,E,N,B,-,N,,,,,,,,,,N,4,0,1,1,A,-,08,22107,,N,F,A,A,B,H,-,A,D,0,,,Y,,Y,,C,03,0,0,1,0,0,0,0,0,1,"- ","- ",38.413640000000001,-122.65219,SONOMA,UNINCORPORATED,-122.65353073999999,38.413801159999998
90338449,2016,2016-12-06,9360,2016-12-01,1820,020565,,4,2,6,4905,0,1,2,,2,030,"US-101 S/B","BICENTENNIAL WAY",1584.00,S,N,A,-,Y,,,101,,,,,,S,Y,4,0,1,2,A,-,03,22350,,N,C,C,A,A,H,-,C,D,0,,,,,Y,,A,01,0,0,1,0,0,0,0,0,0,"- ","- ",38.465730000000001,-122.72743,SONOMA,"SANTA ROSA",-122.72745462,38.465719730000004
90339149,2016,2016-12-07,9360,2016-12-05,0750,018828,,1,1,9,4900,0,2,4,,1,052,"SEBASTOPOL RD","WEST AVE",300.00,W,N,A,-,N,,,,,,,,,,N,4,0,1,2,A,-,06,21755,A,N,D,C,A,A,H,-,A,D,0,,,,,Y,,A,01,0,0,1,0,0,0,0,0,0,"- ","- ",38.429450000000003,-122.72996999999999,SONOMA,UNINCORPORATED,-122.72991107,38.429537060000001
90340529,2016,2016-12-08,9360,2016-12-07,1935,020285,,3,2,9,4900,0,3,5,,2,003,"LLANO RD",SR-12,81.00,S,N,C,-,Y,,,,,,,,,,Y,4,0,1,2,A,-,03,22350,,N,D,C,A,B,H,-,C,A,0,,,,,Y,,D,22,0,0,1,0,0,0,0,0,0,"- ","- ",38.411270000000002,-122.79459,SONOMA,UNINCORPORATED,-122.79477980999999,38.411512479999999
90341985,2016,2016-12-12,9360,2016-12-01,1805,020038,,4,2,9,4900,0,2,4,,1,052,"STONY POINT RD","WILFRED AVE",1056.00,N,N,A,-,N,,,,,,,,,,Y,4,0,2,2,A,-,09,21804,A,N,D,C,A,A,H,-,D,D,0,,,,,Y,,A,07,0,0,2,0,0,0,0,0,0,"- ","- ",38.366520000000001,-122.74133999999999,SONOMA,UNINCORPORATED,-122.74133845999999,38.36614076
9034213,2019,2020-01-23,4904,2019-10-01,1123,457,,2,5,4,4904,0,0,0,,0,,"CITY CENTER DR","STATE FARM DR",0.00,,Y,A,-,N,,,,,,,,,,Y,3,0,1,3,A,-,09,21802,A,N,D,C,A,A,H,-,A,A,0,,Y,,,Y,,A,01,0,1,0,0,0,0,0,0,0,"- ","- ",38.3497314453125,-122.70601654052734,SONOMA,"ROHNERT PARK",-122.70599365234375,38.3497314453125
90342715,2016,2016-12-12,9360,2016-12-02,1651,020326,,5,2,9,4900,0,2,4,,1,047,"LAKEVILLE RD","OLD LAKEVILLE NO 3 RD",75.00,S,N,A,-,N,,,,,,,,,,Y,2,0,1,2,A,-,03,22350,,N,C,C,A,A,H,-,B,D,0,,,,,Y,,D,22,1,0,0,0,0,0,0,0,0,"- ","- ",38.158569999999997,-122.49969,SONOMA,UNINCORPORATED,-122.52291701,38.173180510000002
90344493,2016,2016-12-14,9360,2016-12-08,0827,013838,,4,1,6,4905,0,1,2,,2,040,"US-101 S/B",SR-12,30.00,N,N,C,-,Y,,,101,,,,,,S,Y,4,0,1,4,A,-,07,21658,,N,C,C,A,B,H,-,A,D,0,,,,,Y,,A,07,0,0,1,0,0,0,0,0,0,"- ","- ",38.431629999999998,-122.71583,SONOMA,"SANTA ROSA",-122.71572578999999,38.431672300000002
90344556,2016,2016-12-14,9360,2016-12-08,1655,019359,,4,2,6,4905,0,1,2,,2,040,"US-101 N/B","COLLEGE AVE",200.00,N,N,B,-,Y,,,101,,,,,,N,Y,4,0,1,2,A,-,03,22350,,N,C,C,A,B,H,-,C,D,0,,,,,Y,,D,22,0,0,1,0,0,0,0,0,0,"- ","- ",38.450310000000002,-122.72592,SONOMA,"SANTA ROSA",-122.72600107,38.45030457
90344885,2016,2016-12-14,9360,2016-12-09,0848,019862,,5,1,9,4900,0,2,4,,1,024,"CALISTOGA RD","MARK WEST LANE",528.00,E,N,C,-,Y,,,,,,,,,,Y,4,0,1,1,A,-,03,22350,,N,E,I,A,B,H,-,A,D,0,,,,,Y,,D,22,0,0,1,0,0,0,0,0,0,"- ","- ",34.533659999999998,-122.72524,SONOMA,UNINCORPORATED,,
90345062,2016,2016-12-14,9360,2016-12-09,0736,019862,,5,1,9,4900,0,2,4,,1,032,"RIVER RD","LAUGHLIN RD",1584.00,E,N,C,-,N,,,,,,,,,,Y,4,0,2,2,A,-,09,21801,A,N,D,C,A,B,H,-,A,D,0,,,,,Y,,A,01,0,0,2,0,0,0,0,0,0,"- ","- ",38.495359999999998,-122.78227,SONOMA,UNINCORPORATED,-122.78263441,38.495165470000003
90345839,2016,2016-12-15,9360,2016-12-10,1350,020266,,6,1,9,4900,0,2,4,,1,038,"BODEGA HWY","BANNET VALLEY RD",760.00,E,N,C,-,N,,,,,,,,,,Y,4,0,1,1,A,-,08,22107,,N,E,I,A,B,H,-,A,D,0,,,,,Y,,A,01,0,0,1,0,0,0,0,0,0,"- ","- ",38.379910000000002,-122.89675,SONOMA,UNINCORPORATED,-122.8974592,38.379503669999998
90346005,2016,2016-12-15,9360,2016-12-13,1518,018828,,2,2,6,4905,0,1,2,,2,040,"US-101 S/B",SR-12,10.00,S,N,B,-,Y,,,101,,,,,,S,Y,4,0,1,2,A,-,03,22350,,N,C,C,A,A,H,-,A,D,0,,,,,Y,,A,07,0,0,1,0,0,0,0,0,0,"- ","- ",38.430959999999999,-122.71548,SONOMA,"SANTA ROSA",-122.71545558,38.430965659999998
90346139,2016,2016-12-15,9360,2016-12-10,0956,019862,,6,1,6,4905,0,1,3,,1,051,"SR-12 W/B","HOEN AVE",1056.00,W,N,B,C,Y,,,12,,,,,,W,Y,3,0,1,1,A,-,03,22350,,N,E,I,A,B,H,-,A,D,0,,,,,Y,,A,01,0,1,0,0,0,0,0,0,0,"- ","- ",38.436619999999998,-122.68751,SONOMA,"SANTA ROSA",-122.68779612,38.437038880000003
90346255,2016,2016-12-15,9360,2016-12-10,1125,020266,,6,1,9,4900,0,2,4,,1,038,"OCCIDENTAL RD","MILL STATION RD",1584.00,E,N,C,-,N,,,,,,,,,,Y,4,0,1,1,A,-,03,22350,,N,E,I,A,B,H,-,A,D,0,,,,,Y,,A,01,0,0,1,0,0,0,0,0,0,"- ","- ",38.421520000000001,-122.87050000000001,SONOMA,UNINCORPORATED,-122.86969891,38.42176224
90346690,2016,2016-12-16,9360,2016-12-09,1650,021354,,5,2,6,4905,0,2,4,,1,052,"STONY POINT RD","SCENIC AVE",0.00,,Y,B,-,N,,,,,,,,,,Y,4,0,1,2,A,-,09,21802,A,N,D,C,A,A,H,-,B,A,0,,,,,Y,,A,01,0,0,1,0,0,0,0,0,0,"- ","- ",38.376280000000001,-122.7414,SONOMA,"SANTA ROSA",-122.74143989,38.3762799
90347062,2016,2016-12-16,9360,2016-12-08,1821,015434,,4,2,9,4900,0,1,2,,2,030,"US 101 S/B","FULTON RD. O/C",1300.00,S,N,C,-,Y,,,,,,,,,,Y,2,0,3,3,A,-,01,23152,A,N,C,C,A,B,H,-,C,D,0,,,,,Y,Y,A,01,2,1,0,0,0,0,0,0,0,"- ","- ",38.503869999999999,-122.7666,SONOMA,UNINCORPORATED,-122.76670489999999,38.504040969999998
90347328,2016,2016-12-19,9360,2016-12-09,1545,018196,,5,2,9,4900,0,1,2,,2,050,"US-101 N/B","SANTA ROSA AVE. O/C",344.00,S,N,A,-,Y,,,101,,,,,,N,Y,4,0,1,3,A,-,03,22350,,N,C,C,A,A,H,-,A,D,0,,,,,Y,,D,22,0,0,1,0,0,0,0,0,0,"- ","- ",38.370139999999999,-122.71299999999999,SONOMA,UNINCORPORATED,-122.71292929000001,38.370179970000002
90347330,2016,2016-12-19,9360,2016-12-10,0025,021195,,6,3,9,4900,0,2,4,,1,032,"RIVER RD","WILSHIRE DR",2112.00,W,N,C,-,N,,,,,,,,,,Y,3,0,1,2,A,-,05,21460,A,N,B,C,A,B,H,-,D,D,0,,,,Y,Y,,A,08,0,1,0,0,0,0,0,0,0,"- ","- ",38.506889999999999,-122.94701000000001,SONOMA,UNINCORPORATED,-122.94662828,38.506896580000003
90347512,2016,2016-12-19,9360,2016-12-09,1010,017693,,5,1,9,4900,0,2,4,,1,024,"MARK WEST SPRINGS RD","FOX HUNT LANE",3168.00,E,N,B,C,N,,,,,,,,,,Y,4,0,1,2,A,-,05,21460,A,N,B,C,A,B,H,-,A,D,0,,,,,Y,,A,01,0,0,1,0,0,0,0,0,0,"- ","- ",38.535060000000001,-122.72546,SONOMA,UNINCORPORATED,-122.71873888,38.520612749999998