CASE_ID,ACCIDENT_YEAR,PROC_DATE,JURIS,COLLISION_DATE,COLLISION_TIME,OFFICER_ID,REPORTING_DISTRICT,DAY_OF_WEEK,CHP_SHIFT,POPULATION,CNTY_CITY_LOC,SPECIAL_COND,BEAT_TYPE,CHP_BEAT_TYPE,CITY_DIVISION_LAPD,CHP_BEAT_CLASS,BEAT_NUMBER,PRIMARY_RD,SECONDARY_RD,DISTANCE,DIRECTION,INTERSECTION,WEATHER_1,WEATHER_2,STATE_HWY_IND,CALTRANS_COUNTY,CALTRANS_DISTRICT,STATE_ROUTE,ROUTE_SUFFIX,POSTMILE_PREFIX,POSTMILE,LOCATION_TYPE,RAMP_INTERSECTION,SIDE_OF_HWY,TOW_AWAY,COLLISION_SEVERITY,NUMBER_KILLED,NUMBER_INJURED,PARTY_COUNT,PRIMARY_COLL_FACTOR,PCF_CODE_OF_VIOL,PCF_VIOL_CATEGORY,PCF_VIOLATION,PCF_VIOL_SUBSECTION,HIT_AND_RUN,TYPE_OF_COLLISION,MVIW,PED_ACTION,ROAD_SURFACE,ROAD_COND_1,ROAD_COND_2,LIGHTING,CONTROL_DEVICE,CHP_ROAD_TYPE,PEDESTRIAN_ACCIDENT,BICYCLE_ACCIDENT,MOTORCYCLE_ACCIDENT,TRUCK_ACCIDENT,NOT_PRIVATE_PROPERTY,ALCOHOL_INVOLVED,STWD_VEHTYPE_AT_FAULT,CHP_VEHTYPE_AT_FAULT,COUNT_SEVERE_INJ,COUNT_VISIBLE_INJ,COUNT_COMPLAINT_PAIN,COUNT_PED_KILLED,COUNT_PED_INJURED,COUNT_BICYCLIST_KILLED,COUNT_BICYCLIST_INJURED,COUNT_MC_KILLED,COUNT_MC_INJURED,PRIMARY_RAMP,SECONDARY_RAMP,LATITUDE,LONGITUDE,COUNTY,CITY,POINT_X,POINT_Y
90560371,2017,2017-10-02,9325,2017-09-25,0650,015350,,1,1,9,4900,0,1,3,,1,051,SR-121,"MEADOWLARK LANE",2640.00,S,N,A,-,Y,,,121,,,,,,,Y,4,0,1,2,A,-,09,21804,A,N,D,C,A,A,H,-,A,D,0,,,,,Y,,A,01,0,0,1,0,0,0,0,0,0,"- ","- ",38.21481,-122.45491,SONOMA,UNINCORPORATED,-122.45497339000001,38.214811109999999
90560836,2017,2017-10-02,9360,2017-09-23,1707,020234,,6,2,9,4900,0,3,5,,2,002,"WIKIUP DR.","1424 WIKIUP DR.",60.00,W,N,A,-,N,,,,,,,,,,Y,4,0,1,1,A,-,03,22350,,N,E,I,A,A,H,-,A,D,0,,,,,Y,,D,22,0,0,1,0,0,0,0,0,0,"- ","- ",38.510689999999997,-122.74943,SONOMA,UNINCORPORATED,,
90561046,2017,2017-10-02,9360,2017-09-24,1653,020326,,7,2,9,4900,0,1,2,,2,040,"US-101 S/B","TODD RD",2640.00,N,N,A,-,Y,,,101,,,,,,S,Y,2,0,1,2,A,-,03,22350,,N,C,C,A,A,H,-,A,D,0,,,,,Y,,A,01,1,0,0,0,0,0,0,0,0,"- ","- ",38.394039999999997,-122.7163,SONOMA,UNINCORPORATED,-122.71626309,38.394039669999998
90561178,2017,2017-10-02,9360,2017-09-24,2105,019092,,7,2,9,4900,0,1,2,,2,020,"US-101 N/B","HEALDSBURG AVE",1584.00,S,N,A,-,Y,,,101,,,,,,N,Y,3,0,1,2,A,-,01,23152,A,N,B,C,A,A,H,-,D,D,0,,,,,Y,Y,A,01,0,1,0,0,0,0,0,0,0,"- ","- ",38.592359999999999,-122.84801,SONOMA,UNINCORPORATED,-122.84804582,38.59230788
90561207,2017,2017-11-08,9360,2017-09-23,1840,021354,,6,2,9,4900,0,2,4,,1,032,"RIVER RD","RIVER DR",88.00,E,N,A,-,N,,,,,,,,,,Y,2,0,3,2,A,-,05,21460,A,N,A,C,A,A,H,-,B,D,0,,,,,Y,Y,D,22,1,0,2,0,0,0,0,0,0,"- ","- ",38.509349999999998,-122.92231,SONOMA,UNINCORPORATED,-122.92572518,38.508862659999998
90562222,2017,2017-10-03,9360,2017-09-28,1518,018828,,4,2,9,4900,0,1,3,,1,051,SR-12,"MERCED AVE",0.00,,Y,A,-,Y,,,12,,,,,,,N,4,0,1,2,A,-,08,22100,B,N,B,C,A,A,H,-,A,D,0,,,,,Y,,A,07,0,0,1,0,0,0,0,0,0,"- ","- ",38.421410000000002,-122.77866,SONOMA,UNINCORPORATED,-122.77854773,38.42121539
90562277,2017,2017-10-03,9360,2017-09-29,1920,020225,,5,2,3,4980,0,1,2,,2,020,"US-101 N/B","OLD REDWOOD HWY",1500.00,N,N,A,-,Y,,,101,,,,,,N,N,4,0,2,2,A,-,03,22350,,N,C,C,A,A,C,-,D,A,0,,,,,Y,,A,01,0,0,2,0,0,0,0,0,0,"- ","- ",38.550359999999998,-122.81135,SONOMA,WINDSOR,-122.81136477,38.550342929999999
90562773,2017,2017-10-04,9360,2017-09-25,1115,014455,,1,1,9,4900,0,1,2,,1,060,"US-101 N/B","NORTHWESTERN PACIFIC RAILROAD U/C",528.00,N,N,A,-,Y,,,,,,,,,,N,4,0,1,2,A,-,03,22350,,N,C,C,A,A,H,-,A,D,0,,,,,Y,,A,01,0,0,1,0,0,0,0,0,0,"- ","- ",38.256019999999999,-122.64512999999999,SONOMA,UNINCORPORATED,,
90563522,2017,2017-10-05,9360,2017-09-30,0259,020740,,6,3,9,4900,0,2,4,,1,044,"ADOBE ROAD","SCOTT ROAD",450.00,S,N,A,-,N,,,,,,,,,,Y,4,0,3,2,A,-,05,21460,A,N,A,C,A,A,H,-,D,D,0,,,,,Y,,D,22,0,0,3,0,0,0,0,0,0,"- ","- ",38.25018,-122.55892,SONOMA,UNINCORPORATED,,
90563902,2017,2017-10-05,9360,2017-10-03,1445,013407,,2,2,5,4908,0,1,2,,1,060,"US 101 N/B","PETALUMA BLVDS",250.00,S,N,A,-,Y,,,,,,,,,,N,4,0,1,2,A,-,03,22350,,N,C,C,A,A,H,-,A,D,0,,,,,Y,,E,22,0,0,1,0,0,0,0,0,0,"- ","- ",38.22007,-122.60616,SONOMA,PETALUMA,,
90564014,2017,2017-10-05,9360,2017-10-04,1802,014883,,3,2,6,4905,0,1,2,,2,040,"US-101 S/B","COLLEGE AVE",1056.00,S,N,A,-,Y,,,101,,,,,,S,Y,4,0,1,2,A,-,03,22350,,N,C,C,A,A,H,-,A,D,0,,,,,Y,,A,07,0,0,1,0,0,0,0,0,0,"- ","- ",38.442889999999998,-122.72199999999999,SONOMA,"SANTA ROSA",-122.72204701,38.442856220000003
90564676,2017,2017-10-06,9360,2017-09-26,1555,019129,,2,2,9,4900,0,2,4,,1,032,"RIVER RD","ODD FELLOWS PARK RD",500.00,E,N,A,-,N,,,,,,,,,,N,4,0,2,2,A,-,04,21703,,N,C,C,A,A,H,-,A,D,0,,,,,Y,,D,22,0,0,2,0,0,0,0,0,0,"- ","- ",38.505749999999999,-122.95936,SONOMA,UNINCORPORATED,-122.95974712,38.505776050000001
90566646,2017,2017-10-10,9360,2017-10-01,0945,019129,,7,1,9,4900,0,2,4,,1,032,"RIVER RD","RIVER DR",430.00,E,N,A,-,N,,,,,,,,,,Y,2,0,4,3,A,-,05,21460,A,N,A,C,A,A,H,-,A,D,0,,,,,Y,,A,01,2,0,2,0,0,0,0,0,0,"- ","- ",38.509599999999999,-122.92095,SONOMA,UNINCORPORATED,-122.92454131,38.5089939
90566654,2017,2017-10-10,9360,2017-10-01,1520,018828,,7,2,9,4900,0,1,2,,2,050,"US-101 S/B","SANTA ROSA AVE OVER-CROSSING",120.00,S,N,A,-,Y,,,101,,,,,,S,N,4,0,1,2,A,-,03,22350,,M,C,C,A,A,H,-,A,D,0,,,,,Y,,A,07,0,0,1,0,0,0,0,0,0,"- ","- ",38.371560000000002,-122.71419,SONOMA,UNINCORPORATED,-122.71418325,38.371566010000002
90566676,2017,2017-10-10,9360,2017-10-01,1640,018828,,7,2,9,4900,0,2,4,,1,047,"LAKEVILLE RD","OLD LAKEVILLE ROAD 3 (SOUTH)",1848.00,N,N,A,-,N,,,,,,,,,,Y,4,0,1,1,A,-,08,22107,,N,E,I,A,A,H,-,A,D,0,,,,,Y,,A,01,0,0,1,0,0,0,0,0,0,"- ","- ",38.161909999999999,-122.50490000000001,SONOMA,UNINCORPORATED,-122.52765476,38.17690683
90566710,2017,2017-10-10,9360,2017-10-01,0230,020740,,7,3,9,4900,0,1,3,,1,021,SR-128,"CHALK HILL RD",4224.00,E,N,A,-,Y,,,128,,,,,,,Y,3,0,1,1,A,-,01,23152,A,N,E,C,A,A,H,-,D,D,0,,,,,Y,Y,A,01,0,1,0,0,0,0,0,0,0,"- ","- ",38.639690000000002,-122.75492,SONOMA,UNINCORPORATED,-122.75490849000001,38.639730360000001
90566806,2017,2017-10-10,9360,2017-10-01,2235,020225,,7,3,9,4900,0,3,5,,2,002,"CHALK HILL ROAD","RIVER RANCH ROAD",1600.00,S,N,A,-,N,,,,,,,,,,Y,3,0,1,1,A,-,08,22107,,N,E,I,A,A,H,-,D,D,0,,,,,Y,,A,01,0,1,0,0,0,0,0,0,0,"- ","- ",38.595840000000003,-122.77563000000001,SONOMA,UNINCORPORATED,,
90568464,2017,2017-10-11,9360,2017-10-05,0800,019862,,4,1,9,4900,0,3,5,,2,003,"FULTON RD","WOOD RD",3168.00,N,N,A,-,N,,,,,,,,,,Y,4,0,1,2,A,-,03,22350,,N,C,C,A,A,H,-,A,D,0,,,,,Y,,A,07,0,0,1,0,0,0,0,0,0,"- ","- ",38.2913,-122.46120000000001,SONOMA,UNINCORPORATED,-122.77013931,38.490334099999998
90568475,2017,2017-10-11,9360,2017-10-05,1715,018828,,4,2,4,4904,0,1,2,,2,050,"US-101 N/B","GOLF COURSE DRIVE",2640.00,S,N,A,-,Y,,,101,,,,,,N,Y,3,0,2,4,A,-,03,22350,,N,C,C,A,A,H,-,A,D,0,,,,,Y,,A,07,0,1,1,0,0,0,0,0,0,"- ","- ",38.358020000000003,-122.7129,SONOMA,"ROHNERT PARK",-122.71300410000001,38.358019300000002
90570846,2017,2017-10-16,9360,2017-10-08,1100,020803,,7,1,9,4900,0,1,3,,1,063,SR-1,"PACIFC VIEW DRIVE",1300.00,N,N,A,-,Y,,,1,,,,,,,N,3,0,1,3,A,-,08,22107,,N,F,I,A,A,H,-,A,D,0,,Y,,,Y,,L,04,0,1,0,0,0,0,1,0,0,"- ","- ",38.423659999999998,-123.10451999999999,SONOMA,UNINCORPORATED,-123.10453431000001,38.42365247
90570853,2017,2017-10-16,9360,2017-10-06,1335,019218,,5,1,9,4900,0,2,4,,1,032,"RIVER RD.","WOOLSEY RD",1491.00,E,N,A,-,N,,,,,,,,,,Y,3,0,1,2,C,-,18,,,N,B,C,A,A,H,-,A,D,0,,,,Y,Y,,-,"- ",0,1,0,0,0,0,0,0,0,"- ","- ",38.495089999999998,-122.78276,SONOMA,UNINCORPORATED,-122.78292496,38.495050929999998
90570929,2017,2017-10-16,9360,2017-09-26,1610,014455,,2,2,9,4900,0,2,4,,1,046,"CRANE CANYON RD.","ALTA MONTE DR.",1056.00,W,N,A,-,N,,,,,,,,,,Y,3,0,1,2,A,-,05,21460,A,N,F,A,A,A,H,-,A,D,0,,,Y,,Y,,C,02,0,1,0,0,0,0,0,0,1,"- ","- ",38.36918,-122.64612,SONOMA,UNINCORPORATED,-122.64472383,38.369333130000001
90571580,2017,2017-10-18,9325,2017-10-12,0027,021181,,4,3,9,4900,0,1,3,,1,072,SR-121,"NAPA ROAD",0.00,,Y,A,-,Y,,,121,,,,,,,Y,3,0,2,1,A,-,09,21800,D,N,E,I,A,A,H,-,E,B,0,,,,,Y,,A,01,0,1,1,0,0,0,0,0,0,"- ","- ",38.254300000000001,-122.3935,SONOMA,UNINCORPORATED,-122.39342354,38.253467440000001
90572223,2017,2017-10-18,9350,2017-10-12,1445,021696,,4,2,9,4900,0,1,3,,2,137,"SR-37 E/B",SR-121,2112.00,W,N,A,-,Y,,,37,,,,,,E,N,4,0,3,2,A,-,03,22350,,N,C,C,A,A,H,-,A,D,0,,,,,Y,,D,22,0,0,3,0,0,0,0,0,0,"- ","- ",38.147039999999997,-122.45484,SONOMA,UNINCORPORATED,-122.45484992999999,38.147053399999997
90575966,2017,2017-10-23,9360,2017-10-15,0925,021896,,7,1,9,4900,0,2,4,,1,022,"OLD REDWOOD HIGHWAY","FULTON RD",267.00,N,N,A,-,N,,,,,,,,,,Y,4,0,3,2,A,-,09,21801,A,N,A,C,A,A,H,-,A,D,0,,,,,Y,,A,01,0,0,3,0,0,0,0,0,0,"- ","- ",38.516379999999998,-122.77034,SONOMA,UNINCORPORATED,-122.77007661,38.516293570000002
90576480,2017,2017-10-23,9360,2017-10-17,2100,020038,,2,2,9,4900,0,3,5,,2,005,"BARBARA DR","MOORLAND AVE",395.00,W,N,A,-,N,,,,,,,,,,N,3,0,1,2,A,-,08,22107,,N,B,E,A,A,H,-,C,D,0,,,Y,,Y,,C,02,0,1,0,0,0,0,0,0,1,"- ","- ",38.400979999999997,-122.72006,SONOMA,UNINCORPORATED,-122.71990879000001,38.401002550000001
90576539,2017,2017-10-23,9360,2017-10-17,2500,020803,,2,4,9,4900,0,1,3,,1,061,SR-1,"MEYERS GRADE RD",3168.00,N,N,F,-,Y,,,1,,,,,,,Y,2,0,1,1,A,-,08,22107,,N,F,A,A,A,H,-,D,D,0,,,,,Y,,A,01,1,0,0,0,0,0,0,0,0,"- ","- ",38.479770000000002,-123.16801,SONOMA,UNINCORPORATED,-123.16801746,38.479811949999998
90576948,2017,2017-10-24,9360,2017-10-17,1825,020731,,2,2,9,4900,0,2,4,,1,044,"OLD ADOBE RD","CORONA RD",710.00,E,N,A,-,N,,,,,,,,,,Y,4,0,1,2,A,-,03,22350,,N,C,C,A,A,H,-,B,A,0,,,,,Y,,A,01,0,0,1,0,0,0,0,0,0,"- ","- ",38.284790000000001,-122.63736,SONOMA,UNINCORPORATED,-122.63743877,38.28482494
90577022,2017,2017-10-24,9360,2017-10-18,0624,011631,,3,1,9,4900,0,2,4,,1,044,"SR-116 (STAGE GULCH ROAD)","ADOBE ROAD",0.00,,Y,E,-,Y,,,116,,,,,,,Y,4,0,1,2,A,-,12,22450,A,N,D,C,A,A,H,-,C,A,0,,,,,Y,,A,01,0,0,1,0,0,0,0,0,0,"- ","- ",38.236220000000003,-122.52643,SONOMA,UNINCORPORATED,-122.52645884,38.236142440000002
90577249,2017,2017-10-24,9360,2017-10-19,1520,018828,,4,2,9,4900,0,1,2,,2,030,"US-101 S/B","FULTON RD",300.00,N,N,B,-,Y,,,101,,,,,,S,Y,4,0,1,2,A,-,07,21658,A,N,B,C,A,A,H,-,A,D,0,,,,,Y,,A,01,0,0,1,0,0,0,0,0,0,"- ","- ",38.50676,-122.77025,SONOMA,UNINCORPORATED,-122.7702024,38.506816190000002
90577293,2017,2017-10-24,9360,2017-10-23,0250,019092,,1,3,9,4900,0,2,4,,1,034,SR-116,"COOPER ROAD",1584.00,E,N,A,-,N,,,,,,,,,,Y,3,0,1,1,A,-,08,22107,,N,E,I,A,A,H,-,C,D,0,,,,,Y,Y,A,01,0,1,0,0,0,0,0,0,0,"- ","- ",38.788879999999999,-122.79772,SONOMA,UNINCORPORATED,,
9057757,2020,2020-07-27,4908,2020-04-21,0131,3384,3,2,5,5,4908,0,0,0,,0,002,"PETALUMA BL SOUTH","MOUNTAIN VIEW AV",43.00,N,N,A,-,N,,,,,,,,,,Y,3,0,1,1,A,-,08,22107,,N,E,I,A,A,H,-,C,D,0,,,,,Y,,A,01,0,1,0,0,0,0,0,0,0,"- ","- ",38.228359222412109,-122.62631988525391,SONOMA,PETALUMA,-122.62646484375,38.22845458984375
90577675,2017,2017-10-24,9325,2017-10-16,1234,017659,,1,1,9,4900,0,1,3,,1,072,SR-121,"FREMONT RD",280.00,S,N,A,-,Y,,,121,,,,,,,Y,2,0,2,2,A,-,05,21460,A,N,B,C,A,A,H,-,A,D,0,,,,,Y,,D,22,1,0,1,0,0,0,0,0,0,"- ","- ",38.24389,-122.44718,SONOMA,UNINCORPORATED,-122.44723732,38.243953640000001
90578368,2017,2017-10-25,9350,2017-10-18,2048,021487,,3,2,9,4900,0,1,3,,2,137,"SR-37 E/B","LAKEVILLE HWY",2739.00,E,N,A,-,Y,,,37,,,,,,E,Y,4,0,1,2,A,-,03,22350,,N,C,C,A,A,H,-,C,D,0,,,,,Y,,A,01,0,0,1,0,0,0,0,0,0,"- ","- ",38.138620000000003,-122.4686,SONOMA,UNINCORPORATED,-122.46861112000001,38.138638440000001
90578762,2017,2017-10-25,9350,2017-10-23,1930,019000,,1,2,9,4900,0,1,3,,2,137,"SR-37 E/B","RECLAMATION RD",3168.00,E,N,A,-,Y,,,37,,,,,,E,Y,4,0,2,2,A,-,03,22350,,N,C,C,A,A,H,-,A,D,0,,,,,Y,,A,01,0,0,2,0,0,0,0,0,0,"- ","- ",38.1389,-122.46809,SONOMA,UNINCORPORATED,-122.46811568,38.13894191
90579396,2017,2017-10-26,9360,2017-10-03,1225,015812,,2,1,6,4905,0,1,2,,2,040,"US-101 S/B","HEARN AVENUE (O/C)",1056.00,S,N,A,-,Y,,,101,,,,,,S,Y,2,0,1,2,C,-,18,,,N,E,I,A,A,H,-,A,D,0,,,,,Y,,-,"- ",1,0,0,0,0,0,0,0,0,"- ","- ",38.411439999999999,-122.71631000000001,SONOMA,"SANTA ROSA",-122.71618084000001,38.411440859999999
90580869,2017,2017-10-27,9360,2017-10-20,0336,016669,,5,3,9,4900,0,3,5,,2,005,"CENTER RD","PEPPER RD",1056.00,S,N,B,-,N,,,,,,,,,,N,4,0,1,1,A,-,01,23152,A,N,E,I,A,A,H,-,D,D,0,,,,,Y,Y,A,01,0,0,1,0,0,0,0,0,0,"- ","- ",38.280709999999999,-122.71048,SONOMA,UNINCORPORATED,-122.71034433,38.280568010000003
90581548,2017,2017-10-27,9325,2017-10-17,1250,017659,,2,1,9,4900,0,1,3,,1,072,SR-121,"S. CENTRAL AVE",29.00,S,N,A,-,Y,,,121,,,,,,,Y,3,0,4,3,A,-,03,22350,,N,C,C,A,A,H,-,A,D,0,,,,,Y,,A,07,0,2,2,0,0,0,0,0,0,"- ","- ",38.24671,-122.41728999999999,SONOMA,UNINCORPORATED,-122.41728646999999,38.246552039999997
90582492,2017,2017-10-30,9360,2017-10-17,1454,021904,,2,2,9,4900,0,1,3,,1,021,SR-128,"PINE FLAT RD",0.00,,Y,A,-,Y,,,128,,,,,,,Y,3,0,1,2,A,-,05,21460,A,N,A,C,A,A,H,-,A,D,0,,,,,Y,,A,01,0,1,0,0,0,0,0,0,0,"- ","- ",38.671579999999999,-122.81316,SONOMA,UNINCORPORATED,-122.81316627,38.671606259999997
90584054,2017,2017-10-31,9360,2017-10-21,1225,021815,,6,1,6,4905,0,1,2,,2,030,"US-101 S/B","BICENTENNIAL WAY",1483.00,S,N,A,-,Y,,,101,,,,,,S,Y,3,0,1,4,A,-,03,22350,,N,C,C,A,A,H,-,A,D,0,,,,,Y,,A,07,0,1,0,0,0,0,0,0,0,"- ","- ",38.46651,-122.72790000000001,SONOMA,"SANTA ROSA",-122.72780179999999,38.466551279999997
90584092,2017,2017-10-31,9360,2017-10-24,0710,014455,,2,1,6,4905,0,1,2,,2,030,"US-101 N/B","MEDOCINO AVE. O/C",500.00,S,N,B,-,Y,,,101,,,,,,N,N,4,0,1,3,A,-,03,22350,,N,C,C,A,A,H,-,A,D,0,,,,,Y,,A,01,0,0,1,0,0,0,0,0,0,"- ","- ",38.473260000000003,-122.73050000000001,SONOMA,"SANTA ROSA",-122.73042382,38.47329165
90585819,2017,2017-11-22,9360,2017-10-24,1150,016652,,2,1,9,4900,0,2,4,,1,032,"RIVER RD",SR-116,45.00,E,N,A,-,Y,,,,,,,,,,Y,2,0,1,3,A,-,03,22350,,N,C,C,A,A,H,-,A,D,0,,,Y,,Y,,A,01,1,0,0,0,0,0,0,0,1,"- ","- ",38.502699999999997,-122.99502,SONOMA,UNINCORPORATED,-122.9952419,38.502529189999997
90586869,2017,2017-11-03,9360,2017-10-27,1300,020225,,5,1,9,4900,0,1,2,,2,050,"US-101 N/B","SANTA ROSA AVE ONR TO 101 SB",300.00,N,N,A,-,Y,,,101,,,,,,N,N,3,0,1,2,A,-,03,22350,,N,C,C,A,A,H,-,A,D,0,,,,,Y,,A,07,0,1,0,0,0,0,0,0,0,"- ","- ",38.372779999999999,-122.71489,SONOMA,UNINCORPORATED,-122.71482288,38.372827309999998
90586970,2017,2017-11-03,9350,2017-10-27,1440,017201,,5,2,9,4900,0,1,3,,2,237,"SR-37 E/B","TUBBS ISLAND TRAILHEAD EAST ENTRANCE",6.00,W,N,A,-,Y,,,37,,,,,,E,Y,3,0,1,2,A,-,06,21755,,N,D,C,A,A,H,-,A,D,0,,,Y,,Y,,C,02,0,1,0,0,0,0,0,0,1,"- ","- ",38.153410000000001,-122.43611,SONOMA,UNINCORPORATED,-122.43611709,38.153483119999997
90587630,2017,2017-11-06,9360,2017-10-27,1255,019129,,5,1,9,4900,0,2,4,,1,046,"BENNETT VALLEY RD","KEISER RANCH RD",1056.00,S,N,A,-,N,,,,,,,,,,Y,2,0,1,1,A,-,08,22107,,N,E,I,A,A,H,-,A,D,0,,,Y,,Y,,C,02,1,0,0,0,0,0,0,0,1,"- ","- ",38.386279999999999,-122.5616,SONOMA,UNINCORPORATED,-122.56536,38.386740000000003
90588104,2017,2017-11-06,9360,2017-10-29,0045,020831,,7,3,9,4900,0,1,3,,1,021,"SR-128 E/B","BLAU RD",485.00,W,N,A,-,Y,,,128,,,,,,E,Y,2,0,1,1,A,-,03,22350,,N,A,H,A,A,H,-,D,D,0,,,Y,,Y,,C,02,1,0,0,0,0,0,0,0,1,"- ","- ",38.642870000000002,-122.7046,SONOMA,UNINCORPORATED,-122.70460754,38.642838599999997
90588677,2017,2017-11-07,9360,2017-10-30,1530,015419,,1,2,9,4900,0,2,4,,1,032,"RIVER RD","OLIVET RD",1000.00,E,N,A,-,N,,,,,,,,,,Y,3,0,1,1,A,-,08,22107,,N,E,I,A,A,H,-,A,D,0,,,,,Y,,A,01,0,1,0,0,0,0,0,0,0,"- ","- ",38.484900000000003,-122.81541,SONOMA,UNINCORPORATED,-122.81647936,38.484650680000001
90589502,2017,2017-11-07,9360,2017-10-16,1415,021904,,1,2,5,4908,0,2,4,,1,044,"OLD ADOBE RD.","EAST WASHINGTON BLVD.",5280.00,S,N,A,-,N,,,,,,,,,,Y,3,0,1,1,A,-,08,22107,,N,E,I,A,A,H,-,A,D,0,,,,,Y,,A,01,0,1,0,0,0,0,0,0,0,"- ","- ",38.260240000000003,-122.59441,SONOMA,PETALUMA,-122.5936124,38.260148700000002
90589532,2017,2017-11-07,9360,2017-11-02,2040,020779,,4,2,9,4900,0,3,5,,2,005,"SPRING HILL RD","PACHECO RD",930.00,S,N,A,-,N,,,,,,,,,,Y,4,0,1,1,A,-,08,22107,,N,E,J,A,A,G,-,D,D,0,,,,,Y,,A,01,0,0,1,0,0,0,0,0,0,"- ","- ",38.231560000000002,-122.73375,SONOMA,UNINCORPORATED,,
90589879,2017,2017-11-08,9360,2017-11-02,0810,020092,,4,1,9,4900,0,1,3,,1,037,SR-116,"GIOVANETTI RD",6864.00,W,N,A,-,Y,,,116,,,,,,,Y,4,0,1,1,A,-,08,22107,,N,E,J,A,A,H,-,A,D,0,,,,,Y,,A,01,0,0,1,0,0,0,0,0,0,"- ","- ",38.47625,-122.92994,SONOMA,UNINCORPORATED,-122.92993945000001,38.47625498
90590523,2017,2017-11-08,9360,2017-11-03,1823,020225,,5,2,6,4905,0,1,2,,2,040,"US-101 N/B","BAKER AVE",1500.00,N,N,C,-,Y,,,101,,,,,,N,N,4,0,3,2,A,-,03,22350,,N,C,C,A,B,H,-,D,D,0,,,,,Y,,A,01,0,0,3,0,0,0,0,0,0,"- ","- ",38.426250000000003,-122.71491,SONOMA,"SANTA ROSA",-122.71493747,38.426249980000001
9059106,2020,2020-05-20,4903,2020-02-18,1353,1544,2,2,5,3,4903,0,0,0,,0,,"PIPER ST","1ST ST",0.00,,Y,A,-,N,,,,,,,,,,N,3,0,1,1,A,-,17,21663,,N,E,I,A,A,H,-,A,D,0,,,,,Y,,A,01,0,1,0,0,0,0,0,0,0,"- ","- ",38.613719940185547,-122.86121368408203,SONOMA,HEALDSBURG,-122.86171722412109,38.614170074462891
90591096,2017,2017-11-09,9360,2017-11-06,1745,018571,,1,2,6,4905,0,1,2,,2,030,"US-101 N/B","MENDOCINO AVE",300.00,S,N,A,-,Y,,,101,,,,,,N,N,4,0,1,2,A,-,03,22350,,F,C,C,A,A,H,-,B,D,0,,,,,Y,,D,22,0,0,1,0,0,0,0,0,0,"- ","- ",38.473799999999997,-122.73066,SONOMA,"SANTA ROSA",-122.73063872,38.473808839999997
90593178,2017,2017-11-13,9360,2017-11-07,1905,018667,,2,2,9,4900,0,2,4,,1,024,"PETRIFIED FOREST ROAD","PORTER CREEK RD",0.00,,Y,A,B,N,,,,,,,,,,Y,3,0,1,2,A,-,09,21804,A,N,D,C,A,B,H,-,C,A,0,,,,,Y,,A,01,0,1,0,0,0,0,0,0,0,"- ","- ",38.551609999999997,-122.65049999999999,SONOMA,UNINCORPORATED,-122.65053998,38.551589999999997
90593993,2017,2017-11-14,9360,2017-11-09,1005,011631,,4,1,5,4908,0,1,2,,1,060,"US-101 SOUTHBOUND","PETALUMA BOULEVARD NORTH OVERCROSSING",0.00,,N,A,-,Y,,,101,,,,,,S,Y,4,0,1,1,A,-,03,22350,,N,E,I,A,A,H,-,A,D,0,,,,,Y,,D,22,0,0,1,0,0,0,0,0,0,"- ","- ",38.26679,-122.66392999999999,SONOMA,PETALUMA,-122.66388499999999,38.266840680000001
9059407,2020,2020-05-19,4905,2020-01-22,1856,SR556,10602,3,5,6,4905,0,0,0,,0,002,"CARR AV","HUMBOLDT ST",0.00,,Y,B,-,N,,,,,,,,,,N,4,0,1,2,A,-,10,21950,A,N,G,B,B,A,H,-,D,D,0,Y,,,,Y,Y,D,22,0,0,1,0,1,0,0,0,0,"- ","- ",,,SONOMA,"SANTA ROSA",-122.71428680419922,38.456478118896484
9059410,2020,2020-05-19,4905,2020-02-12,1648,SR422,10607,3,5,6,4905,0,0,0,,0,007,"STONY POINT RD","LAZZINI AV",0.00,,Y,A,-,N,,,,,,,,,,N,4,0,1,2,A,-,10,21950,A,N,G,B,B,A,H,-,A,A,0,Y,,,,Y,,D,22,0,0,1,0,1,0,0,0,0,"- ","- ",,,SONOMA,"SANTA ROSA",-122.74067687988281,38.421951293945312
9059414,2020,2020-07-03,4905,2020-03-04,0734,SR8921,10603,3,5,6,4905,0,0,0,,0,003,"PINERCREST DR","WALTZER RD",245.00,W,N,A,-,N,,,,,,,,,,Y,4,0,1,2,A,-,08,22107,,N,B,C,A,A,H,-,A,D,0,,,,,Y,,A,01,0,0,1,0,0,0,0,0,0,"- ","- ",,,SONOMA,"SANTA ROSA",-122.75713348388672,38.469505310058594
90594355,2017,2017-11-14,9325,2017-11-02,0850,017659,,4,1,9,4900,0,2,4,,2,054,"ARNOLD DR","SPERRING RD",110.00,N,N,A,-,N,,,,,,,,,,Y,4,0,1,4,A,-,03,22350,,N,C,C,A,A,H,-,A,D,0,,,,,Y,,A,01,0,0,1,0,0,0,0,0,0,"- ","- ",38.278370000000002,-122.49108,SONOMA,UNINCORPORATED,-122.49107727000001,38.278387469999998
9059438,2020,2020-09-25,4905,2020-02-21,0952,SR352,10609,5,5,6,4905,0,0,0,,0,009,"3RD ST","DAVIS ST",0.00,,Y,A,-,Y,SON,4,101,-,-,20.025,R,4,S,Y,3,0,2,2,A,-,12,21453,A,N,D,C,A,A,H,-,A,A,0,,,,,Y,,A,07,0,1,1,0,0,0,0,0,0,"- ","- ",,,SONOMA,"SANTA ROSA",-122.71768188476562,38.436416625976562