CASE_ID,ACCIDENT_YEAR,PROC_DATE,JURIS,COLLISION_DATE,COLLISION_TIME,OFFICER_ID,REPORTING_DISTRICT,DAY_OF_WEEK,CHP_SHIFT,POPULATION,CNTY_CITY_LOC,SPECIAL_COND,BEAT_TYPE,CHP_BEAT_TYPE,CITY_DIVISION_LAPD,CHP_BEAT_CLASS,BEAT_NUMBER,PRIMARY_RD,SECONDARY_RD,DISTANCE,DIRECTION,INTERSECTION,WEATHER_1,WEATHER_2,STATE_HWY_IND,CALTRANS_COUNTY,CALTRANS_DISTRICT,STATE_ROUTE,ROUTE_SUFFIX,POSTMILE_PREFIX,POSTMILE,LOCATION_TYPE,RAMP_INTERSECTION,SIDE_OF_HWY,TOW_AWAY,COLLISION_SEVERITY,NUMBER_KILLED,NUMBER_INJURED,PARTY_COUNT,PRIMARY_COLL_FACTOR,PCF_CODE_OF_VIOL,PCF_VIOL_CATEGORY,PCF_VIOLATION,PCF_VIOL_SUBSECTION,HIT_AND_RUN,TYPE_OF_COLLISION,MVIW,PED_ACTION,ROAD_SURFACE,ROAD_COND_1,ROAD_COND_2,LIGHTING,CONTROL_DEVICE,CHP_ROAD_TYPE,PEDESTRIAN_ACCIDENT,BICYCLE_ACCIDENT,MOTORCYCLE_ACCIDENT,TRUCK_ACCIDENT,NOT_PRIVATE_PROPERTY,ALCOHOL_INVOLVED,STWD_VEHTYPE_AT_FAULT,CHP_VEHTYPE_AT_FAULT,COUNT_SEVERE_INJ,COUNT_VISIBLE_INJ,COUNT_COMPLAINT_PAIN,COUNT_PED_KILLED,COUNT_PED_INJURED,COUNT_BICYCLIST_KILLED,COUNT_BICYCLIST_INJURED,COUNT_MC_KILLED,COUNT_MC_INJURED,PRIMARY_RAMP,SECONDARY_RAMP,LATITUDE,LONGITUDE,COUNTY,CITY,POINT_X,POINT_Y
91055082,2019,2019-08-20,9360,2019-08-15,0215,022323,,4,3,9,4900,0,2,4,,1,046,"BENNETT VALLEY ROAD","SAVANNAH TRAIL",528.00,W,N,A,-,N,,,,,,,,,,Y,4,0,1,1,A,-,08,22107,,N,E,I,A,A,H,-,D,D,0,,,,,Y,,A,01,0,0,1,0,0,0,0,0,0,"- ","- ",38.387470245361328,-122.58724212646484,SONOMA,UNINCORPORATED,-122.58736419677734,38.387454986572266
91058962,2019,2019-09-30,9325,2019-08-09,1920,021427,,5,2,9,4900,0,1,3,,1,063,SR-12,"BOYES BLVD",12.00,E,N,A,-,Y,,,12,,,,,,,N,4,0,2,2,A,-,03,22350,,F,C,C,A,A,H,-,A,A,0,,,,,Y,,A,01,0,0,2,0,0,0,0,0,0,"- ","- ",38.313770294189453,-122.48146820068359,SONOMA,UNINCORPORATED,-122.48147583007812,38.313766479492188
91059105,2019,2019-08-26,9360,2019-08-15,0745,013838,,4,1,9,4900,0,1,2,,2,030,"US-101 SB","AIRPORT BLVD",500.00,S,N,A,-,Y,,,101,,,,,,S,Y,3,0,1,3,A,-,04,21703,,N,C,C,A,A,H,-,A,D,0,,,,,Y,,A,01,0,1,0,0,0,0,0,0,0,"- ","- ",38.510879516601562,-122.77516937255859,SONOMA,UNINCORPORATED,-122.77523040771484,38.510810852050781
91059646,2019,2019-08-26,9360,2019-08-19,1405,016045,,1,2,9,4900,0,1,2,,2,050,"U.S.-101 S/B TO ROHNERT PARK EXPRESSWAY","ROHNERT PARK EXPY",350.00,N,N,A,-,Y,,,,,,,,,,Y,2,0,1,1,A,-,01,23152,F,N,E,I,A,A,H,-,A,D,0,,,Y,,Y,,C,02,1,0,0,0,0,0,0,0,1,"- ","- ",38.349380493164062,-122.71385955810547,SONOMA,UNINCORPORATED,-122.71320343017578,38.349441528320312
91059813,2019,2019-08-26,9325,2019-08-14,2023,019775,,3,2,9,4900,0,1,3,,1,051,SR-121,"DE MATTOS RD (GATE 7)",1898.00,N,N,A,-,Y,,,121,,,,,,,N,2,0,2,2,A,-,05,21460,A,N,A,C,A,A,H,-,D,D,0,,,,,Y,,D,22,2,0,0,0,0,0,0,0,0,"- ","- ",38.172859191894531,-122.45577239990234,SONOMA,UNINCORPORATED,-122.45577239990234,38.172863006591797
91061104,2019,2019-08-28,9350,2019-08-18,1520,022066,,7,2,9,4900,0,1,3,,2,137,"SR-37 E/B","LAKEVILLE HWY",3696.00,E,N,A,-,Y,,,37,,,,,,E,Y,3,0,3,2,A,-,01,23152,A,F,C,C,A,A,H,-,A,D,0,,,,,Y,Y,A,07,0,1,2,0,0,0,0,0,0,"- ","- ",38.139930725097656,-122.46649932861328,SONOMA,UNINCORPORATED,-122.46649169921875,38.139915466308594
91064018,2019,2019-08-30,9360,2019-08-21,0755,013838,,3,1,6,4905,0,1,3,,1,051,"SR-12 W/B",US-101,70.00,W,N,A,-,Y,,,,,,,,,,Y,3,0,1,3,A,-,07,21658,A,N,C,C,A,A,H,-,A,D,0,,,,Y,Y,,A,01,0,1,0,0,0,0,0,0,0,"- ","- ",38.432548522949219,-122.71621704101562,SONOMA,"SANTA ROSA",-122.71578216552734,38.431365966796875
91064019,2019,2019-08-30,9325,2019-08-23,1407,021427,,5,2,9,4900,0,1,3,,1,072,SR-121,"RAMAL RD",980.00,N,N,A,-,Y,,,121,,,,,,,Y,4,0,1,1,A,-,08,22107,,N,E,I,A,A,H,-,A,D,0,,,,,Y,,A,07,0,0,1,0,0,0,0,0,0,"- ","- ",38.249099731445312,-122.41034698486328,SONOMA,UNINCORPORATED,-122.41024017333984,38.249008178710938
91064206,2019,2019-08-30,9360,2019-08-22,2121,021614,,4,2,9,4900,0,3,5,,2,004,"EAST ROBLES AVE","SANTA ROSA AVE",800.00,E,N,A,-,N,,,,,,,,,,N,3,0,1,1,A,-,01,23152,A,N,E,I,A,A,H,-,C,D,0,,,,,Y,Y,D,22,0,1,0,0,0,0,0,0,0,"- ","- ",38.394439697265625,-122.71029663085938,SONOMA,UNINCORPORATED,-122.71075439453125,38.394386291503906
91066003,2019,2019-09-03,9360,2019-08-27,1445,016045,,2,2,9,4900,0,1,2,,1,060,"U.S.-101 S/B","CAULFIELD RD O/C",50.00,S,N,A,-,Y,,,,,,,,,,Y,4,0,1,4,A,-,07,21658,A,N,B,C,A,A,H,-,A,D,0,,,,,Y,,A,01,0,0,1,0,0,0,0,0,0,"- ","- ",38.237468719482422,-122.62019348144531,SONOMA,UNINCORPORATED,-122.62016296386719,38.237491607666016
91066164,2019,2019-09-03,9360,2019-08-27,2204,022323,,2,3,9,4900,0,3,5,,2,003,"IRWIN LN","OCCIDENTAL RD",2112.00,N,N,A,-,N,,,,,,,,,,Y,3,0,1,1,A,-,01,23152,A,N,E,J,A,A,D,-,D,D,0,,,,,Y,Y,D,23,0,1,0,0,0,0,0,0,0,"- ","- ",38.428970336914062,-122.78814697265625,SONOMA,UNINCORPORATED,-122.78811645507812,38.429130554199219
91066738,2019,2019-09-04,9360,2019-08-28,0623,020225,,3,1,5,4908,0,1,2,,1,060,"US-101 S/B","CAULFIELD LN",1000.00,N,N,B,-,Y,,,101,,,,,,S,Y,4,0,2,3,A,-,03,22350,,N,C,C,A,A,H,-,A,D,0,,,,,Y,,D,22,0,0,2,0,0,0,0,0,0,"- ","- ",38.240440368652344,-122.62165069580078,SONOMA,PETALUMA,-122.62169647216797,38.240413665771484
91067871,2019,2019-09-05,9360,2019-08-24,1250,019083,,6,1,9,4900,0,1,3,,1,065,SR-116,"LAUREL DELL AVE",0.00,,N,A,-,Y,,,,,,,,,,Y,3,0,1,2,A,-,03,22350,,N,F,C,A,A,H,-,A,D,0,,,Y,,Y,,C,02,0,1,0,0,0,0,0,0,1,"- ","- ",38.468910217285156,-123.03047180175781,SONOMA,UNINCORPORATED,-123.04154968261719,38.466751098632812
91068022,2019,2019-09-05,9360,2019-08-31,1742,021456,,6,2,9,4900,0,1,2,,1,060,"US 101 N/B","SONOMA/MARIN COUNTY LINE",156.00,N,N,A,-,Y,,,,,,,,,,Y,3,0,1,3,A,-,08,22107,,N,B,E,A,A,H,-,A,D,0,,,,,Y,,A,08,0,1,0,0,0,0,0,0,0,"- ","- ",38.185901641845703,-122.60153961181641,SONOMA,UNINCORPORATED,,
91068216,2019,2019-09-05,9360,2019-07-19,0020,021896,,5,3,9,4900,0,2,4,,1,038,"GRATON RD","TANUDA RD",2640.00,E,N,A,F,N,,,,,,,,,,Y,1,1,0,2,A,-,11,21954,A,N,G,B,E,A,H,-,D,D,0,Y,,,,Y,Y,N,60,0,0,0,1,0,0,0,0,0,"- ","- ",38.414798736572266,-122.92415618896484,SONOMA,UNINCORPORATED,-122.92613220214844,38.414321899414062
91068313,2019,2019-09-05,9360,2019-08-27,1120,017693,,2,1,9,4900,0,2,4,,1,054,"BODEGA AVE","EUCALYPTUS AVE",0.00,,Y,A,-,N,,,,,,,,,,Y,3,0,1,2,A,-,09,21802,A,N,D,C,A,A,H,-,A,D,0,,,,,Y,,A,01,0,1,0,0,0,0,0,0,0,"- ","- ",38.254379272460938,-122.70330047607422,SONOMA,UNINCORPORATED,-122.70333099365234,38.254398345947266
91069830,2019,2019-09-09,9360,2019-08-26,1650,018462,,1,2,9,4900,0,3,5,,2,005,"MOORLAND AVE","SCENIC AVE",1056.00,N,N,A,-,N,,,,,,,,,,Y,2,0,1,2,A,-,05,21650,,N,A,C,A,A,H,-,A,D,0,,,,,Y,,A,07,1,0,0,0,0,0,0,0,0,"- ","- ",38.378849029541016,-122.7164306640625,SONOMA,UNINCORPORATED,-122.71653747558594,38.379215240478516
91069852,2019,2019-09-09,9325,2019-09-01,1215,019590,,7,1,9,4900,0,2,4,,1,055,"NAPA ROAD","HYDE RD",800.00,W,N,A,-,N,,,,,,,,,,Y,3,0,1,1,A,-,08,22107,,N,F,I,A,A,H,-,A,D,0,,,,,Y,,A,08,0,1,0,0,0,0,0,0,0,"- ","- ",38.272098541259766,-122.43186950683594,SONOMA,UNINCORPORATED,-122.43171691894531,38.272003173828125
91069853,2019,2019-09-09,9360,2019-08-29,2130,020905,,4,2,9,4900,0,1,3,,1,013,SR-116,"SKYLINE RANCH RD",2400.00,W,N,A,-,N,,,116,,,,,,,Y,3,0,2,2,A,-,01,23152,A,N,A,C,A,A,H,-,D,D,0,,,,,Y,Y,D,22,0,1,1,0,0,0,0,0,0,"- ","- ",38.477321624755859,-122.93773651123047,SONOMA,UNINCORPORATED,-122.937744140625,38.477588653564453
91071363,2019,2019-09-10,9360,2019-09-09,0805,016660,,1,1,6,4905,0,1,2,,2,030,"US 101 S/B","STELLE LN O/C",2640.00,N,N,A,-,Y,,,,,,,,,,N,4,0,1,2,A,-,03,22350,,N,C,C,A,A,H,-,A,D,0,,,,,Y,,D,22,0,0,1,0,0,0,0,0,0,"- ","- ",38.465801239013672,-122.72747039794922,SONOMA,"SANTA ROSA",-122.72801971435547,38.467079162597656
91072141,2019,2019-09-11,9360,2019-09-05,1630,020266,,4,2,9,4900,0,3,5,,2,005,"SCENIC AVE","LANGNER AVE",350.00,E,N,A,-,N,,,,,,,,,,N,3,0,2,2,A,-,05,21650,,N,A,C,A,A,A,E,A,D,0,,,,,Y,,D,22,0,2,0,0,0,0,0,0,0,"- ","- ",38.376258850097656,-122.72474670410156,SONOMA,UNINCORPORATED,-122.72406768798828,38.376266479492188
91073420,2019,2019-09-12,9360,2019-09-06,2346,021614,,5,3,9,4900,0,3,5,,2,005,"LIBERTY RD","RAINSVILLE RD",460.00,S,N,A,-,N,,,,,,,,,,Y,3,0,1,1,A,-,08,22107,,N,E,I,A,A,H,-,D,D,0,,,,,Y,,A,01,0,1,0,0,0,0,0,0,0,"- ","- ",38.269500732421875,-122.70069885253906,SONOMA,UNINCORPORATED,-122.70072937011719,38.269519805908203
91073982,2019,2019-09-13,9360,2019-09-07,1410,021456,,6,2,9,4900,0,1,2,,1,060,"US-101 N/B","KASTANIA ROAD O/C",600.00,N,N,A,-,Y,,,101,,,,,,N,N,4,0,1,3,A,-,03,22350,,N,C,C,A,A,H,-,A,D,0,,,,,Y,,A,07,0,0,1,0,0,0,0,0,0,"- ","- ",38.223159790039062,-122.61061859130859,SONOMA,UNINCORPORATED,-122.61068725585938,38.223060607910156
91074048,2019,2019-09-13,9360,2019-09-11,1639,020266,,3,2,6,4905,0,1,2,,2,030,"US-101 SB","STEELE LANE",325.00,N,N,A,-,Y,,,101,,,,,,S,Y,4,0,1,2,A,-,03,22350,,N,C,C,A,A,H,-,A,D,0,,,,,Y,,A,07,0,0,1,0,0,0,0,0,0,"- ","- ",38.465141296386719,-122.72721862792969,SONOMA,"SANTA ROSA",-122.72721099853516,38.465145111083984
91074516,2019,2019-09-13,9360,2019-09-06,1745,021456,,5,2,9,4900,0,1,2,,2,030,"US-101 S/B","BICENTENNIAL WAY O/C",100.00,N,N,A,-,Y,,,101,,,,,,S,N,4,0,1,2,A,-,03,22350,,M,C,C,A,A,H,-,A,D,0,,,,,Y,,-,28,0,0,1,0,0,0,0,0,0,"- ","- ",38.482471466064453,-122.73712158203125,SONOMA,UNINCORPORATED,-122.73712158203125,38.482463836669922
91075071,2019,2019-09-16,9325,2019-09-01,1420,021521,,7,2,9,4900,0,1,3,,1,053,SR-116,"DONNELL RD",528.00,W,N,A,-,Y,,,116,,,,,,,Y,3,0,4,2,A,-,08,22107,,N,D,C,A,A,H,-,A,D,0,,,,,Y,,A,01,0,1,3,0,0,0,0,0,0,"- ","- ",38.250038146972656,-122.49584197998047,SONOMA,UNINCORPORATED,-122.495849609375,38.25006103515625
91075622,2019,2019-09-16,9360,2019-09-12,1838,022333,,4,2,9,4900,0,2,4,,1,024,"MARK WEST SPRINGS RD","MARK WEST LANE",57.00,W,N,A,-,N,,,,,,,,,,Y,3,0,1,1,A,-,08,22107,,N,F,I,A,A,H,-,A,D,0,,,,,Y,,A,07,0,1,0,0,0,0,0,0,0,"- ","- ",38.53070068359375,-122.72564697265625,SONOMA,UNINCORPORATED,-122.72584533691406,38.531002044677734
91076560,2019,2019-11-13,9360,2019-09-13,1645,021456,,5,2,9,4900,0,1,2,,1,060,"US 101 N/B","OLD REDWOOD HWY O/C (PBN)",2112.00,S,N,A,-,Y,,,,,,,,,,Y,4,0,1,2,A,-,08,22107,,N,E,I,A,A,H,-,A,D,0,,,,,Y,,A,07,0,0,1,0,0,0,0,0,0,"- ","- ",38.267539978027344,-122.66428375244141,SONOMA,UNINCORPORATED,-122.85279846191406,38.594921112060547
91076956,2019,2019-09-18,9360,2019-09-12,1325,022333,,4,1,9,4900,0,2,4,,1,024,"MARK WEST SPRINGS RD","MARK WEST LANE",100.00,W,N,A,-,N,,,,,,,,,,Y,4,0,1,2,A,-,03,22350,,N,C,C,A,A,H,-,A,D,0,,,,,Y,,A,07,0,0,1,0,0,0,0,0,0,"- ","- ",38.53070068359375,-122.72564697265625,SONOMA,UNINCORPORATED,-122.72587585449219,38.531116485595703
91077475,2019,2019-09-18,9360,2019-09-14,1845,022323,,6,2,9,4900,0,1,3,,1,051,SR-12,"E ST",528.00,W,N,A,-,Y,,,,,,,,,,Y,4,0,1,1,A,-,08,22107,,N,E,I,A,A,H,-,A,D,0,,,,,Y,,D,22,0,0,1,0,0,0,0,0,0,"- ","- ",38.430839538574219,-122.71343994140625,SONOMA,UNINCORPORATED,,
91078055,2019,2019-09-19,9350,2019-09-18,1655,021087,,3,2,9,4900,0,1,3,,2,137,"SR-37 E/B",SR-121,2000.00,W,N,A,-,Y,,,37,,,,,,E,N,4,0,1,2,A,-,03,22350,,N,C,C,A,A,H,-,A,D,0,,,,,Y,,A,01,0,0,1,0,0,0,0,0,0,"- ","- ",38.146339416503906,-122.45596313476562,SONOMA,UNINCORPORATED,-122.45595550537109,38.146327972412109
91078563,2019,2019-09-19,9360,2019-09-09,0540,016660,,1,3,9,4900,0,2,4,,1,022,"OLD REDWOOD HWY","SHILOH RD",2112.00,S,N,A,-,N,,,,,,,,,,N,3,0,1,1,C,-,18,,,N,F,A,A,A,H,-,D,D,0,,Y,,,Y,,-,"- ",0,1,0,0,0,0,1,0,0,"- ","- ",38.520000457763672,-122.77400207519531,SONOMA,UNINCORPORATED,-122.77509307861328,38.520992279052734
91078602,2019,2019-09-19,9360,2019-07-23,0011,020828,,2,3,9,4900,0,2,4,,1,042,"PETALUMA HILL RD","YOLANDA AVE",4752.00,S,N,A,-,N,,,,,,,,,,Y,1,1,1,2,A,-,17,21208,A,N,C,G,A,A,H,-,D,D,0,,Y,,,Y,,L,04,0,0,1,0,0,1,0,0,0,"- ","- ",38.399978637695312,-122.69566345214844,SONOMA,UNINCORPORATED,-122.69692230224609,38.401908874511719
91079633,2019,2019-09-20,9325,2019-09-10,0938,015786,,2,1,9,4900,0,3,5,,2,005,"LEVERONI RD","ARNOLD DR",1584.00,E,N,A,-,N,,,,,,,,,,Y,3,0,2,3,A,-,03,22350,,N,C,C,A,A,G,H,A,D,0,,,,,Y,,A,01,0,2,0,0,0,0,0,0,0,"- ","- ",38.162860870361328,-122.28562927246094,SONOMA,UNINCORPORATED,-122.48609924316406,38.273288726806641
91080032,2019,2019-09-23,9360,2019-09-10,0745,020225,,2,1,9,4900,0,1,3,,1,037,SR-116,"GUERNEVILLE RD",950.00,E,N,A,-,Y,,,116,,,,,,,N,3,0,1,2,A,-,06,21750,,N,B,G,A,A,H,-,A,D,0,,Y,,,Y,,A,01,0,1,0,0,0,0,1,0,0,"- ","- ",38.447479248046875,-122.86711883544922,SONOMA,UNINCORPORATED,-122.86709594726562,38.447486877441406
91080680,2019,2019-09-23,9360,2019-09-16,0750,017693,,1,1,9,4900,0,2,4,,1,046,"BENNETT VALLEY ROAD","MATANZAS CREEK",1056.00,E,N,B,C,N,,,,,,,,,,Y,4,0,1,1,A,-,08,22107,,N,E,J,A,B,H,-,A,D,0,,,,,Y,,A,01,0,0,1,0,0,0,0,0,0,"- ","- ",38.413780212402344,-122.65293884277344,SONOMA,UNINCORPORATED,-122.59844970703125,38.382541656494141
91080848,2019,2019-09-23,9360,2019-09-15,2028,022323,,7,2,9,4900,0,2,4,,1,038,"BODEGA HWY","JOY RD",2112.00,E,N,A,-,N,,,,,,,,,,Y,4,0,1,2,A,-,05,21460,A,N,B,C,A,A,H,-,D,D,0,,,,,Y,,A,01,0,0,1,0,0,0,0,0,0,"- ","- ",38.356651306152344,-122.93643188476562,SONOMA,UNINCORPORATED,-122.95481109619141,38.351669311523438
91080878,2019,2019-09-23,9360,2019-09-17,1840,021456,,2,2,9,4900,0,1,3,,1,053,"LUDWIG AVE","STONY POINT RD",1584.00,W,N,A,-,N,,,,,,,,,,N,3,0,1,1,A,-,03,22350,,N,F,A,A,A,H,-,A,D,0,,,Y,,Y,,C,02,0,1,0,0,0,0,0,0,1,"- ","- ",38.403499603271484,-120.74746704101562,SONOMA,UNINCORPORATED,-122.74700927734375,38.40350341796875
91081285,2019,2019-09-24,9360,2019-09-16,0700,020225,,1,1,9,4900,0,2,4,,1,038,"OCCIDENTAL RD","JONIVE RD",700.00,E,N,B,-,N,,,,,,,,,,Y,4,0,1,1,A,-,08,22107,,N,E,I,A,B,H,-,A,D,0,,,,,Y,,A,08,0,0,1,0,0,0,0,0,0,"- ","- ",38.403541564941406,-122.91387176513672,SONOMA,UNINCORPORATED,-122.91390991210938,38.403491973876953
91082534,2019,2019-09-25,9360,2019-09-16,0855,017693,,1,1,4,4904,0,1,2,,2,050,"US-101 S/B FROM ROHNERT PARK EXPRESSWAY","ROHNERT PARK EXPRESSWAY O/C",160.00,N,N,B,-,Y,,,101,,,,R,,S,Y,3,0,1,2,A,-,03,22350,,N,C,C,A,B,H,-,A,D,0,,,,,Y,,A,01,0,1,0,0,0,0,0,0,0,"- ","- ",38.3489990234375,-122.71347808837891,SONOMA,"ROHNERT PARK",-122.71347808837891,38.3489990234375
91082643,2019,2019-09-25,9360,2019-09-19,1225,020092,,4,1,9,4900,0,1,2,,1,060,"US-101 S/B","CAULFIELD LN",200.00,N,N,A,-,Y,,,,,,,,,,Y,4,0,3,4,A,-,03,22350,,N,C,C,A,A,H,-,A,D,0,,,,,Y,,A,01,0,0,3,0,0,0,0,0,0,"- ","- ",38.238288879394531,-122.62065124511719,SONOMA,UNINCORPORATED,-122.6204833984375,38.238132476806641
91083519,2019,2019-09-26,9360,2019-09-18,0810,19366,,3,1,9,4900,0,2,4,,1,038,"GRATON RD.","PEAKS PIKE RD",535.00,E,N,B,-,N,,,,,,,,,,Y,4,0,1,2,A,-,06,21750,,N,B,C,A,A,H,-,A,D,0,,,,,Y,,A,01,0,0,1,0,0,0,0,0,0,"- ","- ",38.428741455078125,-122.89395904541016,SONOMA,UNINCORPORATED,-122.89420318603516,38.428173065185547
91083776,2019,2019-09-26,9360,2019-09-20,0130,022333,,5,3,9,4900,0,2,4,,1,054,"BODEGA HWY","RASPBERRY LN",2112.00,W,N,A,-,N,,,,,,,,,,Y,4,0,1,1,A,-,01,23152,A,N,E,I,A,A,H,-,D,D,0,,,,,Y,Y,A,01,0,0,1,0,0,0,0,0,0,"- ","- ",38.362598419189453,-122.91571807861328,SONOMA,UNINCORPORATED,-122.91429901123047,38.363430023193359
91085286,2019,2019-09-27,9360,2019-09-19,2210,022333,,4,3,9,4900,0,1,2,,1,010,"US-101 N/B","ZANZI LN",1600.00,S,N,A,-,Y,,,101,,,,,,N,Y,2,0,1,1,A,-,01,23152,F,N,E,I,A,A,H,-,D,D,0,,,,,Y,,A,07,1,0,0,0,0,0,0,0,0,"- ","- ",38.737579345703125,-122.94589996337891,SONOMA,UNINCORPORATED,-122.94598388671875,38.737541198730469
91085837,2019,2019-09-27,9670,2019-09-21,1339,021719,,6,1,9,4900,0,1,S,,2,037,"SR-37 E/B","LAKEVILLE RD.",10.00,W,N,A,-,Y,,,37,,,,,,E,Y,4,0,1,3,A,-,03,22350,,N,B,C,A,A,H,-,A,D,0,,,,,Y,,A,01,0,0,1,0,0,0,0,0,0,"- ","- ",38.133918762207031,-122.47653198242188,SONOMA,UNINCORPORATED,-122.47650146484375,38.133869171142578
91086908,2019,2019-09-30,9360,2019-09-23,1755,022323,,1,2,9,4900,0,2,4,,1,032,"RIVER ROAD TO US-101 S/B","BARNES RD",528.00,E,N,A,-,N,,,,,,,,,,Y,2,0,1,2,A,-,09,21804,A,N,D,G,A,A,H,-,A,D,0,,Y,,,Y,,L,04,1,0,0,0,0,0,1,0,0,"- ","- ",38.496238708496094,-122.75946807861328,SONOMA,UNINCORPORATED,-122.75876617431641,38.496253967285156
91087493,2019,2019-10-01,9360,2019-09-19,0640,013838,,4,1,6,4905,0,1,2,,2,040,"US-101 NB","3RD ST  E",1056.00,S,N,B,-,Y,,,101,,,,,,N,Y,4,0,1,4,A,-,03,22350,,N,C,C,A,A,H,-,A,D,0,,,,,Y,,A,01,0,0,1,0,0,0,0,0,0,"- ","- ",38.433990478515625,-122.71621704101562,SONOMA,"SANTA ROSA",-122.71635437011719,38.433940887451172
91087505,2019,2019-10-01,9360,2019-09-25,1644,018828,,3,2,9,4900,0,1,2,,2,050,"US-101 N/B","TODD RD",1056.00,S,N,A,-,Y,,,101,,,,,,N,Y,4,0,2,3,A,-,03,22350,,N,C,C,A,A,H,-,A,D,0,,,,,Y,,D,22,0,0,2,0,0,0,0,0,0,"- ","- ",38.382900238037109,-122.71604156494141,SONOMA,UNINCORPORATED,-122.71608734130859,38.382900238037109
91088494,2019,2019-10-02,9360,2019-09-25,1340,016652,,3,1,9,4900,0,2,4,,1,012,"CANYON RD","DRY CREEK RD",14784.00,E,N,A,-,N,,,,,,,,,,Y,2,0,1,1,C,-,18,,,N,E,I,A,A,H,-,A,D,0,,,,,Y,,-,"- ",1,0,0,0,0,0,0,0,0,"- ","- ",38.704601287841797,-122.94216156005859,SONOMA,UNINCORPORATED,-122.91750335693359,38.714561462402344
91089007,2019,2019-10-02,9360,2019-09-27,0855,015434,,5,1,9,4900,0,1,2,,2,050,"US 101 S/B","RAILROAD AVE",5280.00,N,N,B,-,Y,,,,,,,,,,Y,4,0,1,2,A,-,03,22350,,N,C,C,A,B,H,-,A,D,0,,,,,Y,,A,01,0,0,1,0,0,0,0,0,0,"- ","- ",38.305820465087891,-122.71027374267578,SONOMA,UNINCORPORATED,-122.71488952636719,38.316650390625
91089107,2019,2019-10-02,9360,2019-09-27,1529,021989,,5,2,5,4908,0,1,2,,1,060,"US-101 S/B E. WASHINGTON OFF-RAMP","E WASHINTON",200.00,N,N,B,-,Y,,,101,,,,,,S,Y,2,0,1,1,A,-,03,22350,,N,F,A,A,A,H,-,A,D,0,,,Y,,Y,,C,02,1,0,0,0,0,0,0,0,1,"- ","- ",38.247058868408203,-122.62875366210938,SONOMA,PETALUMA,-122.62865447998047,38.247234344482422
91089363,2019,2019-10-03,9325,2019-09-29,1620,021605,,7,2,9,4900,0,1,3,,1,063,SR-12,"W. THOMPSON AVENUE",15.00,E,N,A,-,Y,,,12,,,,,,,Y,4,0,1,2,A,-,03,22350,,N,C,C,A,A,H,-,A,D,0,,,,,Y,,A,01,0,0,1,0,0,0,0,0,0,"- ","- ",38.3095703125,-122.47921752929688,SONOMA,UNINCORPORATED,-122.47923278808594,38.309562683105469
91091079,2019,2019-10-07,9360,2019-09-22,0003,022333,,7,3,9,4900,0,2,4,,1,052,"MILLBRAE AVE","STONY POINT RD",0.00,,Y,A,-,N,,,,,,,,,,Y,2,0,2,2,A,-,01,23152,A,N,D,C,A,A,H,-,D,A,0,,,,,Y,Y,A,07,2,0,0,0,0,0,0,0,0,"- ","- ",38.369518280029297,-122.7413330078125,SONOMA,UNINCORPORATED,-122.74138641357422,38.369499206542969
91091096,2019,2019-10-07,9360,2019-09-27,1705,021187,,5,2,9,4900,0,3,5,,2,003,"AIRPORT BLVD (1400 BLOCK)","BRICKWAY BLVD",400.00,E,N,A,-,N,,,,,,,,,,Y,4,0,1,3,A,-,03,22350,,N,C,C,A,A,H,-,A,D,0,,,Y,,Y,,A,01,0,0,1,0,0,0,0,0,1,"- ","- ",38.311008453369141,-122.79046630859375,SONOMA,UNINCORPORATED,-122.79156494140625,38.5111083984375
91091693,2019,2019-10-07,9360,2019-09-27,1440,021437,,5,2,9,4900,0,1,3,,1,051,"SR-12 E/B","LLANO RD",1182.00,W,N,A,-,Y,,,12,,,,,,E,Y,4,0,1,2,A,-,01,23152,F,M,C,C,A,A,H,-,A,D,0,,,,,Y,,D,22,0,0,1,0,0,0,0,0,0,"- ","- ",38.40972900390625,-122.79834747314453,SONOMA,UNINCORPORATED,-122.79836273193359,38.409763336181641
91091705,2019,2019-10-07,9360,2019-09-26,1350,014998,,4,1,9,4900,0,2,4,,1,012,"DRY CREEK RD","DUTCHER CREEK RD",1056.00,N,N,A,-,N,,,,,,,,,,Y,3,0,1,2,A,-,09,21801,A,N,D,C,A,A,H,-,A,D,0,,,,,Y,,A,01,0,1,0,0,0,0,0,0,0,"- ","- ",38.334209442138672,-122.73872375488281,SONOMA,UNINCORPORATED,-122.97982025146484,38.713031768798828