CASE_ID,ACCIDENT_YEAR,PROC_DATE,JURIS,COLLISION_DATE,COLLISION_TIME,OFFICER_ID,REPORTING_DISTRICT,DAY_OF_WEEK,CHP_SHIFT,POPULATION,CNTY_CITY_LOC,SPECIAL_COND,BEAT_TYPE,CHP_BEAT_TYPE,CITY_DIVISION_LAPD,CHP_BEAT_CLASS,BEAT_NUMBER,PRIMARY_RD,SECONDARY_RD,DISTANCE,DIRECTION,INTERSECTION,WEATHER_1,WEATHER_2,STATE_HWY_IND,CALTRANS_COUNTY,CALTRANS_DISTRICT,STATE_ROUTE,ROUTE_SUFFIX,POSTMILE_PREFIX,POSTMILE,LOCATION_TYPE,RAMP_INTERSECTION,SIDE_OF_HWY,TOW_AWAY,COLLISION_SEVERITY,NUMBER_KILLED,NUMBER_INJURED,PARTY_COUNT,PRIMARY_COLL_FACTOR,PCF_CODE_OF_VIOL,PCF_VIOL_CATEGORY,PCF_VIOLATION,PCF_VIOL_SUBSECTION,HIT_AND_RUN,TYPE_OF_COLLISION,MVIW,PED_ACTION,ROAD_SURFACE,ROAD_COND_1,ROAD_COND_2,LIGHTING,CONTROL_DEVICE,CHP_ROAD_TYPE,PEDESTRIAN_ACCIDENT,BICYCLE_ACCIDENT,MOTORCYCLE_ACCIDENT,TRUCK_ACCIDENT,NOT_PRIVATE_PROPERTY,ALCOHOL_INVOLVED,STWD_VEHTYPE_AT_FAULT,CHP_VEHTYPE_AT_FAULT,COUNT_SEVERE_INJ,COUNT_VISIBLE_INJ,COUNT_COMPLAINT_PAIN,COUNT_PED_KILLED,COUNT_PED_INJURED,COUNT_BICYCLIST_KILLED,COUNT_BICYCLIST_INJURED,COUNT_MC_KILLED,COUNT_MC_INJURED,PRIMARY_RAMP,SECONDARY_RAMP,LATITUDE,LONGITUDE,COUNTY,CITY,POINT_X,POINT_Y
91091752,2019,2019-10-07,9360,2019-09-29,0125,022115,,7,3,9,4900,0,2,4,,1,038,"OCCIDENTAL ROAD","SOTA WAY",700.00,W,N,A,-,N,,,,,,,,,,Y,4,0,1,1,A,-,01,23152,G,N,F,A,A,A,H,-,D,D,0,,,,,Y,Y,A,07,0,0,1,0,0,0,0,0,0,"- ","- ",38.40618896484375,-122.90995788574219,SONOMA,UNINCORPORATED,-122.90993499755859,38.406181335449219
91091783,2019,2019-10-07,9360,2019-09-28,2050,021437,,6,2,9,4900,0,2,4,,1,024,"MARK WEST SPRINGS RD","QUIETWATER RIDGE RD",100.00,W,N,B,-,N,,,,,,,,,,Y,3,0,1,1,A,-,01,23152,A,N,E,I,A,A,H,-,D,D,0,,,,,Y,Y,A,01,0,1,0,0,0,0,0,0,0,"- ","- ",38.505168914794922,-122.73300933837891,SONOMA,UNINCORPORATED,-122.732928,38.505136999999998
91092354,2019,2019-10-08,9360,2019-10-01,1425,021314,,2,2,9,4900,0,1,3,,1,051,"STATE ROUTE 12","LLANO ROAD",453.00,W,N,A,-,Y,,,12,,,,,,,Y,4,0,1,2,A,-,03,22350,,N,C,C,A,A,H,-,A,D,0,,,,,Y,,A,07,0,0,1,0,0,0,0,0,0,"- ","- ",38.410968780517578,-122.79631805419922,SONOMA,UNINCORPORATED,-122.79628753662109,38.410919189453125
91092591,2019,2019-10-08,9360,2019-09-30,1220,013838,,1,1,9,4900,0,1,3,,1,041,SR-12,"MELITA ROAD",528.00,E,N,A,-,Y,,,12,,,,,,,Y,3,0,1,1,A,-,08,22107,,N,E,I,A,A,H,-,A,D,0,,,,,Y,,A,01,0,1,0,0,0,0,0,0,0,"- ","- ",38.452590942382812,-122.62068176269531,SONOMA,UNINCORPORATED,-122.62068939208984,38.45257568359375
91092731,2019,2019-10-08,9360,2019-10-03,2015,020225,,4,2,9,4900,0,3,5,,2,003,"COLEMAN VALLEY RD","WILLOW CREEK RD",528.00,W,N,A,-,N,,,,,,,,,,Y,3,0,1,1,A,-,08,22107,,N,E,I,A,A,H,-,D,D,0,,,,,Y,Y,D,23,0,1,0,0,0,0,0,0,0,"- ","- ",38.412639617919922,-122.97441864013672,SONOMA,UNINCORPORATED,-122.97402191162109,38.412975311279297
91094006,2019,2019-10-09,9360,2019-10-08,1800,020285,,2,2,3,4980,0,3,5,,2,002,"LOS AMIGOS RD","MILK BARN RD",1584.00,S,N,A,-,N,,,,,,,,,,Y,4,0,1,1,A,-,08,22107,,N,E,I,A,A,H,-,A,D,0,,,,,Y,,A,01,0,0,1,0,0,0,0,0,0,"- ","- ",38.576641082763672,-122.83566284179688,SONOMA,WINDSOR,-122.83521270751953,38.576625823974609
91094388,2019,2019-10-10,9360,2019-10-08,1355,018881,,2,1,9,4900,0,1,3,,1,061,SR-1,"FORT ROSS ROAD",4752.00,S,N,A,-,Y,,,,,,,,,,Y,2,0,1,1,A,-,08,22107,,N,E,I,A,A,H,-,A,D,0,,,,,Y,,A,01,1,0,0,0,0,0,0,0,0,"- ","- ",38.463558197021484,-123.16504669189453,SONOMA,UNINCORPORATED,-123.23744964599609,38.514591217041016
91095203,2019,2019-10-11,9360,2019-10-04,2309,022289,,5,3,9,4900,0,1,2,,2,040,"US 101 S/B",SR-12,10.00,S,N,A,-,Y,,,,,,,,,,Y,3,0,1,1,A,-,08,22107,,N,E,I,A,A,H,-,C,D,0,,,,,Y,,A,07,0,1,0,0,0,0,0,0,0,"- ","- ",38.431369781494141,-122.71565246582031,SONOMA,UNINCORPORATED,-122.71553802490234,38.4312744140625
91095871,2019,2019-10-14,9360,2019-10-01,0850,015812,,2,1,9,4900,0,1,2,,2,050,"US-101 N/B","TODD ROAD (O/C)",290.00,S,N,A,-,Y,,,101,,,,,,N,Y,4,0,1,3,A,-,03,22350,,N,C,C,A,A,H,-,A,D,0,,,,,Y,,D,22,0,0,1,0,0,0,0,0,0,"- ","- ",38.385421752929688,-122.71611785888672,SONOMA,UNINCORPORATED,-122.71607208251953,38.385417938232422
91097286,2019,2019-10-15,9360,2019-10-05,1150,016660,,6,1,9,4900,0,2,4,,1,052,"STONY POINT RD","TODD RD",0.00,,Y,A,-,N,,,,,,,,,,N,4,0,1,2,A,-,07,21658,A,N,B,C,A,A,H,-,A,D,0,,,,,Y,,D,22,0,0,1,0,0,0,0,0,0,"- ","- ",38.387199401855469,-122.74160003662109,SONOMA,UNINCORPORATED,-122.74156951904297,38.387138366699219
91097755,2019,2019-10-15,9325,2019-10-11,1700,021083,,5,2,9,4900,0,2,4,,1,055,"NAPA RD","DAVITTO RD",200.00,W,N,A,-,N,,,,,,,,,,Y,4,0,1,3,A,-,03,22350,,N,C,C,A,A,H,-,A,D,0,,,,,Y,,A,01,0,0,1,0,0,0,0,0,0,"- ","- ",38.262001037597656,-122.40000152587891,SONOMA,UNINCORPORATED,,
91098014,2019,2019-10-15,9360,2019-10-04,1500,021437,,5,2,9,4900,0,2,4,,1,024,"PORTER CREEK RD","LOCH HAVEN DR",80.00,E,N,A,-,N,,,,,,,,,,Y,4,0,2,3,A,-,09,21804,A,N,C,C,A,A,H,-,A,D,0,,,,Y,Y,,D,22,0,0,2,0,0,0,0,0,0,"- ","- ",38.549720764160156,-122.71292877197266,SONOMA,UNINCORPORATED,-122.71281433105469,38.549694061279297
91098339,2019,2019-10-16,9360,2019-10-11,1640,021437,,5,2,9,4900,0,3,5,,2,005,"BODEGA AVE","FEATHER HILL LN",737.00,N,N,A,-,N,,,,,,,,,,Y,3,0,3,1,A,-,08,22107,,N,E,I,A,A,H,-,A,D,0,,,,,Y,,A,01,0,1,2,0,0,0,0,0,0,"- ","- ",38.249519348144531,-122.69486999511719,SONOMA,UNINCORPORATED,-122.69486236572266,38.24957275390625
91099506,2019,2019-10-17,9360,2019-10-13,1600,021456,,7,2,9,4900,0,3,5,,2,003,"SR-116 (POCKET CANYON HWY)","SKYLINE RANCH ROAD",300.00,E,N,A,-,Y,,,116,,,,,,,Y,2,0,1,1,A,-,01,23152,F,N,E,I,A,A,H,-,A,D,0,,,,,Y,,A,01,1,0,0,0,0,0,0,0,0,"- ","- ",38.476039886474609,-122.92839813232422,SONOMA,UNINCORPORATED,-122.92839813232422,38.476058959960938
91100302,2019,2019-10-18,9360,2019-10-15,1725,021437,,2,2,9,4900,0,1,3,,1,051,"SR-12 W/B","STONY POINT RD",1860.00,E,N,A,-,Y,,,12,,,,,,W,Y,3,0,1,3,A,-,03,22350,,N,C,C,A,A,H,-,A,D,0,,,,,Y,,A,01,0,1,0,0,0,0,0,0,0,"- ","- ",38.431880950927734,-122.73532104492188,SONOMA,UNINCORPORATED,-122.73532104492188,38.431861877441406
91100710,2019,2019-10-18,9360,2019-10-16,0535,016524,,3,3,9,4900,0,1,3,,1,013,SR-116,"RANCH RD",1056.00,E,N,B,-,Y,,,116,,,,,,,Y,4,0,1,2,A,-,05,21460,A,F,B,C,A,A,H,-,B,D,0,,,,,Y,,D,22,0,0,1,0,0,0,0,0,0,"- ","- ",38.476470947265625,-122.92333984375,SONOMA,UNINCORPORATED,-122.92333984375,38.476535797119141
91100726,2019,2019-10-18,9360,2019-10-17,1535,016045,,4,2,9,4900,0,3,5,,2,005,"ROHNERT PARK EXPY","STONY POINT RD",528.00,E,N,A,-,N,,,,,,,,,,Y,4,0,2,3,A,-,03,22350,,N,C,C,A,A,H,-,A,D,0,,,,,Y,,D,22,0,0,2,0,0,0,0,0,0,"- ","- ",38.352981567382812,-122.73860168457031,SONOMA,UNINCORPORATED,-122.73949432373047,38.353179931640625
91100836,2019,2019-10-18,9325,2019-10-05,1545,021385,,6,2,9,4900,0,1,3,,1,063,SR-12,"SIESTA WAY",51.00,E,N,A,-,Y,,,12,,,,,,,N,2,0,1,2,A,-,08,22107,,N,B,C,A,A,H,-,A,D,0,,,Y,,Y,,C,02,1,0,0,0,0,0,0,0,1,"- ","- ",38.308361053466797,-122.47863006591797,SONOMA,UNINCORPORATED,-122.47859954833984,38.308376312255859
91101411,2019,2019-10-21,9360,2019-10-13,1412,018828,,7,2,9,4900,0,1,2,,2,050,"US-101 S/B","PETALUMA BLVD NORTH",6864.00,N,N,A,-,Y,,,101,,,,,,S,Y,4,0,2,3,A,-,03,22350,,N,C,C,A,A,H,-,A,D,0,,,,,Y,,A,07,0,0,2,0,0,0,0,0,0,"- ","- ",38.2847900390625,-122.68659973144531,SONOMA,UNINCORPORATED,-122.68662261962891,38.284759521484375
91102540,2019,2019-10-22,9360,2019-10-10,0515,015812,,4,3,9,4900,0,3,5,,2,002,"ASTI ROAD","THERESA DRIVE",2640.00,S,N,A,-,N,,,,,,,,,,Y,4,0,1,1,A,-,08,22107,,N,F,A,A,A,H,-,D,D,0,,,,,Y,,A,01,0,0,1,0,0,0,0,0,0,"- ","- ",38.764259338378906,-122.98574829101562,SONOMA,UNINCORPORATED,-122.98646545410156,38.764423370361328
91103838,2019,2019-10-23,9360,2019-10-20,0226,021195,,7,3,9,4900,0,2,4,,1,054,"ROBLAR RD","HENSLEY RD",2112.00,W,N,E,-,N,,,,,,,,,,Y,3,0,1,1,A,-,01,23152,A,N,E,I,A,A,H,-,D,D,0,,,,,Y,Y,A,07,0,1,0,0,0,0,0,0,0,"- ","- ",38.30712890625,-122.81742095947266,SONOMA,UNINCORPORATED,,
91104956,2019,2019-10-24,9325,2019-10-17,1500,015447,,4,2,9,4900,0,3,5,,2,006,"TRINITY ROAD",SR-12,5280.00,E,N,A,-,N,,,,,,,,,,N,4,0,1,2,A,-,05,21650,,N,B,C,A,A,H,-,A,D,0,,,,Y,Y,,G,27,0,0,1,0,0,0,0,0,0,"- ","- ",38.38800048828125,-122.50070190429688,SONOMA,UNINCORPORATED,-122.50251770019531,38.386489868164062
91107495,2019,2019-10-28,9360,2019-10-12,2315,022062,,6,3,9,4900,0,1,3,,1,041,SR-12,"GREENE ST.",13.00,E,N,A,-,Y,,,12,,,,,,,N,2,0,1,3,A,-,11,21954,A,F,G,B,D,A,H,-,D,D,0,Y,,,,Y,,A,07,1,0,0,0,1,0,0,0,0,"- ","- ",38.420799255371094,-122.55272674560547,SONOMA,UNINCORPORATED,-122.55271148681641,38.420818328857422
91108358,2019,2019-10-28,9360,2019-10-22,1255,020092,,2,1,9,4900,0,2,4,,1,034,"GUERNEVILLE RD",SR-116,1300.00,E,N,A,-,N,,,,,,,,,,Y,4,0,1,2,A,-,08,22107,,N,C,C,A,A,H,-,A,D,0,,,,,Y,,D,22,0,0,1,0,0,0,0,0,0,"- ","- ",34.450469970703125,-122.86913299560547,SONOMA,UNINCORPORATED,-122.96198272705078,38.485958099365234
91108951,2019,2019-10-29,9360,2019-10-22,1555,022289,,2,2,9,4900,0,2,4,,1,044,"CASA GRANDE RD","OLD ADOBE RD",0.00,,Y,A,-,N,,,,,,,,,,Y,3,0,1,2,A,-,09,21802,A,N,D,C,A,A,H,-,A,D,0,,,,,Y,,A,07,0,1,0,0,0,0,0,0,0,"- ","- ",38.255340576171875,-122.58499908447266,SONOMA,UNINCORPORATED,-122.58500671386719,38.25531005859375
91109117,2019,2019-10-29,9360,2019-10-22,1501,020266,,2,2,9,4900,0,2,4,,1,012,"DRY CREEK RD","LYTTON SPRINGS RD",4224.00,S,N,A,-,N,,,,,,,,,,Y,4,0,1,2,A,-,08,22107,,N,C,C,A,A,H,-,A,D,0,,,,,Y,,A,01,0,0,1,0,0,0,0,0,0,"- ","- ",38.639289855957031,-122.900390625,SONOMA,UNINCORPORATED,-122.90109252929688,38.63983154296875
91112250,2019,2019-11-04,9360,2019-10-18,1357,020613,,5,1,9,4900,0,3,5,,2,003,"SANTA ROSA AVE","GUENEVER LN",250.00,N,N,A,-,N,,,,,,,,,,Y,4,0,2,2,A,-,09,21801,A,N,D,C,A,A,H,-,A,D,0,,,,,Y,,A,01,0,0,2,0,0,0,0,0,0,"- ","- ",38.391670227050781,-122.71363067626953,SONOMA,UNINCORPORATED,-122.71357727050781,38.391696929931641
91113363,2019,2019-11-05,9360,2019-10-25,1243,19366,,5,1,9,4900,0,2,4,,1,038,"BODEGA HIGHWAY","FERGUSON RD",63.00,W,N,A,-,Y,,,,,,,,,,Y,4,0,1,1,A,-,03,22350,,N,F,I,A,A,H,-,A,D,0,,,Y,,Y,,C,02,0,0,1,0,0,0,0,0,1,"- ","- ",38.396080017089844,-122.86756134033203,SONOMA,UNINCORPORATED,-122.86746978759766,38.396038055419922
91113386,2019,2019-11-05,9360,2019-10-29,1520,018828,,2,2,9,4900,0,3,5,,2,005,"BODEGA AVE","PAULA LN",340.00,W,N,A,-,N,,,,,,,,,,Y,4,0,2,2,A,-,03,22350,,N,C,C,A,A,H,-,A,D,0,,,,,Y,,A,07,0,0,2,0,0,0,0,0,0,"- ","- ",38.234790802001953,-122.66262817382812,SONOMA,UNINCORPORATED,-122.66228485107422,38.234703063964844
91115843,2019,2019-12-03,9360,2019-11-04,1635,020285,,1,2,9,4900,0,2,4,,1,034,"GUERNEVILLE RD","WILLOWSIDE RD",1056.00,W,N,A,-,N,,,,,,,,,,N,4,0,1,2,A,-,09,21801,B,N,E,C,A,A,H,-,B,D,0,,Y,,,Y,,L,04,0,0,1,0,0,0,1,0,0,"- ","- ",38.452548980712891,-122.81073760986328,SONOMA,UNINCORPORATED,-122.81048583984375,38.452472686767578
91116790,2019,2019-11-08,9360,2019-11-02,0900,022371,,6,1,6,4905,0,3,5,,2,004,"SANTA ROSA AVE","TODD AVE",380.00,S,N,A,-,N,,,,,,,,,,N,4,0,1,2,A,-,08,22107,,N,G,B,E,A,H,-,A,A,0,Y,,,,Y,,D,22,0,0,1,0,1,0,0,0,0,"- ","- ",38.385391235351562,-122.71357727050781,SONOMA,"SANTA ROSA",-122.71360015869141,38.386066436767578
91117709,2019,2019-11-12,9360,2019-11-03,2340,017761,,7,3,9,4900,0,2,4,,1,024,"CALISTOGA RD","BODMER LANE",5.00,S,N,A,-,N,,,,,,,,,,Y,4,0,1,1,A,-,08,22107,,N,F,J,A,A,H,-,D,D,0,,,,,Y,,D,22,0,0,1,0,0,0,0,0,0,"- ","- ",38.540489196777344,-122.648193359375,SONOMA,UNINCORPORATED,-122.64811706542969,38.540451049804688
91117724,2019,2019-11-12,9360,2019-11-05,1850,022370,,2,2,9,4900,0,1,2,,2,040,"US-101 S/B",SR-12,10.00,S,N,A,-,Y,,,,,,,,,,Y,4,0,1,1,A,-,08,22107,,N,A,I,A,A,H,-,C,D,0,,,,,Y,,A,08,0,0,1,0,0,0,0,0,0,"- ","- ",38.431121826171875,-122.71558380126953,SONOMA,UNINCORPORATED,-122.71553802490234,38.4312744140625
91118172,2019,2019-11-12,9360,2019-11-09,1310,19366,,6,1,9,4900,0,2,4,,1,024,"PORTER CREEK RD","LESLIE RD",211.00,E,N,A,-,N,,,,,,,,,,Y,2,0,1,1,A,-,01,23152,A,N,E,I,A,A,H,-,A,D,0,,,,,Y,Y,A,07,1,0,0,0,0,0,0,0,0,"- ","- ",38.549770355224609,-122.71848297119141,SONOMA,UNINCORPORATED,-122.7183837890625,38.549774169921875
91119630,2019,2020-01-16,9325,2019-11-01,1545,019590,,5,2,9,4900,0,1,3,,1,052,SR-12,"WATMAUGH ROAD",0.00,,Y,A,-,Y,,,12,,,,,,,Y,4,0,1,2,A,-,09,21801,A,N,D,C,A,A,H,-,A,D,0,,,,,Y,,A,01,0,0,1,0,0,0,0,0,0,"- ","- ",38.265449523925781,-122.46204376220703,SONOMA,UNINCORPORATED,-122.46195983886719,38.265438079833984
91119984,2019,2019-11-14,9360,2019-11-08,1625,019083,,5,2,9,4900,0,2,4,,1,054,"SEXTON RD","BODEGA HWY",700.00,S,N,A,-,N,,,,,,,,,,Y,4,0,1,2,A,-,06,21750,,N,D,C,A,A,H,-,A,D,0,,,,,Y,,A,07,0,0,1,0,0,0,0,0,0,"- ","- ",38.387660980224609,-122.87651062011719,SONOMA,UNINCORPORATED,-122.87846374511719,38.389896392822266
91120875,2019,2019-11-15,9325,2019-11-04,1126,021896,,1,1,9,4900,0,3,5,,2,005,"8TH ST  E","NAPA RD",1584.00,N,N,A,-,N,,,,,,,,,,Y,4,0,1,1,A,-,01,23152,A,N,E,I,A,A,H,-,A,D,0,,,,,Y,Y,A,07,0,0,1,0,0,0,0,0,0,"- ","- ",38.276958465576172,-122.43775177001953,SONOMA,UNINCORPORATED,-122.43776702880859,38.276996612548828
91120879,2019,2019-11-15,9325,2019-11-06,1320,021083,,3,1,9,4900,0,2,4,,1,064,"ARNOLD DR","DON TIMOTEO CT",435.00,S,N,A,-,N,,,,,,,,,,Y,3,0,1,1,A,-,01,23152,A,N,E,I,A,A,H,-,A,D,0,,,,,Y,Y,A,01,0,1,0,0,0,0,0,0,0,"- ","- ",38.323001861572266,-122.50340270996094,SONOMA,UNINCORPORATED,-122.50396728515625,38.323451995849609
91121052,2019,2019-11-15,9360,2019-11-11,2240,021904,,1,3,6,4905,0,1,3,,1,051,"SR-12 W/B","SOUTH E. STREET",1320.00,W,N,A,-,Y,,,,,,,,,,Y,3,0,3,4,A,-,01,23152,A,N,C,C,A,A,H,-,C,D,0,,,,,Y,Y,A,01,0,3,0,0,0,0,0,0,0,"- ","- ",38.413749694824219,-122.70997619628906,SONOMA,"SANTA ROSA",-122.70875549316406,38.431716918945312
91121330,2019,2019-11-15,9360,2019-11-10,0726,017693,,7,1,9,4900,0,1,2,,2,040,"US-101 N/B","TODD ROAD O/C",4224.00,N,N,E,-,Y,,,101,,,,,,N,Y,3,0,1,1,A,-,08,22107,,N,E,J,A,A,H,-,A,D,0,,,,,Y,,D,22,0,1,0,0,0,0,0,0,0,"- ","- ",38.398590087890625,-122.71598052978516,SONOMA,UNINCORPORATED,-122.71599578857422,38.398590087890625
91122307,2019,2019-11-18,9360,2019-11-08,1747,022289,,5,2,9,4900,0,2,4,,1,044,"OLD ADOBE RD","JACOBSEN LN",40.00,N,N,A,-,N,,,,,,,,,,Y,3,0,2,3,A,-,03,22350,,N,C,C,A,A,H,-,B,D,0,,,,,Y,,A,07,0,2,0,0,0,0,0,0,0,"- ","- ",38.292999267578125,-122.65200042724609,SONOMA,UNINCORPORATED,-122.65191650390625,38.292984008789062
91122447,2019,2019-11-18,9360,2019-11-09,1240,020225,,6,1,9,4900,0,3,5,,2,003,"MOSCOW RD","RIVER WAY",2112.00,W,N,A,-,N,,,,,,,,,,N,3,0,2,3,A,-,06,21750,,F,B,G,A,A,H,-,A,D,0,,Y,,,Y,,A,07,0,2,0,0,0,0,2,0,0,"- ","- ",38.468151092529297,-123.03199768066406,SONOMA,UNINCORPORATED,-123.03170776367188,38.468589782714844
91122883,2019,2019-11-18,9360,2019-11-12,1744,021314,,2,2,9,4900,0,2,4,,1,024,"CALISTOGA ROAD","SKINNER ROAD",621.00,N,N,A,-,N,,,,,,,,,,Y,2,0,1,1,A,-,01,23152,A,N,E,I,A,A,H,-,D,D,0,,,,,Y,Y,D,22,1,0,0,0,0,0,0,0,0,"- ","- ",38.512088775634766,-122.65358734130859,SONOMA,UNINCORPORATED,-122.65358734130859,38.512050628662109
91124485,2019,2019-11-20,9360,2019-11-09,1635,019083,,6,2,9,4900,0,3,5,,2,006,"BAY HILL RD","3000 BAY HILL RD",500.00,S,N,A,-,N,,,,,,,,,,Y,2,0,4,3,A,-,06,21750,,N,A,C,A,A,E,-,A,D,0,,,,,Y,,A,07,2,2,0,0,0,0,0,0,0,"- ","- ",38.345939636230469,-123.03137969970703,SONOMA,UNINCORPORATED,,
91125009,2019,2019-11-20,9360,2019-11-16,1750,019359,,6,2,9,4900,0,2,4,,1,038,"BODEGA HWY","JOY RD",20.00,W,N,A,-,N,,,,,,,,,,Y,4,0,1,2,A,-,03,22350,,N,C,C,A,A,H,-,C,D,0,,,,,Y,,A,01,0,0,1,0,0,0,0,0,0,"- ","- ",38.348960876464844,-122.96131134033203,SONOMA,UNINCORPORATED,-122.96139526367188,38.348949432373047
91125147,2019,2019-11-20,9325,2019-11-15,1810,021333,,5,2,9,4900,0,1,3,,1,053,"STATE ROUTE 116","BONNESS RD",0.00,,Y,A,-,Y,,,116,,,,,,,Y,4,0,1,2,A,-,01,23152,A,N,D,C,A,A,H,-,C,A,0,,,,,Y,Y,A,07,0,0,1,0,0,0,0,0,0,"- ","- ",38.253639221191406,-122.48496246337891,SONOMA,UNINCORPORATED,-122.48497009277344,38.253673553466797
91125609,2019,2019-11-21,9360,2019-11-16,0005,022115,,6,3,9,4900,0,2,4,,1,047,SR-116,"STAGE GULCH ROAD",86.00,W,N,E,-,Y,,,116,,,,,,,Y,3,0,1,1,A,-,08,22107,,N,E,I,A,A,H,-,C,D,0,,,,,Y,,A,07,0,1,0,0,0,0,0,0,0,"- ","- ",38.2122802734375,-122.54950714111328,SONOMA,UNINCORPORATED,-122.549560546875,38.212196350097656
91125943,2019,2019-11-21,9360,2019-11-19,0600,020092,,2,1,9,4900,0,1,2,,1,060,"US-101 S/B","PETALUMA BLVDN",1550.00,S,N,A,-,Y,,,,,,,,,,Y,4,0,1,2,A,-,03,22350,,N,C,C,A,A,H,-,D,D,0,,,,,Y,,D,22,0,0,1,0,0,0,0,0,0,"- ","- ",38.27001953125,-122.66744995117188,SONOMA,UNINCORPORATED,,
9112656,2020,2020-09-08,4908,2020-06-15,1101,1944,7,1,5,5,4908,0,0,0,,0,004,"OLD REDWOOD HWY","NORTH MCDOWELL BL",50.00,S,N,A,-,N,,,,,,,,,,Y,2,0,2,4,A,-,03,22350,,N,C,C,A,A,H,-,A,A,0,,,,,Y,,A,01,1,0,1,0,0,0,0,0,0,"- ","- ",38.280479431152344,-122.668212890625,SONOMA,PETALUMA,-122.66933441162109,38.275482177734375
91127591,2019,2019-11-22,9360,2019-11-15,1717,020613,,5,2,9,4900,0,2,4,,1,042,"PETALUMA HILL RD","OLD ADOBE RD",1056.00,N,N,A,-,N,,,,,,,,,,Y,3,0,2,2,A,-,03,22350,,N,C,C,A,A,H,-,D,D,0,,,,,Y,,A,01,0,1,1,0,0,0,0,0,0,"- ","- ",38.302608489990234,-122.66647338867188,SONOMA,UNINCORPORATED,-122.66648101806641,38.302680969238281
91127848,2019,2019-11-22,9325,2019-11-10,1745,021385,,7,2,9,4900,0,1,3,,1,052,SR-121,"RAMAL RD",150.00,S,N,A,-,Y,,,121,,,,,,,Y,3,0,1,1,A,-,01,23152,A,N,F,A,A,A,H,-,D,D,0,,,,,Y,Y,A,07,0,1,0,0,0,0,0,0,0,"- ","- ",38.247028350830078,-122.41291046142578,SONOMA,UNINCORPORATED,-122.41292572021484,38.247055053710938
91128530,2019,2019-11-25,9360,2019-11-19,1800,022370,,2,2,9,4900,0,1,2,,2,040,"US-101 NB","HEARN AVE OVERCROSSING",2640.00,S,N,A,-,Y,,,101,,,,,,N,Y,3,0,1,2,A,-,03,22350,,N,C,C,A,A,H,-,D,D,0,,,,,Y,,A,01,0,1,0,0,0,0,0,0,0,"- ","- ",38.407001495361328,-122.71598052978516,SONOMA,UNINCORPORATED,-122.71595001220703,38.407001495361328
91128695,2019,2019-11-25,9360,2019-11-13,0645,013838,,3,1,6,4905,0,1,2,,2,040,"US-101 NB","3RD STREET",528.00,S,N,B,-,Y,,,101,,,,,,N,Y,4,0,1,2,A,-,04,21703,,N,C,C,A,A,H,-,A,D,0,,,,,Y,,D,22,0,0,1,0,0,0,0,0,0,"- ","- ",38.434871673583984,-122.71659088134766,SONOMA,"SANTA ROSA",-122.71669006347656,38.434829711914062
91129028,2019,2019-11-25,9360,2019-11-13,1118,013838,,3,1,6,4905,0,1,2,,2,040,"US-101 SB","HEARN AVE",450.00,N,N,A,-,Y,,,101,,,,,,S,Y,4,0,1,3,A,-,03,22350,,N,C,C,A,A,H,-,A,D,0,,,,,Y,,A,01,0,0,1,0,0,0,0,0,0,"- ","- ",38.416301727294922,-122.71611022949219,SONOMA,"SANTA ROSA",-122.71613311767578,38.416301727294922
91132637,2019,2019-12-02,9360,2019-11-22,1725,021456,,5,2,9,4900,0,1,3,,1,053,"ELPHICK RD","SR-116 (GRAVENSTEIN HWY)",59.00,W,N,A,-,N,,,,,,,,,,N,2,0,1,2,A,-,11,21954,A,N,G,B,D,A,H,-,D,D,0,Y,,,,Y,,N,60,1,0,0,0,1,0,0,0,0,"- ","- ",38.386859893798828,-122.81330108642578,SONOMA,UNINCORPORATED,-122.81325200000001,38.386799000000003
91132822,2019,2019-12-02,9360,2019-11-24,0128,021567,,7,3,9,4900,0,1,2,,2,040,"US-101 S/B","TODD RD",528.00,N,N,A,-,Y,,,101,,,,,,S,Y,3,0,1,1,A,-,01,23152,A,N,E,I,A,A,H,-,E,D,0,,,,,Y,Y,D,22,0,1,0,0,0,0,0,0,0,"- ","- ",38.396110534667969,-122.71636199951172,SONOMA,UNINCORPORATED,-122.71624755859375,38.396110534667969
91133891,2019,2019-12-03,9360,2019-11-26,0940,015434,,2,1,9,4900,0,2,4,,1,032,"RIVER RD","SOMERS ST",528.00,E,N,B,-,N,,,,,,,,,,Y,4,0,1,1,A,-,08,22107,,N,E,I,A,A,H,-,A,D,0,,,,,Y,,A,01,0,0,1,0,0,0,0,0,0,"- ","- ",38.496421813964844,-122.76761627197266,SONOMA,UNINCORPORATED,-122.76721954345703,38.496448516845703