CASE_ID,ACCIDENT_YEAR,PROC_DATE,JURIS,COLLISION_DATE,COLLISION_TIME,OFFICER_ID,REPORTING_DISTRICT,DAY_OF_WEEK,CHP_SHIFT,POPULATION,CNTY_CITY_LOC,SPECIAL_COND,BEAT_TYPE,CHP_BEAT_TYPE,CITY_DIVISION_LAPD,CHP_BEAT_CLASS,BEAT_NUMBER,PRIMARY_RD,SECONDARY_RD,DISTANCE,DIRECTION,INTERSECTION,WEATHER_1,WEATHER_2,STATE_HWY_IND,CALTRANS_COUNTY,CALTRANS_DISTRICT,STATE_ROUTE,ROUTE_SUFFIX,POSTMILE_PREFIX,POSTMILE,LOCATION_TYPE,RAMP_INTERSECTION,SIDE_OF_HWY,TOW_AWAY,COLLISION_SEVERITY,NUMBER_KILLED,NUMBER_INJURED,PARTY_COUNT,PRIMARY_COLL_FACTOR,PCF_CODE_OF_VIOL,PCF_VIOL_CATEGORY,PCF_VIOLATION,PCF_VIOL_SUBSECTION,HIT_AND_RUN,TYPE_OF_COLLISION,MVIW,PED_ACTION,ROAD_SURFACE,ROAD_COND_1,ROAD_COND_2,LIGHTING,CONTROL_DEVICE,CHP_ROAD_TYPE,PEDESTRIAN_ACCIDENT,BICYCLE_ACCIDENT,MOTORCYCLE_ACCIDENT,TRUCK_ACCIDENT,NOT_PRIVATE_PROPERTY,ALCOHOL_INVOLVED,STWD_VEHTYPE_AT_FAULT,CHP_VEHTYPE_AT_FAULT,COUNT_SEVERE_INJ,COUNT_VISIBLE_INJ,COUNT_COMPLAINT_PAIN,COUNT_PED_KILLED,COUNT_PED_INJURED,COUNT_BICYCLIST_KILLED,COUNT_BICYCLIST_INJURED,COUNT_MC_KILLED,COUNT_MC_INJURED,PRIMARY_RAMP,SECONDARY_RAMP,LATITUDE,LONGITUDE,COUNTY,CITY,POINT_X,POINT_Y
91308237,2020,2020-09-21,9325,2020-09-11,1330,021081,,5,1,9,4900,0,3,5,,2,005,"LEVERONI RD","ARNOLD DR",10.00,E,N,B,-,N,,,,,,,,,,N,4,0,1,2,A,-,03,22350,,N,C,C,A,A,H,-,A,A,0,,,,,Y,,D,22,0,0,1,0,0,0,0,0,0,"- ","- ",38.272991180419922,-122.49098968505859,SONOMA,UNINCORPORATED,-122.49121856689453,38.272270202636719
9130893,2020,2020-10-06,4903,2020-07-15,1707,1586,,3,5,3,4903,0,0,0,,0,,"REDWOOD HWY","GROVE ST",461.00,W,N,A,-,N,,,,,,,,,,N,3,0,1,2,A,-,08,22107,,N,B,C,A,A,H,-,A,A,0,,,Y,,Y,,A,01,0,1,0,0,0,0,0,0,1,"- ","- ",38.626129150390625,-122.87741088867188,SONOMA,HEALDSBURG,,
91309177,2020,2020-09-22,9350,2020-09-12,0810,021586,,6,1,9,4900,0,1,3,,2,137,"SR-37 W/B","LAKEVILLE HWY",100.00,E,N,E,-,Y,,,37,,,,,,W,Y,4,0,1,2,A,-,03,22350,,N,C,C,A,A,H,-,A,A,0,,,,,Y,,D,22,0,0,1,0,0,0,0,0,0,"- ","- ",38.134368896484375,-122.47605133056641,SONOMA,UNINCORPORATED,-122.47605895996094,38.134380340576172
91309727,2020,2020-09-23,9350,2020-09-19,1215,021629,,6,1,9,4900,0,1,3,,2,137,"SR-37 E/B",SR-121,1094.00,W,N,A,-,Y,,,37,,,,,,E,Y,3,0,2,4,A,-,03,22350,,N,C,C,A,A,H,-,A,D,0,,,,,Y,,A,07,0,1,1,0,0,0,0,0,0,"- ","- ",38.149059295654297,-122.45223999023438,SONOMA,UNINCORPORATED,-122.45221710205078,38.149032592773438
91310015,2020,2020-09-23,9350,2020-09-20,1650,021719,,7,2,9,4900,0,1,3,,2,137,"SR-37 E/B","LAKEVILLE HWY",200.00,W,N,A,-,Y,,,37,,,,,,E,Y,4,0,2,2,A,-,03,22350,,N,C,C,A,A,H,-,A,D,0,,,,,Y,,A,07,0,0,2,0,0,0,0,0,0,"- ","- ",38.133640289306641,-122.47685241699219,SONOMA,UNINCORPORATED,-122.47686004638672,38.133655548095703
91311924,2020,2020-09-25,9325,2020-09-21,0320,021382,,1,3,9,4900,0,1,3,,1,072,SR-121,SR-12,50.00,S,N,A,-,Y,,,121,,,,,,,Y,4,0,1,1,C,-,18,,,N,E,H,A,A,H,-,C,D,0,,,,,Y,,-,"- ",0,0,1,0,0,0,0,0,0,"- ","- ",38.242748260498047,-122.44867706298828,SONOMA,UNINCORPORATED,-122.44863128662109,38.242691040039062
91315007,2020,2020-10-16,9350,2020-08-24,0615,021586,,1,1,9,4900,0,1,3,,2,137,"SR-37 W/B",SR-121,0.00,,Y,A,F,Y,,,37,,,,,,W,Y,1,1,2,3,A,-,12,21453,A,N,D,C,A,A,H,-,B,A,0,,,,Y,Y,,G,27,0,1,1,0,0,0,0,0,0,"- ","- ",38.150951385498047,-122.44947052001953,SONOMA,UNINCORPORATED,-122.44947052001953,38.150947570800781
91315107,2020,2020-09-30,9350,2020-09-25,1649,022411,,5,2,9,4900,0,1,3,,2,137,"SR-37 E/B","RECLAMATION RD",2851.00,E,N,A,-,Y,,,37,,,,,,E,Y,3,0,1,3,C,-,18,,,N,B,C,A,A,H,-,A,D,0,,,Y,,Y,,-,"- ",0,1,0,0,0,0,0,0,1,"- ","- ",38.138790130615234,-122.46836853027344,SONOMA,UNINCORPORATED,-122.46836853027344,38.138786315917969
91315642,2020,2020-10-01,9360,2020-09-22,1535,020285,,2,2,9,4900,0,1,2,,1,010,"US-101 N/B",SR-128,1056.00,N,N,A,-,Y,,,,,,,,,,N,2,0,1,2,A,-,08,22107,,N,G,B,F,A,H,-,A,D,0,Y,,,,Y,,A,01,1,0,0,0,1,0,0,0,0,"- ","- ",38.832130432128906,-122.01555633544922,SONOMA,UNINCORPORATED,-123.01480102539062,38.831035614013672
91315714,2020,2020-10-01,9360,2020-09-22,1343,020266,,2,1,9,4900,0,2,4,,1,032,"RIVER ROAD","OLD TRENTON ROAD",20.00,E,N,A,-,N,,,,,,,,,,N,3,0,1,2,A,-,05,21202,A,N,B,G,A,A,H,-,A,D,0,,Y,,,Y,,L,04,0,1,0,0,0,0,1,0,0,"- ","- ",38.483070373535156,-122.82853698730469,SONOMA,UNINCORPORATED,-122.82861328125,38.483039855957031
91315851,2020,2020-10-01,9360,2020-09-23,0610,019366,,3,1,9,4900,0,2,4,,1,032,"RIVER ROAD","FULTON RD",64.00,W,N,A,-,N,,,,,,,,,,Y,3,0,1,2,A,-,03,22350,,N,C,C,A,A,H,-,B,A,0,,,,,Y,,A,07,0,1,0,0,0,0,0,0,0,"- ","- ",38.496528625488281,-122.77030181884766,SONOMA,UNINCORPORATED,-122.77031707763672,38.496532440185547
91317517,2020,2020-10-05,9360,2020-09-27,1540,020803,,7,2,9,4900,0,1,3,,1,061,SR-1,"KRUSE RANCH RD",1800.00,N,N,A,-,Y,,,1,,,,,,,Y,2,0,2,1,A,-,08,22107,,N,E,I,A,A,H,-,A,D,0,,,,,Y,,A,01,2,0,0,0,0,0,0,0,0,"- ","- ",38.599018096923828,-123.34967803955078,SONOMA,UNINCORPORATED,-123.34966278076172,38.599044799804688
91318170,2020,2020-10-06,9360,2020-09-23,1705,020266,,3,2,9,4900,0,3,5,,2,003,"SR-116 POCKET CANYON","SR-116 MAIN STREET",0.00,,Y,A,-,Y,,,116,,,,,,,Y,2,0,1,2,A,-,10,21950,A,N,G,B,B,A,H,-,A,A,0,Y,,,,Y,,A,01,1,0,0,0,1,0,0,0,0,"- ","- ",38.502529144287109,-122.99539184570312,SONOMA,UNINCORPORATED,-122.99537658691406,38.502494812011719
91318197,2020,2020-11-09,9360,2020-09-26,1555,022333,,6,2,9,4900,0,1,3,,1,021,SR-128,"BRIGGS RANCH RD",245.00,E,N,A,-,Y,,,128,,,,,,,Y,2,0,2,1,A,-,01,23152,A,N,E,J,A,A,H,-,A,D,0,,,,,Y,Y,A,01,1,1,0,0,0,0,0,0,0,"- ","- ",38.65032958984375,-122.73629760742188,SONOMA,UNINCORPORATED,-122.73629760742188,38.650348663330078
91318205,2020,2020-10-21,9360,2020-09-26,2210,020740,,6,3,9,4900,0,3,5,,2,002,"CHALK HILL ROAD","THOMAS ROAD",600.00,N,N,A,-,N,,,,,,,,,,Y,3,0,1,1,A,-,01,23152,A,N,F,A,A,A,H,-,D,D,0,,,,Y,Y,Y,F,26,0,1,0,0,0,0,0,0,0,"- ","- ",36.619468688964844,-122.77117156982422,SONOMA,UNINCORPORATED,-122.77088928222656,38.614608764648438
91318401,2020,2020-10-06,9360,2020-09-27,1330,022371,,7,1,9,4900,0,3,5,,2,003,"SLUSSER RD","STEELE RANCH RD",289.00,S,N,A,-,N,,,,,,,,,,Y,2,0,1,1,A,-,03,22350,,N,F,A,A,A,H,-,A,D,0,,,Y,,Y,,C,02,1,0,0,0,0,0,0,0,1,"- ","- ",38.495689392089844,-122.82640838623047,SONOMA,UNINCORPORATED,,
91320023,2020,2020-10-08,9360,2020-09-29,1030,016524,,2,1,9,4900,0,1,2,,2,020,"US-101 S/B","GEYSERVILLE AVE",2640.00,S,N,B,-,Y,,,,,,,,,,Y,4,0,1,1,A,-,08,22107,,N,F,I,A,A,H,-,A,D,0,,,,,Y,,A,01,0,0,1,0,0,0,0,0,0,"- ","- ",36.693351745605469,-122.88482666015625,SONOMA,UNINCORPORATED,-122.88380432128906,38.692497253417969
91320994,2020,2020-10-09,9360,2020-09-27,1220,017693,,7,1,9,4900,0,2,4,,1,046,"CRANE CANYON ROAD","MOON RD",280.00,W,N,A,-,N,,,,,,,,,,Y,3,0,1,1,A,-,01,23152,A,N,F,A,A,A,H,-,A,D,0,,,,,Y,Y,A,01,0,1,0,0,0,0,0,0,0,"- ","- ",38.368679046630859,-122.64692687988281,SONOMA,UNINCORPORATED,-122.64667510986328,38.368824005126953
9132177,2020,2020-10-05,4908,2020-07-24,1426,2754,1,5,5,5,4908,0,0,0,,0,022,"D ST","5TH ST",0.00,,Y,A,-,N,,,,,,,,,,Y,4,0,1,2,A,-,09,21802,A,N,D,C,A,A,H,-,A,A,0,,,,,Y,,A,01,0,0,1,0,0,0,0,0,0,"- ","- ",38.230949401855469,-122.62787628173828,SONOMA,PETALUMA,-122.63784790039062,38.230918884277344
91321891,2020,2020-10-12,9360,2020-10-07,1225,015187,,3,1,9,4900,0,3,5,,2,002,"WESTSIDE RD.","SWEETWATER SPRINGS RD",4224.00,N,N,A,-,N,,,,,,,,,,Y,3,0,1,2,A,-,05,21460,A,N,D,C,A,A,H,-,A,D,0,,,Y,,Y,,C,02,0,1,0,0,0,0,0,0,1,"- ","- ",38.547531127929688,-122.87088775634766,SONOMA,UNINCORPORATED,-122.87090301513672,38.547428131103516
91322129,2020,2020-10-12,9360,2020-10-08,0725,015187,,4,1,9,4900,0,1,2,,2,030,"US-101 N/B","FULTON RD",2112.00,S,N,B,-,Y,,,101,,,,,,N,Y,4,0,2,2,A,-,03,22350,,N,C,C,A,A,H,-,A,D,0,,,,,Y,,A,01,0,0,2,0,0,0,0,0,0,"- ","- ",38.50299072265625,-122.76505279541016,SONOMA,UNINCORPORATED,-122.76506042480469,38.502979278564453
91322524,2020,2020-10-13,9360,2020-10-07,1110,015434,,3,1,9,4900,0,2,4,,1,054,"BLOOMFIELD RD","CUNNINGHAM RD",320.00,W,N,A,-,N,,,,,,,,,,Y,2,0,1,2,A,-,06,21755,A,N,D,C,A,A,H,-,A,D,0,,,Y,,Y,,C,02,1,0,0,0,0,0,0,0,1,"- ","- ",38.367038726806641,-122.80889892578125,SONOMA,UNINCORPORATED,-122.80885314941406,38.367023468017578
91322583,2020,2020-10-13,9350,2020-10-08,1605,021418,,4,2,9,4900,0,1,3,,2,137,"SR-37 E/B","PETALUMA RIVER BRIDGE",2085.00,E,N,A,-,Y,,,37,,,,,,E,Y,4,0,1,2,A,-,03,22350,,N,B,C,A,A,H,-,A,D,0,,,,Y,Y,,A,01,0,0,1,0,0,0,0,0,0,"- ","- ",38.121051788330078,-122.49777221679688,SONOMA,UNINCORPORATED,-122.49776458740234,38.121036529541016
91322764,2020,2020-10-13,9360,2020-10-09,1640,022257,,5,2,2,4906,0,1,2,,2,050,"BURNSIDE RD","DARBY ROAD",1200.00,S,N,A,-,N,,,,,,,,,,N,4,0,1,2,A,-,09,21801,A,N,D,G,A,A,H,-,A,D,0,,Y,,,Y,,A,07,0,0,1,0,0,0,1,0,0,"- ","- ",38.380020141601562,-122.86344909667969,SONOMA,SEBASTOPOL,-122.86312103271484,38.380374908447266
91323274,2020,2020-10-14,9325,2020-10-02,1800,017746,,5,2,9,4900,0,1,3,,1,072,SR-121,"SONOMA / NAPA COUNTY LINE",600.00,W,N,F,-,Y,,,121,,,,,,,Y,3,0,1,3,A,-,05,21460,A,N,B,C,A,A,H,-,A,D,0,,,,,Y,,A,01,0,1,0,0,0,0,0,0,0,"- ","- ",38.250438690185547,-122.38037109375,SONOMA,UNINCORPORATED,-122.38037109375,38.250434875488281
91323288,2020,2020-10-14,9360,2020-09-27,1300,020225,,7,1,3,4980,0,1,2,,2,020,"US-101 S/B","ARATA LN",2640.00,N,N,A,-,Y,,,101,,,,,,S,Y,2,0,1,1,A,-,08,22107,,N,E,I,A,A,H,-,A,D,0,,,,,Y,,A,07,1,0,0,0,0,0,0,0,0,"- ","- ",38.567970275878906,-122.82907867431641,SONOMA,WINDSOR,-122.82904815673828,38.568000793457031
91324147,2020,2020-10-15,9360,2020-10-05,1710,019794,,1,2,9,4900,0,3,5,,2,003,"MOSCOW RD","STAGECOACH RD",950.00,E,N,A,-,N,,,,,,,,,,Y,4,0,1,1,A,-,03,22350,,N,E,I,A,A,D,-,A,A,0,,,,,Y,,D,23,0,0,1,0,0,0,0,0,0,"- ","- ",38.461540222167969,-123.04139709472656,SONOMA,UNINCORPORATED,,
91326060,2020,2020-10-19,9360,2020-10-16,1735,022128,,5,2,9,4900,0,1,3,,1,041,SR-12,"ADOBE CANYON RD",0.00,,Y,A,-,Y,,,12,,,,,,,Y,3,0,1,2,A,-,08,22107,,N,D,C,A,A,H,-,A,D,0,,,Y,,Y,,A,01,0,1,0,0,0,0,0,0,1,"- ","- ",38.424339294433594,-122.55626678466797,SONOMA,UNINCORPORATED,-122.55625915527344,38.424346923828125
91326114,2020,2020-10-19,9360,2020-10-18,1032,020092,,7,1,9,4900,0,1,2,,2,050,"US-101 N/B","GRAVENSTEIN HWY",1050.00,S,N,A,-,Y,,,,,,,,,,N,3,0,1,2,A,-,03,22350,,N,B,C,A,A,H,-,A,D,0,,,Y,,Y,,A,01,0,1,0,0,0,0,0,0,1,"- ","- ",38.328659057617188,-122.71238708496094,SONOMA,UNINCORPORATED,-122.71266937255859,38.328365325927734
91326938,2020,2020-10-20,9360,2020-10-10,0645,022370,,6,1,9,4900,0,2,4,,1,032,"TRENTON RD","RIVER RD",0.00,,Y,B,-,N,,,,,,,,,,Y,4,0,2,2,A,-,09,21802,A,N,D,C,A,A,H,-,D,D,0,,,,,Y,Y,A,01,0,0,2,0,0,0,0,0,0,"- ","- ",38.491119384765625,-122.88715362548828,SONOMA,UNINCORPORATED,-122.89929962158203,38.495719909667969
91326993,2020,2020-10-20,9360,2020-10-13,1320,016524,,2,1,9,4900,0,2,4,,1,032,"RIVER RD","HART LN",150.00,E,N,A,-,N,,,,,,,,,,Y,3,0,1,1,A,-,08,22107,,N,E,I,A,A,H,-,A,D,0,,,,,Y,,A,01,0,1,0,0,0,0,0,0,0,"- ","- ",38.496551513671875,-122.77284240722656,SONOMA,UNINCORPORATED,-122.77294921875,38.496555328369141
91327163,2020,2020-10-20,9360,2020-10-16,1310,022333,,5,1,9,4900,0,3,5,,2,003,"SLUSSER RD","LAUGHLIN RD",160.00,N,N,A,-,N,,,,,,,,,,N,4,0,2,3,A,-,03,22350,,M,B,G,A,A,H,-,A,D,0,,Y,,,Y,,-,99,0,0,2,0,0,0,2,0,0,"- ","- ",38.500450134277344,-122.82585144042969,SONOMA,UNINCORPORATED,-122.82583618164062,38.500789642333984
91327779,2020,2020-10-21,9360,2020-10-13,1555,020731,,2,2,9,4900,0,2,4,,1,046,"BENNETT VALLEY RD","ENTERPRISE RD",1000.00,E,N,A,-,N,,,,,,,,,,Y,2,0,1,2,A,-,05,21460,A,N,A,C,A,A,H,-,A,D,0,,,,,Y,,A,01,1,0,0,0,0,0,0,0,0,"- ","- ",38.387889862060547,-122.57608032226562,SONOMA,UNINCORPORATED,-122.57597351074219,38.38787841796875
9132791,2020,2020-12-03,4907,2020-08-07,1752,SD2805,10704,5,5,2,4907,0,0,0,,0,SO1,BROADWAY,"NAPA RD",0.00,,Y,A,-,Y,SON,4,12,-,-,38.690,I,5,W,Y,2,0,2,2,A,-,09,21453,C,N,A,C,A,A,H,-,A,A,0,,,,,Y,,A,01,1,0,1,0,0,0,0,0,0,"- ","- ",,,SONOMA,SONOMA,-122.46034240722656,38.275794982910156
91329322,2020,2020-10-22,9360,2020-10-10,1220,021326,,6,1,6,4905,0,1,2,,2,040,"US-101 S/B","BAKER AVE",800.00,S,N,B,-,Y,,,101,,,,,,S,Y,4,0,1,3,A,-,03,22350,,N,C,C,A,B,H,-,A,D,0,,,,,Y,,D,22,0,0,1,0,0,0,0,0,0,"- ","- ",38.419979095458984,-122.71576690673828,SONOMA,"SANTA ROSA",-122.71582794189453,38.419990539550781
9132979,2020,2020-11-25,4905,2020-07-30,0641,SR337,10605,4,5,6,4905,0,0,0,,0,005,"STONY POINT RD","RT 12",40.00,S,N,B,-,Y,SON,4,12,-,R,14.634,R,4,W,Y,3,0,1,2,A,-,03,22350,,N,B,C,A,B,H,-,A,D,0,,,Y,,Y,,D,22,0,1,0,0,0,0,0,0,1,"- ",WF,,,SONOMA,"SANTA ROSA",-122.73854064941406,38.431404113769531
91329897,2020,2020-10-23,9325,2020-10-08,1500,018954,,4,2,9,4900,0,1,3,,1,053,SR-116,"COUNTY DUMP RD",0.00,,Y,A,-,N,,,116,,,,,,,Y,3,0,2,2,A,-,09,21802,A,N,D,C,A,A,H,-,A,D,0,,,,,Y,,D,22,0,2,0,0,0,0,0,0,0,"- ","- ",38.242870330810547,-122.50521087646484,SONOMA,UNINCORPORATED,-122.50537109375,38.243003845214844
91329922,2020,2020-10-23,9360,2020-10-20,2130,022113,,2,2,9,4900,0,1,2,,2,030,"US-101 N/B","BICENTENNIAL WAY O/C",100.00,N,N,A,-,Y,,,,,,,,,,Y,4,0,1,1,A,-,01,23152,A,N,E,I,A,A,H,-,C,D,0,,,,,Y,Y,A,01,0,0,1,0,0,0,0,0,0,"- ","- ",38.470928192138672,-122.72956848144531,SONOMA,UNINCORPORATED,-122.72930908203125,38.470630645751953
91329986,2020,2020-10-23,9360,2020-10-19,1540,020731,,1,2,9,4900,0,1,2,,2,040,"US-101 N/B","HEARN AVE",400.00,S,N,A,-,Y,,,,,,,,,,Y,4,0,1,2,A,-,03,22350,,N,C,C,A,A,H,-,A,D,0,,,,,Y,,E,22,0,0,1,0,0,0,0,0,0,"- ","- ",38.410690307617188,-122.71598815917969,SONOMA,UNINCORPORATED,-122.71593475341797,38.413520812988281
91330009,2020,2020-10-23,9360,2020-10-20,1434,018790,,2,2,9,4900,0,2,4,,1,054,"BODEGA AVENUE","MONTE VISTA LANE",0.00,,Y,A,-,N,,,,,,,,,,Y,4,0,1,2,A,-,09,21801,A,N,D,C,A,A,H,-,A,D,0,,,,,Y,,A,07,0,0,1,0,0,0,0,0,0,"- ","- ",38.256809234619141,-122.70720672607422,SONOMA,UNINCORPORATED,-122.7071533203125,38.256820678710938
9133010,2020,2020-09-10,4905,2020-07-08,1055,SR408,,3,5,6,4905,0,0,0,,0,005,"FULTON RD","OCCIDENTAL RD",0.00,,Y,A,-,N,,,,,,,,,,Y,2,0,2,2,A,-,01,23153,A,N,A,C,A,A,H,-,A,A,0,,,,,Y,Y,A,01,2,0,0,0,0,0,0,0,0,"- ","- ",,,SONOMA,"SANTA ROSA",-122.76937866210938,38.429008483886719
91330840,2020,2020-10-26,9360,2020-10-17,1130,022333,,6,1,9,4900,0,2,4,,1,038,"BODEGA HWY","RAMSEY RD",0.00,,Y,A,-,N,,,,,,,,,,Y,2,0,1,2,A,-,05,21460,A,N,C,C,A,A,H,-,A,D,0,,,Y,,Y,,C,02,1,0,0,0,0,0,0,0,1,"- ","- ",38.377429962158203,-122.90129852294922,SONOMA,UNINCORPORATED,-122.90132141113281,38.377429962158203
91331179,2020,2020-10-26,9360,2020-10-20,0140,019092,,2,3,9,4900,0,2,4,,1,052,"STONY POINT RD","MILLBRAE AVE",492.00,S,N,A,-,N,,,,,,,,,,Y,3,0,2,1,A,-,08,22107,,N,E,I,A,A,H,-,D,D,0,,,,,Y,,A,01,0,1,1,0,0,0,0,0,0,"- ","- ",38.368160247802734,-122.74127960205078,SONOMA,UNINCORPORATED,-122.74136352539062,38.368148803710938
91331827,2020,2020-10-27,9325,2020-10-12,1715,018954,,1,2,9,4900,0,1,S,,2,065,"SR-12 W/B","WATERMAN AVE",20.00,E,N,A,-,Y,,,12,,,,,,W,N,4,0,1,2,A,-,03,22350,,N,C,C,A,A,H,-,A,D,0,,,,,Y,,A,01,0,0,1,0,0,0,0,0,0,"- ","- ",38.316150665283203,-122.48319244384766,SONOMA,UNINCORPORATED,-122.48307800292969,38.316257476806641
91331869,2020,2020-10-27,9360,2020-10-22,1252,013838,,4,1,9,4900,0,1,2,,2,030,"4300 BARNS ROAD","RIVER ROAD",180.00,S,N,A,-,N,,,,,,,,,,N,2,0,1,2,D,-,00,,,N,B,G,A,A,H,-,A,D,0,,Y,,,Y,,-,"- ",1,0,0,0,0,0,1,0,0,"- ","- ",38.294300079345703,-122.45379638671875,SONOMA,UNINCORPORATED,-122.76060485839844,38.495906829833984
91335545,2020,2020-10-30,9360,2020-10-19,2045,019794,,1,2,6,4905,0,1,2,,2,030,"US-101 S/B","BICENTENNIAL WAY",180.00,S,N,A,-,Y,,,101,,,,,,S,Y,3,0,1,3,A,-,03,22350,,N,C,C,A,A,H,-,D,D,0,,,,Y,Y,,A,01,0,1,0,0,0,0,0,0,0,"- ","- ",38.469459533691406,-122.72904205322266,SONOMA,"SANTA ROSA",-122.72901916503906,38.469467163085938
9133783,2020,2020-09-22,4908,2020-07-20,2049,3418,13,1,5,5,4908,0,0,0,,0,001,"SOUTH MCDOWELL BL","WEAVERLY DR",0.00,,Y,A,-,N,,,,,,,,,,N,4,0,3,2,A,-,08,22107,,N,D,C,A,A,H,-,C,A,0,,,,,Y,,A,01,0,0,3,0,0,0,0,0,0,"- ","- ",38.244701385498047,-122.61782073974609,SONOMA,PETALUMA,-122.61784362792969,38.24468994140625
91338161,2020,2020-11-03,9360,2020-10-22,1200,021326,,4,1,6,4905,0,3,5,,2,005,"SAN ANTONIO RD","1 ST",1800.00,E,N,A,-,N,,,,,,,,,,N,2,0,1,1,A,-,03,22350,,N,H,A,A,A,H,-,A,D,0,,Y,,,Y,,L,04,1,0,0,0,0,0,1,0,0,"- ","- ",38.182941436767578,-122.62818908691406,SONOMA,"SANTA ROSA",,
9133855,2020,2020-09-01,4905,2020-05-24,0035,SR410,10601,7,5,6,4905,0,0,0,,0,001,"CLEVELAND AV","STATE FARM DR",5.00,N,N,A,-,N,,,,,,,,,,Y,3,0,1,1,A,-,08,22107,,N,E,I,A,A,H,-,C,D,0,,,,,Y,,A,01,0,1,0,0,0,0,0,0,0,"- ","- ",,,SONOMA,"SANTA ROSA",-122.72840118408203,38.466255187988281
91338889,2020,2020-11-04,9350,2020-11-02,1806,020189,,1,2,9,4900,0,1,3,,2,137,"SR-37 E/B","RECLAMATION RD",3000.00,E,N,A,-,Y,,,37,,,,,,E,Y,4,0,2,3,A,-,03,22350,,N,C,C,A,A,H,-,D,D,0,,,,,Y,,A,01,0,0,2,0,0,0,0,0,0,"- ","- ",38.139118194580078,-122.46775817871094,SONOMA,UNINCORPORATED,-122.4677734375,38.139144897460938
91339910,2020,2020-11-05,9360,2020-10-27,0650,013838,,2,1,6,4905,0,1,3,,1,051,"SR-12 W/B",US-101,140.00,E,N,B,-,Y,,,,,,,,,,Y,4,0,1,2,A,-,04,21703,,N,C,C,A,A,H,-,A,D,0,,,,,Y,,A,01,0,0,1,0,0,0,0,0,0,"- ","- ",38.255100250244141,-122.42510223388672,SONOMA,"SANTA ROSA",-122.71508026123047,38.431186676025391
91340060,2020,2020-11-05,9360,2020-10-29,1210,013838,,4,1,9,4900,0,1,3,,1,041,"WARM SPRINGS RD","BENNETT VALLEY RD",2640.00,E,N,A,-,N,,,,,,,,,,Y,3,0,2,1,A,-,08,22107,,N,F,J,A,A,H,-,A,D,0,,,,,Y,,A,08,0,2,0,0,0,0,0,0,0,"- ","- ",38.222400665283203,-122.32489776611328,SONOMA,UNINCORPORATED,-122.55047607421875,38.387222290039062
91340695,2020,2020-11-06,9360,2020-10-30,0313,020853,,5,3,9,4900,0,2,4,,1,052,"STONY POINT ROAD","WILFRED AVE",1300.00,S,N,E,-,N,,,,,,,,,,Y,4,0,1,1,A,-,08,22107,,N,F,A,A,A,H,-,D,D,0,,,,,Y,,A,01,0,0,1,0,0,0,0,0,0,"- ","- ",38.359481811523438,-122.74153137207031,SONOMA,UNINCORPORATED,-122.74137115478516,38.359668731689453
91340734,2020,2020-11-06,9360,2020-11-02,1725,016660,,1,2,9,4900,0,1,2,,1,060,"LAKEVILLE RD","SR-116 (STAGE GULCH RD)",0.00,,Y,A,-,N,,,,,,,,,,Y,3,0,1,2,A,-,09,21801,A,N,D,C,A,A,H,-,D,D,0,,,,,Y,,D,22,0,1,0,0,0,0,0,0,0,"- ","- ",38.212108612060547,-122.54930877685547,SONOMA,UNINCORPORATED,-122.54925299999999,38.212029000000001
91340917,2020,2020-12-03,9360,2020-07-07,1025,021893,,2,1,6,4905,0,1,3,,1,051,"SR-12 W/B","DUTTON AVE",1584.00,W,N,A,-,Y,,,12,,,,,,W,Y,1,1,0,2,A,-,08,22107,,N,E,J,A,A,H,-,A,D,0,,,,,Y,,A,01,0,0,0,0,0,0,0,0,0,"- ","- ",38.432308197021484,-122.73255920410156,SONOMA,"SANTA ROSA",-122.73255157470703,38.4322509765625
91340953,2020,2020-11-06,9325,2020-10-29,1806,021969,,4,2,9,4900,0,2,4,,1,064,"ARNOLD DR","AGUA CALIENTE RD",1162.00,S,N,A,-,N,,,,,,,,,,Y,3,0,1,2,A,-,01,23152,A,N,C,C,A,A,H,-,B,D,0,,,,,Y,Y,A,01,0,1,0,0,0,0,0,0,0,"- ","- ",38.317420959472656,-122.50057983398438,SONOMA,UNINCORPORATED,-122.500635,38.317526999999998
91341963,2020,2020-11-09,9325,2020-11-06,1728,021969,,5,2,9,4900,0,1,3,,1,063,SR-12,"CAPASTAIC RD",350.00,W,N,B,-,Y,,,12,,,,,,,N,4,0,1,2,A,-,03,22350,,N,C,C,A,A,H,-,B,D,0,,,,,Y,,D,22,0,0,1,0,0,0,0,0,0,"- ","- ",38.349048614501953,-122.49880981445312,SONOMA,UNINCORPORATED,-122.49881744384766,38.349048614501953
91342231,2020,2020-11-09,9360,2020-11-04,1345,016524,,3,1,9,4900,0,2,4,,1,024,"CALISTOGA RD.","ST. HELENA RD.",5280.00,N,N,A,-,N,,,,,,,,,,Y,3,0,1,2,A,-,06,21755,,N,D,C,A,A,H,-,A,D,0,,,,,Y,,A,01,0,1,0,0,0,0,0,0,0,"- ","- ",38.510421752929688,-122.65315246582031,SONOMA,UNINCORPORATED,-122.65589904785156,38.518245697021484