CASE_ID,ACCIDENT_YEAR,PROC_DATE,JURIS,COLLISION_DATE,COLLISION_TIME,OFFICER_ID,REPORTING_DISTRICT,DAY_OF_WEEK,CHP_SHIFT,POPULATION,CNTY_CITY_LOC,SPECIAL_COND,BEAT_TYPE,CHP_BEAT_TYPE,CITY_DIVISION_LAPD,CHP_BEAT_CLASS,BEAT_NUMBER,PRIMARY_RD,SECONDARY_RD,DISTANCE,DIRECTION,INTERSECTION,WEATHER_1,WEATHER_2,STATE_HWY_IND,CALTRANS_COUNTY,CALTRANS_DISTRICT,STATE_ROUTE,ROUTE_SUFFIX,POSTMILE_PREFIX,POSTMILE,LOCATION_TYPE,RAMP_INTERSECTION,SIDE_OF_HWY,TOW_AWAY,COLLISION_SEVERITY,NUMBER_KILLED,NUMBER_INJURED,PARTY_COUNT,PRIMARY_COLL_FACTOR,PCF_CODE_OF_VIOL,PCF_VIOL_CATEGORY,PCF_VIOLATION,PCF_VIOL_SUBSECTION,HIT_AND_RUN,TYPE_OF_COLLISION,MVIW,PED_ACTION,ROAD_SURFACE,ROAD_COND_1,ROAD_COND_2,LIGHTING,CONTROL_DEVICE,CHP_ROAD_TYPE,PEDESTRIAN_ACCIDENT,BICYCLE_ACCIDENT,MOTORCYCLE_ACCIDENT,TRUCK_ACCIDENT,NOT_PRIVATE_PROPERTY,ALCOHOL_INVOLVED,STWD_VEHTYPE_AT_FAULT,CHP_VEHTYPE_AT_FAULT,COUNT_SEVERE_INJ,COUNT_VISIBLE_INJ,COUNT_COMPLAINT_PAIN,COUNT_PED_KILLED,COUNT_PED_INJURED,COUNT_BICYCLIST_KILLED,COUNT_BICYCLIST_INJURED,COUNT_MC_KILLED,COUNT_MC_INJURED,PRIMARY_RAMP,SECONDARY_RAMP,LATITUDE,LONGITUDE,COUNTY,CITY,POINT_X,POINT_Y
91893114,2022,2022-10-18,9360,2022-10-07,1816,023017,,5,2,9,4900,0,2,4,,1,024,"CALISTOGA ROAD","PLUM RANCH ROAD",30.00,S,N,A,-,N,,,,,,,,,,N,4,0,1,2,A,-,03,22350,,N,C,C,A,A,H,-,A,D,0,,,,,Y,Y,A,07,0,0,1,0,0,0,0,0,0,"- ","- ",38.350128173828125,-122.72083282470703,SONOMA,UNINCORPORATED,-122.65415954589844,38.498027801513672
91893175,2022,2022-10-18,9360,2022-10-07,2208,022257,,5,3,9,4900,0,1,3,,1,063,SR-1,"BAY HILL ROAD",2100.00,N,N,B,-,N,,,,,,,,,,Y,3,0,1,2,A,-,05,21460,A,N,D,C,A,A,H,-,D,D,0,,,,,Y,,A,01,0,1,0,0,0,0,0,0,0,"- ","- ",38.329448699951172,-122.99727630615234,SONOMA,UNINCORPORATED,-122.99730682373047,38.329490661621094
91895188,2022,2022-10-20,9360,2022-10-10,1910,020961,,1,2,9,4900,0,3,5,,2,002,"LYTTON STATION RD","HASSETT LN",110.00,W,N,A,-,N,,,,,,,,,,N,2,0,1,1,A,-,08,22107,,N,E,I,A,A,H,-,B,D,0,,,Y,,Y,Y,C,02,1,0,0,0,0,0,0,0,1,"- ","- ",38.663700103759766,-122.86405944824219,SONOMA,UNINCORPORATED,-122.8636474609375,38.663742065429688
91896399,2022,2022-10-21,9360,2022-10-13,0735,018881,,4,1,9,4900,0,3,5,,2,006,"CAZADERO HIGHWAY","AUSTIN CREEK ROAD",1056.00,N,N,B,-,Y,,,,,,,,,,Y,2,0,1,1,A,-,08,22107,,N,E,I,A,B,H,-,A,D,0,,,Y,,Y,,C,06,1,0,0,0,0,0,0,0,1,"- ","- ",38.534919738769531,-123.08676910400391,SONOMA,UNINCORPORATED,-123.08746337890625,38.535266876220703
91898553,2022,2022-10-25,9360,2022-10-13,0813,018497,,4,1,9,4900,0,2,4,,1,024,"CALISTOGA ROAD","BODMER LANE",1056.00,N,N,B,-,N,,,,,,,,,,Y,4,0,1,2,A,-,09,21804,A,N,D,C,A,A,H,-,A,D,0,,,,,Y,,A,01,0,0,1,0,0,0,0,0,0,"- ","- ",38.543300628662109,-122.64778137207031,SONOMA,UNINCORPORATED,-122.6478271484375,38.543220520019531
91898593,2022,2022-10-25,9360,2022-10-13,1700,018828,,4,2,6,4905,0,1,2,,2,030,"US-101 S/B","MENDOCINO AVE OVER-CROSSING",3696.00,N,N,A,-,Y,SON,,101,,,23.457,H,,L,Y,4,0,2,2,A,-,04,21703,,N,C,C,A,A,H,-,A,D,0,,,,,Y,,A,01,0,0,2,0,0,0,0,0,0,"- ","- ",38.482429504394531,-122.73713684082031,SONOMA,"SANTA ROSA",-122.73710632324219,38.482456207275391
91899572,2022,2022-10-26,9360,2022-10-15,0915,020731,,6,1,9,4900,0,3,5,,2,003,"CLOVER DRIVE","LINK LANE",3.00,W,N,B,-,N,,,,,,,,,,Y,4,0,1,2,A,-,08,22107,,N,A,C,A,B,H,-,A,A,0,,,Y,,Y,,A,07,0,0,1,0,0,0,0,0,1,"- ","- ",38.444091796875,-122.73406982421875,SONOMA,UNINCORPORATED,-122.73406219482422,38.444087982177734
91899578,2022,2022-10-26,9360,2022-10-15,1550,020729,,6,2,9,4900,0,2,4,,1,043,"OLD REDWOOD HWY","HATCHERY CT",528.00,N,N,A,-,N,,,,,,,,,,Y,4,0,1,2,A,-,03,22350,,N,C,C,A,A,H,-,A,D,0,,,,,Y,,A,01,0,0,1,0,0,0,0,0,0,"- ","- ",38.290889739990234,-122.66645050048828,SONOMA,UNINCORPORATED,-122.66646575927734,38.290859222412109
91899590,2022,2022-10-26,9360,2022-10-15,2120,022333,,6,2,6,4905,0,2,4,,1,022,"OLD REDWOOD HWY","EDWARDS RANCHO RD",479.00,S,N,A,-,N,,,,,,,,,,Y,3,0,1,1,A,-,01,23152,A,N,F,A,A,A,H,-,D,D,0,,,Y,,Y,Y,C,02,0,1,0,0,0,0,0,0,1,"- ","- ",38.487491607666016,-122.73580932617188,SONOMA,"SANTA ROSA",-122.73589324951172,38.487461090087891
91899743,2022,2022-10-26,9360,2022-10-17,1645,021913,,1,2,9,4900,0,3,5,,2,004,"SANTA ROSA AVE","TODD RD",40.00,S,N,A,-,Y,,,,,,,,,,N,3,0,1,2,A,-,07,21658,A,N,B,C,A,A,H,-,A,A,0,,,Y,,Y,,C,02,0,1,0,0,0,0,0,0,1,"- ","- ",38.386859893798828,-122.71366119384766,SONOMA,UNINCORPORATED,-122.71360778808594,38.387001037597656
91900734,2022,2022-11-02,9360,2022-10-19,1435,016045,,3,2,9,4900,0,2,4,,1,047,"LAKEVILLE RD","OLD LAKEVILLE RD #1 (N)",300.00,N,N,A,-,N,,,,,,,,,,N,2,0,2,3,A,-,05,21460,A,N,A,C,A,A,H,-,A,D,0,,,,,Y,,A,01,1,1,0,0,0,0,0,0,0,"- ","- ",38.209220886230469,-122.54686737060547,SONOMA,UNINCORPORATED,-122.54757690429688,38.204055786132812
91905270,2022,2022-10-31,9360,2022-10-17,1558,023017,,1,2,6,4905,0,1,2,,2,040,"US-101 NORTHBOUND","HEARN AVENUE",550.00,S,N,A,-,Y,SON,,101,,,18.384,H,,R,N,4,0,1,2,A,-,03,22350,,N,C,C,A,A,H,-,A,D,0,,,,,Y,,A,07,0,0,1,0,0,0,0,0,0,"- ","- ",38.413059234619141,-122.71589660644531,SONOMA,"SANTA ROSA",-122.71591949462891,38.413059234619141
91905635,2022,2022-10-31,9360,2022-10-19,0815,020285,,3,1,9,4900,0,1,2,,2,050,"US-101 N/B","SANTA ROSA AVE",130.00,N,N,A,-,Y,SON,,101,,,15.554,H,,R,Y,3,0,1,4,A,-,03,22350,,N,C,C,A,A,H,-,A,D,0,,,,,Y,,D,22,0,1,0,0,0,0,0,0,0,"- ","- ",38.372398376464844,-122.71446990966797,SONOMA,UNINCORPORATED,-122.71451568603516,38.372383117675781
9190579,2020,2021-02-18,4908,2020-09-08,0620,2837,14,2,5,5,4908,0,0,0,,0,001,"LAKEVILLE HWY","MARINA AV",289.00,W,N,A,-,Y,SON,4,116,-,-,35.350,H,-,E,Y,4,0,2,3,A,-,03,22350,,N,C,C,A,A,H,-,A,D,0,,,,,Y,,A,01,0,0,2,0,0,0,0,0,0,"- ","- ",38.233169555664062,-122.61048126220703,SONOMA,PETALUMA,-122.61078643798828,38.233119964599609
91906028,2022,2022-10-31,9360,2022-10-24,1135,020092,,1,1,6,4905,0,1,2,,2,040,"US-101 N/B","HEARN AVE O/C",4200.00,S,N,A,-,Y,SON,,101,,,17.688,H,,R,N,4,0,1,1,A,-,08,22107,,N,E,J,A,A,H,-,A,D,0,,,,,Y,,A,01,0,0,1,0,0,0,0,0,0,"- ","- ",38.402950286865234,-122.71595764160156,SONOMA,"SANTA ROSA",-122.71597290039062,38.402950286865234
91906482,2022,2022-11-01,9360,2022-10-24,1750,016045,,1,2,9,4900,0,2,4,,1,052,"STONY POINT RD","SCENIC AVE",0.00,,Y,A,-,N,,,,,,,,,,N,4,0,1,2,A,-,09,21801,A,N,D,C,A,A,H,-,A,A,0,,,,,Y,,A,01,0,0,1,0,0,0,0,0,0,"- ","- ",38.37628173828125,-122.74147796630859,SONOMA,UNINCORPORATED,-122.74143981933594,38.376277923583984
91906825,2022,2022-11-01,9360,2022-10-25,1347,022997,,2,1,9,4900,0,2,4,,1,054,"BODEGA AVE","PAULA LN",130.00,W,N,A,-,N,,,,,,,,,,Y,4,0,1,2,A,-,03,22350,,N,D,C,A,A,H,-,A,D,0,,,,Y,Y,,A,08,0,0,1,0,0,0,0,0,0,"- ","- ",38.234691619873047,-122.66165161132812,SONOMA,UNINCORPORATED,-122.66155242919922,38.23468017578125
91907659,2022,2022-11-02,9360,2022-10-26,1940,022997,,3,2,5,4908,0,1,2,,1,060,"US-101 NORTHBOUND","EAST WASHINGTON STREET",30.00,S,N,A,-,Y,SON,,101,,,4.750,H,,R,N,4,0,1,2,A,-,01,23152,A,M,C,C,A,A,D,-,D,D,0,,,,,Y,Y,A,01,0,0,1,0,0,0,0,0,0,"- ","- ",38.246849060058594,-122.62745666503906,SONOMA,PETALUMA,-122.62747192382812,38.246833801269531
91912428,2022,2022-11-08,9360,2022-10-09,1525,020201,,7,2,9,4900,0,3,5,,2,005,"KASTANIA ROAD","3415 KASTANIA RD DRIVEWAY",450.00,S,N,A,-,Y,,,,,,,,,,Y,2,0,1,1,A,-,01,23152,F,N,E,I,A,A,H,-,A,D,0,,,,,Y,,D,22,1,0,0,0,0,0,0,0,0,"- ","- ",38.217849731445312,-122.60540771484375,SONOMA,UNINCORPORATED,,
91915811,2022,2022-11-14,9325,2022-11-01,1250,015176,,2,1,9,4900,0,3,5,,2,005,"LEVERONI RD.","5TH ST. WEST",1050.00,W,N,B,-,N,,,,,,,,,,N,3,0,1,2,A,-,05,21460,A,N,B,C,A,B,H,-,A,D,0,,,,,Y,,D,22,0,1,0,0,0,0,0,0,0,"- ","- ",38.277381896972656,-122.47398376464844,SONOMA,UNINCORPORATED,-122.47411346435547,38.277347564697266
91917092,2022,2022-11-14,9360,2022-10-27,2355,016669,,4,3,9,4900,0,1,2,,2,050,"US-101 NB","WEST SIERRA AVE",1694.00,S,N,A,-,Y,SON,,101,,,11.684,H,,R,N,3,0,1,1,A,-,01,23152,A,N,F,0,A,A,H,-,D,D,0,,,,,Y,Y,D,22,0,1,0,0,0,0,0,0,0,"- ","- ",38.316860198974609,-122.71454620361328,SONOMA,UNINCORPORATED,-122.71468353271484,38.316883087158203
91917487,2022,2022-11-14,9360,2022-11-01,1250,015434,,2,1,6,4905,0,1,2,,2,040,"US-101 N/B","BAKER AVE",528.00,N,N,B,C,Y,SON,,101,,,19.081,H,,R,N,4,0,1,2,A,-,08,22107,,N,B,C,A,B,H,-,A,D,0,,,,,Y,,A,01,0,0,1,0,0,0,0,0,0,"- ","- ",38.423141479492188,-122.71491241455078,SONOMA,"SANTA ROSA",-122.71498870849609,38.423149108886719
91917595,2022,2022-11-15,9325,2022-11-13,0130,021901,,7,3,9,4900,0,1,3,,1,063,SR-12,"CAPASTAIC RD.",190.00,W,N,A,-,Y,SON,,12,,,32.520,H,,R,Y,3,0,1,1,A,-,08,22107,,M,E,8,A,A,H,-,D,D,0,,,,,Y,,A,01,0,1,0,0,0,0,0,0,0,"- ","- ",38.348651885986328,-122.49878692626953,SONOMA,UNINCORPORATED,-122.49881744384766,38.348651885986328
91920049,2022,2022-11-17,9360,2022-11-03,2150,022241,,4,2,9,4900,0,2,4,,1,038,"BODEGA HIGHWAY","SCHUH LANE",288.00,E,N,A,-,Y,,,,,,,,,,Y,4,0,1,1,A,-,08,22107,,N,F,A,A,A,H,-,D,D,0,,,Y,,Y,,C,02,0,0,1,0,0,0,0,0,1,"- ","- ",38.397048950195312,-122.85356140136719,SONOMA,UNINCORPORATED,-122.85356140136719,38.397018432617188
91920064,2022,2022-11-17,9360,2022-11-04,0225,019092,,5,3,9,4900,0,1,2,,2,050,"US-101 S/B","COMMERCE BLVD",513.00,N,N,A,-,Y,SON,,101,,,15.149,H,,L,Y,4,0,1,1,A,-,01,23152,A,N,E,8,A,A,H,-,C,D,0,,,,,Y,Y,A,07,0,0,1,0,0,0,0,0,0,"- ","- ",38.366939544677734,-122.71243286132812,SONOMA,UNINCORPORATED,-122.71244049072266,38.366939544677734
91920522,2022,2022-11-17,9325,2022-11-15,0340,021901,,2,3,9,4900,0,3,5,,2,006,"LAS FLORES DR","SERRES DR.",100.00,S,N,A,-,N,,,,,,,,,,Y,4,0,1,1,A,-,01,23152,F,N,E,I,A,A,H,-,D,D,0,,,,,Y,,A,01,0,0,1,0,0,0,0,0,0,"- ","- ",38.325458526611328,-122.49333953857422,SONOMA,UNINCORPORATED,-122.49331665039062,38.325435638427734
91921652,2022,2022-11-18,9360,2022-11-07,0651,018497,,1,1,9,4900,0,2,4,,1,046,"BENNETT VALLEY ROAD","ENTERPRISE ROAD",1494.00,E,N,A,-,N,,,,,,,,,,Y,2,0,1,1,A,-,08,22107,,N,F,A,A,B,H,-,A,D,0,,,Y,,Y,,C,02,1,0,0,0,0,0,0,0,1,"- ","- ",38.388580322265625,-122.57424926757812,SONOMA,UNINCORPORATED,-122.57445526123047,38.388484954833984
91922959,2022,2022-11-21,9360,2022-11-08,1740,017761,,2,2,6,4905,0,1,2,,2,040,"US-101 NORTHBOUND","STEELE LN",1549.00,S,N,B,-,Y,SON,,101,,,21.452,H,,R,Y,3,0,5,3,A,-,03,22350,,N,C,C,A,B,H,-,C,D,0,,,,,Y,,A,07,0,5,0,0,0,0,0,0,0,"- ","- ",38.455581665039062,-122.72589874267578,SONOMA,"SANTA ROSA",-122.72591400146484,38.455581665039062
91923991,2022,2022-11-22,9360,2022-11-09,1530,020729,,3,2,9,4900,0,2,4,,1,012,"CANYON ROAD","US-101 S/B",0.00,,Y,A,-,N,,,,,,,,,,Y,4,0,1,2,A,-,09,21801,A,N,A,C,A,A,H,-,A,D,0,,,,,Y,,A,01,0,0,1,0,0,0,0,0,0,"- ","- ",38.713321685791016,-122.919677734375,SONOMA,UNINCORPORATED,-122.91921997070312,38.713535308837891
91924259,2022,2022-11-22,9360,2022-11-09,1810,016045,,3,2,9,4900,0,3,5,,2,004,"SANTA ROSA AVE","EAST TODD RD",800.00,S,N,B,-,N,,,,,,,,,,Y,2,0,1,2,A,-,11,21954,A,N,G,B,D,A,H,-,D,D,0,Y,,,,Y,,N,60,1,0,0,0,1,0,0,0,0,"- ","- ",38.384891510009766,-122.713623046875,SONOMA,UNINCORPORATED,-122.71358489990234,38.384914398193359
91925761,2022,2022-11-23,9325,2022-11-14,0929,015176,,1,1,9,4900,0,1,3,,1,051,SR-121,SR-37,7392.00,N,N,A,-,Y,SON,,121,,,1.413,H,,R,Y,2,0,3,3,A,-,06,21751,,N,A,C,A,A,H,-,A,D,0,,,,,Y,,A,07,1,0,2,0,0,0,0,0,0,"- ","- ",38.168239593505859,-122.45717620849609,SONOMA,UNINCORPORATED,-122.45721435546875,38.168231964111328
9192735,2021,2021-06-02,4906,2021-04-26,1530,451,4906,1,5,2,4906,0,0,0,,0,,"RT 116","PALM AV",0.00,,Y,A,-,Y,SON,4,116,-,R,27.320,I,5,W,Y,3,0,1,2,A,-,09,21802,A,N,D,C,A,A,D,H,A,A,0,,,,,Y,,A,01,0,1,0,0,0,0,0,0,0,"- ","- ",38.395900726318359,-122.81960296630859,SONOMA,SEBASTOPOL,-122.81961822509766,38.395908355712891
91928099,2022,2022-11-28,9360,2022-11-13,2100,021458,,7,2,9,4900,0,1,3,,1,045,"STAGE GULCH ROAD (SR-116)","BOURKE ROAD",2640.00,S,N,A,-,Y,SON,,116,,,41.039,H,,R,Y,3,0,1,1,A,-,08,22107,,N,E,I,A,A,H,-,D,D,0,,,Y,,Y,Y,C,02,0,1,0,0,0,0,0,0,1,"- ","- ",38.227771759033203,-122.53038024902344,SONOMA,UNINCORPORATED,-122.53044891357422,38.227752685546875
91928319,2022,2022-11-29,9360,2022-11-13,1325,016652,,7,1,9,4900,0,3,5,,2,005,"KING ROAD","STOWRING ROAD",350.00,S,N,A,-,N,,,,,,,,,,Y,3,0,1,2,A,-,03,22350,,N,H,G,A,A,H,-,A,D,0,,Y,,,Y,,D,22,0,1,0,0,0,0,1,0,0,"- ","- ",38.280220031738281,-122.714599609375,SONOMA,UNINCORPORATED,-122.71450805664062,38.280235290527344
91928664,2022,2022-11-29,9360,2022-11-14,1725,019794,,1,2,9,4900,0,1,2,,2,020,"US-101 N/B","ARATA LN",1320.00,N,N,A,-,Y,SON,,101,,,31.859,H,,R,Y,3,0,1,1,A,-,08,22107,,N,E,I,A,A,H,-,D,D,0,,,,,Y,,A,01,0,1,0,0,0,0,0,0,0,"- ","- ",38.575851440429688,-122.83512878417969,SONOMA,UNINCORPORATED,-122.83514404296875,38.575843811035156
91929147,2022,2022-11-29,9360,2022-11-17,1720,020729,,4,2,2,4902,0,1,2,,2,050,"US-101 N/B","W. SIERRA AVE",1275.00,S,N,A,-,Y,SON,,101,,,11.753,H,,R,N,4,0,1,2,A,-,03,22350,,N,C,C,A,A,H,-,C,D,0,,,,,Y,,A,01,0,0,1,0,0,0,0,0,0,"- ","- ",38.31787109375,-122.71440124511719,SONOMA,COTATI,-122.71439361572266,38.317867279052734
91929562,2022,2022-11-29,9350,2022-11-17,1830,021418,,4,2,9,4900,0,1,3,,2,137,"SR-37 E/B","SEARS POINT ROAD",600.00,E,N,A,-,Y,SON,,37,,,1.073,H,,R,N,2,0,1,2,A,-,03,22350,,N,C,C,A,A,H,-,D,D,0,,,,,Y,,A,01,1,0,0,0,0,0,0,0,0,"- ","- ",38.125461578369141,-122.49047088623047,SONOMA,UNINCORPORATED,-122.49046325683594,38.125450134277344
91932597,2022,2022-12-02,9360,2022-11-19,2350,022362,,6,3,9,4900,0,1,2,,2,030,"US-101 N/B","MPM 101 SON 26.5",150.00,S,N,A,-,Y,SON,,101,,,26.582,H,,R,Y,2,0,1,1,A,-,01,23152,A,N,F,A,A,A,H,-,C,D,0,,,,,Y,Y,D,22,1,0,0,0,0,0,0,0,0,"- ","- ",38.514041900634766,-122.77889251708984,SONOMA,UNINCORPORATED,-122.77889251708984,38.514041900634766
91935539,2022,2022-12-06,9360,2022-11-22,1815,016045,,2,2,9,4900,0,2,4,,1,042,"PETALUMA HILL RD","SNYDER LN",0.00,,Y,A,-,N,,,,,,,,,,Y,2,0,1,1,C,-,18,,,N,E,I,A,A,H,-,C,A,0,,,,,Y,Y,-,"- ",1,0,0,0,0,0,0,0,0,"- ","- ",38.38214111328125,-122.6856689453125,SONOMA,UNINCORPORATED,-122.68565368652344,38.382003784179688
91936357,2022,2022-12-07,9360,2022-11-27,0255,022362,,7,3,9,4900,0,2,4,,1,032,"RIVER ROAD","RIVER DR",1056.00,E,N,A,-,N,,,,,,,,,,Y,4,0,1,1,A,-,01,23152,F,N,F,A,A,A,H,-,D,D,0,,,,,Y,,A,01,0,0,1,0,0,0,0,0,0,"- ","- ",38.509151458740234,-122.91876983642578,SONOMA,UNINCORPORATED,-122.91892242431641,38.509204864501953
91936507,2022,2022-12-07,9360,2022-11-28,1845,022257,,1,2,6,4905,0,1,3,,1,051,"SR-12 E/B","FARMERS LANE",260.00,W,N,A,-,Y,SON,,12,,T,17.494,H,,R,N,4,0,1,2,A,-,03,22350,,N,C,C,A,A,H,-,B,A,0,,,,,Y,,D,22,0,0,1,0,0,0,0,0,0,"- ","- ",38.435291290283203,-122.68869781494141,SONOMA,"SANTA ROSA",-122.68869781494141,38.435283660888672
91937606,2022,2022-12-08,9325,2022-11-29,1820,017538,,2,2,9,4900,0,1,3,,1,063,SR-12,"VAILETTI DR.",0.00,,Y,A,-,Y,SON,,12,,,34.440,H,,R,Y,3,0,1,2,A,-,08,22107,,N,D,C,A,A,H,-,C,D,0,,,,,Y,,A,01,0,1,0,0,0,0,0,0,0,"- ","- ",38.322879791259766,-122.48735809326172,SONOMA,UNINCORPORATED,-122.48734283447266,38.322883605957031
91937695,2022,2022-12-08,9325,2022-12-02,2120,022538,,5,2,9,4900,0,3,5,,2,005,"WATMAUGH RD",SR-116,1584.00,N,N,A,-,N,,,,,,,,,,Y,3,0,1,1,A,-,01,23152,A,N,E,I,A,A,H,-,D,D,0,,,,,Y,Y,A,07,0,1,0,0,0,0,0,0,0,"- ","- ",38.257061004638672,-122.49243927001953,SONOMA,UNINCORPORATED,-122.49185180664062,38.256179809570312
91939391,2022,2022-12-12,9360,2022-11-25,2100,021989,,5,2,9,4900,0,3,5,,2,001,"WESTSIDE RD.","WOHLER RD.",2640.00,N,N,A,-,N,,,,,,,,,,Y,2,0,2,2,A,-,05,21460,A,N,A,C,A,A,H,-,D,D,0,,,,,Y,,A,01,1,1,0,0,0,0,0,0,0,"- ","- ",38.51470947265625,-122.88995361328125,SONOMA,UNINCORPORATED,-122.88995361328125,38.51470947265625
91939573,2022,2022-12-12,9360,2022-11-23,1805,019794,,3,2,6,4905,0,1,2,,2,040,"US-101 N/B","THIRD STREET",125.00,N,N,A,-,Y,SON,,101,,,20.418,H,,R,N,3,0,1,2,A,-,07,21658,A,N,H,G,A,A,H,-,C,D,0,,Y,,,Y,,L,04,0,1,0,0,0,0,1,0,0,"- ","- ",38.441490173339844,-122.72080230712891,SONOMA,"SANTA ROSA",-122.72081756591797,38.441482543945312
91941214,2022,2022-12-13,9350,2022-12-07,1206,017729,,3,1,9,4900,0,1,3,,2,137,"SR-37 E/B","RECLAMATION ROAD",4224.00,E,N,A,-,Y,SON,,37,,,2.823,H,,R,Y,4,0,1,2,A,-,03,22350,,N,C,C,A,A,H,-,A,D,0,,,,,Y,,A,01,0,0,1,0,0,0,0,0,0,"- ","- ",38.140819549560547,-122.46498107910156,SONOMA,UNINCORPORATED,-122.46499633789062,38.140834808349609
91941843,2022,2022-12-14,9360,2022-12-02,2310,022997,,5,3,6,4905,0,1,2,,2,040,"US-101 S/B",SR-12,215.00,N,N,B,-,Y,SON,,101,,,19.681,H,,L,Y,2,0,1,2,A,-,03,22350,,N,C,2,A,A,D,-,C,A,0,,,Y,,Y,,C,02,1,0,0,0,0,0,0,0,1,"- ","- ",38.431678771972656,-122.71572875976562,SONOMA,"SANTA ROSA",-122.71572875976562,38.431678771972656
91943245,2022,2022-12-15,9360,2022-09-19,0545,020092,,1,3,9,4900,0,2,4,,1,052,"TODD ROAD","MOORLAND AVENUE",446.00,W,N,B,-,N,,,,,,,,,,N,1,1,0,4,A,-,11,21954,A,N,G,B,E,B,H,-,D,D,0,Y,,,Y,Y,,N,60,0,0,0,1,0,0,0,0,0,"- ","- ",38.387199401855469,-122.72028350830078,SONOMA,UNINCORPORATED,-122.72013092041016,38.387176513671875
91945487,2022,2022-12-19,9360,2022-12-07,0737,018497,,3,1,9,4900,0,2,4,,1,054,"BODEGA AVENUE","EUCALYPTUS ROAD",0.00,,Y,E,-,N,,,,,,,,,,Y,3,0,1,2,A,-,09,21802,A,N,D,C,A,A,H,-,A,A,0,,,,,Y,,D,22,0,1,0,0,0,0,0,0,0,"- ","- ",38.254478454589844,-122.70337677001953,SONOMA,UNINCORPORATED,-122.70333099365234,38.254402160644531
91945945,2022,2022-12-19,9360,2022-12-08,0900,018497,,4,1,9,4900,0,2,4,,1,042,"PETALUMA HILL ROAD","FORMSCHLAG LANE",75.00,S,N,B,-,N,,,,,,,,,,Y,3,0,1,3,A,-,03,22350,,N,C,C,A,A,H,-,A,D,0,,,,,Y,,A,07,0,1,0,0,0,0,0,0,0,"- ","- ",38.306728363037109,-122.66651153564453,SONOMA,UNINCORPORATED,-122.66651916503906,38.306854248046875
91946675,2022,2022-12-20,9360,2022-12-07,0840,017693,,3,1,6,4905,0,1,3,,1,051,"SR-12 E/B","DUTTON AVE UNDERCROSSING",90.00,W,N,A,-,Y,SON,,12,,R,15.299,H,,R,N,4,0,1,4,A,-,03,22350,,N,C,C,A,A,H,-,A,D,0,,,,,Y,,A,08,0,0,1,0,0,0,0,0,0,"- ","- ",38.432910919189453,-122.72643280029297,SONOMA,"SANTA ROSA",-122.72643280029297,38.432907104492188
91947835,2022,2022-12-21,9360,2022-12-11,0030,022241,,7,3,9,4900,0,2,4,,1,024,"CALISTOGA ROAD","SKINNER ROAD",402.00,S,N,C,-,N,,,,,,,,,,Y,2,0,1,1,A,-,08,22107,,N,E,I,A,B,H,-,D,D,0,,,,,Y,,A,07,1,0,0,0,0,0,0,0,0,"- ","- ",38.509288787841797,-122.65292358398438,SONOMA,UNINCORPORATED,-122.6529541015625,38.509296417236328
91947847,2022,2022-12-21,9360,2022-12-09,1715,019083,,5,2,9,4900,0,1,3,,1,063,SR-1,"KEEFE AVE.",1200.00,S,N,B,-,Y,SON,,1,,,11.909,H,,R,N,3,0,1,2,A,-,17,21805,B,N,H,J,A,A,H,-,D,A,0,,,,,Y,,A,01,0,1,0,0,0,0,0,0,0,"- ","- ",38.347278594970703,-123.05426788330078,SONOMA,UNINCORPORATED,-123.05424499511719,38.347301483154297
91947859,2022,2022-12-21,9360,2022-10-18,1655,019794,,2,2,9,4900,0,2,4,,1,024,"PETRIFIED FOREST RD","SHARP RD",30.00,N,N,A,-,N,,,,,,,,,,Y,2,0,1,1,A,-,01,23152,A,M,E,I,A,A,H,-,A,A,0,,,,,Y,Y,D,22,1,0,0,0,0,0,0,0,0,"- ","- ",38.559940338134766,-122.62483215332031,SONOMA,UNINCORPORATED,-122.62494659423828,38.559951782226562
91947860,2022,2022-12-21,9360,2022-12-11,1808,019366,,7,2,9,4900,0,3,5,,2,003,"SANFORD ROAD","HALL ROAD",8.00,N,N,B,C,N,,,,,,,,,,N,3,0,1,1,A,-,01,23152,A,N,E,I,A,B,H,-,D,D,0,,,,,Y,Y,A,01,0,1,0,0,0,0,0,0,0,"- ","- ",38.437801361083984,-122.82540130615234,SONOMA,UNINCORPORATED,-122.82518005371094,38.437850952148438