CASE_ID,ACCIDENT_YEAR,PROC_DATE,JURIS,COLLISION_DATE,COLLISION_TIME,OFFICER_ID,REPORTING_DISTRICT,DAY_OF_WEEK,CHP_SHIFT,POPULATION,CNTY_CITY_LOC,SPECIAL_COND,BEAT_TYPE,CHP_BEAT_TYPE,CITY_DIVISION_LAPD,CHP_BEAT_CLASS,BEAT_NUMBER,PRIMARY_RD,SECONDARY_RD,DISTANCE,DIRECTION,INTERSECTION,WEATHER_1,WEATHER_2,STATE_HWY_IND,CALTRANS_COUNTY,CALTRANS_DISTRICT,STATE_ROUTE,ROUTE_SUFFIX,POSTMILE_PREFIX,POSTMILE,LOCATION_TYPE,RAMP_INTERSECTION,SIDE_OF_HWY,TOW_AWAY,COLLISION_SEVERITY,NUMBER_KILLED,NUMBER_INJURED,PARTY_COUNT,PRIMARY_COLL_FACTOR,PCF_CODE_OF_VIOL,PCF_VIOL_CATEGORY,PCF_VIOLATION,PCF_VIOL_SUBSECTION,HIT_AND_RUN,TYPE_OF_COLLISION,MVIW,PED_ACTION,ROAD_SURFACE,ROAD_COND_1,ROAD_COND_2,LIGHTING,CONTROL_DEVICE,CHP_ROAD_TYPE,PEDESTRIAN_ACCIDENT,BICYCLE_ACCIDENT,MOTORCYCLE_ACCIDENT,TRUCK_ACCIDENT,NOT_PRIVATE_PROPERTY,ALCOHOL_INVOLVED,STWD_VEHTYPE_AT_FAULT,CHP_VEHTYPE_AT_FAULT,COUNT_SEVERE_INJ,COUNT_VISIBLE_INJ,COUNT_COMPLAINT_PAIN,COUNT_PED_KILLED,COUNT_PED_INJURED,COUNT_BICYCLIST_KILLED,COUNT_BICYCLIST_INJURED,COUNT_MC_KILLED,COUNT_MC_INJURED,PRIMARY_RAMP,SECONDARY_RAMP,LATITUDE,LONGITUDE,COUNTY,CITY,POINT_X,POINT_Y
92066407,2023,2023-05-11,9360,2023-05-02,1755,020285,,2,2,6,4905,0,1,2,,2,040,"US-101 N/B FROM 6TH STREET","6TH ST",550.00,N,N,A,-,Y,SON,,101," "," ",20.396,H,,R,Y,4,0,1,3,A,-,03,22350,,M,C,C,A,A,H,-,A,A,0,,,,,Y,,-,99,0,0,1,0,0,0,0,0,0,"- ","- ",38.441238403320312,-122.72049713134766,SONOMA,"SANTA ROSA",-122.72061920166016,38.441188812255859
92067966,2023,2023-05-12,9360,2023-04-23,1936,020961,,7,2,4,4904,0,1,2,,2,050,"US-101 N/B","GOLF COURSE DR",1610.00,S,N,A,-,Y,SON,,101," "," ",14.580,H,,R,N,3,0,2,2,A,-,03,22350,,M,C,C,A,A,H,-,A,D,0,,,,,Y,,A,01,0,1,1,0,0,0,0,0,0,"- ","- ",38.358539581298828,-122.71302795410156,SONOMA,"ROHNERT PARK",-122.71303558349609,38.358539581298828
92069205,2023,2023-05-15,9360,2023-05-07,1640,022257,,7,2,9,4900,0,2,4,,1,024,"SAINT HELENA ROAD","ERLAND RD",2800.00,E,N,A,-,N,,,,,,,,,,N,4,0,1,1,A,-,08,22107,,N,F,A,A,A,H,-,A,D,0,,,Y,,Y,,C,02,0,0,1,0,0,0,0,0,1,"- ","- ",38.519439697265625,-122.63311004638672,SONOMA,UNINCORPORATED,-122.63430023193359,38.518894195556641
92069651,2023,2023-05-16,9360,2023-05-06,"720 ",023207,,6,1,9,4900,0,1,3,,1,013,SR-116,"MONTE CRISTO AVE",315.00,E,N,C,-,Y,SON,,116," "," ",7.117,H,,R,Y,4,0,1,1,A,-,08,22107,,N,E,I,A,B,H,-,A,D,0,,,,,Y,,D,22,0,0,1,0,0,0,0,0,0,"- ","- ",38.475090026855469,-123.01786041259766,SONOMA,UNINCORPORATED,-123.01788330078125,38.475059509277344
92072913,2023,2023-05-19,9360,2023-05-11,1950,017761,,4,2,9,4900,0,2,4,,1,024,"CALISTOGA ROAD","BODMER LANE",327.00,N,N,A,-,N,,,,,,,,,,Y,2,0,1,1,A,-,08,22107,,N,E,I,A,A,H,-,B,D,0,,,,,Y,,A,01,1,0,0,0,0,0,0,0,0,"- ","- ",38.541400909423828,-122.64830017089844,SONOMA,UNINCORPORATED,-122.64820098876953,38.541339874267578
92074403,2023,2023-05-22,9360,2023-05-09,"643 ",017693,,2,1,6,4905,0,1,2,,2,040,"US-101 N/B","COLLEGE AVE",1214.00,S,N,A,-,Y,SON,,101," "," ",20.512,H,,R,N,3,0,1,1,A,-,01,23152,F,N,E,I,A,A,H,-,A,D,0,,,,,Y,,A,07,0,1,0,0,0,0,0,0,0,"- ","- ",38.442630767822266,-122.72176361083984,SONOMA,"SANTA ROSA",-122.72164916992188,38.442676544189453
92076086,2023,2023-05-24,9360,2023-05-13,1203,021195,,6,1,9,4900,0,1,3,,1,063,SR-1,"CARLEVARO WAY",4752.00,S,N,A,-,Y,SON,,1," "," ",16.683,H,,R,N,2,0,2,1,A,-,08,22107,,N,F,A,A,A,H,-,A,D,0,,,Y,,Y,,C,02,1,1,0,0,0,0,0,0,2,"- ","- ",38.400600433349609,-123.09268188476562,SONOMA,UNINCORPORATED,-123.0926513671875,38.400592803955078
92076311,2023,2023-05-24,9360,2023-05-14,"148 ",019092,,7,3,9,4900,0,1,2,,1,060,"US-101 S/B","KASTANIA RD",1056.00,N,N,A,-,Y,SON,,101," "," ",2.986,H,,L,Y,3,0,1,1,A,-,08,22107,,N,E,8,A,A,H,-,D,D,0,,,,,Y,,A,01,0,1,0,0,0,0,0,0,0,"- ","- ",38.224411010742188,-122.61295318603516,SONOMA,UNINCORPORATED,-122.61289215087891,38.224452972412109
92077256,2023,2023-05-25,9325,2023-05-11,"900 ",023257,,4,1,9,4900,0,3,5,,2,005,"PETALUMA AVE","ARNOLD DR",528.00,E,N,A,-,N,,,,,,,,,,N,2,0,1,1,A,-,08,22107,,N,E,I,A,A,H,-,A,D,0,,,,,Y,,-,"- ",1,0,0,0,0,0,0,0,0,"- ","- ",38.291538238525391,-122.48615264892578,SONOMA,UNINCORPORATED,-122.48653411865234,38.291328430175781
92077309,2023,2023-05-25,9350,2023-05-17,1325,020979,,3,1,9,4900,0,1,3,,2,137,"SR-37 E/B",SR-121,2422.00,W,N,A,-,Y,SON,,37," "," ",3.446,H,,R,Y,4,0,1,2,A,-,03,22350,,N,C,C,A,A,H,-,A,D,0,,,,,Y,,A,01,0,0,1,0,0,0,0,0,0,"- ","- ",38.146480560302734,-122.45574951171875,SONOMA,UNINCORPORATED,-122.45574188232422,38.146472930908203
92077734,2023,2023-05-25,9325,2023-05-15,"405 ",022538,,1,3,9,4900,0,1,3,,1,051,SR-121,"MEADOWLARK LN",528.00,S,N,A,-,Y,SON,,121," "," ",5.628,H,,R,Y,3,0,1,1,A,-,01,23152,A,N,E,I,A,A,H,-,D,D,0,,,,,Y,Y,A,01,0,1,0,0,0,0,0,0,0,"- ","- ",38.221199035644531,-122.45587158203125,SONOMA,UNINCORPORATED,-122.45597839355469,38.221176147460938
92079336,2023,2023-05-26,9360,2023-05-17,"950 ",015034,,3,1,9,4900,0,2,4,,1,052,"TODD RD","STANDISH AVE",475.00,E,N,A,-,N,,,,,,,,,,Y,3,0,1,2,A,-,03,22350,,N,C,C,A,A,H,-,A,D,0,,,,,Y,,D,22,0,1,0,0,0,0,0,0,0,"- ","- ",38.387149810791016,-122.72129821777344,SONOMA,UNINCORPORATED,-122.72130584716797,38.387176513671875
92079472,2023,2023-05-26,9360,2023-05-17,1650,018828,,3,2,9,4900,0,2,4,,1,024,"MARK WEST SPRINGS ROAD","LAVELL ROAD",100.00,E,N,A,-,N,,,,,,,,,,Y,3,0,1,2,A,-,03,22350,,N,C,C,A,A,H,-,A,D,0,,,,,Y,,A,01,0,1,0,0,0,0,0,0,0,"- ","- ",38.496391296386719,-122.75141143798828,SONOMA,UNINCORPORATED,-122.75154113769531,38.496334075927734
92079540,2023,2023-05-26,9360,2023-05-18,"55  ",023280,,4,3,6,4905,0,1,2,,2,040,"US-101 N/B","HEARN AVENUE OVERCROSSING",550.00,S,N,A,-,Y,SON,,101," "," ",18.397,H,,R,Y,3,0,1,1,A,-,08,22107,,N,E,I,A,A,H,-,C,D,0,,,,,Y,,A,01,0,1,0,0,0,0,0,0,0,"- ","- ",38.413238525390625,-122.71588897705078,SONOMA,"SANTA ROSA",-122.71591949462891,38.413238525390625
92080401,2023,2023-05-29,9360,2023-05-22,"155 ",021458,,1,3,6,4905,0,1,2,,2,040,"US-101 N/B","HEARN AVE",1584.00,S,N,B,-,Y,SON,,101," "," ",18.200,H,,R,Y,4,0,1,2,A,-,01,23152,A,N,C,C,A,A,H,-,D,D,0,,,,Y,Y,Y,A,01,0,0,1,0,0,0,0,0,0,"- ","- ",38.410381317138672,-122.71592712402344,SONOMA,"SANTA ROSA",-122.71593475341797,38.410381317138672
92082364,2023,2023-05-31,9360,2023-05-26,1610,017761,,5,2,9,4900,0,1,2,,2,020,"US101 NB","LYTTON SPRINGS RD",1112.00,S,N,A,-,Y,SON,,101," ",R,38.366,H,,R,Y,4,0,1,2,A,-,07,21658,A,N,C,C,A,A,H,-,A,D,0,,,,,Y,,D,22,0,0,1,0,0,0,0,0,0,"- ","- ",38.656631469726562,-122.87293243408203,SONOMA,UNINCORPORATED,-122.87290191650391,38.656639099121094
92084347,2023,2023-06-02,9360,2023-05-24,1530,017761,,3,2,6,4905,0,1,2,,2,040,"US-101 SOUTHBOUND",SR-12,897.00,N,N,A,-,Y,SON,,101," "," ",19.823,H,,L,N,3,0,1,2,A,-,07,21658,A,N,B,C,A,A,H,-,A,D,0,,,,,Y,,A,01,0,1,0,0,0,0,0,0,0,"- ","- ",38.433738708496094,-122.71649169921875,SONOMA,"SANTA ROSA",-122.71652984619141,38.433731079101562
92085605,2023,2023-06-05,9360,2023-05-29,"545 ",016524,,1,3,9,4900,0,1,3,,1,021,SR-128,"FOSS HILL RD.",1056.00,W,N,B,-,Y,SON,,128," "," ",23.853,H,,R,Y,3,0,1,1,A,-,08,22107,,N,F,A,A,A,H,-,B,D,0,,,,,Y,,D,22,0,1,0,0,0,0,0,0,0,"- ","- ",38.610591888427734,-122.65628051757812,SONOMA,UNINCORPORATED,-122.65624237060547,38.610610961914062
92085622,2023,2023-06-05,9360,2023-05-30,1705,020285,,2,2,9,4900,0,2,4,,1,024,"PETRIFIED FOREST RD","SHARP RD",528.00,E,N,A,-,N,,,,,,,,,,Y,3,0,1,1,A,-,08,22107,,N,F,0,A,A,H,-,A,D,0,,,,,Y,,A,01,0,1,0,0,0,0,0,0,0,"- ","- ",38.561859130859375,-122.62384796142578,SONOMA,UNINCORPORATED,-122.62384796142578,38.560943603515625
92086180,2023,2023-06-05,9360,2023-05-27,1420,022128,,6,2,6,4905,0,1,3,,1,051,"E/B SR-12 TO BENNETT VALLEY ROAD","E STREET",675.00,W,N,A,-,Y,SON,,12," ",R,16.516,H,,R,Y,2,0,1,1,C,-,18,,,N,F,A,A,A,H,-,A,D,0,,,Y,,Y,,-,"- ",1,0,0,0,0,0,0,0,1,"- ","- ",38.431819915771484,-122.70687103271484,SONOMA,"SANTA ROSA",-122.70696258544922,38.432014465332031
92086217,2023,2023-06-05,9360,2023-05-30,1740,016045,,2,2,9,4900,0,2,4,,1,042,"PETALUMA HILL RD","EAST RAILROAD AVE",0.00,,Y,B,-,N,,,,,,,,,,Y,4,0,2,2,A,-,09,21802,A,N,D,C,A,A,H,-,A,A,0,,,,,Y,,A,01,0,0,2,0,0,0,0,0,0,"- ","- ",38.314289093017578,-122.66670227050781,SONOMA,UNINCORPORATED,-122.66670989990234,38.314277648925781
92089010,2023,2023-06-08,9350,2023-05-27,"900 ",022108,,6,1,9,4900,0,1,3,,2,137,"SR-37 E/B",SR-121,10.00,W,N,B,-,Y,SON,,37," "," ",3.885,H,,R,Y,3,0,2,2,A,-,03,22350,,N,C,C,A,A,H,-,A,A,0,,,,,Y,,D,22,0,1,1,0,0,0,0,0,0,"- ","- ",38.150741577148438,-122.44954681396484,SONOMA,UNINCORPORATED,-122.44956207275391,38.150753021240234
92089177,2023,2023-06-08,9325,2023-05-18,1823,022160,,4,2,9,4900,0,1,3,,1,063,SR-12,"SERRES DR",130.00,E,N,A,-,Y,SON,,12," "," ",34.135,H,,R,Y,3,0,2,4,A,-,03,22350,,N,C,C,A,A,H,-,A,A,0,,,,Y,Y,,F,26,0,1,1,0,0,0,0,0,0,"- ","- ",38.327171325683594,-122.489013671875,SONOMA,UNINCORPORATED,-122.48896789550781,38.327182769775391
92091116,2023,2023-06-12,9360,2023-05-31,2130,022471,,3,2,9,4900,0,1,2,,2,030,"US-101 N/B","RIVER RD",2964.00,N,N,A,-,Y,SON,,101," "," ",25.420,H,,R,Y,4,0,1,2,A,-,03,22350,,N,C,C,A,A,H,-,C,D,0,,,,,Y,,A,08,0,0,1,0,0,0,0,0,0,"- ","- ",38.501869201660156,-122.76361846923828,SONOMA,UNINCORPORATED,-122.76364135742188,38.501853942871094
92092383,2023,2023-06-13,9360,2023-06-06,1255,015034,,2,1,9,4900,0,3,5,,2,005,"LONE PINE RD",SR-116,520.00,S,N,B,-,N,,,,,,,,,,N,3,0,2,2,A,-,09,21802,A,N,D,C,A,A,H,-,A,D,0,,,,,Y,,D,22,0,2,0,0,0,0,0,0,0,"- ","- ",38.365211486816406,-122.78321075439453,SONOMA,UNINCORPORATED,-122.78310394287109,38.365200042724609
92092406,2023,2023-06-13,9360,2023-06-04,"155 ",022267,,7,3,9,4900,0,2,4,,1,044,"ADOBE ROAD","FRATES ROAD",0.00,,Y,A,-,N,,,,,,,,,,Y,3,0,1,1,A,-,01,23152,A,M,E,I,A,A,H,-,C,A,0,,,,,Y,Y,A,07,0,1,0,0,0,0,0,0,0,"- ","- ",38.251518249511719,-122.57827758789062,SONOMA,UNINCORPORATED,-122.57830047607422,38.251556396484375
92093734,2023,2023-06-14,9350,2023-06-09,1135,022020,,5,1,9,4900,0,1,3,,2,237,"SR-37 E/B","NOBLE ROAD",750.00,E,N,A,-,Y,SON,,37," "," ",5.773,H,,R,Y,3,0,3,3,A,-,03,22350,,N,C,C,A,A,H,-,A,D,0,,,,,Y,,A,01,0,1,2,0,0,0,0,0,0,"- ","- ",38.155441284179688,-122.41565704345703,SONOMA,UNINCORPORATED,-122.41565704345703,38.155433654785156
92094537,2023,2023-06-15,9350,2023-06-08,1440,021418,,4,2,9,4900,0,1,3,,2,137,"SR-37 E/B",SR-121,2738.00,W,N,A,-,Y,SON,,37," "," ",3.388,H,,R,N,4,0,1,2,A,-,03,22350,,N,C,C,A,A,H,-,A,D,0,,,,,Y,,A,01,0,0,1,0,0,0,0,0,0,"- ","- ",38.145961761474609,-122.45661926269531,SONOMA,UNINCORPORATED,-122.45661163330078,38.145950317382812
92094602,2023,2023-06-15,9360,2023-06-03,"115 ",022471,,6,3,9,4900,0,3,5,,2,005,"MECHAM RD","HAMMEL RD",1800.00,E,N,A,-,N,,,,,,,,,,Y,3,0,1,1,A,-,01,23152,A,M,E,I,A,A,H,-,D,D,0,,,,,Y,Y,A,01,0,1,0,0,0,0,0,0,0,"- ","- ",38.298999786376953,-122.73976898193359,SONOMA,UNINCORPORATED,-122.73985290527344,38.298995971679688
92095516,2023,2023-06-16,9360,2023-06-14,1410,016045,,3,2,9,4900,0,1,2,,1,060,"US-101 NB FROM OLD REDWOOD HWY","OLD REDWOOD HWY",250.00,S,N,A,-,Y,,,,,,,,,,N,4,0,1,2,C,-,18,,,N,B,E,A,A,H,-,A,D,0,,,,,Y,,-,"- ",0,0,1,0,0,0,0,0,0,"- ","- ",38.272590637207031,-122.66896057128906,SONOMA,UNINCORPORATED,-122.85443115234375,38.595760345458984
92096992,2023,2023-06-19,9360,2023-06-11,1938,023280,,7,2,9,4900,0,2,4,,1,024,"CALISTOGA ROAD","PLUM RANCH ROAD",825.00,N,N,A,-,N,,,,,,,,,,N,3,0,2,2,A,-,01,23152,A,N,F,I,A,A,H,-,B,D,0,,,Y,,Y,Y,C,02,0,1,1,0,0,0,0,0,2,"- ","- ",38.496311187744141,-122.65582275390625,SONOMA,UNINCORPORATED,-122.6512451171875,38.498542785644531
92098058,2023,2023-06-20,9360,2023-06-08,1815,016660,,4,2,9,4900,0,2,4,,1,024,"OLD REDWOOD HWY","MARK WEST SPRINGS RD",39.00,N,N,A,-,N,,,,,,,,,,N,4,0,1,2,A,-,03,22350,,N,C,C,A,A,H,-,A,A,0,,,,,Y,,A,07,0,0,1,0,0,0,0,0,0,"- ","- ",38.497280120849609,-122.74845123291016,SONOMA,UNINCORPORATED,-122.74815368652344,38.497211456298828
92098832,2023,2023-06-21,9325,2023-06-11,"930 ",023148,,7,1,9,4900,0,1,3,,1,072,"RT 121","SONOMA GREEN ACRES",10.00,N,N,B,-,Y,SON,,121," ",R,7.216,H,,R,Y,3,0,1,2,A,-,06,21750,A,N,B,C,A,A,H,-,A,D,0,,,Y,,Y,,C,02,0,1,0,0,0,0,0,0,1,"- ","- ",38.239650726318359,-122.45249938964844,SONOMA,UNINCORPORATED,-122.45249938964844,38.239646911621094
92099529,2023,2023-06-22,9360,2023-06-15,2115,023207,,4,2,9,4900,0,2,4,,1,046,"BENNETT VALLEY RD","HOLLY OAK WAY",1700.00,E,N,B,-,N,,,,,,,,,,Y,3,0,1,1,A,-,01,23152,A,N,E,I,A,A,H,-,D,A,0,,,,,Y,Y,A,01,0,1,0,0,0,0,0,0,0,"- ","- ",38.396358489990234,-122.60964202880859,SONOMA,UNINCORPORATED,-122.60977172851562,38.396495819091797
92099853,2023,2023-06-22,9360,2023-06-17,1320,020092,,6,1,9,4900,0,1,2,,1,060,"US-101 N/B FROM OLD REDWOOD HWY N/B","OLD REDWOOD HWY",45.00,S,N,A,-,Y,SON,,101," "," ",7.643,H,,R,Y,4,0,1,1,C,-,18,,,N,F,A,A,D,B,-,A,D,0,,,Y,,Y,,-,"- ",0,0,1,0,0,0,0,0,1,"- ","- ",38.272109985351562,-122.66961669921875,SONOMA,UNINCORPORATED,-122.66974639892578,38.272006988525391
92100687,2023,2023-06-23,9325,2023-06-11,1300,023123,,7,1,9,4900,0,1,3,,1,072,SR-121,"MAFFEI RD",528.00,S,N,A,-,Y,SON,,121," "," ",6.850,H,,R,N,4,0,1,2,A,-,09,21801,,F,D,C,A,A,H,-,A,D,0,,,,,Y,,A,01,0,0,1,0,0,0,0,0,0,"- ","- ",38.23712158203125,-122.45867156982422,SONOMA,UNINCORPORATED,-122.45867919921875,38.237129211425781
92102177,2023,2023-06-26,9360,2023-06-16,1425,021913,,5,2,9,4900,0,1,2,,1,060,"US-101 S/B","KASTANIA RD",8976.00,S,N,A,-,Y,SON,,101," ",R,0.863,H,,L,Y,3,0,1,3,A,-,03,22350,,N,C,C,A,A,H,-,A,D,0,,,,,Y,,A,08,0,1,0,0,0,0,0,0,0,"- ","- ",38.196521759033203,-122.59967041015625,SONOMA,UNINCORPORATED,-122.59970855712891,38.196525573730469
92103114,2023,2023-06-27,9360,2023-06-18,1605,022241,,7,2,9,4900,0,2,4,,1,024,"PORTER CREEK ROAD","FRANZ VALLEY ROAD",690.00,W,N,A,-,N,,,,,,,,,,Y,3,0,1,1,A,-,08,22107,,N,E,8,A,A,H,-,A,D,0,,,,,Y,,A,08,0,1,0,0,0,0,0,0,0,"- ","- ",38.555191040039062,-122.69651031494141,SONOMA,UNINCORPORATED,-122.69646453857422,38.555313110351562
92103146,2023,2023-06-27,9360,2023-06-19,1637,022257,,1,2,6,4905,0,1,2,,2,040,"US-101 SOUTHBOUND","9 TH STREET UNDER-CROSSING",90.00,N,N,A,-,Y,SON,,101," "," ",20.521,H,,L,Y,4,0,2,4,A,-,03,22350,,N,C,C,A,A,H,-,A,D,0,,,,,Y,,A,07,0,0,2,0,0,0,0,0,0,"- ","- ",38.442718505859375,-122.72193908691406,SONOMA,"SANTA ROSA",-122.72194671630859,38.442718505859375
92103437,2023,2023-06-27,9360,2023-06-23,1010,020092,,5,1,9,4900,0,2,4,,1,043,"OLD REDWOOD HWY","ELY RD  N",0.00,,Y,B,-,N,,,,,,,,,,Y,3,0,2,2,A,-,09,21802,A,N,D,C,A,A,H,-,A,D,0,,,,,Y,,A,01,0,1,1,0,0,0,0,0,0,"- ","- ",38.283828735351562,-122.66747283935547,SONOMA,UNINCORPORATED,-122.66751098632812,38.283847808837891
92103484,2023,2023-06-27,9325,2023-06-21,1705,017538,,3,2,9,4900,0,2,4,,2,054,"ARNOLD DR.","ORANGE DR",54.00,S,N,A,-,N,,,,,,,,,,Y,3,0,1,1,A,-,01,23152,A,N,E,I,A,A,H,-,A,D,0,,,,,Y,Y,D,22,0,1,0,0,0,0,0,0,0,"- ","- ",38.286659240722656,-122.49266052246094,SONOMA,UNINCORPORATED,-122.49249267578125,38.286849975585938
92105130,2023,2023-06-29,9360,2023-05-23,2125,019092,,2,2,2,4902,0,1,2,,2,050,"US-101 N/B","GRAVENSTEIN HWY",1584.00,S,N,A,-,Y,SON,,101," "," ",12.364,H,,R,Y,3,0,1,1,A,-,08,22107,,N,E,I,A,A,H,-,D,D,0,,,,,Y,,A,01,0,1,0,0,0,0,0,0,0,"- ","- ",38.326499938964844,-122.71276092529297,SONOMA,COTATI,-122.71263885498047,38.326499938964844
92105486,2023,2023-06-29,9360,2023-06-27,1635,020201,,2,2,6,4905,0,1,2,,2,050,"US-101 NORTHBOUND","TODD ROAD",1005.00,S,N,A,-,Y,SON,,101," "," ",16.396,H,,R,Y,3,0,1,2,A,-,03,22350,,N,C,C,A,A,H,-,A,D,0,,,,,Y,,A,07,0,1,0,0,0,0,0,0,0,"- ","- ",38.384189605712891,-122.71611022949219,SONOMA,"SANTA ROSA",-122.71608734130859,38.384189605712891
9210732,2020,2021-03-02,4904,2020-12-15,1031,1040465,CENTR,2,5,4,4904,0,0,0,,0,002,"ROHNERT PARK EXPWY","COUNTRY CLUB DR",1606.00,W,N,A,-,N,,,,,,,,,,,3,0,1,2,A,-,11,21461,5,N,G,B,C,A,H,-,A,A,0,Y,,,,Y,,N,60,0,1,0,0,1,0,0,0,0,"- ","- ",38.348121643066406,-122.69612121582031,SONOMA,"ROHNERT PARK",-122.70174407958984,38.348377227783203
92108242,2023,2023-07-03,9360,2023-06-28,1150,015187,,3,1,3,4903,0,1,2,,2,020,"US-101 N/B","WESTSIDE RD.",528.00,N,N,A,-,Y,SON,,101," "," ",35.030,H,,R,Y,4,0,1,1,A,-,08,22107,,N,E,I,A,A,H,-,A,D,0,,,,,Y,,D,22,0,0,1,0,0,0,0,0,0,"- ","- ",38.6090087890625,-122.87432861328125,SONOMA,HEALDSBURG,-122.87449645996094,38.608921051025391
92108681,2023,2023-07-03,9360,2023-06-17,1655,022241,,6,2,9,4900,0,2,4,,1,032,"RIVER ROAD","WILSHIRE DRIVE",43.00,W,N,A,-,N,,,,,,,,,,Y,3,0,1,1,A,-,08,22107,,N,F,A,A,A,H,-,A,D,0,,,,,Y,,A,07,0,1,0,0,0,0,0,0,0,"- ","- ",38.504219055175781,-122.94058990478516,SONOMA,UNINCORPORATED,-122.94056701660156,38.504150390625
92109588,2023,2023-07-05,9325,2023-06-24,1900,023148,,6,2,9,4900,0,1,3,,1,063,"RT 12","BOYES BLVD",10.00,E,N,A,-,Y,SON,,12," "," ",35.118,H,,R,Y,4,0,1,2,A,-,08,22107,,F,A,C,A,A,H,-,A,A,0,,,,,Y,,-,99,0,0,1,0,0,0,0,0,0,"- ","- ",38.313819885253906,-122.48152160644531,SONOMA,UNINCORPORATED,-122.48154449462891,38.313812255859375
92110542,2023,2023-07-06,9350,2023-06-22,1250,021391,,4,1,9,4900,0,1,3,,2,237,"SR-37 E/B",SR-121,1748.00,E,N,A,-,Y,SON,,37," "," ",4.243,H,,R,N,4,0,1,3,A,-,08,22107,,F,B,E,E,A,H,-,A,D,0,Y,,,,Y,,A,07,0,0,1,0,1,0,0,0,0,"- ","- ",38.152729034423828,-122.44352722167969,SONOMA,UNINCORPORATED,-122.44352722167969,38.152729034423828
92111184,2023,2023-07-06,9360,2023-06-23,1720,023280,,5,2,5,4908,0,1,2,,1,060,"US-101 S/B","E. WASHINGTON",3530.00,N,N,A,-,Y,SON,,101," "," ",5.443,H,,L,Y,4,0,1,3,A,-,03,22350,,N,C,2,A,A,H,-,A,D,0,,,,,Y,,D,22,0,0,1,0,0,0,0,0,0,"- ","- ",38.252239227294922,-122.63838195800781,SONOMA,PETALUMA,-122.63835906982422,38.252265930175781
92112941,2023,2023-07-10,9360,2023-06-29,1135,019794,,4,1,9,4900,0,2,4,,1,032,"RIVER RD","ODD FELLOWS PARK RD",1822.00,W,N,A,-,N,,,,,,,,,,Y,4,0,1,2,A,-,08,22107,,N,E,I,A,A,H,-,A,B,0,,,,,Y,,A,01,0,0,1,0,0,0,0,0,0,"- ","- ",38.508808135986328,-122.96591949462891,SONOMA,UNINCORPORATED,-122.96598815917969,38.508808135986328
92113331,2023,2023-07-10,9360,2023-07-05,1245,015187,,3,1,9,4900,0,1,3,,1,053,SR-116,"HESSEL RD.",528.00,E,N,A,-,N,,,,,,,,,,Y,3,0,1,2,A,-,09,21804,A,N,D,C,A,A,H,-,A,D,0,,,,,Y,,A,01,0,1,0,0,0,0,0,0,0,"- ","- ",38.361549377441406,-122.77703857421875,SONOMA,UNINCORPORATED,-122.77705383300781,38.361526489257812
9211467,2020,2021-01-25,4905,2020-10-22,0630,1060383,,4,5,6,4905,0,0,0,,0,,"FARMERS LN","HOEN AV",0.00,,Y,A,-,Y,SON,4,12,-,T,17.790,I,5,E,Y,1,1,1,2,A,-,03,22350,,N,D,C,A,A,H,-,C,A,0,,,Y,,Y,,C,02,0,1,0,0,0,0,0,1,0,"- ","- ",,,SONOMA,"SANTA ROSA",-122.68721008300781,38.438896179199219
92115318,2023,2023-07-12,9360,2023-07-06,1635,018828,,4,2,9,4900,0,2,4,,1,032,"RIVER RD","BARNES ROAD",1214.00,E,N,A,-,N,,,,,,,,,,Y,4,0,1,3,A,-,04,21703,,N,C,2,A,A,H,-,A,D,0,,,,,Y,,A,07,0,0,1,0,0,0,0,0,0,"- ","- ",38.496200561523438,-122.75637817382812,SONOMA,UNINCORPORATED,-122.75637054443359,38.496170043945312
92118833,2023,2023-07-17,9360,2023-07-10,2229,020748,,1,3,9,4900,0,3,5,,2,004,"ADOBE CANYON RD",SR-12,450.00,N,N,A,-,N,,,,,,,,,,Y,4,0,1,2,A,-,03,22350,,N,D,C,A,A,H,-,D,D,0,,,,Y,Y,,A,07,0,0,1,0,0,0,0,0,0,"- ","- ",38.425559997558594,-122.55573272705078,SONOMA,UNINCORPORATED,-122.55568695068359,38.425449371337891