CASE_ID,ACCIDENT_YEAR,PROC_DATE,JURIS,COLLISION_DATE,COLLISION_TIME,OFFICER_ID,REPORTING_DISTRICT,DAY_OF_WEEK,CHP_SHIFT,POPULATION,CNTY_CITY_LOC,SPECIAL_COND,BEAT_TYPE,CHP_BEAT_TYPE,CITY_DIVISION_LAPD,CHP_BEAT_CLASS,BEAT_NUMBER,PRIMARY_RD,SECONDARY_RD,DISTANCE,DIRECTION,INTERSECTION,WEATHER_1,WEATHER_2,STATE_HWY_IND,CALTRANS_COUNTY,CALTRANS_DISTRICT,STATE_ROUTE,ROUTE_SUFFIX,POSTMILE_PREFIX,POSTMILE,LOCATION_TYPE,RAMP_INTERSECTION,SIDE_OF_HWY,TOW_AWAY,COLLISION_SEVERITY,NUMBER_KILLED,NUMBER_INJURED,PARTY_COUNT,PRIMARY_COLL_FACTOR,PCF_CODE_OF_VIOL,PCF_VIOL_CATEGORY,PCF_VIOLATION,PCF_VIOL_SUBSECTION,HIT_AND_RUN,TYPE_OF_COLLISION,MVIW,PED_ACTION,ROAD_SURFACE,ROAD_COND_1,ROAD_COND_2,LIGHTING,CONTROL_DEVICE,CHP_ROAD_TYPE,PEDESTRIAN_ACCIDENT,BICYCLE_ACCIDENT,MOTORCYCLE_ACCIDENT,TRUCK_ACCIDENT,NOT_PRIVATE_PROPERTY,ALCOHOL_INVOLVED,STWD_VEHTYPE_AT_FAULT,CHP_VEHTYPE_AT_FAULT,COUNT_SEVERE_INJ,COUNT_VISIBLE_INJ,COUNT_COMPLAINT_PAIN,COUNT_PED_KILLED,COUNT_PED_INJURED,COUNT_BICYCLIST_KILLED,COUNT_BICYCLIST_INJURED,COUNT_MC_KILLED,COUNT_MC_INJURED,PRIMARY_RAMP,SECONDARY_RAMP,LATITUDE,LONGITUDE,COUNTY,CITY,POINT_X,POINT_Y
9246226,2021,2021-04-10,4905,2021-01-20,1941,1060383,,3,5,6,4905,0,0,0,,0,10608,"SANTA ROSA AV","HEARN AV",25.00,S,N,A,-,N,,,,,,,,,,N,4,0,1,2,A,-,01,23152,,M,C,C,A,A,H,-,C,A,0,,,,,Y,Y,-,,0,0,1,0,0,0,0,0,0,"- ","- ",38.415180206298828,-122.71351623535156,SONOMA,"SANTA ROSA",-122.71354675292969,38.4151611328125
9246233,2021,2021-04-09,4905,2021-01-23,1921,1060567,,6,5,6,4905,0,0,0,,0,005,"DUTTON AV","JOE RODOTA TRL",100.00,N,N,A,-,N,,,,,,,,,,Y,4,0,1,2,A,-,03,22350,,M,C,C,A,A,H,-,C,A,0,,,,,Y,,A,01,0,0,1,0,0,0,0,0,0,"- ","- ",38.431961059570312,-122.72577667236328,SONOMA,"SANTA ROSA",-122.72588399999999,38.432217000000001
9246234,2021,2021-04-09,4905,2021-01-23,2134,1060556,,6,5,6,4905,0,0,0,,0,002,"MENDOCINO AV","PACIFIC AV",100.00,S,N,B,-,N,,,,,,,,,,Y,4,0,1,2,A,-,03,22350,,F,C,C,A,A,H,-,C,D,0,,,,,Y,,A,01,0,0,1,0,0,0,0,0,0,"- ","- ",38.453639984130859,-122.71739196777344,SONOMA,"SANTA ROSA",-122.71745300292969,38.453094482421875
9246863,2021,2021-04-20,4905,2021-03-22,1622,1060575,,1,5,6,4905,0,0,0,,0,10604,"RT 12","PROSPECT AV",0.00,,Y,A,-,Y,SON,4,12,-,-,18.960,H,-,W,Y,3,0,2,3,B,-,22,,,N,C,C,A,A,H,-,A,A,0,,,,,Y,,D,22,0,1,1,0,0,0,0,0,0,"- ","- ",38.459751129150391,-122.6727294921875,SONOMA,"SANTA ROSA",-122.67169189453125,38.460487365722656
9246867,2021,2021-05-04,4905,2021-03-09,1303,1060408,,2,5,6,4905,0,0,0,,0,002,"MENDOCINO AV","CHANATE RD",158.00,N,N,A,-,N,,,,,,,,,,Y,4,0,1,3,A,-,09,21804,A,N,D,C,A,A,H,-,A,D,0,,,,,Y,,A,01,0,0,1,0,0,0,0,0,0,"- ","- ",38.465789794921875,-122.71923065185547,SONOMA,"SANTA ROSA",-122.71961212158203,38.4654541015625
9246879,2021,2021-04-20,4905,2021-02-24,1726,1060383,,3,5,6,4905,0,0,0,,0,005,"RT 12","FULTON RD",0.00,,Y,A,-,Y,SON,4,12,-,R,12.940,I,5,W,Y,3,0,2,2,A,-,09,21453,C,N,A,C,A,A,H,-,B,A,0,,,,,Y,,D,22,0,1,1,0,0,0,0,0,0,"- ","- ",38.427600860595703,-122.76917266845703,SONOMA,"SANTA ROSA",-122.76921844482422,38.427680969238281
9247282,2021,2021-04-13,4905,2021-02-15,1614,1060538,,1,5,6,4905,0,0,0,,0,009,"7TH ST","WILSON ST",0.00,,Y,-,-,N,,,,,,,,,,Y,4,0,5,2,-,-,"- ",,,N,D,C,A,A,H,-,A,A,0,,,,,Y,,-,"- ",0,0,5,0,0,0,0,0,0,"- ","- ",38.439468383789062,-122.72221374511719,SONOMA,"SANTA ROSA",-122.72222900390625,38.439468383789062
9247291,2021,2021-04-14,4905,2021-03-05,1917,1060383,,5,5,6,4905,0,0,0,,0,008,"SANTA ROSA AV","COURT ST",0.00,,Y,B,-,N,,,,,,,,,,N,4,0,1,2,A,-,10,21950,A,F,G,B,B,A,H,-,C,A,0,Y,,,,Y,,A,01,0,0,1,0,1,0,0,0,0,"- ","- ",38.406780242919922,-122.71347045898438,SONOMA,"SANTA ROSA",-122.71348571777344,38.406772613525391
9247311,2021,2021-04-14,4905,2021-03-10,1855,1060572,,3,5,6,4905,0,0,0,,0,007,"SEBASTOPOL AV","BOYD ST",300.00,W,N,C,-,N,,,,,,,,,,N,4,0,1,2,A,-,10,21950,,F,E,B,C,B,H,-,C,A,0,Y,,,,Y,Y,-,99,0,0,1,0,1,0,0,0,0,"- ","- ",38.431541442871094,-122.72129821777344,SONOMA,"SANTA ROSA",-122.72134399414062,38.431537628173828
9247341,2021,2021-04-13,4905,2021-02-19,1920,1060570,,5,5,6,4905,0,0,0,,0,009,"B ST","4TH ST",0.00,,Y,B,-,N,,,,,,,,,,N,3,0,1,2,A,-,11,21950,B,N,B,B,B,A,H,-,C,A,0,Y,,,,Y,,N,60,0,1,0,0,1,0,0,0,0,"- ","- ",38.439708709716797,-122.71563720703125,SONOMA,"SANTA ROSA",-122.71564483642578,38.439712524414062
9247345,2021,2021-04-13,4905,2021-02-22,1501,1068924,,1,5,6,4905,0,0,0,,0,007,"HEARN AV","VICTORIA DR",196.00,E,N,A,-,N,,,,,,,,,,Y,4,0,2,3,A,-,03,22350,,M,C,C,A,A,C,-,A,D,0,,,,,Y,,-,,0,0,2,0,0,0,0,0,0,"- ","- ",38.414390563964844,-122.72113037109375,SONOMA,"SANTA ROSA",-122.72170257568359,38.414344787597656
9247349,2021,2021-04-13,4905,2021-02-24,1732,1060575,,3,5,6,4905,0,0,0,,0,005,"SEBASTOPOL RD","DUTTON AV",279.00,W,N,A,-,N,,,,,,,,,,N,2,0,1,2,A,-,11,21954,A,N,G,B,E,A,H,-,A,D,0,Y,,,,Y,Y,N,60,1,0,0,0,1,0,0,0,0,"- ","- ",38.430309295654297,-122.72724914550781,SONOMA,"SANTA ROSA",-122.72622680664062,38.430385589599609
9247353,2021,2021-04-13,4905,2021-02-25,2051,1060563,,4,5,6,4905,0,0,0,,0,005,"OCCIDENTAL RD","HARVEST LN",0.00,,Y,A,-,N,,,,,,,,,,N,4,0,1,2,A,-,10,21950,,M,G,B,C,A,H,-,C,D,0,Y,,,,Y,,-,,0,0,1,0,1,0,0,0,0,"- ","- ",38.430679321289062,-122.74600219726562,SONOMA,"SANTA ROSA",-122.74761199951172,38.429920196533203
9247408,2021,2021-04-21,4908,2021-03-30,1845,3414,15,2,5,5,4908,0,0,0,,0,001,"LAKEVILLE HWY","MARINA AV",0.00,,Y,A,-,N,,,116,,,,,,,N,4,0,2,3,A,-,03,22350,,N,C,C,A,A,H,-,A,A,0,,,,,Y,,E,22,0,0,2,0,0,0,0,0,0,"- ","- ",38.233169555664062,-122.61048126220703,SONOMA,PETALUMA,-122.61048126220703,38.233142852783203
9248830,2021,2021-04-23,4900,2021-03-03,0905,1101496,,3,5,3,4980,0,0,0,,0,WI1,"WINDSOR RD","WINDSOR RIVER RD",0.00,,Y,A,-,N,,,,,,,,,,Y,4,0,1,2,A,-,12,21453,A,N,D,C,A,A,H,-,A,A,0,,,,Y,Y,,G,25,0,0,1,0,0,0,0,0,0,"- ","- ",38.547248840332031,-122.81678009033203,SONOMA,WINDSOR,-122.81681823730469,38.5472412109375
9248850,2021,2021-04-30,4900,2021-04-06,1552,1101496,,2,5,3,4980,0,0,0,,0,WI1,"WINEMAKER WAY","WINDSOR RD",0.00,,Y,A,-,N,,,,,,,,,,Y,4,0,1,2,A,-,"- ",,,N,A,C,A,A,-,-,A,D,0,,,,,Y,,A,07,0,0,1,0,0,0,0,0,0,"- ","- ",38.539638519287109,-122.81971740722656,SONOMA,WINDSOR,-122.81681060791016,38.539413452148438
9249890,2021,2021-04-28,4907,2021-03-24,1756,1101585,,3,5,2,4907,0,0,0,,0,SO1,"5TH ST WEST","LINDA DR",85.00,S,N,A,-,N,,,,,,,,,,N,4,0,1,2,B,-,22,,,N,G,G,A,A,H,-,A,A,0,,Y,,,Y,,L,04,0,0,1,0,0,0,1,0,0,"- ","- ",38.298629760742188,-122.46721649169922,SONOMA,SONOMA,-122.46724700927734,38.298397064208984
9249903,2021,2021-04-23,4904,2021-03-05,1356,1040514,,5,5,4,4904,0,0,0,,0,,"KNIGHT RD","KAREN PL",36.00,N,N,A,-,N,,,,,,,,,,,4,0,2,2,-,-,"- ",,A,N,B,C,A,A,H,-,A,D,0,,,,,Y,Y,A,01,0,0,2,0,0,0,0,0,0,"- ","- ",,,SONOMA,"ROHNERT PARK",-122.67076873779297,38.346881866455078
9251557,2020,2021-04-23,4905,2020-11-10,0045,1060351,,2,5,6,4905,0,0,0,,0,,"PINER RD","PINECREST DR",160.00,E,N,A,-,N,,,,,,,,,,Y,4,0,1,1,A,-,08,22107,,M,E,I,A,A,H,-,C,D,0,,,,,Y,,A,01,0,0,1,0,0,0,0,0,0,"- ","- ",,,SONOMA,"SANTA ROSA",-122.7652587890625,38.467136383056641
9251842,2021,2021-04-26,4905,2021-02-12,1603,1060541,,5,5,6,4905,0,0,0,,0,007,"SEBASTOPOL RD","DUTTON AV",195.00,W,N,B,-,N,,,,,,,,,,Y,4,0,1,2,A,-,09,21801,A,N,D,C,A,A,H,-,A,D,0,,,,,Y,Y,-,,0,0,1,0,0,0,0,0,0,"- ","- ",38.430591583251953,-122.72531127929688,SONOMA,"SANTA ROSA",-122.72594451904297,38.430446624755859
9253634,2021,2021-04-23,4904,2021-04-06,1737,1040560,,2,5,4,4904,0,0,0,,0,BEAT3,"SOUTHWEST BL","COMMERCE BL",296.00,S,N,A,B,N,,,,,,,,,,Y,4,0,2,2,A,-,01,23153,B,F,B,C,A,-,H,-,A,D,0,,,,Y,Y,Y,F,76,0,0,2,0,0,0,0,0,0,"- ","- ",38.336368560791016,-122.71190643310547,SONOMA,"ROHNERT PARK",-122.71086120605469,38.336009979248047
9253907,2020,2021-04-26,4905,2020-12-27,1727,1060536,,7,5,6,4905,0,0,0,,0,001,"RANGE AV","KATY CT",20.00,S,N,A,-,N,,,,,,,,,,Y,4,0,1,1,A,-,08,22107,A,M,A,D,A,A,H,-,C,B,0,,,,,Y,Y,A,01,0,0,1,0,0,0,0,0,0,"- ","- ",38.466091156005859,-122.73291778564453,SONOMA,"SANTA ROSA",-122.73265838623047,38.464946746826172
9254217,2021,2021-05-10,4908,2021-04-12,1630,3418,10,1,5,5,4908,0,0,0,,0,004,"MCDOWELL BL","MCDOWELL BL NORTH",10.00,E,N,A,-,N,,,,,,,,,,N,3,0,1,2,A,-,09,21804,A,N,A,G,A,A,H,-,A,D,0,,Y,,,Y,,D,82,0,1,0,0,0,0,1,0,0,"- ","- ",,,SONOMA,PETALUMA,-122.66928100585938,38.275608062744141
9254646,2021,2021-05-05,4907,2021-04-23,1521,1102770,,5,5,2,4907,0,0,0,,0,SQ1,"WEST SPAIN ST","2ND ST WEST",0.00,,Y,A,-,N,,,,,,,,,,N,3,0,1,2,A,-,08,22107,,N,B,C,A,A,H,-,A,D,0,,,Y,,Y,,C,02,0,1,0,0,0,0,0,0,1,"- ","- ",38.294040679931641,-122.46089172363281,SONOMA,SONOMA,-122.46089935302734,38.294036865234375
9254647,2021,2021-05-05,4907,2021-04-09,1347,1102770,,5,5,2,4907,0,0,0,,0,SO1,"EAST NAPA ST","3RD ST E",7.00,W,N,A,-,N,,,,,,,,,,N,3,0,1,2,A,-,09,21804,A,N,D,G,A,A,C,-,A,D,0,,Y,,,Y,,L,04,0,1,0,0,0,0,1,0,0,"- ","- ",38.291351318359375,-122.45210266113281,SONOMA,SONOMA,-122.45215606689453,38.291343688964844
9254931,2021,2021-05-03,4908,2021-04-19,1251,3417,12,1,5,5,4908,0,0,0,,0,001,"ELY BL SOUTH","GILRIX ST",0.00,,Y,A,-,N,,,,,,,,,,Y,3,0,3,4,A,-,03,22350,,N,C,C,A,A,H,-,A,D,0,,,,,Y,,A,07,0,1,2,0,0,0,0,0,0,"- ","- ",38.255069732666016,-122.61650848388672,SONOMA,PETALUMA,-122.61639404296875,38.255031585693359
9255144,2021,2021-05-05,4907,2021-04-17,2112,1102808,,6,5,2,4907,0,0,0,,0,SO1,BROADWAY,"ANDRIEUX ST",13.00,S,N,A,-,N,,,12,,,,,,,N,2,0,1,2,A,-,10,21950,A,N,G,B,B,A,H,-,C,D,0,Y,,,Y,Y,,F,26,1,0,0,0,1,0,0,0,0,"- ","- ",38.288341522216797,-122.45841217041016,SONOMA,SONOMA,-122.45842742919922,38.288341522216797
9256136,2021,2021-05-25,4907,2021-03-22,0758,1101745,,1,5,2,4907,0,0,0,,0,SO1,"RT 12","LOMITA AV",190.00,S,N,A,-,Y,SON,4,12,-,-,36.120,H,-,W,Y,1,1,0,2,A,-,11,21954,A,N,G,B,D,A,H,-,A,D,0,Y,,,,Y,,N,60,0,0,0,1,0,0,0,0,0,"- ","- ",38.300678253173828,-122.47438049316406,SONOMA,SONOMA,-122.47495269775391,38.300445556640625
9259346,2021,2021-05-19,4908,2021-04-27,1046,3453,7,2,5,5,4908,0,0,0,,0,004,"OLD REDWOOD HWY","N MCDOWELL BL N",0.00,,Y,A,-,N,,,,,,,,,,,4,0,1,1,D,-,00,,,N,F,-,A,A,G,-,A,D,0,,Y,,,Y,,-,"- ",0,0,1,0,0,0,1,0,0,"- ","- ",38.280410766601562,-122.66818237304688,SONOMA,PETALUMA,-122.6693115234375,38.275623321533203
92596184,2024,2024-07-24,9360,2024-07-14,1900,023676,,7,2,9,4900,0,1,2,,2,030,"US 101 N/B","AIRPORT BLVD",1584.00,N,N,A,-,Y,SON,,101," "," ",26.728,H,,R,N,3,0,1,1,A,-,08,22107,,N,F,I,A,A,H,-,A,A,0,,,,,Y,,A,01,0,1,0,0,0,0,0,0,0,"- ","- ",38.515548706054688,-122.78066253662109,SONOMA,UNINCORPORATED,-122.78057098388672,38.515605926513672
9259662,2021,2021-06-02,4908,2021-04-30,1830,3418,2,5,5,5,4908,0,0,0,,0,001,"LAKEVILLE ST",LAKEVILLE,0.00,,N,A,-,Y,SON,4,101,-,-,3.795,R,4,S,Y,4,0,2,2,A,-,09,21801,A,N,B,C,A,A,H,-,A,A,0,,,,Y,Y,,F,26,0,0,2,0,0,0,0,0,0,"- ",SO,38.234821319580078,-122.62026977539062,SONOMA,PETALUMA,-122.61899566650391,38.235137939453125
92596883,2024,2024-07-24,9360,2024-07-15,1515,020961,,1,2,5,4908,0,1,2,,2,050,"US-101 N/B","PETALUMA BLVD N",1800.00,N,N,A,-,Y,SON,,101," "," ",8.003,H,,R,Y,4,0,1,2,A,-,03,22350,,N,C,C,A,A,H,-,A,D,0,,,,,Y,,A,01,0,0,1,0,0,0,0,0,0,"- ","- ",38.275711059570312,-122.67459106445312,SONOMA,PETALUMA,-122.67457580566406,38.275722503662109
9260109,2021,2021-05-26,4908,2021-04-15,1540,1944,3,4,5,5,4908,0,0,0,,0,002,"LAKEVILLE ST","CAULFIELD LN",217.00,W,N,A,-,N,,,,,,,,,,Y,4,0,1,3,A,-,09,21801,A,N,D,C,A,A,H,-,A,D,0,,,,,Y,,A,01,0,0,1,0,0,0,0,0,0,"- ","- ",38.235328674316406,-122.6224365234375,SONOMA,PETALUMA,-122.62316131591797,38.235370635986328
9260383,2021,2021-06-22,4904,2021-05-23,2242,1040518,4904,7,5,4,4904,0,0,0,,0,003,"EAST COTATI AV","CRISTOBAL RD",0.00,,Y,A,-,N,,,,,,,,,,Y,4,0,2,1,A,-,07,21658,A,N,E,J,A,A,H,-,C,D,0,,,,,Y,,A,01,0,0,2,0,0,0,0,0,0,"- ","- ",,,SONOMA,"ROHNERT PARK",-122.68685913085938,38.335132598876953
9262512,2021,2021-05-12,4900,2021-04-27,2330,1102752,,2,5,3,4980,0,0,0,,0,WI1,"GINKGO PL","LEAFHAVEN LN",0.00,,Y,A,-,N,,,,,,,,,,Y,3,0,1,4,A,-,01,23152,,N,D,E,A,A,H,-,C,D,0,,,,,Y,Y,A,01,0,1,0,0,0,0,0,0,0,"- ","- ",38.544841766357422,-122.79113006591797,SONOMA,WINDSOR,-122.79099273681641,38.545127868652344
9262638,2021,2021-05-11,4900,2021-04-27,1808,1102632,,2,5,3,4980,0,0,0,,0,WI1,"WINDSOR RIVER RD","WINDSOR RD",0.00,,Y,A,-,N,,,,,,,,,,N,4,0,3,3,B,-,22,,,N,C,C,A,A,H,-,A,A,0,,,,,Y,,-,,0,0,3,0,0,0,0,0,0,"- ","- ",38.547248840332031,-122.81678009033203,SONOMA,WINDSOR,-122.81681823730469,38.5472412109375
9263256,2020,2021-06-07,4906,2020-06-16,1323,407,,2,5,2,4906,0,0,0,,0,,"RT 116","KEATING AV",0.00,,N,A,-,Y,SON,4,116,-,-,26.600,H,-,E,N,3,0,1,2,A,-,"- ",,,N,H,G,A,A,H,-,A,D,0,,Y,,,Y,,L,04,0,1,0,0,0,0,1,0,0,"- ","- ",38.404159545898438,-122.82557678222656,SONOMA,SEBASTOPOL,-122.82527923583984,38.403835296630859
9263264,2020,2021-06-02,4906,2020-06-29,0902,465,,1,5,2,4906,0,0,0,,0,,"RT 116","REDWOOD AV",0.00,,Y,A,-,Y,,,116,,,,,,,N,2,0,1,2,A,-,10,21950,A,N,G,B,B,A,H,-,A,A,0,Y,,,,Y,,A,01,1,0,0,0,1,0,0,0,0,"- ","- ",38.391269683837891,-122.81674194335938,SONOMA,SEBASTOPOL,-122.81683349609375,38.391197204589844
9263964,2021,2021-05-19,4903,2021-04-18,1555,1586,,7,5,3,4903,0,0,0,,0,,"ROSEWOOD DR","POPPY HILL DR",24.00,S,N,A,-,N,,,,,,,,,,Y,3,0,1,1,A,-,"- ",,,N,E,J,A,A,H,-,A,D,0,,,,,Y,,A,01,0,1,0,0,0,0,0,0,0,"- ","- ",38.633480072021484,-122.87003326416016,SONOMA,HEALDSBURG,-122.86967468261719,38.633518218994141
9263967,2021,2021-05-20,4903,2021-04-09,1950,992,,5,5,3,4903,0,0,0,,0,,"HEALDSBURG AV","HAILHACHE AV",0.00,,Y,A,-,N,,,,,,,,,,N,3,0,1,2,A,-,05,21650,1,N,H,G,A,A,H,-,B,A,0,,Y,,,Y,,L,04,0,1,0,0,0,0,1,0,0,"- ","- ",38.604068756103516,-122.85800933837891,SONOMA,HEALDSBURG,-122.85639953613281,38.603008270263672
9265101,2021,2021-06-02,4908,2021-05-05,2054,3457,5,3,5,5,4908,0,0,0,,0,003,"BODEGA AV","N WEBSTER ST",40.00,E,N,A,-,N,,,,,,,,,,Y,3,0,1,1,A,-,01,23152,A,N,E,I,A,A,H,-,C,A,0,,,,,Y,Y,A,01,0,1,0,0,0,0,0,0,0,"- ","- ",38.234481811523438,-122.65367889404297,SONOMA,PETALUMA,-122.65357971191406,38.234455108642578
9265574,2021,2021-05-28,4902,2021-05-04,1508,105353,,2,5,2,4902,0,0,0,,0,,"OLD REDWOOD HWY","EAST COTATI AV",0.00,,Y,A,-,N,,,,,,,,,,,4,0,1,2,A,-,03,22350,,F,C,C,A,A,H,-,A,A,0,,,,,Y,,-,,0,0,1,0,0,0,0,0,0,"- ","- ",,,SONOMA,COTATI,-122.70632934570312,38.326591491699219
9265760,2020,2021-05-28,4906,2020-09-16,2327,413,4906,3,5,2,4906,0,0,0,,0,,"N MAIN ST","EDDIE LN",370.00,S,N,A,-,N,,,,,,,,,,Y,3,0,1,2,A,-,05,21650,,N,A,E,A,A,H,-,C,A,0,,,,,Y,,D,72,0,1,0,0,0,0,0,0,0,"- ","- ",38.407398223876953,-122.82681274414062,SONOMA,SEBASTOPOL,-122.82744598388672,38.407512664794922
9265908,2021,2021-06-09,4906,2021-04-23,1404,451,4906,5,5,2,4906,0,0,0,,0,,"RT 116","COVERT LN",0.00,,Y,A,-,Y,SON,4,116,-,-,25.690,H,-,E,Y,3,0,3,2,A,-,09,21802,A,N,D,C,A,A,H,-,A,A,0,,,,Y,Y,,A,07,0,2,1,0,0,0,0,0,0,"- ","- ",38.405460357666016,-122.83696746826172,SONOMA,SEBASTOPOL,-122.83699798583984,38.405757904052734
9266072,2021,2021-05-27,4906,2021-04-20,1025,411,4906,2,5,2,4906,0,0,0,,0,,"BODEGA AV","PLEASANT HILL RD",0.00,,Y,A,-,N,,,,,,,,,,N,4,0,1,2,A,-,03,22350,,M,C,C,A,A,H,-,A,A,0,,,,,Y,,A,07,0,0,1,0,0,0,0,0,0,"- ","- ",38.402141571044922,-122.82388305664062,SONOMA,SEBASTOPOL,-122.83940124511719,38.398193359375
9269622,2021,2021-06-16,4904,2021-04-25,1525,1040519,4904,7,5,4,4904,0,0,0,,0,0B2,"LABATH AV","ROHNERT PARK EXPWY",100.00,S,N,A,-,N,,,,,,,,,,,4,0,2,2,A,-,09,21804,A,N,D,D,A,A,H,-,A,-,0,,,,,Y,,A,01,0,0,2,0,0,0,0,0,0,"- ","- ",38.349220275878906,-122.72120666503906,SONOMA,"ROHNERT PARK",-122.72119903564453,38.348674774169922
9270962,2021,2021-06-08,4900,2021-05-11,1221,1101496,,2,5,3,4980,0,0,0,,0,WI1,"STARR RD","ROBBIE WY",0.00,,Y,A,-,N,,,,,,,,,,Y,3,0,2,4,-,-,"- ",,,N,D,C,A,A,H,-,A,D,0,,,,,Y,,-,"- ",0,1,1,0,0,0,0,0,0,"- ","- ",38.552028656005859,-122.82607269287109,SONOMA,WINDSOR,-122.82608032226562,38.552032470703125
9271393,2020,2021-06-07,4906,2020-12-22,1640,373,4906,2,5,2,4906,0,0,0,,0,,"RT 116","PITT AV",0.00,,N,A,-,Y,SON,4,116,-,-,26.390,I,5,E,Y,4,0,2,2,A,-,01,23152,A,N,C,C,A,A,H,-,B,A,0,,,,,Y,Y,A,01,0,0,2,0,0,0,0,0,0,"- ","- ",38.404888153076172,-122.82752990722656,SONOMA,SEBASTOPOL,-122.82807922363281,38.405265808105469
9271397,2020,2021-06-08,4906,2020-12-24,1812,469,4906,4,5,2,4906,0,0,0,,0,,"PETALUMA AV","WALKER AV",159.00,S,N,A,-,Y,SON,4,116,-,R,27.140,H,-,W,N,4,0,1,2,A,-,05,21650,,N,C,E,A,A,H,-,C,A,0,,,,,Y,,A,01,0,0,1,0,0,0,0,0,0,"- ","- ",38.397861480712891,-122.82122039794922,SONOMA,SEBASTOPOL,-122.82099914550781,38.397983551025391
9271521,2020,2021-06-14,4906,2020-07-02,0744,476,4906,4,5,2,4906,0,0,0,,0,,"RT 116","SOUTHPOINT AV",251.00,N,N,-,-,Y,SON,4,116,-,-,27.330,H,-,E,Y,4,0,2,2,A,-,03,22350,,N,-,-,A,-,-,-,-,-,0,,,,,Y,,A,01,0,0,2,0,0,0,0,0,0,"- ","- ",38.394180297851562,-122.81893157958984,SONOMA,SEBASTOPOL,-122.81889343261719,38.3944091796875
9271834,2021,2021-06-11,4908,2021-05-15,0928,3554,7,6,5,5,4908,0,0,0,,0,004,"NORTH MCDOWELL BL","CORONA RD",0.00,,Y,A,-,N,,,,,,,,,,N,3,0,1,2,A,-,05,21650,1,N,D,G,A,A,H,-,A,A,0,,Y,,,Y,,L,04,0,1,0,0,0,0,1,0,0,"- ","- ",38.266670227050781,-122.65691375732422,SONOMA,PETALUMA,-122.65689849853516,38.266677856445312
92723810,2024,2024-07-26,9325,2024-07-13,2340,023152,,6,3,9,4900,0,3,5,,2,006,"RIVERSIDE DR","PETALUMA AVE",500.00,N,N,A,-,N,,,,,,,,,,Y,3,0,1,4,A,-,08,22107,,N,B,4,A,A,H,-,C,D,0,,,,,Y,,A,07,0,1,0,0,0,0,0,0,0,"- ","- ",38.294971466064453,-122.47853088378906,SONOMA,UNINCORPORATED,-122.47902679443359,38.295280456542969
9272522,2021,2021-06-10,4908,2021-05-27,1518,3341,13,4,5,5,4908,0,0,0,,0,001,"PARK LN","SARKESIAN DR",0.00,,Y,A,-,N,,,,,,,,,,Y,3,0,1,2,A,-,09,21802,A,N,D,C,A,A,H,-,A,A,0,,,,,Y,,A,07,0,1,0,0,0,0,0,0,0,"- ","- ",38.24530029296875,-122.61508941650391,SONOMA,PETALUMA,-122.61479187011719,38.245708465576172
9272523,2021,2021-06-10,4908,2021-05-31,0930,3456,13,1,5,5,4908,0,0,0,,0,001,"EAST WASHINGTON ST","SOUTH MCDOWELL BL",185.00,E,N,A,-,N,,,,,,,,,,,3,0,1,2,A,-,05,21650,1,N,D,G,A,A,H,-,A,D,0,,Y,,,Y,,L,04,0,1,0,0,0,0,1,0,0,"- ","- ",38.249179840087891,-122.62574005126953,SONOMA,PETALUMA,-122.62549591064453,38.249618530273438
9272524,2021,2021-06-10,4908,2021-05-28,1632,3383,5,5,5,5,4908,0,0,0,,0,003,"PETALUMA BL NORTH","PROSPECT ST",50.00,N,N,A,-,N,,,,,,,,,,Y,3,0,1,3,A,-,03,22350,,N,C,C,A,A,H,-,A,D,0,,,,,Y,,A,01,0,1,0,0,0,0,0,0,0,"- ","- ",38.237319946289062,-122.64225769042969,SONOMA,PETALUMA,-122.642333984375,38.237483978271484
92726306,2024,2024-07-26,9325,2024-07-18,1410,021309,,4,2,9,4900,0,2,4,,1,064,"ARNOLD DR","BOYES BLVD",20.00,N,N,A,-,N,,,,,,,,,,Y,4,0,4,2,A,-,08,22107,,N,C,C,A,A,H,-,A,A,0,,,,,Y,,A,07,0,0,4,0,0,0,0,0,0,"- ","- ",38.310199737548828,-122.49765014648438,SONOMA,UNINCORPORATED,-122.49761199951172,38.310211181640625
9273228,2020,2021-06-18,4906,2020-06-06,1402,465,4906,6,5,2,4906,0,0,0,,0,,"MORRIS ST","LAGUNA PARK WY",0.00,,Y,A,-,N,,,,,,,,,,Y,2,0,2,2,A,-,08,22107,,N,D,C,A,A,H,-,A,A,0,,,Y,,Y,,A,01,1,1,0,0,0,0,0,0,2,"- ","- ",38.405338287353516,-122.81967163085938,SONOMA,SEBASTOPOL,-122.81963348388672,38.405239105224609
9276689,2021,2021-08-10,4905,2021-05-21,2101,1060541,,5,5,6,4905,0,0,0,,0,007,"LUDWIG AV","HOBBIE LN",1945.00,W,N,A,-,N,,,,,,,,,,Y,4,0,1,2,A,-,03,22350,,N,C,E,A,A,H,-,D,D,0,,,,,Y,,A,01,0,0,1,0,0,0,0,0,0,"- ","- ",38.403499603271484,-122.75727081298828,SONOMA,"SANTA ROSA",-122.75717926025391,38.403518676757812