CASE_ID,ACCIDENT_YEAR,PROC_DATE,JURIS,COLLISION_DATE,COLLISION_TIME,OFFICER_ID,REPORTING_DISTRICT,DAY_OF_WEEK,CHP_SHIFT,POPULATION,CNTY_CITY_LOC,SPECIAL_COND,BEAT_TYPE,CHP_BEAT_TYPE,CITY_DIVISION_LAPD,CHP_BEAT_CLASS,BEAT_NUMBER,PRIMARY_RD,SECONDARY_RD,DISTANCE,DIRECTION,INTERSECTION,WEATHER_1,WEATHER_2,STATE_HWY_IND,CALTRANS_COUNTY,CALTRANS_DISTRICT,STATE_ROUTE,ROUTE_SUFFIX,POSTMILE_PREFIX,POSTMILE,LOCATION_TYPE,RAMP_INTERSECTION,SIDE_OF_HWY,TOW_AWAY,COLLISION_SEVERITY,NUMBER_KILLED,NUMBER_INJURED,PARTY_COUNT,PRIMARY_COLL_FACTOR,PCF_CODE_OF_VIOL,PCF_VIOL_CATEGORY,PCF_VIOLATION,PCF_VIOL_SUBSECTION,HIT_AND_RUN,TYPE_OF_COLLISION,MVIW,PED_ACTION,ROAD_SURFACE,ROAD_COND_1,ROAD_COND_2,LIGHTING,CONTROL_DEVICE,CHP_ROAD_TYPE,PEDESTRIAN_ACCIDENT,BICYCLE_ACCIDENT,MOTORCYCLE_ACCIDENT,TRUCK_ACCIDENT,NOT_PRIVATE_PROPERTY,ALCOHOL_INVOLVED,STWD_VEHTYPE_AT_FAULT,CHP_VEHTYPE_AT_FAULT,COUNT_SEVERE_INJ,COUNT_VISIBLE_INJ,COUNT_COMPLAINT_PAIN,COUNT_PED_KILLED,COUNT_PED_INJURED,COUNT_BICYCLIST_KILLED,COUNT_BICYCLIST_INJURED,COUNT_MC_KILLED,COUNT_MC_INJURED,PRIMARY_RAMP,SECONDARY_RAMP,LATITUDE,LONGITUDE,COUNTY,CITY,POINT_X,POINT_Y
94802763,2025,2025-08-14,9360,2025-07-21,1644,024403,,1,2,9,4900,0,2,4,,1,022,"OLD REDWOOD HIGHWAY","AIRPORT BLVD",304.00,S,N,A,-,N,,,,,,,,,,Y,3,0,1,2,A,-,01,23152,A,N,B,E,A,A,H,-,A,D,0,,,,,Y,Y,A,01,0,1,0,0,0,0,0,0,0,"- ","- ",38.510509490966797,-122.76284790039062,SONOMA,UNINCORPORATED,-122.76288604736328,38.510639190673828
94804375,2025,2025-08-15,9360,2025-08-05,1104,022695,,2,1,9,4900,0,1,3,,1,051,SR-12,"FULTON RD",15.00,E,N,A,-,Y,SON,,12," ",R,12.963,H,,R,N,4,0,1,2,A,-,03,22350,,N,C,C,A,A,H,-,A,A,0,,,,Y,Y,,F,27,0,0,1,0,0,0,0,0,0,"- ","- ",38.427768707275391,-122.76885986328125,SONOMA,UNINCORPORATED,-122.76878356933594,38.427631378173828
94804680,2025,2025-08-15,9360,2025-08-01,"655 ",020803,,5,1,9,4900,0,2,4,,1,032,"RIVER ROAD",SR-116,500.00,E,N,A,-,N,,,,,,,,,,Y,4,0,1,2,A,-,08,22107,,N,B,E,A,A,H,-,A,D,0,,,,,Y,,A,01,0,0,1,0,0,0,0,0,0,"- ","- ",38.502979278564453,-122.99440765380859,SONOMA,UNINCORPORATED,-122.99689483642578,38.478828430175781
94806699,2025,2025-08-18,9360,2025-07-14,"545 ",023017,,1,3,9,4900,0,1,3,,1,021,SR-128,"N CLOVERDALE BLVD",1584.00,W,N,B,-,Y,SON,,128," "," ",4.608,H,,R,Y,4,0,4,2,A,-,05,21460,A,N,B,C,A,A,H,-,A,D,0,,,,Y,Y,,F,27,0,0,4,0,0,0,0,0,0,"- ","- ",38.822090148925781,-123.024658203125,SONOMA,UNINCORPORATED,-123.024658203125,38.822090148925781
94807264,2025,2025-08-18,9360,2025-08-08,1255,023360,,5,1,9,4900,0,1,3,,1,051,"SR-12 W/B","DUER ROAD",433.00,W,N,A,-,Y,SON,,12," "," ",10.525,H,,L,Y,4,0,1,3,A,-,03,22350,,N,C,C,A,A,H,-,A,D,0,,,,,Y,,D,22,0,0,1,0,0,0,0,0,0,"- ","- ",38.408481597900391,-122.802001953125,SONOMA,UNINCORPORATED,-122.802001953125,38.408485412597656
94808378,2025,2025-08-19,9360,2025-07-29,1750,019359,,2,2,9,4900,0,2,4,,1,054,"ROBLAR RD","CANFIELD RD",3538.00,E,N,A,-,N,,,,,,,,,,N,3,0,1,1,A,-,17,23109,C,N,F,0,A,A,H,-,A,D,0,,,Y,,Y,,C,02,0,1,0,0,0,0,0,0,1,"- ","- ",38.321338653564453,-122.78407287597656,SONOMA,UNINCORPORATED,-122.78424835205078,38.321468353271484
94811373,2025,2025-08-21,9325,2025-08-16,1619,022562,,6,2,9,4900,0,1,3,,1,053,SR-116,"EAST BONNESS ROAD",109.00,E,N,A,-,Y,SON,,116," "," ",45.828,H,,R,Y,3,0,2,2,A,-,05,21460,,N,B,C,A,A,H,-,A,D,0,,,,,Y,,A,01,0,2,0,0,0,0,0,0,0,"- ","- ",38.245510101318359,-122.46887969970703,SONOMA,UNINCORPORATED,-122.46886444091797,38.245529174804688
94812480,2025,2025-08-21,9360,2025-08-14,1655,021904,,4,2,9,4900,0,1,3,,1,053,SR-116,"WOODWORTH RD",800.00,W,N,A,-,Y,SON,,116," "," ",31.778,H,,R,Y,4,0,1,1,A,-,08,22107,,N,F,0,A,A,H,-,A,D,0,,,Y,,Y,,C,02,0,0,1,0,0,0,0,0,1,"- ","- ",38.351051330566406,-122.76451873779297,SONOMA,UNINCORPORATED,-122.76445770263672,38.35107421875
94812809,2025,2025-08-21,9360,2025-08-14,1528,024583,,4,2,9,4900,0,2,4,,1,052,"TODD RD","PHILLIPS AVE",1485.00,W,N,A,-,N,,,,,,,,,,N,3,0,1,2,A,-,09,21804,A,N,D,C,A,A,H,-,A,D,0,,,,Y,Y,,F,25,0,1,0,0,0,0,0,0,0,"- ","- ",38.386871337890625,-122.75530242919922,SONOMA,UNINCORPORATED,-122.75358581542969,38.386940002441406
94812811,2025,2025-08-21,9360,2025-08-15,1510,024011,,5,2,9,4900,0,1,2,,2,020,US-101,"LIMERICK LANE",1800.00,S,N,A,-,Y,SON,,101," "," ",32.446,H,,R,N,4,0,1,2,A,-,03,22350,,N,C,C,A,A,H,-,A,D,0,,,,,Y,,D,22,0,0,1,0,0,0,0,0,0,"- ","- ",38.5831298828125,-122.8408203125,SONOMA,UNINCORPORATED,-122.84062957763672,38.583217620849609
94813834,2025,2025-08-22,9360,2025-07-30,1700,024199,,3,2,9,4900,0,2,4,,1,034,"GUERNEVILLE RD","LAGUNA RD",815.00,W,N,A,-,N,,,,,,,,,,Y,4,0,1,3,A,-,03,22350,,N,C,C,A,A,H,-,A,D,0,,,,,Y,,A,01,0,0,1,0,0,0,0,0,0,"- ","- ",38.450958251953125,-122.84971618652344,SONOMA,UNINCORPORATED,-122.84965515136719,38.450950622558594
94817233,2025,2025-08-26,9350,2025-08-15,1720,024306,,5,2,9,4900,0,1,3,,2,137,"SR-37 E/B","LAKEVILLE HWY",600.00,E,N,A,-,Y,SON,,37," "," ",2.200,H,,R,Y,4,0,1,3,A,-,07,21658,A,N,D,C,A,A,H,-,A,D,0,,,Y,,Y,,A,01,0,0,1,0,0,0,0,0,1,"- ","- ",38.135250091552734,-122.4742431640625,SONOMA,UNINCORPORATED,-122.4742431640625,38.13525390625
94820311,2025,2025-08-27,9325,2025-08-05,"725 ",019590,,2,1,9,4900,0,2,4,,1,064,"ARNOLD DR","CRAIG AVE",15.00,N,N,A,-,N,,,,,,,,,,N,4,0,1,2,A,-,17,21208,B,N,C,G,A,A,H,-,A,D,0,,Y,,,Y,,L,04,0,0,1,0,0,0,1,0,0,"- ","- ",38.304821014404297,-122.49488830566406,SONOMA,UNINCORPORATED,-122.49468994140625,38.304576873779297
94821478,2025,2025-08-28,9360,2025-08-21,"840 ",024666,,4,1,6,4905,0,1,2,,2,040,"US-101 NORTHBOUND","BAKER AVENUE",1815.00,N,N,A,-,Y,SON,,101," "," ",19.362,H,,R,Y,3,0,2,2,A,-,03,22350,,N,C,C,A,A,H,-,A,D,0,,,,,Y,,A,07,0,2,0,0,0,0,0,0,0,"- ","- ",38.427120208740234,-122.71498107910156,SONOMA,"SANTA ROSA",-122.71494293212891,38.427120208740234
94823021,2025,2025-08-29,9360,2025-08-16,"155 ",022371,,6,3,9,4900,0,1,2,,2,030,"US-101 N/B","MENDOCINO AVE O/C",7920.00,N,N,A,-,Y,SON,,101," "," ",24.394,H,,R,Y,3,0,1,1,A,-,01,23152,G,N,F,0,A,A,H,-,D,D,0,,,,,Y,Y,A,01,0,1,0,0,0,0,0,0,0,"- ","- ",38.491779327392578,-122.74974822998047,SONOMA,UNINCORPORATED,-122.74980926513672,38.491725921630859
94826552,2025,2025-09-02,9360,2025-08-24,2120,022267,,7,2,9,4900,0,2,4,,1,054,"BODEGA AVE","SKILLMAN LN",0.00,,Y,B,-,N,,,,,,,,,,Y,4,0,1,2,A,-,12,22450,A,N,A,C,A,A,H,-,D,A,0,,,,,Y,,A,07,0,0,1,0,0,0,0,0,0,"- ","- ",38.254459381103516,-122.70339202880859,SONOMA,UNINCORPORATED,-122.70333099365234,38.254402160644531
94826753,2025,2025-09-02,9360,2025-08-21,1315,024011,,4,1,9,4900,0,2,4,,1,024,"MARK WEST SPRINGS RD","OLD REDWOOD HWY",70.00,W,N,A,-,N,,,,,,,,,,N,4,0,1,2,A,-,03,22350,,N,C,C,A,A,H,-,A,D,0,,,,,Y,,A,07,0,0,1,0,0,0,0,0,0,"- ","- ",38.497150421142578,-122.74852752685547,SONOMA,UNINCORPORATED,-122.74829864501953,38.497035980224609
94828054,2025,2025-09-03,9360,2025-08-26,1725,024717,,2,2,9,4900,0,2,4,,1,042,"PETALUMA HILL RD","OLD REDWOOD HWY",137.26,S,N,A,-,N,,,,,,,,,,Y,4,0,1,2,C,-,18,,,N,C,E,A,A,H,-,A,D,0,,,,,Y,,-,"- ",0,0,1,0,0,0,0,0,0,"- ","- ",38.295448303222656,-122.66671752929688,SONOMA,UNINCORPORATED,-122.66729736328125,38.295291900634766
94829717,2025,2025-09-04,9360,2025-08-20,1005,023667,,3,1,9,4900,0,1,3,,1,061,SR-1,HALCYON,0.00,,Y,A,-,Y,SON,,1," "," ",57.742,H,,R,Y,4,0,6,2,A,-,09,21801,A,N,A,C,A,A,H,-,A,D,0,,,,,Y,,A,01,0,0,6,0,0,0,0,0,0,"- ","- ",38.749240875244141,-123.51152038574219,SONOMA,UNINCORPORATED,-123.51145935058594,38.749294281005859
94831359,2025,2025-09-05,9360,2025-08-27,"540 ",022108,,3,3,6,4905,0,1,2,,2,040,"US-101 S/B","HEARN AVE",1584.00,S,N,B,-,Y,SON,,101," "," ",18.173,H,,L,N,4,0,1,2,A,-,07,21658,A,N,B,C,A,A,H,-,C,D,0,,,,,Y,,-,"- ",0,0,1,0,0,0,0,0,0,"- ","- ",38.409938812255859,-122.71617126464844,SONOMA,"SANTA ROSA",-122.71617889404297,38.409938812255859
94832849,2025,2025-09-08,9360,2025-09-05,1145,024689,,5,1,9,4900,0,2,4,,1,042,"PETALUMA HILL RD","SNYDER LN",3960.00,S,N,A,-,N,,,,,,,,,,Y,3,0,1,1,A,-,08,22107,,N,E,I,A,A,H,-,A,D,0,,,,,Y,,A,01,0,1,0,0,0,0,0,0,0,"- ","- ",38.375751495361328,-122.67453002929688,SONOMA,UNINCORPORATED,-122.67447662353516,38.375785827636719
94835496,2025,2025-09-08,9325,2025-08-22,1650,023152,,5,2,9,4900,0,1,3,,1,052,"FELDER ROAD","ARNOLD DRIVE",0.00,,Y,A,-,N,,,,,,,,,,Y,3,0,1,2,A,-,09,21802,A,N,D,2,A,A,H,-,A,A,0,,,,,Y,Y,A,01,0,1,0,0,0,0,0,0,0,"- ","- ",38.2711181640625,-122.49154663085938,SONOMA,UNINCORPORATED,-122.49150848388672,38.271133422851562
94842135,2025,2025-09-12,9360,2025-08-19,"400 ",024229,,2,3,9,4900,0,1,3,,1,013,SR-116,"CNOPIUS RD",1730.00,E,N,A,-,N,,,,,,,,,,N,3,0,2,1,A,-,01,23152,A,N,F,A,A,A,H,-,C,D,0,,,,,Y,Y,A,07,0,2,0,0,0,0,0,0,0,"- ","- ",38.481838226318359,-123.00496673583984,SONOMA,UNINCORPORATED,-123.00504302978516,38.481800079345703
94842168,2025,2025-09-12,9360,2025-08-26,"200 ",024229,,2,3,9,4900,0,2,4,,1,012,"DRY CREEK RD","ABEL WAY",100.00,S,N,A,-,N,,,,,,,,,,Y,3,0,1,1,A,-,01,23152,A,M,E,8,A,A,H,-,D,D,0,,,,,Y,Y,A,01,0,1,0,0,0,0,0,0,0,"- ","- ",38.635120391845703,-122.89955139160156,SONOMA,UNINCORPORATED,-122.89962005615234,38.635135650634766
94844405,2025,2025-09-15,9360,2025-09-01,"610 ",024633,,1,1,9,4900,0,1,2,,2,020,"US-101 SB","ARATA LANE",2640.00,N,N,A,-,Y,SON,,101," "," ",31.181,H,,L,Y,3,0,1,2,A,-,08,22107,,N,C,2,A,A,H,-,B,D,0,,,,,Y,,D,22,0,1,0,0,0,0,0,0,0,"- ","- ",38.567569732666016,-122.82866668701172,SONOMA,UNINCORPORATED,-122.82865142822266,38.567581176757812
94845146,2025,2025-09-15,9360,2025-08-30,2038,024365,,6,2,9,4900,0,1,2,,2,040,"US-101 S/B TO TODD RD","S MOORLAND AVE",300.00,E,N,A,-,Y,SON,,101," "," ",16.602,H,,L,Y,3,0,1,1,A,-,01,23152,A,N,E,I,A,A,H,-,D,D,0,,,,,Y,Y,A,01,0,1,0,0,0,0,0,0,0,"- ","- ",38.387180328369141,-122.71662139892578,SONOMA,UNINCORPORATED,-122.71630859375,38.387180328369141
94845935,2025,2025-09-16,9360,2025-09-10,1105,024625,,3,1,9,4900,0,2,4,,1,024,"MARK WEST SPRINGS RD",US-101,111.00,E,N,B,-,N,,,,,,,,,,Y,4,0,1,2,A,-,03,22350,,N,C,C,A,A,H,-,A,A,0,,,,,Y,,D,22,0,0,1,0,0,0,0,0,0,"- ","- ",38.496280670166016,-122.75332641601562,SONOMA,UNINCORPORATED,-122.75566864013672,38.496170043945312
94846334,2025,2025-09-16,9360,2025-09-09,"745 ",023631,,2,1,9,4900,0,1,2,,2,040,"US-101 S/B","SR-12 E/B O/C",66.00,S,N,C,-,Y,SON,,101," "," ",19.618,H,,L,N,4,0,1,3,A,-,03,22350,,M,C,C,A,B,H,-,A,D,0,,,,,Y,,A,08,0,0,1,0,0,0,0,0,0,"- ","- ",38.430770874023438,-122.71542358398438,SONOMA,UNINCORPORATED,-122.71540832519531,38.430770874023438
94847807,2025,2025-09-17,9360,2025-09-07,1304,024633,,7,1,6,4905,0,1,2,,2,040,US-101,"COLLEGE AVE U/C",815.00,S,N,A,-,Y,SON,,101," "," ",20.607,H,,R,N,3,0,1,3,A,-,08,22107,,N,C,2,A,A,H,-,A,D,0,,,,,Y,,A,01,0,1,0,0,0,0,0,0,0,"- ","- ",38.44390869140625,-122.722412109375,SONOMA,"SANTA ROSA",-122.72248077392578,38.443878173828125
94847843,2025,2025-09-17,9360,2025-09-08,"653 ",024633,,1,1,9,4900,0,1,2,,2,050,"N/B US-101","GOLF COURSE DR U/C",801.00,S,N,B,-,Y,SON,,101," "," ",14.704,H,,R,N,4,0,1,3,A,-,03,22350,,M,C,2,A,B,H,-,A,D,0,,,,,Y,,A,01,0,0,1,0,0,0,0,0,0,"- ","- ",38.360328674316406,-122.71302795410156,SONOMA,UNINCORPORATED,-122.71303558349609,38.360328674316406
94847865,2025,2025-09-17,9360,2025-09-09,1540,024666,,2,2,9,4900,0,1,3,,1,051,"SR-12 EASTBOUND","HEPWORTH ROAD",480.00,W,N,B,-,Y,SON,,12," "," ",10.326,H,,R,N,3,0,3,3,A,-,03,22350,,N,C,C,A,A,H,-,A,D,0,,,,,Y,,A,07,0,3,0,0,0,0,0,0,0,"- ","- ",38.407260894775391,-122.80525970458984,SONOMA,UNINCORPORATED,-122.80525970458984,38.407264709472656
94848073,2025,2025-09-17,9325,2025-09-12,1327,024629,,5,1,2,4907,0,2,4,,1,055,"NAPA ROAD","BURNDALE ROAD",0.00,,Y,A,-,N,,,,,,,,,,Y,3,0,2,2,A,-,09,21802,A,N,D,C,A,A,H,-,A,D,0,,,,,Y,,A,07,0,1,1,0,0,0,0,0,0,"- ","- ",38.270561218261719,-122.42134857177734,SONOMA,SONOMA,-122.42304992675781,38.271247863769531
94848637,2025,2025-09-18,9360,2025-09-07,1800,023433,,7,2,9,4900,0,3,5,,2,005,"D ST","SAN ANTONIO RD",7392.00,E,N,A,-,N,,,,,,,,,,Y,3,0,1,1,A,-,08,22107,,N,E,8,A,A,H,-,A,D,0,,,,,Y,,D,22,0,1,0,0,0,0,0,0,0,"- ","- ",38.2010498046875,-122.64070892333984,SONOMA,UNINCORPORATED,-122.64125823974609,38.199691772460938
94852936,2025,2025-09-22,9360,2025-09-17,1010,024625,,3,1,9,4900,0,1,3,,1,021,SR-128,"DRY CREEK RANCH RD",1373.00,S,N,A,-,Y,SON,,128," "," ",8.513,H,,R,Y,3,0,1,1,A,-,01,23152,G,N,E,I,A,A,H,-,A,D,0,,,,,Y,Y,A,01,0,1,0,0,0,0,0,0,0,"- ","- ",38.692890167236328,-122.85472869873047,SONOMA,UNINCORPORATED,-122.85476684570312,38.692859649658203
94856460,2025,2025-09-23,9360,2025-09-16,1305,024717,,2,1,9,4900,0,1,3,,1,037,"GREEN VALLEY RD",SR-116,0.00,,Y,A,-,Y,SON,,116," ",R,22.132,H,,R,Y,3,0,1,2,A,-,09,21802,A,N,D,C,A,A,H,-,A,A,0,,,,Y,Y,,A,07,0,1,0,0,0,0,0,0,0,"- ","- ",38.445831298828125,-122.86679077148438,SONOMA,UNINCORPORATED,-122.86672210693359,38.445838928222656
94856640,2025,2025-09-23,9360,2025-09-02,1340,024397,,2,1,9,4900,0,3,5,,2,003,"MIRABEL RD","LOIS LN",250.00,S,N,A,-,N,,,,,,,,,,Y,3,0,1,2,A,-,01,23152,G,N,C,C,A,A,H,-,A,D,0,,,,Y,Y,Y,A,01,0,1,0,0,0,0,0,0,0,"- ","- ",38.485618591308594,-122.8948974609375,SONOMA,UNINCORPORATED,-122.89486694335938,38.485614776611328
94857779,2025,2025-09-24,9360,2025-09-15,"742 ",024633,,1,1,9,4900,0,1,2,,2,030,US-101,"SHILOH RD O/C",472.00,S,N,A,-,Y,SON,,101," "," ",27.534,H,,R,Y,3,0,1,2,A,-,07,21658,A,N,B,2,A,A,H,-,A,D,0,,,,,Y,,A,01,0,1,0,0,0,0,0,0,0,"- ","- ",38.524730682373047,-122.78925323486328,SONOMA,UNINCORPORATED,-122.78903961181641,38.524848937988281
94859442,2025,2025-09-25,9325,2025-09-16,1017,017938,,2,1,9,4900,0,1,3,,1,051,SR-121,"NAPA ROAD",2640.00,S,N,A,-,Y,SON,,121," ",R,10.490,H,,R,Y,3,0,4,2,A,-,05,21460,A,N,A,C,A,A,H,-,A,D,0,,,,,Y,,A,07,0,3,1,0,0,0,0,0,0,"- ","- ",38.251678466796875,-122.39849853515625,SONOMA,UNINCORPORATED,-122.39849853515625,38.251716613769531
94859733,2025,2025-09-25,9360,2025-09-23,"815 ",024717,,2,1,9,4900,0,1,2,,2,050,"US-101 S/B","PEPPER RD",1763.53,N,N,A,-,Y,SON,,101," "," ",9.203,H,,L,N,4,0,1,2,D,-,00,,,N,B,C,A,A,H,-,A,D,0,,,,Y,Y,,-,"- ",0,0,1,0,0,0,0,0,0,"- ","- ",38.287738800048828,-122.69048309326172,SONOMA,UNINCORPORATED,-122.69049072265625,38.287734985351562
94867818,2025,2025-10-01,9360,2025-09-15,1519,024718,,1,2,9,4900,0,2,4,,1,052,"STONY POINT ROAD","BELLEVUE AVE",310.00,S,N,A,-,N,,,,,,,,,,Y,3,0,2,3,A,-,03,22350,,N,C,C,A,A,H,-,A,D,0,,,,,Y,,D,22,0,2,0,0,0,0,0,0,0,"- ","- ",38.40093994140625,-122.74141693115234,SONOMA,UNINCORPORATED,-122.74143981933594,38.400970458984375
94867987,2025,2025-10-01,9360,2025-09-13,1800,024718,,6,2,9,4900,0,2,4,,1,022,"OLD REDWOOD HWY","AIRPORT BLVD",25.00,S,N,A,-,N,,,,,,,,,,N,4,0,1,2,A,-,01,23152,A,M,C,C,A,A,H,-,A,A,0,,,,,Y,Y,A,08,0,0,1,0,0,0,0,0,0,"- ","- ",38.511119842529297,-122.76349639892578,SONOMA,UNINCORPORATED,-122.76358795166016,38.511173248291016
94869459,2025,2025-10-02,9360,2025-09-26,"644 ",024689,,5,1,6,4905,0,1,2,,2,040,"US-101 N/B","JSO THIRD ST",200.00,N,N,B,-,Y,SON,,101," "," ",19.695,H,,R,Y,4,0,1,2,A,-,03,22350,,N,C,C,A,A,H,-,A,D,0,,,,,Y,,-,"- ",0,0,1,0,0,0,0,0,0,"- ","- ",38.431911468505859,-122.71550750732422,SONOMA,"SANTA ROSA",-122.71558380126953,38.431892395019531
94872797,2025,2025-10-06,9360,2025-09-30,"610 ",023807,,2,1,9,4900,0,2,4,,1,046,"BENNETT VALLEY RD","MITCHELL LN",2500.00,E,N,C,-,N,,,,,,,,,,Y,3,0,1,1,A,-,08,22107,,N,E,I,A,B,H,-,D,D,0,,,,,Y,,D,22,0,1,0,0,0,0,0,0,0,"- ","- ",38.412330627441406,-122.65077209472656,SONOMA,UNINCORPORATED,-122.65083312988281,38.412357330322266
94876420,2025,2025-10-07,9350,2025-10-04,1744,024016,,6,2,9,4900,0,1,3,,2,137,"SR-37 W/B","LAKEVILLE HWY",43.00,E,N,A,-,Y,SON,,37," "," ",2.076,H,,L,N,2,0,1,1,A,-,03,22350,,N,F,I,A,A,H,-,A,D,0,,,Y,,Y,,C,02,1,0,0,0,0,0,0,0,1,"- ","- ",38.134300231933594,-122.47618865966797,SONOMA,UNINCORPORATED,-122.47620391845703,38.134315490722656
94878021,2025,2025-10-08,9360,2025-09-24,1610,024625,,3,2,9,4900,0,2,4,,1,043,"OLD REDWOOD HWY","MINNESOTA AVE",0.00,,Y,B,-,Y,,,,,,,,,,Y,3,0,2,2,A,-,01,23152,A,N,C,C,A,A,H,-,A,D,0,,,,,Y,Y,A,07,0,1,1,0,0,0,0,0,0,"- ","- ",38.306888580322266,-122.68747711181641,SONOMA,UNINCORPORATED,-122.68756866455078,38.306934356689453
94879386,2025,2025-10-09,9360,2025-09-27,1040,024403,,6,1,9,4900,0,1,3,,1,041,SR-12,"OAKMONT DR",612.00,W,N,A,-,Y,SON,,12," "," ",23.073,H,,R,N,3,0,1,2,A,-,03,22350,,N,F,G,A,A,H,-,A,D,0,,Y,,,Y,,L,04,0,1,0,0,0,0,1,0,0,"- ","- ",38.445571899414062,-122.60549163818359,SONOMA,UNINCORPORATED,-122.60554504394531,38.44549560546875
94881618,2025,2025-10-10,9360,2025-10-02,1847,023807,,4,2,9,4900,0,3,5,,2,005,"PEPPER RD","MEACHAM RD",490.00,E,N,A,-,N,,,,,,,,,,Y,4,0,2,1,A,-,08,22107,,N,E,8,A,A,H,-,D,D,0,,,,,Y,,A,01,0,0,2,0,0,0,0,0,0,"- ","- ",38.285400390625,-122.74552154541016,SONOMA,UNINCORPORATED,-122.74559020996094,38.285438537597656
94881619,2025,2025-10-10,9360,2025-10-01,1650,024385,,3,2,9,4900,0,3,5,,2,005,"TOMALES RD","VALLEY FORD RD",6864.00,W,N,A,-,N,,,,,,,,,,N,4,0,1,1,A,-,08,22107,,N,E,8,A,A,H,-,A,D,0,,,,,Y,,A,01,0,0,1,0,0,0,0,0,0,"- ","- ",38.257038116455078,-122.80391693115234,SONOMA,UNINCORPORATED,-122.80471801757812,38.256908416748047
94885282,2025,2025-10-14,9360,2025-09-21,2045,024397,,7,2,9,4900,0,2,4,,1,044,"FRATES RD","ADOBE RD",0.00,,Y,A,-,N,,,,,,,,,,Y,3,0,3,3,A,-,01,23152,A,N,A,2,A,A,H,-,C,A,0,,,,,Y,Y,A,01,0,3,0,0,0,0,0,0,0,"- ","- ",38.251598358154297,-122.57836151123047,SONOMA,UNINCORPORATED,-122.57830047607422,38.251556396484375
94885516,2025,2025-10-14,9360,2025-10-04,"921 ",024403,,6,1,9,4900,0,2,4,,1,032,"SLUSSER RD","RIVER RD",0.00,,Y,A,-,N,,,,,,,,,,N,3,0,1,2,A,-,09,21802,A,N,D,C,A,A,H,-,A,A,0,,,,,Y,,D,22,0,1,0,0,0,0,0,0,0,"- ","- ",38.483238220214844,-122.8255615234375,SONOMA,UNINCORPORATED,-122.82557678222656,38.483200073242188
94887111,2025,2025-10-15,9360,2025-09-29,1512,023121,,1,2,9,4900,0,2,4,,1,054,"VALLEY FORD ROAD","FALLON ROAD",270.00,W,N,B,-,N,,,,,,,,,,Y,2,0,1,2,A,-,01,23152,A,N,F,0,A,B,H,-,A,D,0,,,Y,,Y,Y,C,02,1,0,0,0,0,0,0,0,1,"- ","- ",38.268871307373047,-122.7965087890625,SONOMA,UNINCORPORATED,-122.79641723632812,38.268756866455078
94887594,2025,2025-10-15,9360,2025-10-11,"935 ",020461,,6,1,9,4900,0,2,4,,1,043,"OLD REDWOOD HWY","FERN AVE",20.00,N,N,A,-,N,,,,,,,,,,Y,4,0,2,2,A,-,03,22350,,N,C,C,A,A,H,-,A,D,0,,,,,Y,,D,22,0,0,2,0,0,0,0,0,0,"- ","- ",38.309970855712891,-122.69075775146484,SONOMA,UNINCORPORATED,-122.69075012207031,38.310016632080078
94887709,2025,2025-10-15,9360,2025-10-09,"645 ",022371,,4,1,6,4905,0,1,2,,2,040,"US-101 N/B","COLLEGE AVE",1400.00,S,N,B,-,Y,SON,,101," "," ",20.479,H,,R,N,4,0,1,3,A,-,03,22350,,N,C,C,A,A,H,-,B,D,0,,,,,Y,,D,22,0,0,1,0,0,0,0,0,0,"- ","- ",38.442249298095703,-122.72138214111328,SONOMA,"SANTA ROSA",-122.72135925292969,38.4422607421875
94887879,2025,2025-11-13,9325,2025-10-07,1440,015699,,2,2,9,4900,0,1,3,,1,063,"STATE ROUTE 12","ARNOLD DR",20.00,E,N,A,-,N,,,,,,,,,,N,4,0,1,2,A,-,03,22350,,N,C,C,A,A,H,-,A,A,0,,,,,Y,,D,22,0,0,1,0,0,0,0,0,0,"- ","- ",38.371379852294922,-122.51580810546875,SONOMA,UNINCORPORATED,-122.51583099365234,38.371593475341797
94889360,2025,2025-10-16,9360,2025-10-10,"445 ",021893,,5,3,9,4900,0,2,4,,1,024,"MARK WEST SPRINGS RD","QUIETWATER RD",185.00,W,N,B,-,N,,,,,,,,,,N,4,0,1,1,C,-,18,,,N,E,H,A,A,H,-,D,D,0,,,,,Y,,-,"- ",0,0,1,0,0,0,0,0,0,"- ","- ",38.504901885986328,-122.73329162597656,SONOMA,UNINCORPORATED,-122.73316192626953,38.505020141601562