CASE_ID,ACCIDENT_YEAR,PROC_DATE,JURIS,COLLISION_DATE,COLLISION_TIME,OFFICER_ID,REPORTING_DISTRICT,DAY_OF_WEEK,CHP_SHIFT,POPULATION,CNTY_CITY_LOC,SPECIAL_COND,BEAT_TYPE,CHP_BEAT_TYPE,CITY_DIVISION_LAPD,CHP_BEAT_CLASS,BEAT_NUMBER,PRIMARY_RD,SECONDARY_RD,DISTANCE,DIRECTION,INTERSECTION,WEATHER_1,WEATHER_2,STATE_HWY_IND,CALTRANS_COUNTY,CALTRANS_DISTRICT,STATE_ROUTE,ROUTE_SUFFIX,POSTMILE_PREFIX,POSTMILE,LOCATION_TYPE,RAMP_INTERSECTION,SIDE_OF_HWY,TOW_AWAY,COLLISION_SEVERITY,NUMBER_KILLED,NUMBER_INJURED,PARTY_COUNT,PRIMARY_COLL_FACTOR,PCF_CODE_OF_VIOL,PCF_VIOL_CATEGORY,PCF_VIOLATION,PCF_VIOL_SUBSECTION,HIT_AND_RUN,TYPE_OF_COLLISION,MVIW,PED_ACTION,ROAD_SURFACE,ROAD_COND_1,ROAD_COND_2,LIGHTING,CONTROL_DEVICE,CHP_ROAD_TYPE,PEDESTRIAN_ACCIDENT,BICYCLE_ACCIDENT,MOTORCYCLE_ACCIDENT,TRUCK_ACCIDENT,NOT_PRIVATE_PROPERTY,ALCOHOL_INVOLVED,STWD_VEHTYPE_AT_FAULT,CHP_VEHTYPE_AT_FAULT,COUNT_SEVERE_INJ,COUNT_VISIBLE_INJ,COUNT_COMPLAINT_PAIN,COUNT_PED_KILLED,COUNT_PED_INJURED,COUNT_BICYCLIST_KILLED,COUNT_BICYCLIST_INJURED,COUNT_MC_KILLED,COUNT_MC_INJURED,PRIMARY_RAMP,SECONDARY_RAMP,LATITUDE,LONGITUDE,COUNTY,CITY,POINT_X,POINT_Y
6587748,2014,2016-05-28,9360,2014-08-07,1715,19366,,4,2,9,4900,0,1,2,,2,030,"RT 101","MENDOCINO AV",1584.00,N,N,A,-,Y,SON,4,101,-,-,24.000,H,-,N,Y,4,0,4,3,A,-,03,22350,,N,C,C,A,A,H,-,A,D,1,,,,,Y,,B,08,0,0,4,0,0,0,0,0,0,"- ","- ",38.488300000000002,-122.74485,SONOMA,UNINCORPORATED,-122.74387149,38.487518299999998
6587752,2014,2014-09-18,9360,2014-08-02,1700,020522,,6,2,9,4900,0,2,4,,1,032,"RIVER RD","LAUGHLIN RD",1056.00,E,N,A,-,N,,,,,,,,,,Y,4,0,1,1,A,-,08,22107,,N,E,I,A,A,H,-,A,D,0,,,,,Y,,D,22,0,0,1,0,0,0,0,0,0,"- ","- ",38.474699999999999,-122.7839,SONOMA,UNINCORPORATED,-122.78427841,38.494506579999999
6588095,2014,2014-09-04,9360,2014-08-12,0731,015420,,2,1,9,4900,0,2,4,,1,038,"BODEGA HWY","FERGUSON RD",130.00,W,N,C,-,N,,,,,,,,,,Y,4,0,1,2,A,-,05,21460,A,N,A,C,A,B,H,-,A,D,0,,,,,Y,,A,07,0,0,1,0,0,0,0,0,0,"- ","- ",38.395919999999997,-122.86784,SONOMA,UNINCORPORATED,-122.86768572,38.395968889999999
6588794,2014,2014-10-07,4908,2014-08-11,1729,2938,13,1,5,5,4908,0,0,0,,0,001,"CAULFIELD LN","SAINT FRANCIS DR",0.00,,Y,F,-,N,,,,,,,,,,N,3,0,1,2,A,-,10,21950,A,N,G,B,B,A,H,-,A,A,0,Y,,,,Y,,A,01,0,1,0,0,1,0,0,0,0,"- ","- ",,,SONOMA,PETALUMA,-122.61820985999999,38.239769979999998
6588798,2014,2014-09-11,4908,2014-08-02,1637,2846,15,6,5,5,4908,0,0,0,,0,001,"FRATES RD","'LAKEVIEW HWY",0.00,,Y,A,-,N,,,,,,,,,,N,4,0,1,2,A,-,21,22106,,M,C,C,A,A,H,-,A,A,0,,,,,Y,,-,,0,0,1,0,0,0,0,0,0,"- ","- ",,,SONOMA,PETALUMA,-122.593946,38.234653000000002
6592908,2014,2014-09-03,9360,2014-07-31,1450,016000,,4,2,9,4900,0,3,5,,2,005,"TODD RD","OLD GRAVENSTEIN HWY",980.00,E,N,A,-,N,,,,,,,,,,Y,2,0,1,1,A,-,03,22350,,N,F,A,A,A,H,-,A,A,0,,,Y,,Y,,C,02,1,0,0,0,0,0,0,0,1,"- ","- ",38.371040000000001,-122.77983,SONOMA,UNINCORPORATED,-122.7815099,38.3709864
6593410,2014,2016-05-28,9360,2014-08-11,1750,018828,,1,2,6,4905,0,1,2,,2,030,"RT 101","STEELE LN",850.00,N,N,A,-,Y,SON,4,101,-,-,21.955,R,1,S,Y,3,0,3,4,A,-,03,22350,,N,C,C,A,A,H,-,A,D,1,,,,,Y,Y,A,01,0,1,2,0,0,0,0,0,0,"- ","- ",38.462429999999998,-122.7268,SONOMA,"SANTA ROSA",-122.72657854000001,38.462947620000001
6593854,2014,2014-09-03,9325,2014-08-06,1328,017519,,3,1,9,4900,0,2,4,,1,064,"ARNOLD DR","BOYES BL",0.00,,Y,A,-,N,,,,,,,,,,Y,4,0,2,2,A,-,08,22101,D,N,D,C,A,A,H,-,A,A,0,,,,,Y,,A,07,0,0,2,0,0,0,0,0,0,"- ","- ",38.183700000000002,-122.295,SONOMA,UNINCORPORATED,-122.49758987,38.310159919999997
6597402,2014,2016-01-15,4905,2014-07-30,1109,SR8702,10607,3,5,6,4905,0,0,0,,0,007,"CORBY AV","HEARN AV",0.00,,Y,A,-,N,,,,,,,,,,N,4,0,1,2,A,-,05,21650,1,N,D,G,A,A,H,-,A,A,0,,Y,,,Y,,L,04,0,0,1,0,0,0,1,0,0,"- ","- ",,,SONOMA,"SANTA ROSA",-122.71745987,38.414299980000003
6597404,2014,2014-09-04,4905,2014-07-21,1744,SR401,10608,1,5,6,4905,0,0,0,,0,008,"PETALUMA HILL RD","ASTON AV",50.00,S,N,A,-,N,,,,,,,,,,N,4,0,2,3,A,-,03,22350,,N,A,C,A,A,H,-,A,A,0,,,,,Y,,D,22,0,0,2,0,0,0,0,0,0,"- ","- ",,,SONOMA,"SANTA ROSA",-122.70811681000001,38.423725310000002
6597433,2014,2016-04-14,4905,2014-06-11,1610,SR397,10601,3,5,6,4905,0,0,0,,0,001,"HOPPER AV","RT 101",24.00,W,N,A,-,Y,SON,4,101,-,-,23.370,R,4,S,N,3,0,1,2,A,-,10,21950,A,N,G,B,C,A,H,-,A,A,0,Y,,,,Y,,D,22,0,1,0,0,1,0,0,0,0,"- ",SF,,,SONOMA,"SANTA ROSA",-122.73568336,38.481449959999999
6597435,2014,2014-09-12,4905,2014-06-26,1229,SR383,10607,4,5,6,4905,0,0,0,,0,007,"STONY POINT RD","S HEARN AV",200.00,S,N,A,-,N,,,,,,,,,,N,4,0,1,4,A,-,03,22350,,M,C,C,A,A,H,-,A,A,0,,,,,Y,,A,07,0,0,1,0,0,0,0,0,0,"- ","- ",,,SONOMA,"SANTA ROSA",-122.7413976,38.411540809999998
6598923,2014,2014-08-29,4905,2014-07-31,1117,SR284,10601,4,5,6,4905,0,0,0,,0,001,"CLEVELAND AV","FRANCES ST",0.00,,Y,A,-,N,,,,,,,,,,N,4,0,1,2,A,-,05,21650,1,N,D,G,A,A,H,-,A,A,0,,Y,,,Y,,L,04,0,0,1,0,0,0,1,0,0,"- ","- ",,,SONOMA,"SANTA ROSA",-122.72648992000001,38.450279909999999
6599194,2014,2016-05-14,4908,2014-08-15,1310,1543,15,5,5,5,4908,0,0,0,,0,001,"LAKEVIEW HWY","CASA GRANDE RD",60.00,E,N,A,-,Y,SON,4,116,-,-,35.770,H,-,W,Y,4,0,1,2,A,-,03,22350,,N,C,C,A,A,H,-,A,A,0,,,,Y,Y,,G,24,0,0,1,0,0,0,0,0,0,"- ","- ",,,SONOMA,PETALUMA,-122.6038133,38.233759970000001
6599767,2014,2014-09-09,9360,2014-08-14,1540,18790,,4,2,9,4900,0,3,5,,2,004,"SCHULTZ RD","BRISTOL RD",1056.00,N,N,A,-,N,,,,,,,,,,N,2,0,1,2,A,-,03,22350,,F,B,G,A,A,H,-,A,D,0,,Y,,,Y,,A,08,1,0,0,0,0,0,1,0,0,"- ","- ",38.400930000000002,-122.57554,SONOMA,UNINCORPORATED,-122.57421208,38.400655620000002
6599886,2014,2014-09-05,4908,2014-08-14,1407,2926,1,4,5,5,4908,0,0,0,,0,003,"EAST WASHINGTON ST","GREY ST",220.00,W,N,A,-,N,,,,,,,,,,N,3,0,1,2,A,-,10,21950,A,N,G,B,C,A,H,-,A,A,0,Y,,,,Y,,A,01,0,1,0,0,1,0,0,0,0,"- ","- ",,,SONOMA,PETALUMA,-122.639678,38.236170000000001
6599956,2014,2014-10-02,9325,2014-08-14,0810,013433,,4,1,9,4900,0,2,4,,2,054,"ARNOLD DR","LEVERONI RD",1162.00,N,N,B,-,N,,,,,,,,,,Y,4,0,1,4,A,-,03,22350,,N,C,C,A,A,H,-,A,D,0,,,,,Y,,D,22,0,0,1,0,0,0,0,0,0,"- ","- ",38.275759999999998,-122.4905,SONOMA,UNINCORPORATED,-122.49041502999999,38.275333019999998
6600950,2014,2016-05-28,9360,2014-08-08,1604,014773,,5,2,9,4900,0,1,2,,2,030,"RT 101","AIRPORT BL",1390.00,S,N,A,-,Y,SON,4,101,-,-,26.283,R,1,S,Y,4,0,1,3,A,-,03,22350,,N,C,C,A,A,D,-,A,A,1,,,,,Y,,A,01,0,0,1,0,0,0,0,0,0,FR,"- ",38.5105,-122.77528,SONOMA,UNINCORPORATED,-122.77501684000001,38.510631910000001
6602127,2014,2014-09-09,4905,2014-06-27,1915,SR8703,0,5,5,6,4905,0,0,0,,0,,"STEELE WY","GUERNEVILLE RD",15.00,S,N,A,-,N,,,,,,,,,,Y,3,0,2,2,A,-,08,22107,,N,D,C,A,A,H,-,A,A,0,,,,,Y,,A,01,0,2,0,0,0,0,0,0,0,"- ","- ",,,SONOMA,"SANTA ROSA",-122.72677,38.460000000000001
6602583,2014,2014-09-05,4905,2014-05-18,2016,SR475,10606,7,5,6,4905,0,0,0,,0,006,"YULUPA AV","NEOTOMAS AV",800.00,S,N,A,-,N,,,,,,,,,,Y,4,0,1,1,A,-,08,22107,,N,E,I,A,A,H,-,A,D,0,,,,,Y,,A,01,0,0,1,0,0,0,0,0,0,"- ","- ",,,SONOMA,"SANTA ROSA",-122.66689770000001,38.426127970000003
6603106,2014,2016-05-17,4905,2014-07-07,1052,SR185,10605,1,5,6,4905,0,0,0,,0,005,"STONY POINT RD","OCCIDINTAL RD",300.00,S,N,B,-,Y,SON,4,12,-,R,14.255,R,4,W,Y,4,0,2,3,C,-,18,,,N,C,C,A,A,H,-,A,D,0,,,,,Y,,-,"- ",0,0,2,0,0,0,0,0,0,"- ","- ",,,SONOMA,"SANTA ROSA",-122.74526164,38.429895500000001
6603272,2014,2014-09-03,4905,2014-08-04,1404,SR292,10601,1,5,6,4905,0,0,0,,0,001,"COFFEY LN","HOPPER AV",900.00,S,N,A,-,N,,,,,,,,,,Y,4,0,1,4,A,-,08,22107,,N,C,C,A,A,H,-,A,D,0,,,,,Y,,A,01,0,0,1,0,0,0,0,0,0,"- ","- ",,,SONOMA,"SANTA ROSA",-122.74707746,38.477238030000002
6603274,2014,2014-09-03,4905,2014-08-06,0220,SR479,10604,3,5,6,4905,0,0,0,,0,004,"JEREMY CT","CHANATE RD",5.00,E,N,C,-,N,,,,,,,,,,Y,4,0,1,1,A,-,03,22350,,N,E,I,A,B,H,-,C,D,0,,,,,Y,Y,A,01,0,0,1,0,0,0,0,0,0,"- ","- ",,,SONOMA,"SANTA ROSA",-122.69418912,38.472363719999997
6603277,2014,2014-09-03,4905,2014-08-12,1848,SR394,10606,2,5,6,4905,0,0,0,,0,006,"SONOMA AV","EDGEMONT WY",260.00,W,N,A,-,N,,,,,,,,,,Y,4,0,1,2,A,-,01,23152,A,N,B,E,A,A,H,-,A,D,0,,,,,Y,Y,A,01,0,0,1,0,0,0,0,0,0,"- ","- ",,,SONOMA,"SANTA ROSA",-122.68050710999999,38.446493940000003
6603278,2014,2014-09-03,4905,2014-08-14,1634,SR8703,10608,4,5,6,4905,0,0,0,,0,008,"FARMERS LN","PATIO CT",100.00,S,N,A,-,N,,,,,,,,,,Y,4,0,2,2,A,-,03,22350,,N,C,C,A,A,H,-,A,D,0,,,,,Y,,A,01,0,0,2,0,0,0,0,0,0,"- ","- ",,,SONOMA,"SANTA ROSA",-122.68722724,38.44142738
6606294,2014,2014-10-14,4908,2014-06-07,2207,1543,15,6,5,5,4908,0,0,0,,0,001,"LAKEVILLE HWY","S MCDOWELL BL ET",78.00,E,N,A,-,Y,SON,4,116,-,-,36.080,H,-,E,Y,1,1,2,2,A,-,01,23153,A,N,A,C,A,A,H,-,C,D,0,,,,,Y,Y,A,01,1,1,0,0,0,0,0,0,0,"- ","- ",,,SONOMA,PETALUMA,-122.59867752,38.234183420000001
6608003,2014,2014-09-08,9360,2014-08-17,1320,018859,,7,1,9,4900,0,2,4,,1,038,"OCCIDINTAL RD","MILL STATION RD",0.00,,Y,A,-,N,,,,,,,,,,Y,3,0,1,2,A,-,09,21801,A,N,D,C,A,A,H,-,A,D,0,,,Y,,Y,,A,01,0,1,0,0,0,0,0,0,1,"- ","- ",38.420000000000002,-122.87479,SONOMA,UNINCORPORATED,-122.87475000000001,38.419989970000003
6609446,2014,2016-05-17,4907,2014-08-12,1140,SD1430,10703,2,5,2,4907,0,0,0,,0,SO1,"W NAPA ST","7TH ST W",140.00,W,N,A,-,Y,SON,4,12,-,-,36.770,H,-,E,N,3,0,1,2,A,-,"- ",,,N,D,G,A,A,H,-,A,A,0,,Y,,,Y,,L,04,0,1,0,0,0,0,1,0,0,"- ","- ",,,SONOMA,SONOMA,-122.47197957,38.293307050000003
6610613,2014,2014-09-24,4904,2014-08-30,2020,405,,6,5,4,4904,0,0,0,,0,001,"SNYDER LN","GOLF COURSE DR",0.00,,Y,A,-,N,,,,,,,,,,N,4,0,1,2,A,-,12,21453,A,N,D,C,A,A,H,-,C,A,0,,,,,Y,,A,01,0,0,1,0,0,0,0,0,0,"- ","- ",,,SONOMA,"ROHNERT PARK",-122.68582988,38.36726994
6614814,2014,2016-05-25,9360,2014-08-21,0600,016045,,4,1,9,4900,0,1,3,,1,013,"RT 116","FOOTHILL DR",1320.00,W,N,B,-,Y,SON,4,116,-,-,7.020,H,-,W,N,2,0,1,1,A,-,08,22107,,N,F,A,A,A,H,-,A,D,0,,,Y,,Y,,C,02,1,0,0,0,0,0,0,0,1,"- ","- ",38.474719999999998,-123.01734,SONOMA,UNINCORPORATED,-123.01951089000001,38.47572246
6614818,2014,2016-05-28,9360,2014-08-19,1515,19366,,2,2,9,4900,0,1,2,,2,040,"RT 101","TODD RD",5808.00,N,N,A,-,Y,SON,4,101,-,-,17.640,H,-,N,Y,3,0,1,2,A,-,03,22350,,N,C,C,A,A,H,-,A,D,1,,,,,Y,,A,01,0,1,0,0,0,0,0,0,0,"- ","- ",38.390079999999998,-122.71590999999999,SONOMA,UNINCORPORATED,-122.71597361000001,38.402256219999998
6615926,2014,2014-10-01,4908,2014-09-02,1831,2697,13,2,5,5,4908,0,0,0,,0,001,"CAULFIELD LN","SOUTH MCDOWELL BL",45.00,W,N,A,-,N,,,,,,,,,,Y,4,0,1,2,A,-,21,22106,,N,C,C,A,A,H,-,A,A,0,,,,,Y,,A,01,0,0,1,0,0,0,0,0,0,"- ","- ",,,SONOMA,PETALUMA,-122.61524154,38.243069660000003
6616077,2014,2016-05-28,9360,2014-08-04,0956,13513,,1,1,6,4905,0,1,2,,2,040,"RT 101","COLLEGE AV",1056.00,S,N,A,-,Y,SON,4,101,-,-,20.560,H,-,S,Y,4,0,1,3,A,-,07,21658,A,N,C,C,A,A,H,-,A,D,1,,,,Y,Y,,A,01,0,0,1,0,0,0,0,0,0,"- ","- ",38.442689999999999,-122.72206,SONOMA,"SANTA ROSA",-122.72229968000001,38.44320647
6617847,2014,2016-05-24,9350,2014-08-22,1430,019651,,5,2,9,4900,0,1,3,,2,137,"RT 37","RT 121",2112.00,W,N,A,-,Y,SON,4,37,-,-,3.500,H,-,E,Y,3,0,1,1,A,-,03,22350,,N,F,A,A,A,H,-,A,D,0,,,Y,,Y,,C,02,0,1,0,0,0,0,0,0,1,"- ","- ",38.14667,-122.45533,SONOMA,UNINCORPORATED,-122.45502887000001,38.146927220000002
6619708,2014,2014-09-19,9360,2014-08-18,0825,014455,,1,1,9,4900,0,2,4,,1,042,"PETALUMA HILL RD","ADOBE RD",500.00,N,N,B,C,N,,,,,,,,,,Y,4,0,2,4,A,-,03,22350,,N,C,C,A,B,H,-,A,D,0,,,,,Y,,A,07,0,0,2,0,0,0,0,0,0,"- ","- ",38.180959999999999,-122.39987000000001,SONOMA,UNINCORPORATED,-122.66646776,38.301153450000001
6620180,2014,2014-09-23,4908,2014-08-28,1254,2697,9,4,5,5,4908,0,0,0,,0,004,"TRANSPORT WY","COMMERCE ST",0.00,,Y,A,-,N,,,,,,,,,,Y,3,0,1,2,A,-,09,21804,,N,D,C,A,A,H,-,A,D,0,,,,,Y,,A,07,0,1,0,0,0,0,0,0,0,"- ","- ",,,SONOMA,PETALUMA,-122.64209988,38.255629929999998
6620755,2014,2016-05-14,9360,2014-08-26,1605,19366,,2,2,9,4900,0,1,3,,1,041,"RT 12","HOFF RD",8.00,W,N,A,-,Y,SON,4,12,-,-,25.770,I,5,E,Y,3,0,1,2,A,-,06,21751,,N,C,A,A,A,D,H,A,A,0,,,,,Y,,A,01,0,1,0,0,0,0,0,0,0,"- ","- ",38.421689999999998,-122.56089,SONOMA,UNINCORPORATED,-122.55989149,38.427699580000002
6623983,2014,2014-10-02,4908,2014-09-10,1350,1543,10,3,5,5,4908,0,0,0,,0,004,"RAINIER AV","SONOMA MOUNTAIN  PKWY",0.00,,Y,A,-,N,,,,,,,,,,N,4,0,1,2,A,-,09,21801,A,N,D,C,A,A,H,-,A,A,0,,,,,Y,,A,01,0,0,1,0,0,0,0,0,0,"- ","- ",,,SONOMA,PETALUMA,-122.62961987,38.262489969999997
6625999,2014,2015-01-09,4904,2014-08-22,1512,368,4904,5,5,4,4904,0,0,0,,0,003,"BODWAY PKWY","MAURICE AV",0.00,,Y,A,-,N,,,,,,,,,,N,4,0,1,2,A,-,09,21802,A,N,D,C,A,A,H,-,A,A,0,,,,,Y,,A,07,0,0,1,0,0,0,0,0,0,"- ","- ",,,SONOMA,"ROHNERT PARK",-122.67805992,38.334549930000001
6626296,2014,2016-05-28,9360,2014-08-20,1440,16577,,3,2,9,4900,0,1,2,,1,060,"RT 101","SAN ANTONIO RD",528.00,N,N,A,-,Y,SON,4,101,-,-,0.290,H,-,N,Y,4,0,1,2,A,-,03,22350,,N,C,C,A,A,D,-,A,D,0,,,,,Y,,D,23,0,0,1,0,0,0,0,0,0,"- ","- ",38.193210000000001,-122.60017999999999,SONOMA,UNINCORPORATED,-122.60100244,38.189489479999999
6626333,2014,2016-05-28,9360,2014-09-01,1200,014455,,1,1,5,4908,0,1,2,,1,060,"RT 101","CAULFIELD LN",10.00,S,N,A,-,Y,SON,4,101,-,-,3.980,H,-,S,N,4,0,2,3,A,-,03,22350,,N,C,C,A,A,H,-,A,D,1,,,,,Y,,D,22,0,0,2,0,0,0,0,0,0,"- ","- ",38.237549999999999,-122.62016,SONOMA,PETALUMA,-122.62022498,38.237572440000001
6626397,2014,2014-10-09,9360,2014-09-13,1025,014773,,6,1,9,4900,0,3,5,,2,003,"LOS AMIGOS RD","MILL CREEK RD",0.00,,Y,A,-,N,,,,,,,,,,N,4,0,1,2,A,-,03,22350,,N,C,G,A,A,H,-,A,D,0,,Y,,,Y,,L,04,0,0,1,0,0,0,1,0,0,"- ","- ",38.580199999999998,-122.83807,SONOMA,UNINCORPORATED,,
6627248,2014,2016-06-16,9360,2014-09-03,1605,016045,,3,2,9,4900,0,1,2,,2,040,"RT 101","TODD RD",2640.00,N,N,A,-,Y,SON,4,101,-,-,17.040,H,-,S,Y,4,0,1,2,A,-,07,21658,A,N,B,C,A,A,H,-,A,D,1,,,,,Y,,A,01,0,0,1,0,0,0,0,0,0,"- ","- ",38.393079999999998,-122.71635000000001,SONOMA,UNINCORPORATED,-122.71626757999999,38.393534760000001
6627862,2014,2016-05-14,9360,2014-09-08,1730,18828,,1,2,9,4900,0,1,2,,2,030,"RT 101","RIVER RD",2693.00,S,N,A,-,Y,SON,4,101,-,-,24.320,H,-,S,Y,4,0,2,3,A,-,03,22350,,N,C,C,A,A,H,-,A,D,1,,,,,Y,,J,48,0,0,2,0,0,0,0,0,0,"- ","- ",38.490920000000003,-122.74917000000001,SONOMA,UNINCORPORATED,-122.74865062000001,38.490649500000004
6628717,2014,2014-10-30,4904,2014-09-01,1210,337,,1,5,4,4904,0,0,0,,0,,"LIMAN WY","8508 LIMAN WY",23.00,S,N,A,-,N,,,,,,,,,,N,3,0,1,2,A,-,05,21650,,N,A,E,A,A,H,-,A,A,0,,,,,Y,Y,A,01,0,1,0,0,0,0,0,0,0,"- ","- ",,,SONOMA,"ROHNERT PARK",,
6628740,2014,2014-10-30,4908,2014-09-12,1244,1543,3,5,5,5,4908,0,0,0,,0,002,"LAKEVILLE ST","WILSON ST",0.00,,Y,A,-,N,,,,,,,,,,N,4,0,1,2,A,-,03,22350,,N,C,C,A,A,H,-,A,D,0,,,,,Y,,A,01,0,0,1,0,0,0,0,0,0,"- ","- ",,,SONOMA,PETALUMA,-122.62940991000001,38.235609959999998
6628760,2014,2014-10-30,4908,2014-09-12,1251,2697,3,5,5,5,4908,0,0,0,,0,002,"WILSON ST","LAKEVILLE ST",30.00,N,N,A,-,N,,,,,,,,,,N,4,0,1,2,A,-,21,22106,,N,C,C,A,A,H,-,A,A,0,,,,,Y,,A,01,0,0,1,0,0,0,0,0,0,"- ","- ",,,SONOMA,PETALUMA,-122.62942483,38.23569157
6628942,2014,2014-10-01,4904,2014-08-24,1045,343,,7,5,4,4904,0,0,0,,0,002,"SNYDER LN","CAMINO CORTO",0.00,,Y,A,-,N,,,,,,,,,,N,4,0,1,2,A,-,09,21804,A,N,D,C,A,A,H,-,A,A,0,,,,,Y,,-,,0,0,1,0,0,0,0,0,0,"- ","- ",,,SONOMA,"ROHNERT PARK",-122.68547998,38.341569939999999
6629079,2014,2016-05-14,9360,2014-08-23,0300,017693,,6,3,9,4900,0,1,3,,1,063,"RT 1","MIDDLE RD",800.00,S,N,B,-,Y,SON,4,1,-,-,0.900,H,-,N,Y,3,0,1,1,A,-,08,22107,,M,E,I,A,A,H,-,D,D,0,,,,,Y,Y,A,01,0,1,0,0,0,0,0,0,0,"- ","- ",38.191020000000002,-122.55062,SONOMA,UNINCORPORATED,-122.90840204,38.320995570000001
6629115,2014,2014-09-29,9360,2014-08-18,2055,018520,,1,2,9,4900,0,2,4,,1,032,"RIVER RD","BARNES RD",0.00,,Y,A,-,N,,,,,,,,,,Y,4,0,1,2,A,-,09,21801,A,N,D,C,A,A,H,-,D,D,0,,,,,Y,,A,07,0,0,1,0,0,0,0,0,0,"- ","- ",38.496409999999997,-122.76057,SONOMA,UNINCORPORATED,-122.76059997999999,38.496400000000001
6629243,2014,2014-11-03,4908,2014-09-16,1705,2939,13,2,5,5,4908,0,0,0,,0,001,"LAKEVILLE HWY","BAYWOOD DR",5.00,E,N,A,-,Y,,,,,,,,,,N,4,0,2,2,A,-,03,22350,,N,C,C,A,A,H,-,A,A,0,,,,,Y,,A,01,0,0,2,0,0,0,0,0,0,"- ","- ",,,SONOMA,PETALUMA,-122.61416266000001,38.23300124
6630890,2014,2014-11-04,4908,2014-09-15,1906,2173,,1,5,5,4908,0,0,0,,0,003,"BODEGA AV","WEBSTER ST",45.00,E,N,B,-,N,,,,,,,,,,Y,4,0,1,2,A,-,03,22350,,N,-,C,A,A,H,-,B,A,0,,,Y,,Y,,A,01,0,0,1,0,0,0,0,0,1,"- ","- ",,,SONOMA,PETALUMA,-122.65356336000001,38.234455930000003
6639101,2014,2014-11-03,9360,2014-09-13,0947,017693,,6,1,9,4900,0,2,4,,1,052,"SEBASTOPOL AV","WEST AV",85.00,E,N,A,-,N,,,,,,,,,,Y,3,0,1,3,A,-,01,23152,A,N,A,C,A,A,H,-,A,D,0,,,Y,,Y,Y,A,01,0,1,0,0,0,0,0,0,1,"- ","- ",,,SONOMA,UNINCORPORATED,-122.72862447,38.429843810000001
6639108,2014,2016-03-01,9360,2014-09-07,0950,020136,,7,1,9,4900,0,2,4,,1,034,"FULTON RD","B ST",0.00,,Y,A,-,N,,,,,,,,,,Y,2,0,1,2,A,-,08,22107,,N,B,C,A,A,H,-,A,A,0,,,Y,,Y,,A,01,1,0,0,0,0,0,0,0,1,"- ","- ",38.495829999999998,-122.76998,SONOMA,UNINCORPORATED,-122.77008996000001,38.495639990000001
6642934,2014,2014-10-16,4905,2014-09-02,1452,SR346,10607,2,5,6,4905,0,0,0,,0,007,"STONY POINT RD","SEBASTOPOL RD",250.00,N,N,A,-,N,,,,,,,,,,N,4,0,1,2,A,-,08,22107,,N,C,G,A,A,H,-,A,D,0,,Y,,,Y,,L,04,0,0,1,0,0,0,1,0,0,"- ","- ",,,SONOMA,"SANTA ROSA",-122.74141298000001,38.427544939999997
6642950,2014,2014-10-16,4905,2014-09-03,0835,SR371,10608,3,5,6,4905,0,0,0,,0,008,"PETALUMA HILL RD","PRESSLEY ST",30.00,S,N,B,-,N,,,,,,,,,,Y,4,0,1,2,A,-,03,22350,,N,C,C,A,A,H,-,A,D,0,,,,,Y,,A,01,0,0,1,0,0,0,0,0,0,"- ","- ",,,SONOMA,"SANTA ROSA",-122.71034593,38.427535239999997
6642997,2014,2014-11-14,4905,2014-10-05,1756,SR422,10603,7,5,6,4905,0,0,0,,0,003,"GUERNEVILLE RD","GAMAY ST",0.00,,Y,A,-,N,,,,,,,,,,Y,2,0,3,2,A,-,09,21801,A,N,D,C,A,A,H,-,A,A,0,,,,,Y,,A,01,1,0,2,0,0,0,0,0,0,"- ","- ",,,SONOMA,"SANTA ROSA",-122.75677994999999,38.452529939999998
6643851,2014,2015-01-20,9360,2014-11-25,2110,019744,,2,2,9,4900,0,3,5,,2,003,"FERGUSON RD","MILL STATION RD",528.00,S,N,A,-,N,,,,,,,,,,Y,3,0,1,1,A,-,01,23152,A,N,E,I,A,A,H,-,D,D,0,,,,,Y,Y,D,22,0,1,0,0,0,0,0,0,0,"- ","- ",38.409680000000002,-122.86700999999999,SONOMA,UNINCORPORATED,-122.86770833,38.409520039999997
6644045,2014,2016-06-18,9360,2014-11-19,1805,15434,,3,2,9,4900,0,1,3,,1,051,"RT 12","MORRIS ST",1584.00,E,N,B,-,Y,SON,4,12,-,-,9.900,H,-,W,Y,4,0,2,3,A,-,09,21801,A,N,D,C,A,B,H,-,C,D,0,,,,,Y,,A,07,0,0,2,0,0,0,0,0,0,"- ","- ",38.403829999999999,-122.8154,SONOMA,UNINCORPORATED,-122.81305858,38.404547430000001
6646235,2014,2014-10-13,9360,2014-09-17,1240,15434,,3,1,9,4900,0,2,4,,1,055,"HESSEL RD","HUTCHINSON RD",0.00,,Y,A,-,N,,,,,,,,,,N,4,0,1,2,A,-,05,21460,A,N,B,C,A,A,H,-,A,D,0,,,,,Y,,A,01,0,0,1,0,0,0,0,0,0,"- ","- ",38.355119999999999,-122.77833,SONOMA,UNINCORPORATED,-122.77827997999999,38.355099930000002
6648283,2014,2014-11-24,4908,2014-10-04,1154,2931,7,6,5,5,4908,0,0,0,,0,004,"NORTH MCDOWELL BL","CORONA RD",0.00,,Y,A,-,N,,,,,,,,,,N,4,0,1,2,A,-,03,22350,,N,C,C,A,A,H,-,A,A,0,,,,,Y,,A,01,0,0,1,0,0,0,0,0,0,"- ","- ",,,SONOMA,PETALUMA,-122.65689994,38.266679889999999
6648416,2014,2014-10-21,4905,2014-09-03,1755,SR8703,10602,3,5,6,4905,0,0,0,,0,002,"NORTH ST","CARR ST",0.00,,Y,A,-,N,,,,,,,,,,Y,4,0,1,2,A,-,09,21802,A,N,D,C,A,A,H,-,A,D,0,,,,,Y,Y,D,22,0,0,1,0,0,0,0,0,0,"- ","- ",,,SONOMA,"SANTA ROSA",-122.70797992,38.456289949999999