CASE_ID,ACCIDENT_YEAR,PROC_DATE,JURIS,COLLISION_DATE,COLLISION_TIME,OFFICER_ID,REPORTING_DISTRICT,DAY_OF_WEEK,CHP_SHIFT,POPULATION,CNTY_CITY_LOC,SPECIAL_COND,BEAT_TYPE,CHP_BEAT_TYPE,CITY_DIVISION_LAPD,CHP_BEAT_CLASS,BEAT_NUMBER,PRIMARY_RD,SECONDARY_RD,DISTANCE,DIRECTION,INTERSECTION,WEATHER_1,WEATHER_2,STATE_HWY_IND,CALTRANS_COUNTY,CALTRANS_DISTRICT,STATE_ROUTE,ROUTE_SUFFIX,POSTMILE_PREFIX,POSTMILE,LOCATION_TYPE,RAMP_INTERSECTION,SIDE_OF_HWY,TOW_AWAY,COLLISION_SEVERITY,NUMBER_KILLED,NUMBER_INJURED,PARTY_COUNT,PRIMARY_COLL_FACTOR,PCF_CODE_OF_VIOL,PCF_VIOL_CATEGORY,PCF_VIOLATION,PCF_VIOL_SUBSECTION,HIT_AND_RUN,TYPE_OF_COLLISION,MVIW,PED_ACTION,ROAD_SURFACE,ROAD_COND_1,ROAD_COND_2,LIGHTING,CONTROL_DEVICE,CHP_ROAD_TYPE,PEDESTRIAN_ACCIDENT,BICYCLE_ACCIDENT,MOTORCYCLE_ACCIDENT,TRUCK_ACCIDENT,NOT_PRIVATE_PROPERTY,ALCOHOL_INVOLVED,STWD_VEHTYPE_AT_FAULT,CHP_VEHTYPE_AT_FAULT,COUNT_SEVERE_INJ,COUNT_VISIBLE_INJ,COUNT_COMPLAINT_PAIN,COUNT_PED_KILLED,COUNT_PED_INJURED,COUNT_BICYCLIST_KILLED,COUNT_BICYCLIST_INJURED,COUNT_MC_KILLED,COUNT_MC_INJURED,PRIMARY_RAMP,SECONDARY_RAMP,LATITUDE,LONGITUDE,COUNTY,CITY,POINT_X,POINT_Y
6779284,2014,2016-06-18,9350,2014-12-18,2004,019352,,4,2,9,4900,0,1,3,,2,137,"RT 37","RT 121",3696.00,W,N,A,-,Y,SON,4,37,-,-,3.200,H,-,E,Y,4,0,1,2,A,-,03,22350,,N,C,C,A,A,H,-,C,D,0,,,,,Y,,A,01,0,0,1,0,0,0,0,0,0,"- ","- ",38.145139999999998,-122.45783,SONOMA,UNINCORPORATED,-122.45945655,38.1441801
6779541,2014,2015-02-11,4904,2014-12-20,1549,368,,6,5,4,4904,0,0,0,,0,003,"BODWAY PKWY","VALLEY HOUSE DR",500.00,S,N,B,-,N,,,,,,,,,,N,4,0,1,1,D,-,00,,,N,E,I,A,B,H,-,A,D,0,,,,,Y,,-,"- ",0,0,1,0,0,0,0,0,0,"- ","- ",,,SONOMA,"ROHNERT PARK",-122.67621,38.321399999999997
6779670,2014,2016-06-18,4906,2014-11-14,1537,406,4906,5,5,2,4906,0,0,0,,0,,"RT 116","REDWOOD AV",257.00,N,N,A,-,Y,SON,4,116,-,-,27.660,H,-,W,N,3,0,1,2,A,-,09,21804,A,N,G,B,F,A,H,-,A,A,0,Y,,,,Y,,A,01,0,1,0,0,1,0,0,0,0,"- ","- ",38.392119999999998,-122.81732,SONOMA,SEBASTOPOL,-122.81623635,38.390443959999999
6780582,2014,2015-01-26,4905,2014-11-20,2032,SR8703,10607,4,5,6,4905,0,0,0,,0,007,"BARHAM AV","TARA DR",220.00,E,N,A,-,N,,,,,,,,,,Y,3,0,3,3,A,-,09,21804,A,N,D,C,A,B,H,-,D,D,0,,,,,Y,,A,01,0,2,1,0,0,0,0,0,0,"- ","- ",,,SONOMA,"SANTA ROSA",-122.72208529,38.426286179999998
6780594,2014,2015-01-26,4905,2014-11-23,1737,SR5959,10606,7,5,6,4905,0,0,0,,0,006,"YULUPA AV","BETHARDS DR",330.00,N,N,A,-,N,,,,,,,,,,Y,4,0,3,2,A,-,09,21804,A,N,D,C,A,A,H,-,C,D,0,,,,,Y,,A,01,0,0,3,0,0,0,0,0,0,"- ","- ",,,SONOMA,"SANTA ROSA",-122.66765252,38.426740430000002
6780614,2014,2015-01-26,4905,2014-11-27,1308,SR487,10602,4,5,6,4905,0,0,0,,0,002,"4TH ST","TALBOT AV",0.00,,Y,A,-,N,,,,,,,,,,Y,4,0,3,2,A,-,03,22350,,N,C,C,A,A,H,-,A,D,0,,,,,Y,,A,01,0,0,3,0,0,0,0,0,0,"- ","- ",,,SONOMA,"SANTA ROSA",-122.70089998,38.447529930000002
6780633,2014,2016-06-18,4905,2014-11-05,1217,SR8705,10605,3,5,6,4905,0,0,0,,0,005,"DUTTON AV","RT 12",0.00,,Y,A,-,Y,SON,4,12,-,R,15.444,R,2,E,N,4,0,1,2,A,-,04,21703,,N,C,C,A,A,H,-,A,A,0,,,Y,,Y,,C,02,0,0,1,0,0,0,0,0,1,"- ",EF,,,SONOMA,"SANTA ROSA",-122.72389552999999,38.433246990000001
6780634,2014,2015-01-26,4905,2014-11-22,1151,SR415,10603,6,5,6,4905,0,0,0,,0,003,"NORTHCOAST ST","TAN OAK CT",0.00,,Y,A,-,N,,,,,,,,,,Y,4,0,2,2,A,-,08,22107,,N,B,C,A,A,H,-,A,D,0,,,,,Y,,A,01,0,0,2,0,0,0,0,0,0,"- ","- ",,,SONOMA,"SANTA ROSA",-122.74115994,38.458909990000002
6782428,2014,2015-02-17,9360,2014-12-27,1525,18196,,6,2,2,4902,0,1,2,,2,050,"RT 101 S","RT 116",125.00,N,N,A,-,Y,,,,,,,,,,Y,2,0,1,5,A,-,03,22350,,N,C,C,A,A,H,-,A,A,0,,,,,Y,,A,01,1,0,0,0,0,0,0,0,0,TO,"- ",38.195450000000001,-122.42484,SONOMA,COTATI,,
6782738,2015,2016-10-17,9360,2015-01-06,1435,016045,,2,2,9,4900,0,3,5,,2,005,"LLANO RD","RT 116",70.00,N,N,A,-,Y,SON,4,116,-,-,31.150,I,6,W,Y,3,0,1,1,A,-,08,22107,,N,E,I,A,A,H,-,A,D,0,,,,,Y,,A,01,0,1,0,0,0,0,0,0,0,"- ","- ",38.358339999999998,-122.77289,SONOMA,UNINCORPORATED,-122.76991486,38.358172539999998
6782801,2015,2015-02-23,9360,2015-01-04,0938,16223,,7,1,9,4900,0,2,4,,1,022,"OLD REDWOOD HWY","ALBA LN",486.00,S,N,B,-,N,,,,,,,,,,N,4,0,1,1,A,-,03,22350,,N,F,I,A,A,H,-,A,D,0,,,Y,,Y,,C,02,0,0,1,0,0,0,0,0,1,"- ","- ",38.488970000000002,-122.73773,SONOMA,UNINCORPORATED,-122.73678755,38.488228239999998
6783024,2015,2015-02-25,4907,2015-01-05,0610,SD2310,10703,1,5,2,4907,0,0,0,,0,SO1,"WEST MACARTHUR ST","MANOR DR",141.00,W,N,A,-,N,,,,,,,,,,Y,4,0,1,2,A,-,03,22350,,N,C,C,A,A,H,-,C,D,0,,,,Y,Y,,A,01,0,0,1,0,0,0,0,0,0,"- ","- ",,,SONOMA,SONOMA,-122.4659477,38.285427419999998
6785421,2015,2016-10-17,9360,2015-01-03,0825,20082,,6,1,9,4900,0,1,3,,1,053,"RT 116","STONY POINT RD",0.00,,Y,B,E,Y,SON,4,116,-,-,33.610,I,5,E,Y,4,0,2,2,A,-,12,21453,A,N,D,C,A,A,H,-,A,A,0,,,,,Y,,A,01,0,0,2,0,0,0,0,0,0,"- ","- ",38.334029999999998,-122.73856000000001,SONOMA,UNINCORPORATED,-122.73832331,38.334563160000002
6790205,2015,2015-02-24,4908,2015-01-07,0805,1543,9,3,5,5,4908,0,0,0,,0,004,"SONOMA MOUNTAIN  PKWY","RAINIER AV",705.00,N,N,A,-,N,,,,,,,,,,Y,4,0,1,2,A,-,03,22350,,N,C,C,A,A,H,-,A,D,0,,,,,Y,,A,01,0,0,1,0,0,0,0,0,0,"- ","- ",,,SONOMA,PETALUMA,-122.63161952999999,38.263614769999997
6793026,2015,2015-02-19,9360,2015-01-10,2230,020038,,6,3,9,4900,0,2,4,,1,024,"CALISTOGA RD","PORTER CREEK RD",5280.00,S,N,A,-,N,,,,,,,,,,Y,3,0,1,1,A,-,08,22107,,N,E,I,A,A,H,-,D,D,0,,,,,Y,,A,01,0,1,0,0,0,0,0,0,0,"- ","- ",,,SONOMA,UNINCORPORATED,-122.64825457000001,38.540928579999999
6794995,2015,2016-10-20,9360,2015-01-13,1710,18520,9360,2,2,6,4905,0,1,2,,2,040,"RT 101","RT 12",155.00,N,N,A,-,Y,SON,4,101,-,-,19.710,H,-,S,Y,3,0,1,4,A,-,03,22350,,N,C,C,A,A,H,-,A,D,1,,,,,Y,,A,07,0,1,0,0,0,0,0,0,0,"- ","- ",38.419370000000001,-122.71574,SONOMA,"SANTA ROSA",-122.71584381,38.431969590000001
6794999,2015,2016-10-26,9360,2015-01-09,1509,19359,,5,2,4,4904,0,1,2,,2,050,"RT 101","GOLF COURSE DR",600.00,S,N,A,-,Y,SON,4,101,-,-,14.770,H,-,N,Y,4,0,1,3,A,-,03,22350,,N,C,C,A,A,H,-,A,D,1,,,,,Y,,A,01,0,0,1,0,0,0,0,0,0,"- ","- ",38.359789999999997,-122.71315,SONOMA,"ROHNERT PARK",-122.71288792,38.361079050000001
6797602,2015,2016-10-17,9360,2015-01-18,2320,20457,,7,3,9,4900,0,3,5,,2,005,"LLANO RD","RT 116",180.00,N,N,A,-,Y,SON,4,116,-,-,31.150,I,6,W,Y,2,0,1,1,A,-,01,23152,A,N,E,I,A,A,H,-,C,D,0,,,,,Y,Y,A,01,1,0,0,0,0,0,0,0,0,"- ","- ",38.358159999999998,-122.76942,SONOMA,UNINCORPORATED,-122.76991486,38.358172539999998
6798893,2015,2016-10-26,9360,2015-01-18,1820,19359,,7,2,9,4900,0,1,3,,1,041,"RT 12","DUNBAR RD",1035.00,E,N,A,-,Y,SON,4,12,-,-,28.970,H,-,E,Y,3,0,3,2,A,-,05,21460,A,N,B,C,A,A,H,-,D,D,0,,,,,Y,,A,01,0,1,2,0,0,0,0,0,0,"- ","- ",38.390120000000003,-122.52615,SONOMA,UNINCORPORATED,-122.52655222999999,38.390356109999999
6799052,2015,2016-10-17,9360,2015-01-21,1625,016045,,3,2,9,4900,0,1,2,,2,050,"RT 101","RAILROAD AV",528.00,S,N,A,-,Y,SON,4,101,-,-,16.430,H,-,N,Y,3,0,1,1,A,-,08,22107,,N,E,I,A,A,H,-,A,D,1,,,,,Y,,A,07,0,1,0,0,0,0,0,0,0,"- ","- ",38.304589999999997,-122.70892000000001,SONOMA,UNINCORPORATED,-122.71607874999999,38.384696419999997
6804749,2015,2016-10-26,9360,2015-01-21,1659,016577,,3,2,5,4908,0,1,2,,1,060,"RT 101","PETALLUMA BLVD N",1056.00,S,N,A,-,Y,SON,4,101,-,-,7.470,H,-,N,N,4,0,1,3,A,-,03,22350,,N,C,C,A,A,H,-,A,D,1,,,,,Y,,A,01,0,0,1,0,0,0,0,0,0,"- ","- ",38.270600000000002,-122.66789,SONOMA,PETALUMA,-122.66756391,38.270330749999999
6804753,2015,2015-03-04,9360,2015-01-17,1545,019359,,6,2,9,4900,0,2,4,,1,024,"CALISTOGA RD","SAINT HELENA RD",0.00,N,N,B,-,N,,,,,,,,,,Y,3,0,2,2,A,-,05,21460,A,N,-,C,A,A,H,-,A,D,0,,,,,Y,Y,A,01,0,1,1,0,0,0,0,0,0,"- ","- ",38.507869999999997,-122.65128,SONOMA,UNINCORPORATED,-122.64985996,38.50507992
6806953,2015,2015-03-02,9360,2015-01-31,1640,20176,,6,2,9,4900,0,2,4,,1,038,"GRATON RD","HARRISON GRADE RD",45.00,E,N,A,-,N,,,,,,,,,,Y,2,0,1,1,A,-,01,23152,A,N,E,I,A,A,H,-,A,D,0,,,Y,,Y,Y,C,02,1,0,0,0,0,0,0,0,1,"- ","- ",38.416679999999999,-122.93765999999999,SONOMA,UNINCORPORATED,-122.93780402,38.416644859999998
6808267,2015,2015-03-12,4908,2015-02-06,0830,1543,9,5,5,5,4908,0,0,0,,0,004,"NORTH MCDOWELL BL","CANDLEWOOD DR",0.00,,Y,B,C,N,,,,,,,,,,Y,4,0,1,2,A,-,09,21804,A,N,D,C,A,B,H,-,A,D,0,,,,,Y,,D,22,0,0,1,0,0,0,0,0,0,"- ","- ",,,SONOMA,PETALUMA,-122.64175991,38.258059979999999
6808771,2015,2015-03-05,4908,2015-02-10,1900,3185,8,2,5,5,4908,0,0,0,,0,004,"RAINIER AV","SONOMA MOUNTAIN  PKWY",0.00,,Y,A,-,N,,,,,,,,,,Y,4,0,1,2,A,-,09,21801,A,N,B,C,A,A,H,-,C,A,0,,,,,Y,,-,"- ",0,0,1,0,0,0,0,0,0,"- ","- ",,,SONOMA,PETALUMA,-122.62961987,38.262489969999997
6813976,2014,2015-03-06,4905,2014-12-29,0406,SR470,10607,1,5,6,4905,0,0,0,,0,007,"DOWD DR","CORBY AV",350.00,N,N,E,-,N,,,,,,,,,,Y,4,0,2,2,A,-,08,22107,,M,B,C,A,A,H,-,C,D,0,,,,,Y,,A,01,0,0,2,0,0,0,0,0,0,"- ","- ",,,SONOMA,"SANTA ROSA",-122.71947,38.41367142
6814310,2015,2016-11-22,4905,2015-01-22,1756,SR473,10607,4,5,6,4905,0,0,0,,0,007,HEARN,"CORBY AV",10.00,E,N,A,-,N,,,,,,,,,,Y,3,0,1,4,A,-,01,23152,A,M,B,C,A,A,H,-,C,A,0,,,,,Y,Y,A,01,0,1,0,0,0,0,0,0,0,"- ","- ",,,SONOMA,"SANTA ROSA",-122.71742549,38.414304139999999
6814314,2015,2015-03-16,4905,2015-01-01,0750,SR284,10606,4,5,6,4905,0,0,0,,0,006,"BROOKWOOD AV","SONOMA AV",0.00,,Y,A,-,N,,,,,,,,,,N,2,0,1,1,A,-,03,22350,,N,F,A,A,A,H,-,A,A,0,,,,,Y,,J,49,1,0,0,0,0,0,0,0,0,"- ","- ",,,SONOMA,"SANTA ROSA",-122.70282987,38.440379960000001
6816163,2015,2015-03-06,9360,2015-02-03,1320,013838,,2,1,9,4900,0,2,4,,1,046,"BENNETT VALLEY RD","ENTERPRISE RD",1000.00,E,N,A,-,N,,,,,,,,,,Y,3,0,1,1,A,-,08,22107,,N,E,I,A,A,H,-,A,D,0,,,,,Y,,A,01,0,1,0,0,0,0,0,0,0,"- ","- ",38.386850000000003,-122.56881,SONOMA,UNINCORPORATED,-122.57597681,38.387878579999999
6816253,2015,2015-03-06,4908,2015-02-02,1910,2140,2,1,5,5,4908,0,0,0,,0,002,"LAKEVILLE ST","LINDBERG LN",0.00,,Y,A,-,N,,,,,,,,,,N,4,0,1,2,A,-,10,21950,A,N,-,B,B,A,H,-,C,A,0,Y,,,,Y,,A,01,0,0,1,0,1,0,0,0,0,"- ","- ",,,SONOMA,PETALUMA,-122.62558994,38.235479910000002
6818067,2015,2015-03-04,4904,2015-01-25,2253,368,,7,5,4,4904,0,0,0,,0,001,"ROHNERT PARK EXPWY","COUNTRY CLUB DR",0.00,,Y,A,-,N,,,,,,,,,,N,4,0,3,2,A,-,12,21453,A,N,A,C,A,A,H,-,C,A,0,,,,,Y,,A,07,0,0,3,0,0,0,0,0,0,"- ","- ",,,SONOMA,"ROHNERT PARK",-122.69614996999999,38.348169990000002
6820670,2015,2015-03-10,4903,2015-02-12,1613,1384,2,4,5,3,4903,0,0,0,,0,,"KINLEY DR","UTILITY POLE 64-103",111.00,W,N,A,-,N,,,,,,,,,,Y,3,0,1,2,A,-,03,22350,,N,H,A,A,A,H,-,A,D,0,,,Y,,Y,,C,02,0,1,0,0,0,0,0,0,1,"- ","- ",38.609990000000003,-122.87025,SONOMA,HEALDSBURG,,
6821505,2015,2015-03-06,9360,2015-02-09,2130,015420,,1,2,9,4900,0,2,4,,1,038,"BOHEMIAN HWY","FREESTONE FLAT RD",2640.00,N,N,A,-,N,,,,,,,,,,Y,3,0,1,1,A,-,03,22350,,N,E,I,A,A,H,-,D,A,0,,,,,Y,,A,01,0,1,0,0,0,0,0,0,0,"- ","- ",,,SONOMA,UNINCORPORATED,-122.93385252,38.381973840000001
6821506,2015,2015-03-09,9360,2015-02-04,1820,020819,,3,2,9,4900,0,3,5,,2,003,"GREEN VALLEY RD","ROSS RD",5.00,E,N,B,-,N,,,,,,,,,,Y,4,0,1,3,A,-,03,22350,,N,C,C,A,A,H,-,C,A,0,,,,,Y,,A,01,0,0,1,0,0,0,0,0,0,"- ","- ",,,SONOMA,UNINCORPORATED,-122.87189282,38.44503246
6823314,2015,2015-03-06,9360,2015-02-15,0430,20457,,7,3,9,4900,0,3,5,,2,005,"JANERO DR","STONY POINT RD",528.00,E,N,A,-,N,,,,,,,,,,N,4,0,1,2,A,-,08,22107,,N,C,E,A,A,H,-,C,D,0,,,,,Y,,A,07,0,0,1,0,0,0,0,0,0,"- ","- ",38.424239999999998,-122.73819,SONOMA,UNINCORPORATED,-122.73911772,38.423996180000003
6823318,2015,2015-03-06,9360,2015-02-11,2314,20266,,3,3,9,4900,0,3,5,,2,001,"MILL CREEK RD","WESTSIDE RD",3696.00,W,N,A,-,N,,,,,,,,,,Y,3,0,1,1,A,-,08,22107,,N,E,I,A,A,H,-,D,D,0,,,,,Y,,A,01,0,1,0,0,0,0,0,0,0,"- ","- ",38.595860000000002,-122.8959,SONOMA,UNINCORPORATED,-122.88243,38.595120000000001
6826140,2015,2015-03-13,4908,2015-02-17,1854,1685,4,2,5,5,4908,0,0,0,,0,002,"WESTERN AV","BAKER ST",155.00,E,N,A,-,N,,,,,,,,,,N,4,0,1,2,A,-,11,21954,A,N,G,B,D,A,H,-,C,D,0,Y,,,,Y,,N,60,0,0,1,0,1,0,0,0,0,"- ","- ",,,SONOMA,PETALUMA,-122.64734048,38.231761390000003
6826144,2015,2015-03-13,4908,2015-02-17,1815,1685,1,2,5,5,4908,0,0,0,,0,002,"6TH ST","B ST",0.00,,Y,A,-,N,,,,,,,,,,N,3,0,1,2,A,-,12,22450,A,N,D,G,A,A,H,-,D,D,0,,Y,,,Y,,L,04,0,1,0,0,0,0,1,0,0,"- ","- ",,,SONOMA,PETALUMA,-122.6407,38.230889910000002
6827029,2015,2015-03-10,4903,2015-02-28,0748,1018,2,6,5,3,4903,0,0,0,,0,,"GROVE ST","GRANT ST",0.00,,Y,A,-,N,,,,,,,,,,Y,4,0,3,2,A,-,01,23152,A,N,A,C,A,A,H,-,C,A,0,,,,,Y,Y,B,01,0,0,3,0,0,0,0,0,0,"- ","- ",,,SONOMA,HEALDSBURG,-122.87567996999999,38.615839950000002
6827033,2015,2016-04-28,4901,2015-02-16,2250,072,,1,5,2,4901,0,0,0,,0,,"SHADY LN","SOUTH CLOVERDALE BL",0.00,,Y,A,-,N,,,,,,,,,,Y,3,0,2,1,A,-,08,22107,,F,E,I,A,A,H,-,C,D,0,,,,,Y,,A,01,0,1,1,0,0,0,0,0,0,"- ","- ",,,SONOMA,CLOVERDALE,-123.01679987999999,38.78910999
6830414,2015,2015-03-06,4905,2015-01-06,2027,"SR 8703",10605,2,5,6,4905,0,0,0,,0,005,"FULTON RD","HALL RD",618.00,S,N,A,-,N,,,,,,,,,,Y,4,0,1,1,A,-,08,22107,,N,E,I,A,A,H,-,C,D,0,,,,,Y,,A,01,0,0,1,0,0,0,0,0,0,"- ","- ",,,SONOMA,"SANTA ROSA",-122.77031774,38.436325240000002
6830418,2015,2015-03-06,4905,2015-01-07,1539,SR353,10603,3,5,6,4905,0,0,0,,0,003,"GUERNEVILLE RD","MARLOW RD",207.00,E,N,A,-,N,,,,,,,,,,N,4,0,4,2,A,-,03,22350,,N,C,C,A,A,H,-,A,A,0,,,,,Y,,A,01,0,0,4,0,0,0,0,0,0,"- ","- ",,,SONOMA,"SANTA ROSA",-122.75066691000001,38.452650009999999
6830438,2015,2016-10-26,4905,2015-01-12,0940,SR8702,10607,1,5,6,4905,0,0,0,,0,007,"N WRIGHT RD","RT 12",166.00,S,N,A,-,Y,SON,4,12,-,R,12.940,I,6,E,N,3,0,1,2,A,-,08,22107,,N,C,G,A,A,H,-,A,A,0,,Y,,,Y,,L,04,0,1,0,0,0,0,1,0,0,"- ","- ",,,SONOMA,"SANTA ROSA",-122.76916812,38.427477979999999
6830446,2015,2015-03-06,4905,2015-01-14,0846,SR8911,10608,3,5,6,4905,0,0,0,,0,008,"COLGAN AV","LA ESPLANDADA PL",0.00,,Y,A,-,N,,,,,,,,,,N,3,0,1,2,A,-,09,21802,A,N,D,G,A,A,H,-,C,A,0,,Y,,,Y,,A,01,0,1,0,0,0,0,1,0,0,"- ","- ",,,SONOMA,"SANTA ROSA",-122.71035999999999,38.421990000000001
6830454,2015,2015-03-06,4905,2015-01-30,1718,SR8704,10607,5,5,6,4905,0,0,0,,0,007,"DOWD DR","HEARN AV",230.00,S,N,A,-,N,,,,,,,,,,Y,3,0,3,3,A,-,03,22350,,N,C,C,A,A,H,-,B,A,0,,,,,Y,,A,01,0,1,2,0,0,0,0,0,0,"- ","- ",,,SONOMA,"SANTA ROSA",-122.71947,38.413778209999997
6830479,2015,2015-03-06,4905,2015-01-05,0911,SR8705,10606,1,5,6,4905,0,0,0,,0,006,"BETHARDS DR","KNOLLS DR",0.00,,Y,A,-,N,,,,,,,,,,Y,3,0,1,2,A,-,03,22350,,N,C,C,A,A,H,-,A,D,0,,,,,Y,,A,01,0,1,0,0,0,0,0,0,0,"- ","- ",,,SONOMA,"SANTA ROSA",-122.67273999,38.425079959999998
6830661,2015,2015-03-19,4905,2015-01-16,1235,SR5959,10608,5,5,6,4905,0,0,0,,0,008,"FARMERS LN","SONOMA AV",0.00,,Y,C,-,N,,,,,,,,,,N,4,0,1,2,A,-,03,22350,,N,C,C,A,B,H,-,A,A,0,,,,,Y,,A,07,0,0,1,0,0,0,0,0,0,"- ","- ",,,SONOMA,"SANTA ROSA",-122.68769998,38.444519900000003
6830678,2015,2015-03-25,4905,2015-01-07,0800,SR297,10605,3,5,6,4905,0,0,0,,0,005,"STONY POINT RD","MUNICIPAL SERVICE CTR",0.00,,Y,A,F,N,,,,,,,,,,Y,4,0,1,2,A,-,12,21453,A,N,D,C,A,A,H,-,A,A,0,,,,,Y,,A,01,0,0,1,0,0,0,0,0,0,"- ","- ",,,SONOMA,"SANTA ROSA",,
6833487,2015,2016-09-06,9350,2015-02-06,1145,17201,,5,1,9,4900,0,1,3,,2,137,"RT 37","PETALLUMA RIVER BRIDGE",1890.00,E,N,B,C,Y,SON,4,37,-,-,0.630,H,-,E,N,4,0,1,1,A,-,08,22107,,N,F,I,A,B,H,-,A,D,0,,,,,Y,,A,01,0,0,1,0,0,0,0,0,0,"- ","- ",38.11985,-122.4996,SONOMA,UNINCORPORATED,-122.49696659999999,38.121518690000002
6835423,2015,2016-10-26,9360,2015-02-15,0240,19092,,7,3,9,4900,0,1,3,,1,041,"RT 12","LIBBY AV",2640.00,E,N,A,-,Y,SON,4,12,-,-,27.750,H,-,E,Y,4,0,1,1,A,-,01,23152,A,N,E,I,A,A,H,-,D,D,0,,,,,Y,Y,A,01,0,0,1,0,0,0,0,0,0,"- ","- ",38.405380000000001,-122.5412,SONOMA,UNINCORPORATED,-122.54002464,38.404101789999999
6836031,2015,2015-03-12,4905,2015-02-11,1613,SR408,10603,3,5,6,4905,0,0,0,,0,003,"GUERNEVILLE RD","FULTON RD",55.00,E,N,A,-,N,,,,,,,,,,N,4,0,1,2,A,-,01,23152,A,N,B,C,A,A,H,-,A,A,0,,,Y,,Y,Y,A,01,0,0,1,0,0,0,0,0,1,"- ","- ",,,SONOMA,"SANTA ROSA",-122.76945171,38.452493699999998
6836600,2015,2015-03-17,9360,2015-02-17,1315,13440,,2,1,9,4900,0,3,5,,2,003,"FERGUSON RD","COUNTRY LN",1056.00,S,N,B,-,N,,,,,,,,,,Y,3,0,3,1,A,-,03,22350,,N,E,I,A,A,H,-,A,D,0,,,,,Y,,A,01,0,1,2,0,0,0,0,0,0,"- ","- ",38.40119,-122.87102,SONOMA,UNINCORPORATED,-122.86905536,38.402195470000002
6836717,2015,2015-04-07,4908,2015-02-19,1604,2697,6,4,5,5,4908,0,0,0,,0,003,"PETALUMA BL NORTH","INDUSTRIAL AV",0.00,,Y,B,-,N,,,,,,,,,,Y,4,0,1,3,A,-,12,21453,A,N,D,C,A,A,H,-,A,A,0,,,,,Y,,A,01,0,0,1,0,0,0,0,0,0,"- ","- ",,,SONOMA,PETALUMA,-122.67061988,38.268989900000001
6840704,2015,2015-04-03,4908,2015-03-01,1400,2926,13,7,5,5,4908,0,0,0,,0,001,"SOUTH MCDOWELL BL","CAULFIELD LN",200.00,S,N,-,-,N,,,,,,,,,,N,4,0,2,2,A,-,09,21801,A,N,B,C,A,-,-,-,-,D,0,,,,,Y,,A,01,0,0,2,0,0,0,0,0,0,"- ","- ",,,SONOMA,PETALUMA,-122.61458522,38.242848389999999
6841751,2015,2016-09-07,9360,2015-02-28,1140,19862,,6,1,9,4900,0,1,2,,1,060,"RT 101","RT 116",528.00,S,N,A,-,Y,SON,4,101,-,-,3.490,H,-,N,Y,3,0,4,8,A,-,03,22350,,N,C,C,A,A,H,-,A,D,0,,,,,Y,,A,01,0,2,2,0,0,0,0,0,0,"- ","- ",38.23359,-122.61790000000001,SONOMA,UNINCORPORATED,-122.61662678,38.23100041
6841775,2015,2016-10-17,9360,2015-03-05,2334,20266,,4,3,9,4900,0,1,2,,2,020,"RT 101","HEALDSBURG AV",530.00,S,N,A,-,Y,SON,4,101,-,-,34.370,R,2,S,Y,2,0,2,1,A,-,01,23152,A,N,E,I,A,A,H,-,D,D,1,,,,,Y,Y,A,07,1,1,0,0,0,0,0,0,0,FR,"- ",38.602339999999998,-122.86685,SONOMA,UNINCORPORATED,-122.86584338,38.602107529999998
6842676,2015,2016-10-20,9360,2015-03-05,1715,016652,,4,2,6,4905,0,1,2,,2,040,"RT 101","BAKER AV",650.00,N,N,A,-,Y,SON,4,101,-,-,19.120,H,-,S,Y,2,0,1,2,A,-,03,22350,,N,C,C,A,A,H,-,A,D,1,,,Y,,Y,,C,02,1,0,0,0,0,0,0,0,1,"- ","- ",38.421559999999999,-122.71531,SONOMA,"SANTA ROSA",-122.71517863,38.423570699999999
6849127,2015,2015-03-25,4908,2015-03-12,2013,2716,6,4,5,5,4908,0,0,0,,0,003,"EAST WASHINGTON ST","COPELAND ST",285.00,E,N,A,-,N,,,,,,,,,,Y,4,0,1,2,A,-,09,21804,A,N,D,-,A,A,H,-,C,D,0,,,,,Y,,D,22,0,0,1,0,0,0,0,0,0,"- ","- ",,,SONOMA,PETALUMA,-122.63651877,38.237522480000003
6851800,2015,2015-03-24,4908,2015-03-04,2136,2886,,3,5,5,4908,0,0,0,,0,004,"SONOMA MOUNTAIN  PKWY","WYNDHAM WY",0.00,,Y,A,-,N,,,,,,,,,,Y,4,0,1,2,A,-,08,22107,,N,D,I,A,A,H,-,C,D,0,,,,,Y,,A,01,0,0,1,0,0,0,0,0,0,"- ","- ",,,SONOMA,PETALUMA,-122.62128998,38.25776991
6852134,2015,2015-03-20,4908,2015-02-26,1715,1904,10,4,5,5,4908,0,0,0,,0,004,"NORTH MCDOWELL BL","LAUREN DR",50.00,N,N,A,-,N,,,,,,,,,,Y,4,0,1,2,A,-,09,21801,A,N,D,-,A,A,H,-,A,A,0,,,,,Y,,A,01,0,0,1,0,0,0,0,0,0,"- ","- ",,,SONOMA,PETALUMA,-122.62667498,38.249636119999998
6854388,2015,2016-10-26,4905,2015-02-20,2156,SR452,10607,5,5,6,4905,0,0,0,,0,007,"RT 12","FULTON RD",0.00,,Y,A,-,Y,SON,4,12,-,R,12.940,I,5,W,Y,4,0,1,2,A,-,03,22350,,N,D,C,A,A,H,-,C,A,0,,,,,Y,,J,48,0,0,1,0,0,0,0,0,0,"- ","- ",,,SONOMA,"SANTA ROSA",-122.76922003999999,38.427682500000003
6854931,2015,2015-03-24,4907,2015-02-21,1638,SD1876,10701,6,5,2,4907,0,0,0,,0,SO1,"WEST SPAIN ST","2ND ST WEST",0.00,,Y,A,-,N,,,,,,,,,,N,4,0,1,2,A,-,09,21801,A,N,D,G,A,A,H,-,A,D,0,,Y,,,Y,,A,01,0,0,1,0,0,0,1,0,0,"- ","- ",,,SONOMA,SONOMA,-122.46084998000001,38.294019919999997
6856155,2015,2015-03-24,4907,2015-03-08,1523,SD2310,10701,7,5,2,4907,0,0,0,,0,SO1,"WEST SPAIN ST","5TH ST WEST",283.00,E,N,A,-,N,,,,,,,,,,Y,3,0,1,2,A,-,03,22350,,N,C,C,A,A,H,-,A,D,0,,,Y,,Y,,C,02,0,1,0,0,0,0,0,0,1,"- ","- ",,,SONOMA,SONOMA,-122.46683177,38.294630099999999