CASE_ID,ACCIDENT_YEAR,PROC_DATE,JURIS,COLLISION_DATE,COLLISION_TIME,OFFICER_ID,REPORTING_DISTRICT,DAY_OF_WEEK,CHP_SHIFT,POPULATION,CNTY_CITY_LOC,SPECIAL_COND,BEAT_TYPE,CHP_BEAT_TYPE,CITY_DIVISION_LAPD,CHP_BEAT_CLASS,BEAT_NUMBER,PRIMARY_RD,SECONDARY_RD,DISTANCE,DIRECTION,INTERSECTION,WEATHER_1,WEATHER_2,STATE_HWY_IND,CALTRANS_COUNTY,CALTRANS_DISTRICT,STATE_ROUTE,ROUTE_SUFFIX,POSTMILE_PREFIX,POSTMILE,LOCATION_TYPE,RAMP_INTERSECTION,SIDE_OF_HWY,TOW_AWAY,COLLISION_SEVERITY,NUMBER_KILLED,NUMBER_INJURED,PARTY_COUNT,PRIMARY_COLL_FACTOR,PCF_CODE_OF_VIOL,PCF_VIOL_CATEGORY,PCF_VIOLATION,PCF_VIOL_SUBSECTION,HIT_AND_RUN,TYPE_OF_COLLISION,MVIW,PED_ACTION,ROAD_SURFACE,ROAD_COND_1,ROAD_COND_2,LIGHTING,CONTROL_DEVICE,CHP_ROAD_TYPE,PEDESTRIAN_ACCIDENT,BICYCLE_ACCIDENT,MOTORCYCLE_ACCIDENT,TRUCK_ACCIDENT,NOT_PRIVATE_PROPERTY,ALCOHOL_INVOLVED,STWD_VEHTYPE_AT_FAULT,CHP_VEHTYPE_AT_FAULT,COUNT_SEVERE_INJ,COUNT_VISIBLE_INJ,COUNT_COMPLAINT_PAIN,COUNT_PED_KILLED,COUNT_PED_INJURED,COUNT_BICYCLIST_KILLED,COUNT_BICYCLIST_INJURED,COUNT_MC_KILLED,COUNT_MC_INJURED,PRIMARY_RAMP,SECONDARY_RAMP,LATITUDE,LONGITUDE,COUNTY,CITY,POINT_X,POINT_Y
6856346,2015,2015-04-03,4904,2015-03-15,1257,377,,7,5,4,4904,0,0,0,,0,,"COUNTRY CLUB DR","COPELAND CREEK DR",135.00,S,N,A,-,N,,,,,,,,,,N,4,0,1,2,A,-,03,22350,,N,C,C,A,A,H,-,A,D,0,,,,,Y,,A,01,0,0,1,0,0,0,0,0,0,"- ","- ",,,SONOMA,"ROHNERT PARK",-122.69552855000001,38.3435427
6856962,2015,2016-10-26,9360,2015-03-18,1652,018828,,3,2,3,4903,0,1,2,,2,020,"RT 101","WESTSIDE RD",845.00,N,N,A,-,Y,SON,4,101,-,-,35.070,H,-,N,N,4,0,1,2,A,-,03,22350,,N,C,C,A,A,B,-,A,D,1,,,,,Y,,D,22,0,0,1,0,0,0,0,0,0,"- ","- ",38.609349999999999,-122.87469,SONOMA,HEALDSBURG,-122.87483412,38.609321180000002
6857042,2015,2016-10-26,9360,2015-03-06,0630,019833,,5,1,5,4908,0,1,2,,2,050,"RT 101","PETALLUMA BLVD N",2000.00,N,N,A,-,Y,SON,4,101,-,-,8.030,H,-,N,Y,3,0,1,1,A,-,08,22107,,N,E,I,A,A,H,-,A,D,1,,,,,Y,,A,07,0,1,0,0,0,0,0,0,0,"- ","- ",38.275500000000001,-122.67413000000001,SONOMA,PETALUMA,-122.67489183000001,38.275972289999999
6857048,2015,2015-04-02,9360,2015-03-09,1610,013838,,1,2,9,4900,0,2,4,,1,052,"STONY POINT RD","SCENIC AV",0.00,,Y,A,-,N,,,,,,,,,,Y,2,0,1,2,A,-,09,21802,A,N,D,C,A,A,H,-,A,A,0,,,Y,,Y,,A,07,1,0,0,0,0,0,0,0,1,"- ","- ",38.376330000000003,-122.74123,SONOMA,UNINCORPORATED,-122.74143989,38.3762799
6857117,2015,2016-10-26,9360,2015-03-12,2056,020266,,4,2,5,4908,0,1,2,,2,050,"RT 101","PETALLUMA BLVD N",490.00,N,N,A,-,Y,SON,4,101,-,-,7.740,H,-,S,Y,3,0,1,1,A,-,08,22107,,N,E,I,A,A,H,-,C,D,1,,,,,Y,,-,,0,1,0,0,0,0,0,0,0,"- ","- ",38.273739999999997,-122.68004000000001,SONOMA,PETALUMA,-122.67117425000001,38.272871979999998
6857129,2015,2015-04-01,9360,2015-03-09,0130,020567,,1,3,9,4900,0,3,5,,2,003,"GREEN VALLEY RD","ATASCADERO CREEK",10.00,E,N,A,-,N,,,,,,,,,,Y,3,0,1,1,A,-,08,22107,,N,E,I,A,A,H,-,D,D,0,,,,,Y,,A,01,0,1,0,0,0,0,0,0,0,"- ","- ",38.444189999999999,-122.87766999999999,SONOMA,UNINCORPORATED,,
6857141,2015,2015-04-01,9360,2015-03-14,1330,019405,,6,1,9,4900,0,2,4,,1,044,"OLD ADOBE RD","EAST WASHINGTON ST",4752.00,S,N,A,-,N,,,,,,,,,,Y,4,0,1,1,A,-,08,22107,,N,E,I,A,A,H,-,A,D,0,,,,,Y,,A,08,0,0,1,0,0,0,0,0,0,"- ","- ",38.261159999999997,-122.59529999999999,SONOMA,UNINCORPORATED,-122.59511477,38.260985550000001
6862979,2015,2015-03-27,4908,2015-03-18,0846,2697,6,3,5,5,4908,0,0,0,,0,002,"WESTERN AV","LIBERTY ST",0.00,,Y,A,-,N,,,,,,,,,,N,4,0,1,2,A,-,10,21950,A,N,G,B,B,A,H,-,A,A,0,Y,,,,Y,,A,01,0,0,1,0,1,0,0,0,0,"- ","- ",,,SONOMA,PETALUMA,-122.64297998000001,38.233159970000003
6873844,2015,2015-04-13,4908,2015-03-14,1533,3108,4,6,5,5,4908,0,0,0,,0,002,"W EL ROSE DR","HAYES LN",24.00,N,N,B,-,N,,,,,,,,,,N,3,0,1,1,A,-,08,22107,,N,F,-,A,A,A,-,A,D,0,,,Y,,Y,,C,03,0,1,0,0,0,0,0,0,1,"- ","- ",,,SONOMA,PETALUMA,-122.64738,38.223059999999997
6873848,2015,2015-04-13,4908,2015-03-26,1958,2716,13,4,5,5,4908,0,0,0,,0,001,"EAST WASHINGTON ST","SOUTH MCDOWELL BL",40.00,W,N,A,-,N,,,,,,,,,,N,4,0,1,3,A,-,03,22350,,N,C,C,A,A,D,-,C,D,0,,,,,Y,,A,01,0,0,1,0,0,0,0,0,0,"- ","- ",,,SONOMA,PETALUMA,-122.62592246,38.249101430000003
6874308,2015,2015-04-10,9360,2015-03-15,2230,020329,,7,3,9,4900,0,3,5,,2,001,"CAZADERO HWY","KRAMER RD",528.00,S,N,A,-,N,,,,,,,,,,Y,2,0,1,1,A,-,01,23152,A,N,E,I,A,A,H,-,D,D,0,,,,,Y,Y,A,07,1,0,0,0,0,0,0,0,0,"- ","- ",38.523989999999998,-123.08606,SONOMA,UNINCORPORATED,-123.08837201999999,38.524332010000002
6879490,2015,2016-10-17,9360,2015-02-28,1255,18881,,6,1,9,4900,0,1,3,,1,065,"RT 116","RT 1",1584.00,E,N,A,-,Y,SON,4,116,-,-,0.300,H,-,E,Y,3,0,1,1,A,-,08,22107,,N,F,A,A,A,H,-,A,D,0,,,Y,,Y,,C,02,0,1,0,0,0,0,0,0,1,"- ","- ",38.440759999999997,-123.10053000000001,SONOMA,UNINCORPORATED,-123.10091331,38.440268289999999
6879676,2015,2015-04-20,9325,2015-03-22,1835,019024,,7,2,9,4900,0,3,5,,2,005,"MEADOWBROOK AV","SONOMA HWY",600.00,E,N,A,-,N,,,,,,,,,,N,3,0,1,2,A,-,03,22350,,F,H,G,A,A,H,-,A,D,0,,Y,,,Y,,A,08,0,1,0,0,0,0,1,0,0,"- ","- ",38.306480000000001,-122.47676,SONOMA,UNINCORPORATED,-122.47661873,38.306627489999997
6879878,2015,2015-04-21,4902,2015-03-22,0541,334,SONOM,7,5,2,4902,0,0,0,,0,,"WEST SIERRA AV","OLOF ST",58.00,W,N,A,-,N,,,,,,,,,,Y,4,0,1,1,A,-,01,23152,A,N,E,J,A,A,H,-,C,D,0,,,,,Y,Y,A,07,0,0,1,0,0,0,0,0,0,"- ","- ",,,SONOMA,COTATI,-122.70758908000001,38.324823680000002
6882345,2015,2015-04-23,9360,2015-04-07,2040,020498,,2,2,9,4900,0,3,5,,2,001,"WEST SIDE RD","WOHLER RD",6336.00,S,N,B,-,N,,,,,,,,,,Y,3,0,1,1,A,-,03,22350,,N,E,I,A,A,H,-,D,D,0,,,,,Y,,A,01,0,1,0,0,0,0,0,0,0,"- ","- ",38.505899999999997,-122.90134999999999,SONOMA,UNINCORPORATED,-122.90104881000001,38.505269689999999
6883842,2015,2015-04-24,9360,2015-04-03,1900,018196,,5,2,9,4900,0,3,5,,2,005,"MILLBRAE AV","HARGRAVE AV",20.00,E,N,A,-,N,,,,,,,,,,Y,3,0,1,1,A,-,01,23152,A,N,E,I,A,A,H,-,A,D,0,,,,,Y,Y,D,22,0,1,0,0,0,0,0,0,0,"- ","- ",,,SONOMA,UNINCORPORATED,-122.73317022000001,38.369519830000002
6883884,2015,2016-10-20,4905,2015-03-23,1304,SR284,,1,5,6,4905,0,0,0,,0,001,"BICENTENNIAL WY","RT 101",20.00,E,N,B,-,Y,SON,4,101,-,-,22.427,R,4,N,N,4,0,1,3,A,-,08,22107,,M,C,C,A,A,H,-,A,D,0,,,,,Y,,-,99,0,0,1,0,0,0,0,0,0,"- ",SO,,,SONOMA,"SANTA ROSA",-122.72873892,38.469318289999997
6883895,2015,2015-04-29,4905,2015-04-09,0147,SR394,10603,4,5,6,4905,0,0,0,,0,003,"NORTHCOAST ST","TAN OAK CT",0.00,,Y,A,-,N,,,,,,,,,,Y,3,0,1,3,A,-,01,23152,A,N,C,E,A,A,H,-,C,D,0,,,,,Y,Y,D,22,0,1,0,0,0,0,0,0,0,"- ","- ",,,SONOMA,"SANTA ROSA",-122.74115994,38.458909990000002
6883911,2015,2015-04-27,4905,2015-03-10,1643,SR495,,2,5,6,4905,0,0,0,,0,009,"SANTA ROSA AV","CHARLES ST",25.00,N,N,B,-,N,,,,,,,,,,N,3,0,1,2,A,-,03,22350,,M,C,C,A,A,H,-,A,D,0,,,,,Y,,-,99,0,1,0,0,0,0,0,0,0,"- ","- ",,,SONOMA,"SANTA ROSA",-122.71209401999999,38.435417780000002
6885617,2015,2016-06-16,9360,2015-04-02,1915,16223,,4,2,9,4900,0,2,4,,1,038,"BODEGA HWY","FREESTONE VALLEY FORD RD",2640.00,E,N,A,-,N,,,,,,,,,,N,3,0,1,2,A,-,06,21750,,N,C,G,A,A,H,-,A,D,0,,Y,,,Y,,A,01,0,1,0,0,0,0,1,0,0,"- ","- ",38.362099999999998,-122.91495,SONOMA,UNINCORPORATED,,
6885787,2015,2015-04-27,4905,2015-03-05,0845,SR296,,4,5,6,4905,0,0,0,,0,007,"CORPORATE CENTER  PKWY","SEBASTOPOL AV",10.00,S,N,A,-,N,,,,,,,,,,N,3,0,1,2,A,-,10,21950,A,N,G,B,B,A,H,-,A,A,0,Y,,,,Y,,I,09,0,1,0,0,1,0,0,0,0,"- ","- ",,,SONOMA,"SANTA ROSA",-122.75336571,38.4259129
6888483,2015,2015-04-28,4905,2015-04-06,0753,SR455,10604,1,5,6,4905,0,0,0,,0,004,"CALISTOGA RD","BADGER RD",0.00,,Y,A,-,N,,,,,,,,,,N,3,0,1,2,D,-,00,,,N,G,B,D,A,H,-,A,D,0,Y,,,,Y,,-,"- ",0,1,0,0,1,0,0,0,0,"- ","- ",,,SONOMA,"SANTA ROSA",-122.65917994,38.48381998
6888507,2015,2015-04-28,4905,2015-04-01,1424,SR8703,10603,3,5,6,4905,0,0,0,,0,003,"CROSSPOINT AV","BARSUGLIA ST",23.00,W,N,A,-,N,,,,,,,,,,Y,3,0,1,1,A,-,08,22107,,M,E,I,A,A,H,-,A,D,0,,,,,Y,,A,01,0,1,0,0,0,0,0,0,0,"- ","- ",,,SONOMA,"SANTA ROSA",-122.75341022000001,38.455093490000003
6888531,2015,2015-04-28,4905,2015-04-10,1936,SR8704,10602,5,5,6,4905,0,0,0,,0,002,"MENDOCINO AV","SILVA AV",30.00,N,N,A,-,N,,,,,,,,,,Y,4,0,1,2,A,-,09,21804,A,N,D,C,A,A,H,-,B,D,0,,,,,Y,,A,01,0,0,1,0,0,0,0,0,0,"- ","- ",,,SONOMA,"SANTA ROSA",-122.71721451000001,38.458882289999998
6888539,2015,2015-04-28,4905,2015-04-05,0020,SR422,10607,7,5,6,4905,0,0,0,,0,007,"CORBY AV","BELLEVUE AV",153.00,N,N,A,-,N,,,,,,,,,,N,4,0,1,1,A,-,03,22350,,N,E,I,A,A,H,-,C,D,0,,,,,Y,,A,01,0,0,1,0,0,0,0,0,0,"- ","- ",,,SONOMA,"SANTA ROSA",-122.71798794,38.401866560000002
6888689,2015,2015-05-04,4905,2015-01-16,2049,SR460,10607,5,5,6,4905,0,0,0,,0,007,"STONEY POINT RD","LAZZINI AV",3.00,N,N,A,-,N,,,,,,,,,,N,3,0,1,2,A,-,10,21950,A,M,G,B,B,A,H,-,C,D,0,Y,,,,Y,,A,01,0,1,0,0,1,0,0,0,0,"- ","- ",,,SONOMA,"SANTA ROSA",-122.74068104,38.421958199999999
6888774,2015,2015-05-05,4905,2015-02-28,1028,SR8917,,6,5,6,4905,0,0,0,,0,005,"NORTH DUTTON AV","W 8TH ST",20.00,S,N,A,-,N,,,,,,,,,,N,3,0,1,2,A,-,03,22350,,N,C,C,A,A,H,-,A,D,0,,,Y,,Y,,C,02,0,1,0,0,0,0,0,0,1,"- ","- ",,,SONOMA,"SANTA ROSA",-122.72879356,38.439105300000001
6888778,2015,2015-05-04,4905,2015-02-12,2000,SR422,,4,5,6,4905,0,0,0,,0,003,"MARSH RD","MARSH CREEK CT",110.00,E,N,A,-,N,,,,,,,,,,N,4,0,1,2,A,-,09,21804,A,N,D,G,A,A,H,-,E,D,0,,Y,,,Y,,L,04,0,0,1,0,0,0,1,0,0,"- ","- ",,,SONOMA,"SANTA ROSA",-122.75270573,38.46236596
6888782,2015,2016-10-20,4905,2015-02-09,1602,SR8705,,1,5,6,4905,0,0,0,,0,009,"3 RD ST","RT 101",100.00,E,N,B,-,Y,SON,4,101,-,-,20.010,R,4,S,Y,3,0,2,1,A,-,08,22107,,N,E,I,A,A,H,-,A,A,0,,,,,Y,,A,01,0,1,1,0,0,0,0,0,0,"- ",SO,,,SONOMA,"SANTA ROSA",-122.71758033,38.436230969999997
6888786,2015,2015-05-05,4905,2015-02-26,1100,SR8705,,4,5,6,4905,0,0,0,,0,009,"COLLEGE AV","E ST",0.00,,Y,A,-,N,,,,,,,,,,Y,3,0,2,2,A,-,09,21801,A,N,D,C,A,A,H,-,A,A,0,,,,,Y,,A,01,0,1,1,0,0,0,0,0,0,"- ","- ",,,SONOMA,"SANTA ROSA",-122.71088,38.445459
6888980,2015,2015-04-28,4905,2015-03-30,1429,SR284,10602,1,5,6,4905,0,0,0,,0,002,"OLD REDWOOD HWY","RT 101",1549.00,N,N,A,-,N,,,,,,,,,,Y,4,0,1,2,A,-,03,22350,,N,C,C,A,A,H,-,A,D,0,,,,,Y,,A,01,0,0,1,0,0,0,0,0,0,"- ",NO,,,SONOMA,"SANTA ROSA",-122.85170014000001,38.594338829999998
6888990,2015,2016-10-26,4905,2015-03-14,1614,SR383,10606,6,5,6,4905,0,0,0,,0,006,"RT 12","FAIRWAY DR",0.00,,Y,B,-,Y,SON,4,12,-,-,21.040,I,5,W,Y,2,0,2,2,A,-,09,21801,A,N,A,C,A,A,H,-,A,A,0,,,,,Y,,A,07,1,1,0,0,0,0,0,0,0,"- ","- ",,,SONOMA,"SANTA ROSA",-122.63761842,38.459517890000001
6889000,2015,2015-04-28,4905,2015-03-03,0923,SR8702,10607,2,5,6,4905,0,0,0,,0,0923,"WILJAN CT","TALMADGE DR",713.00,S,N,A,-,N,,,,,,,,,,N,3,0,1,2,A,-,08,22107,,N,C,C,A,A,H,-,A,D,0,,,Y,,Y,,C,02,0,1,0,0,0,0,0,0,1,"- ","- ",,,SONOMA,"SANTA ROSA",-122.71955005,38.40480986
6889004,2015,2015-04-28,4905,2015-03-26,1723,SR480,10603,4,5,6,4905,0,0,0,,0,003,"PINER RD","WALTZER RD",0.00,,Y,A,-,N,,,,,,,,,,Y,3,0,3,2,A,-,09,21802,A,N,D,C,A,A,H,-,A,D,0,,,,,Y,,A,01,0,1,2,0,0,0,0,0,0,"- ","- ",,,SONOMA,"SANTA ROSA",-122.75627987,38.46713999
6889008,2015,2015-04-28,4905,2015-03-24,0334,SR483,10606,2,5,6,4905,0,0,0,,0,006,"HOEN AV","SUMMERFIELD RD",750.00,W,N,B,-,N,,,,,,,,,,Y,4,0,1,1,A,-,01,23152,A,N,E,I,A,A,H,-,C,D,0,,,,,Y,Y,A,07,0,0,1,0,0,0,0,0,0,"- ","- ",,,SONOMA,"SANTA ROSA",-122.66496743,38.441900410000002
6889036,2015,2015-04-28,4905,2015-03-31,1232,SR8911,10601,2,5,6,4905,0,0,0,,0,001,"CLEVELAND AV","GUERNEVILLE RD",0.00,,Y,A,-,N,,,,,,,,,,Y,3,0,1,2,A,-,09,21453,C,N,D,C,A,A,H,-,A,A,0,,,,,Y,,A,01,0,1,0,0,0,0,0,0,0,"- ","- ",,,SONOMA,"SANTA ROSA",-122.72837987,38.459839889999998
6889038,2015,2015-04-27,4905,2015-03-10,0714,SR328,10607,2,5,6,4905,0,0,0,,0,007,"CORPORATE CENTER  PKWY","SEBASTOPOL RD",0.00,,Y,B,-,N,,,,,,,,,,Y,3,0,4,2,A,-,09,21801,A,N,A,C,A,A,H,-,B,A,0,,,,,Y,,A,01,0,2,2,0,0,0,0,0,0,"- ","- ",,,SONOMA,"SANTA ROSA",-122.75335988,38.425939980000003
6889223,2015,2015-05-02,9360,2015-04-08,1825,016045,,3,2,9,4900,0,3,5,,2,004,"SANTA ROSA AV","E ROBLES AV",100.00,S,N,A,-,N,,,,,,,,,,Y,4,0,1,2,A,-,09,21801,A,N,A,C,A,A,H,-,A,D,0,,,Y,,Y,,D,22,0,0,1,0,0,0,0,0,1,"- ","- ",38.39385,-122.7135,SONOMA,UNINCORPORATED,-122.71355242999999,38.39412531
6889364,2015,2016-11-05,9360,2015-04-16,0909,013911,,4,1,3,4980,0,1,2,,2,030,"RT 101","OLD REDWOOD HWY",1048.00,S,N,A,-,Y,SON,4,101,-,-,29.130,H,-,S,Y,4,0,1,1,A,-,08,22107,,N,E,I,A,A,H,-,A,D,1,,,,,Y,,A,01,0,0,1,0,0,0,0,0,0,FR,"- ",38.544139999999999,-122.80656999999999,SONOMA,WINDSOR,-122.80641195,38.54409089
6890410,2015,2015-04-29,4908,2015-04-14,1726,2697,6,2,5,5,4908,0,0,0,,0,003,"EAST WASHINGTON ST","WATER ST",0.00,,Y,A,-,N,,,,,,,,,,Y,3,0,2,2,A,-,09,21802,A,N,D,C,A,A,H,-,A,A,0,,,,,Y,,A,01,0,1,1,0,0,0,0,0,0,"- ","- ",,,SONOMA,PETALUMA,-122.64055999999999,38.23591991
6890411,2015,2015-04-29,4908,2015-04-16,1144,2697,8,4,5,5,4908,0,0,0,,0,004,"SONOMA MOUNTAIN  PKWY","ELY RD",0.00,,Y,A,-,N,,,,,,,,,,Y,3,0,3,2,A,-,12,21453,A,N,D,C,A,A,H,-,A,A,0,,,,,Y,,A,01,0,1,2,0,0,0,0,0,0,"- ","- ",,,SONOMA,PETALUMA,-122.64329995,38.268969929999997
6891293,2015,2015-05-13,4908,2015-04-16,1824,2716,15,4,5,5,4908,0,0,0,,0,001,"CASA GRANDE RD","ELY BL SOUTH",0.00,,Y,A,-,N,,,,,,,,,,N,3,0,1,2,A,-,09,21803,A,N,H,I,A,A,H,-,A,D,0,,,Y,,Y,,D,22,0,1,0,0,0,0,0,0,1,"- ","- ",,,SONOMA,PETALUMA,-122.59578399999999,38.243341000000001
6892377,2015,2016-11-03,9360,2015-04-12,0742,16577,,7,1,9,4900,0,1,3,,1,053,"RT 116","GILCHRIST RD",1056.00,E,N,A,-,Y,SON,4,116,-,-,32.520,H,-,E,Y,4,0,1,3,A,-,03,22350,,N,B,C,A,A,H,-,A,D,0,,,,,Y,,D,23,0,0,1,0,0,0,0,0,0,"- ","- ",38.341520000000003,-122.75131,SONOMA,UNINCORPORATED,-122.75504461,38.34191628
6898669,2015,2015-05-19,9360,2015-04-02,0835,13513,,4,1,9,4900,0,2,4,,1,024,"PORTER CREEK RD","CALISTOGA RD",5808.00,W,N,A,-,N,,,,,,,,,,Y,4,0,1,1,A,-,08,22107,,N,D,I,A,A,H,-,A,D,0,,,,,Y,,A,01,0,0,1,0,0,0,0,0,0,"- ","- ",38.553089999999997,-122.66065999999999,SONOMA,UNINCORPORATED,-122.66694602,38.553303870000001
6902083,2015,2016-12-02,9360,2015-04-21,2215,14883,,2,3,9,4900,0,1,3,,1,041,"RT 12","DUNBAR RD",1584.00,E,N,A,-,Y,SON,4,12,-,-,29.380,H,-,E,Y,3,0,2,2,A,-,01,23152,A,N,A,C,A,A,H,-,D,D,0,,,,,Y,Y,A,07,0,1,1,0,0,0,0,0,0,"- ","- ",38.388710000000003,-122.52312000000001,SONOMA,UNINCORPORATED,-122.5205619,38.387471159999997
6905640,2015,2015-07-22,9360,2015-04-12,1748,18790,,7,2,9,4900,0,2,4,,1,046,"BENNETT VALLEY RD","GRANGE RD",5280.00,W,N,A,-,N,,,,,,,,,,Y,1,1,1,2,A,-,01,23152,F,N,D,C,A,A,H,-,A,D,0,,,,,Y,Y,A,01,0,1,0,0,0,0,0,0,0,"- ","- ",,,SONOMA,UNINCORPORATED,-122.64610005,38.410790040000002
6906085,2015,2015-05-06,9360,2015-04-10,0030,20457,,5,3,9,4900,0,2,4,,1,024,"MARK WEST SPRING RD","MICHELE WY",5280.00,E,N,A,-,N,,,,,,,,,,Y,3,0,2,1,A,-,01,23152,A,N,E,I,A,A,H,-,D,D,0,,,,,Y,Y,A,01,0,2,0,0,0,0,0,0,0,"- ","- ",38.527099999999997,-122.7212,SONOMA,UNINCORPORATED,-122.72410417,38.506707210000002
6906088,2015,2016-11-03,9360,2015-04-15,1535,18667,,3,2,9,4900,0,1,3,,1,037,"RT 116","GREENHILL RD",0.00,,Y,A,-,Y,SON,4,116,-,R,22.136,I,5,W,Y,4,0,1,2,A,-,09,21801,A,N,D,C,A,A,H,-,A,A,0,,,Y,,Y,,C,02,0,0,1,0,0,0,0,0,1,"- ","- ",38.433599999999998,-122.72659,SONOMA,UNINCORPORATED,-122.86672036,38.445832969999998
6906090,2015,2015-05-06,9360,2015-04-17,1640,18859,,5,2,9,4900,0,3,5,,2,006,"CAZADERO HWY","MAGIC MOUNTAIN RD",528.00,N,N,A,-,N,,,,,,,,,,Y,4,0,1,2,A,-,09,21804,A,N,D,C,A,A,H,-,A,D,0,,,,,Y,,A,07,0,0,1,0,0,0,0,0,0,"- ","- ",38.477370000000001,-123.05079000000001,SONOMA,UNINCORPORATED,-123.05062715,38.476607770000001
6907169,2015,2015-05-28,4908,2015-04-25,1528,2926,5,6,5,5,4908,0,0,0,,0,002,"BODEGA AV","N WEBSTER ST",20.00,W,N,A,-,N,,,,,,,,,,N,4,0,1,2,A,-,03,22350,,N,C,C,A,A,H,-,A,A,0,,,,,Y,,A,01,0,0,1,0,0,0,0,0,0,"- ","- ",,,SONOMA,PETALUMA,-122.65378962,38.234461660000001
6907287,2015,2016-12-02,9325,2015-04-13,1635,15447,,1,2,9,4900,0,1,3,,1,063,"RT 12","VERANO AV",0.00,,Y,A,-,Y,SON,4,12,-,-,35.950,I,6,W,N,4,0,1,2,A,-,08,22107,,N,H,G,A,A,H,-,A,A,0,,Y,,,Y,,A,01,0,0,1,0,0,0,1,0,0,"- ","- ",38.302909999999997,-122.47581,SONOMA,UNINCORPORATED,-122.47609826999999,38.302693640000001
6907502,2015,2015-08-19,9360,2015-04-20,1030,013440,9360,1,1,9,4900,0,3,5,,2,003,"FREI RD","RT 116",4224.00,E,N,B,-,N,,,,,,,,,,Y,2,0,1,1,A,-,08,22107,,N,H,I,A,A,H,-,A,D,0,,,,,Y,,D,22,1,0,0,0,0,0,0,0,0,"- ","- ",38.441719999999997,-122.84738,SONOMA,UNINCORPORATED,-122.84625113,38.442436450000002
6907514,2015,2016-11-18,9360,2015-04-02,0610,014998,,4,1,9,4900,0,1,2,,1,060,"RT 101 SB","PETALUMA BL",100.00,S,N,A,-,Y,SON,4,101,-,-,2.910,H,-,S,Y,4,0,1,2,A,-,03,22350,,N,C,C,A,A,H,-,A,D,0,,,,,Y,,D,22,0,0,1,0,0,0,0,0,0,"- ","- ",38.220570000000002,-122.60739,SONOMA,UNINCORPORATED,-122.61183358,38.223616059999998
6908179,2015,2016-11-18,9360,2015-04-29,1625,19046,,3,2,9,4900,0,1,2,,2,040,"RT 101","TODD RD",200.00,N,N,A,-,Y,SON,4,101,-,-,16.580,H,-,N,N,4,0,1,2,A,-,03,22350,,N,C,C,A,A,H,-,A,D,1,,,,,Y,,A,01,0,0,1,0,0,0,0,0,0,"- ","- ",38.388280000000002,-122.71634,SONOMA,UNINCORPORATED,-122.71606341,38.386872240000002
6910221,2015,2015-05-13,4908,2015-04-22,1324,2697,6,3,5,5,4908,0,0,0,,0,003,"MADISON ST","HOLLY LN",0.00,,Y,A,-,N,,,,,,,,,,Y,4,0,1,2,A,-,09,21802,B,N,D,C,A,A,H,-,A,A,0,,,,,Y,,A,01,0,0,1,0,0,0,0,0,0,"- ","- ",,,SONOMA,PETALUMA,-122.63375992,38.245399929999998
6911064,2015,2015-05-19,9325,2015-04-23,1328,015447,,4,1,9,4900,0,2,4,,2,054,"ARNOLD DR","WATMAUGH RD",305.00,N,N,A,-,N,,,,,,,,,,N,4,0,1,4,A,-,03,22350,,N,C,C,A,A,H,-,A,A,0,,,,,Y,,D,22,0,0,1,0,0,0,0,0,0,"- ","- ",38.26153,-122.48452,SONOMA,UNINCORPORATED,-122.48421887000001,38.261227349999999
6911414,2015,2015-05-14,9360,2015-04-25,0600,017693,,6,1,9,4900,0,2,4,,1,038,"BODEGA HWY","FURLONG RD",1584.00,W,N,B,-,N,,,,,,,,,,N,4,0,1,1,A,-,05,21460,A,N,E,J,A,B,H,-,B,D,0,,,,,Y,,A,01,0,0,1,0,0,0,0,0,0,"- ","- ",38.388809999999999,-122.88903000000001,SONOMA,UNINCORPORATED,-122.88971642999999,38.38802278
6911420,2015,2016-11-18,9360,2015-04-25,0020,020522,,6,3,9,4900,0,1,2,,2,050,"RT 101","RAILROAD AV",1584.00,S,N,C,-,Y,SON,4,101,-,-,10.660,H,-,S,Y,3,0,1,1,A,-,01,23152,A,N,E,I,A,B,H,-,D,D,1,,,,,Y,Y,A,01,0,1,0,0,0,0,0,0,0,"- ","- ",38.174500000000002,-122.4207,SONOMA,UNINCORPORATED,-122.70812220000001,38.303374030000001
6914885,2015,2016-11-02,4908,2015-04-25,1946,3185,15,6,5,5,4908,0,0,0,,0,001,"LAKEVILLE HWY","BROWNS LN",1793.00,W,N,A,-,Y,SON,4,116,-,-,37.210,H,-,E,Y,4,0,1,2,A,-,03,22350,,N,D,C,A,A,H,-,A,D,0,,,,,Y,Y,A,01,0,0,1,0,0,0,0,0,0,"- ","- ",,,SONOMA,PETALUMA,-122.58049096000001,38.229188110000003
6914942,2015,2015-05-22,9360,2015-04-29,1129,13911,,3,1,9,4900,0,3,5,,2,001,"W DRY CREEK RD","STEPHEN RD",0.00,,Y,A,-,N,,,,,,,,,,N,3,0,1,2,A,-,08,22107,,F,B,G,A,A,H,-,A,D,0,,Y,,,Y,,A,01,0,1,0,0,0,0,1,0,0,"- ","- ",38.63861,-122.91065,SONOMA,UNINCORPORATED,-122.91053986,38.638569889999999
6918637,2015,2016-11-05,9350,2015-04-23,1425,17201,,4,2,9,4900,0,1,3,,2,137,"RT 37","RT 121",600.00,W,N,A,-,Y,SON,4,37,-,-,3.790,H,-,E,Y,4,0,2,3,A,-,07,21658,A,N,C,C,A,A,H,-,A,D,0,,,,,Y,,A,01,0,0,2,0,0,0,0,0,0,"- ","- ",,,SONOMA,UNINCORPORATED,-122.45101716000001,38.149936629999999
6926007,2015,2015-06-01,9325,2015-04-24,1320,19625,,5,1,9,4900,0,2,4,,1,064,"ARNOLD DR","PETALUMA AV",80.00,N,N,A,-,N,,,,,,,,,,N,4,0,1,2,A,-,03,22350,A,N,C,C,A,A,H,-,A,A,0,,,,,Y,,A,01,0,0,1,0,0,0,0,0,0,"- ","- ",38.291359999999997,-122.48828,SONOMA,UNINCORPORATED,-122.48821642999999,38.291153790000003