CASE_ID,ACCIDENT_YEAR,PROC_DATE,JURIS,COLLISION_DATE,COLLISION_TIME,OFFICER_ID,REPORTING_DISTRICT,DAY_OF_WEEK,CHP_SHIFT,POPULATION,CNTY_CITY_LOC,SPECIAL_COND,BEAT_TYPE,CHP_BEAT_TYPE,CITY_DIVISION_LAPD,CHP_BEAT_CLASS,BEAT_NUMBER,PRIMARY_RD,SECONDARY_RD,DISTANCE,DIRECTION,INTERSECTION,WEATHER_1,WEATHER_2,STATE_HWY_IND,CALTRANS_COUNTY,CALTRANS_DISTRICT,STATE_ROUTE,ROUTE_SUFFIX,POSTMILE_PREFIX,POSTMILE,LOCATION_TYPE,RAMP_INTERSECTION,SIDE_OF_HWY,TOW_AWAY,COLLISION_SEVERITY,NUMBER_KILLED,NUMBER_INJURED,PARTY_COUNT,PRIMARY_COLL_FACTOR,PCF_CODE_OF_VIOL,PCF_VIOL_CATEGORY,PCF_VIOLATION,PCF_VIOL_SUBSECTION,HIT_AND_RUN,TYPE_OF_COLLISION,MVIW,PED_ACTION,ROAD_SURFACE,ROAD_COND_1,ROAD_COND_2,LIGHTING,CONTROL_DEVICE,CHP_ROAD_TYPE,PEDESTRIAN_ACCIDENT,BICYCLE_ACCIDENT,MOTORCYCLE_ACCIDENT,TRUCK_ACCIDENT,NOT_PRIVATE_PROPERTY,ALCOHOL_INVOLVED,STWD_VEHTYPE_AT_FAULT,CHP_VEHTYPE_AT_FAULT,COUNT_SEVERE_INJ,COUNT_VISIBLE_INJ,COUNT_COMPLAINT_PAIN,COUNT_PED_KILLED,COUNT_PED_INJURED,COUNT_BICYCLIST_KILLED,COUNT_BICYCLIST_INJURED,COUNT_MC_KILLED,COUNT_MC_INJURED,PRIMARY_RAMP,SECONDARY_RAMP,LATITUDE,LONGITUDE,COUNTY,CITY,POINT_X,POINT_Y
7105748,2015,2015-10-30,4904,2015-10-14,0722,268,,3,5,4,4904,0,0,0,,0,,"LANCASTER DR","LAMONT CT",42.00,N,N,A,-,N,,,,,,,,,,Y,3,0,3,2,A,-,08,22107,,N,A,C,A,A,H,-,A,A,0,,,,,Y,,-,,0,1,2,0,0,0,0,0,0,"- ","- ",,,SONOMA,"ROHNERT PARK",-122.68636376000001,38.320271990000002
7109232,2015,2017-02-04,4907,2015-10-27,1634,SD2240,10701,2,5,2,4907,0,0,0,,0,SO1,"WEST NAPA ST","362 W NAPA ST",36.00,E,N,B,-,Y,SON,4,12,-,-,37.170,H,-,W,N,4,0,1,3,A,-,03,22350,,N,C,C,A,A,H,-,A,D,0,,,Y,,Y,,D,22,0,0,1,0,0,0,0,0,0,"- ","- ",,,SONOMA,SONOMA,-122.46492906,38.292614620000002
7111041,2015,2015-11-13,9360,2015-09-17,0710,11932,,4,1,9,4900,0,2,4,,1,043,"MAIN ST","OLD REDWOOD HWY",0.00,,Y,B,-,N,,,,,,,,,,N,4,0,1,1,A,-,08,22107,,N,F,A,A,A,H,-,A,A,0,,,Y,,Y,,C,02,0,0,1,0,0,0,0,0,1,"- ","- ",38.295229999999997,-122.66728999999999,SONOMA,UNINCORPORATED,-122.6673,38.295289889999999
7111283,2015,2015-11-24,4905,2015-10-06,1810,SR8911,,2,5,6,4905,0,0,0,,0,004,"CALISTOGA RD","DUPONT DR",340.00,S,N,A,-,N,,,,,,,,,,Y,4,0,1,2,A,-,08,22107,,N,E,I,A,A,H,-,A,D,0,,,,,Y,,A,01,0,0,1,0,0,0,0,0,0,"- ","- ",,,SONOMA,"SANTA ROSA",-122.65379645,38.468330340000001
7111287,2015,2017-01-30,4905,2015-10-07,1347,SR474,,3,5,6,4905,0,0,0,,0,002,"OLD REDWOOD HWY","RT 101",20.00,N,N,A,-,Y,SON,4,101,-,-,22.955,R,4,N,Y,4,0,1,1,A,-,08,22107,,N,E,I,A,A,H,-,A,D,0,,,Y,,Y,,C,02,0,0,1,0,0,0,0,0,1,"- ",FR,,,SONOMA,"SANTA ROSA",-122.73182765999999,38.476583669999997
7111343,2015,2015-11-24,4905,2015-10-13,0905,SR201,,2,5,6,4905,0,0,0,,0,003,"GUERNEVILLE RD","FULTON RD",100.00,W,N,A,-,N,,,,,,,,,,Y,3,0,1,2,A,-,08,22107,,N,B,C,A,A,H,-,A,D,0,,,,,Y,,A,01,0,1,0,0,0,0,0,0,0,"- ","- ",,,SONOMA,"SANTA ROSA",-122.76997931,38.452549329999997
7111355,2015,2015-11-24,4905,2015-10-23,1718,SR459,,5,5,6,4905,0,0,0,,0,007,"CORBY AV","HEARN AV",150.00,W,N,A,-,N,,,,,,,,,,Y,4,0,1,2,A,-,08,22107,,N,A,C,A,A,H,-,A,A,0,,,,,Y,,A,01,0,0,1,0,0,0,0,0,0,"- ","- ",,,SONOMA,"SANTA ROSA",-122.71750475,38.414708650000001
7111721,2015,2016-02-11,4908,2015-11-13,1044,2931,3,5,5,5,4908,0,0,0,,0,002,"D ST","6TH ST",0.00,,Y,A,-,N,,,,,,,,,,Y,4,0,1,2,A,-,12,21453,A,N,D,C,A,A,H,-,A,A,0,,,,,Y,,A,01,0,0,1,0,0,0,0,0,0,"- ","- ",38.229959999999998,-122.63840999999999,SONOMA,PETALUMA,-122.63839998,38.229999909999997
7112875,2015,2015-11-16,4902,2015-10-08,1515,343,,4,5,2,4902,0,0,0,,0,,"EAST COTATI AV","MARSH WY",161.00,E,N,A,-,N,,,,,,,,,,Y,4,0,1,2,A,-,04,21703,,N,C,C,A,A,H,-,A,A,0,,,,,Y,,A,01,0,0,1,0,0,0,0,0,0,"- ","- ",,,SONOMA,COTATI,-122.70308134,38.327100459999997
7114181,2015,2015-11-18,4908,2015-10-24,1033,3187,13,6,5,5,4908,0,0,0,,0,001,"CASA GRANDE RD","LAKEVILLE HWY",40.00,N,N,A,-,N,,,,,,,,,,Y,4,0,1,3,A,-,03,22350,,N,C,C,A,A,H,-,A,A,0,,,,,Y,,A,01,0,0,1,0,0,0,0,0,0,"- ","- ",38.23368,-122.60473,SONOMA,PETALUMA,-122.60472799999999,38.23364883
7115629,2015,2017-01-09,4905,2015-09-03,2354,SR452,10605,4,5,6,4905,0,0,0,,0,005,"RT 12","STONY POINT RD",0.00,,Y,A,-,Y,SON,4,12,-,R,14.278,R,4,E,Y,4,0,3,4,A,-,09,21806,A,N,D,C,A,A,H,-,C,A,0,,,,,Y,Y,A,01,0,0,3,0,0,0,0,0,0,EF,"- ",,,SONOMA,"SANTA ROSA",-122.74482672000001,38.42975998
7115649,2015,2015-12-15,4905,2015-10-03,1637,SR8704,,6,5,6,4905,0,0,0,,0,005,"STONY POINT RD","WEST 3RD ST",132.00,S,N,A,-,N,,,,,,,,,,N,4,0,1,2,A,-,03,22350,,N,C,C,A,A,H,-,A,A,0,,,,,Y,,D,22,0,0,1,0,0,0,0,0,0,"- ","- ",,,SONOMA,"SANTA ROSA",-122.74239316000001,38.433468939999997
7115653,2015,2015-12-14,4905,2015-10-19,0855,SR347,,1,5,6,4905,0,0,0,,0,002,"COLLEGE AV","MORGAN ST",320.00,E,N,A,-,N,,,,,,,,,,Y,4,0,1,3,A,-,03,22350,,N,C,C,A,A,H,-,A,A,0,,,,,Y,,A,01,0,0,1,0,0,0,0,0,0,"- ","- ",,,SONOMA,"SANTA ROSA",-122.72141261,38.44574892
7117533,2015,2015-12-02,4905,2015-10-12,1154,SR8703,10605,1,5,6,4905,0,0,0,,0,005,"WEST 9TH ST","LINK LN",0.00,,Y,A,-,N,,,,,,,,,,Y,4,0,2,2,D,-,00,,,N,D,C,A,A,H,-,A,D,0,,,,,Y,,-,"- ",0,0,2,0,0,0,0,0,0,"- ","- ",,,SONOMA,"SANTA ROSA",-122.73386988999999,38.441709969999998
7117534,2015,2017-01-28,4905,2015-10-26,0503,SR491,10604,1,5,6,4905,0,0,0,,0,004,"RT 12","FARMERS LN",600.00,E,N,A,-,Y,SON,4,12,-,T,17.640,H,-,E,Y,4,0,1,2,A,-,08,22107,,N,C,E,A,A,D,-,D,D,0,,,,Y,Y,,A,01,0,0,1,0,0,0,0,0,0,"- ","- ",,,SONOMA,"SANTA ROSA",-122.68753816,38.436167330000004
7117549,2015,2015-12-02,4905,2015-10-07,1536,SR353,10605,3,5,6,4905,0,0,0,,0,005,"WEST 3RD ST","BROCKHURST DR",0.00,,Y,A,-,N,,,,,,,,,,Y,4,0,2,2,A,-,09,21804,A,N,A,C,A,A,H,-,A,D,0,,,,,Y,,A,01,0,0,2,0,0,0,0,0,0,"- ","- ",,,SONOMA,"SANTA ROSA",-122.74413993,38.43392995
7117554,2015,2015-12-01,4905,2015-10-12,1814,SR480,10604,1,5,6,4905,0,0,0,,0,004,"MONTECITO AV","TERRACE WY",15.00,N,N,A,-,N,,,,,,,,,,Y,3,0,1,4,A,-,05,21460,A,N,B,C,A,A,H,-,A,D,0,,,,,Y,,A,07,0,1,0,0,0,0,0,0,0,"- ","- ",,,SONOMA,"SANTA ROSA",-122.69911903000001,38.455873240000003
7117837,2015,2015-12-01,4905,2015-10-23,0948,SR8906,10609,5,5,6,4905,0,0,0,,0,009,"WILSON ST","9TH ST",30.00,S,N,A,-,N,,,,,,,,,,Y,3,0,1,3,A,-,08,22107,,N,C,E,A,A,H,-,A,A,0,,,,,Y,,D,22,0,1,0,0,0,0,0,0,0,"- ","- ",,,SONOMA,"SANTA ROSA",-122.72399420000001,38.441900250000003
7117841,2015,2015-11-25,4905,2015-11-13,1653,SR422,10607,5,5,6,4905,0,0,0,,0,007,"HEARN AV","DOWD DR",0.00,,Y,A,-,N,,,,,,,,,,Y,4,0,1,2,A,-,09,21801,A,M,D,C,A,A,H,-,A,A,0,,,,,Y,,A,01,0,0,1,0,0,0,0,0,0,"- ","- ",,,SONOMA,"SANTA ROSA",-122.71946993,38.414409980000002
7117853,2015,2015-11-25,4905,2015-11-14,1305,SR433,10609,6,5,6,4905,0,0,0,,0,009,"COLLEGE AV","MORGAN ST",0.00,,Y,A,-,N,,,,,,,,,,N,3,0,1,2,A,-,03,22350,,N,C,C,A,A,H,-,A,A,0,,,,,Y,,A,01,0,1,0,0,0,0,0,0,0,"- ","- ",,,SONOMA,"SANTA ROSA",-122.72252991000001,38.445769949999999
7117894,2015,2015-11-25,4905,2015-11-09,1227,SR455,10606,1,5,6,4905,0,0,0,,0,006,"MISSION BL","QUIGG DR",0.00,,Y,A,-,N,,,,,,,,,,N,4,0,2,2,A,-,09,21801,A,N,D,C,A,A,H,-,A,A,0,,,,,Y,,A,01,0,0,2,0,0,0,0,0,0,"- ","- ",,,SONOMA,"SANTA ROSA",-122.67290988000001,38.45802991
7117910,2015,2015-11-25,4905,2015-11-08,1531,SR407,10606,7,5,6,4905,0,0,0,,0,006,"YULUPA AV","BETHARDS DR",5.00,N,N,A,-,N,,,,,,,,,,N,4,0,1,2,A,-,03,22350,,N,C,C,A,A,H,-,A,A,0,,,,,Y,,A,01,0,0,1,0,0,0,0,0,0,"- ","- ",,,SONOMA,"SANTA ROSA",-122.66686227,38.42609977
7119329,2015,2015-11-19,4908,2015-11-06,1420,1543,3,5,5,5,4908,0,0,0,,0,002,"PETALLUMA BLVD S","CRYSTAL LN",100.00,S,N,A,-,N,,,,,,,,,,Y,4,0,1,1,C,-,18,,,N,E,I,A,A,H,-,A,D,0,,,,,Y,,-,"- ",0,0,1,0,0,0,0,0,0,"- ","- ",38.227429999999998,-122.61799000000001,SONOMA,PETALUMA,-122.61823255,38.227323429999998
7120369,2015,2015-11-20,4904,2015-10-13,0805,474,CENTR,2,5,4,4904,0,0,0,,0,"BEAT 3","ARLEN DR","ADRIAN DR",40.00,W,N,A,-,N,,,,,,,,,,N,4,0,1,2,A,-,08,22107,,F,G,B,E,A,H,-,A,A,0,Y,,,,Y,,-,,0,0,1,0,1,0,0,0,0,"- ","- ",38.33999,-122.70594,SONOMA,"ROHNERT PARK",-122.70596951,38.339939999999999
7128022,2015,2015-12-04,4908,2015-11-18,1538,2926,6,3,5,5,4908,0,0,0,,0,003,"EAST WASHINGTON ST","LAKEVILLE ST",40.00,E,N,A,-,N,,,,,,,,,,N,4,0,1,2,A,-,03,22350,,N,C,C,A,A,H,-,A,A,0,,,,,Y,,A,01,0,0,1,0,0,0,0,0,0,"- ","- ",38.23807,-122.63601,SONOMA,PETALUMA,-122.63593326,38.238151709999997
7128026,2015,2015-12-04,4908,2015-11-13,1900,3192,6,5,5,5,4908,0,0,0,,0,003,"LAKEVILLE ST","EAST D ST",20.00,N,N,A,-,N,,,,,,,,,,N,4,0,1,2,A,-,21,22106,,N,C,C,A,A,H,-,C,A,0,,,,,Y,,D,22,0,0,1,0,0,0,0,0,0,"- ","- ",,,SONOMA,PETALUMA,-122.6340577,38.236990769999998
7128034,2015,2015-12-04,4900,2015-11-21,1835,SD1391,11101,6,5,3,4980,0,0,0,,0,WI1,"OLD REDWOOD HWY","WINDSOR PALMS DR",0.00,,Y,A,-,N,,,,,,,,,,Y,4,0,1,2,A,-,08,22107,,N,B,C,A,A,H,-,C,D,0,,,,,Y,,D,22,0,0,1,0,0,0,0,0,0,"- ","- ",,,SONOMA,WINDSOR,-122.79968986,38.543059999999997
7132433,2015,2015-12-14,4908,2015-12-04,0917,2697,1,5,5,5,4908,0,0,0,,0,002,"EAST WASHINGTON ST","LAKEVILLE ST",20.00,W,N,C,-,N,,,,,,,,,,N,4,0,1,2,A,-,03,22350,,N,C,C,A,B,H,-,A,A,0,,,,,Y,,A,01,0,0,1,0,0,0,0,0,0,"- ","- ",38.23807,-122.63601,SONOMA,PETALUMA,-122.63605314,38.238016860000002
7136620,2015,2017-02-01,4904,2015-11-21,1600,466,,6,5,4,4904,0,0,0,,0,002,"ROHNERT PARK EXPWY","RT 101",0.00,,Y,A,-,Y,SON,4,101,-,-,13.712,R,2,S,N,4,0,2,2,A,-,04,21703,,N,C,C,A,A,H,-,A,D,0,,,,,Y,,A,07,0,0,2,0,0,0,0,0,0,"- ",SO,,,SONOMA,"ROHNERT PARK",-122.71310828999999,38.346008570000002
7136688,2015,2015-12-17,4904,2015-10-08,1612,465,4904,4,5,4,4904,0,0,0,,0,003,"SOUTHWEST BL","0AVENIDA CALA",200.00,W,N,A,-,N,,,,,,,,,,Y,4,0,1,4,A,-,08,22107,,N,C,E,A,A,H,-,A,D,0,,,,,Y,,A,01,0,0,1,0,0,0,0,0,0,"- ","- ",38.339689999999997,-122.688,SONOMA,"ROHNERT PARK",-122.688631,38.339615999999999
7144723,2015,2016-01-06,4908,2015-12-12,1615,2716,7,6,5,5,4908,0,0,0,,0,004,"OLD REDWOOD HWY","MCDOWELL BL",25.00,W,N,B,-,N,,,,,,,,,,N,4,0,2,2,A,-,21,22106,,M,C,C,A,A,H,-,A,D,0,,,,,Y,,A,07,0,0,2,0,0,0,0,0,0,"- ","- ",38.275539999999999,-122.66930000000001,SONOMA,PETALUMA,-122.66932086,38.27555186
7144743,2015,2016-01-05,4908,2015-12-18,1830,2747,10,5,5,5,4908,0,0,0,,0,004,"EAST MADISON ST","MCDOWELL BL",0.00,,Y,A,-,N,,,,,,,,,,N,4,0,1,2,A,-,08,22107,,N,A,C,A,B,H,-,A,A,0,,,,,Y,,A,01,0,0,1,0,0,0,0,0,0,"- ","- ",38.250790000000002,-122.62858,SONOMA,PETALUMA,-122.62870989,38.250759960000003
7146359,2015,2016-02-17,4903,2015-12-11,1433,992,2,5,5,3,4903,0,0,0,,0,,"GROVE ST","W GRANT ST",0.00,,Y,A,-,N,,,,,,,,,,Y,4,0,2,2,A,-,21,22106,,N,D,C,A,A,H,-,A,A,0,,,,,Y,,A,01,0,0,2,0,0,0,0,0,0,"- ","- ",,,SONOMA,HEALDSBURG,-122.87567996999999,38.615839950000002
7147430,2015,2016-02-01,4908,2015-12-19,1826,2697,1,6,5,5,4908,0,0,0,,0,002,"PETALLUMA BLVD N","B ST",271.00,N,N,A,-,N,,,,,,,,,,Y,2,0,2,3,A,-,01,23152,A,N,G,B,C,A,H,-,C,A,0,Y,,,,Y,,A,01,2,0,0,0,2,0,0,0,0,"- ","- ",38.233409999999999,-122.63921000000001,SONOMA,PETALUMA,-122.63997046,38.233601800000002
7147531,2015,2016-01-15,4902,2015-12-08,1755,612,SONO,2,5,2,4902,0,0,0,,0,,"OLD REDWOOD HWY","STREET LIGHT POLE #L74",179.00,S,N,B,-,N,,,,,,,,,,Y,4,0,1,3,A,-,04,21703,,N,C,C,A,A,H,-,B,A,0,,,,,Y,,A,01,0,0,1,0,0,0,0,0,0,"- ","- ",,,SONOMA,COTATI,,
7149560,2015,2017-01-28,4905,2015-12-03,1352,SR8703,10608,4,5,6,4905,0,0,0,,0,008,"RT 12","FARMERS LN",60.00,W,N,B,-,Y,SON,4,12,-,T,17.650,H,-,W,N,4,0,1,2,A,-,03,22350,,M,D,C,A,B,H,-,A,A,0,,,,,Y,,A,01,0,0,1,0,0,0,0,0,0,WO,"- ",,,SONOMA,"SANTA ROSA",-122.68815639,38.436819270000001
7149619,2015,2016-01-07,4905,2015-12-25,1221,SR352,10604,5,5,6,4905,0,0,0,,0,004,"CHANATE RD","NIELSEN RD",310.00,E,N,B,-,N,,,,,,,,,,Y,3,0,2,2,A,-,04,21703,,N,C,C,A,A,H,-,A,D,0,,,,,Y,,A,01,0,1,1,0,0,0,0,0,0,"- ","- ",,,SONOMA,"SANTA ROSA",-122.70946447999999,38.468308800000003
7149650,2015,2016-01-07,4905,2015-12-18,1453,SR352,10606,5,5,6,4905,0,0,0,,0,006,"MONTGOMERY DR","DOYLE PARK DR",190.00,W,N,C,-,N,,,,,,,,,,N,4,0,1,2,A,-,21,22106,,M,G,B,C,B,H,-,A,D,0,Y,,,,Y,,A,07,0,0,1,0,1,0,0,0,0,"- ","- ",,,SONOMA,"SANTA ROSA",-122.69968643,38.443317739999998
7149655,2015,2017-01-28,4905,2015-12-02,2152,SR482,10604,3,5,6,4905,0,0,0,,0,004,"FARMERS LN","RT 12",0.00,,Y,A,-,Y,SON,4,12,-,T,17.680,I,5,W,Y,2,0,1,2,A,-,12,21453,A,N,D,C,A,A,H,-,C,A,0,,,,,Y,,A,01,1,0,0,0,0,0,0,0,0,"- ","- ",,,SONOMA,"SANTA ROSA",-122.68769890999999,38.437110590000003
7149678,2015,2016-01-07,4905,2015-12-15,1834,SR466,10609,2,5,6,4905,0,0,0,,0,009,"DAVIS ST","6TH ST",0.00,,Y,A,-,N,,,,,,,,,,N,3,0,1,2,A,-,10,21950,A,F,G,B,B,A,H,-,C,A,0,Y,,,,Y,,A,01,0,1,0,0,1,0,0,0,0,"- ","- ",,,SONOMA,"SANTA ROSA",-122.72046994999999,38.439319939999997
7149684,2015,2016-01-07,4905,2015-11-15,2152,SR466,10603,7,5,6,4905,0,0,0,,0,003,"APPLE VALLEY LN","WEST STEELE LN",0.00,,Y,A,-,N,,,,,,,,,,N,4,0,1,2,A,-,09,21804,A,F,D,G,A,A,H,-,C,A,0,,Y,,,Y,,L,04,0,0,1,0,0,0,1,0,0,"- ","- ",,,SONOMA,"SANTA ROSA",-122.74295993,38.459749950000003
7149688,2015,2016-01-07,4905,2015-11-12,1846,SR422,10607,4,5,6,4905,0,0,0,,0,007,"STONY POINT RD","YUBA DR",0.00,,Y,A,-,N,,,,,,,,,,Y,4,0,1,2,A,-,09,21802,A,N,D,C,A,A,H,-,C,A,0,,,,,Y,,A,08,0,0,1,0,0,0,0,0,0,"- ","- ",,,SONOMA,"SANTA ROSA",-122.74141997,38.407129939999997
7149740,2015,2016-01-07,4905,2015-11-16,1753,SR8704,10602,1,5,6,4905,0,0,0,,0,002,"ROUND BARN BL","ROUND BARN CI",470.00,N,N,A,-,N,,,,,,,,,,Y,4,0,1,1,A,-,08,22107,,N,E,I,A,A,H,-,D,D,0,,,,,Y,,A,01,0,0,1,0,0,0,0,0,0,"- ","- ",,,SONOMA,"SANTA ROSA",-122.72734874,38.480510760000001
7156195,2015,2016-01-19,4908,2015-12-30,0846,2310,1,3,5,5,4908,0,0,0,,0,002,"D ST","COPELAND ST",50.00,E,N,B,-,N,,,,,,,,,,N,4,0,1,3,A,-,03,22350,,N,C,-,A,A,H,-,-,D,0,,,,,Y,,A,01,0,0,1,0,0,0,0,0,0,"- ","- ",,,SONOMA,PETALUMA,-122.63497868,38.235891709999997
7156885,2016,2016-01-20,4908,2016-01-07,1242,2697,6,4,5,5,4908,0,0,0,,0,003,"EAST WASHINGTON ST","ELLIS ST",0.00,,Y,B,-,N,,,,,,,,,,N,3,0,1,2,A,-,06,21755,,N,D,G,A,A,H,-,A,A,0,,Y,,,Y,,L,04,0,1,0,0,0,0,1,0,0,"- ","- ",38.243760000000002,-122.63087,SONOMA,PETALUMA,-122.63089985000001,38.243769929999999
7156952,2015,2016-01-19,4908,2015-12-31,1155,2697,5,4,5,5,4908,0,0,0,,0,003,"LIBERTY ST","KENT ST",100.00,S,N,A,-,N,,,,,,,,,,Y,3,0,2,2,A,-,03,22350,,N,A,E,A,A,H,-,A,D,0,,,,,Y,,A,01,0,1,1,0,0,0,0,0,0,"- ","- ",38.239069999999998,-122.64632,SONOMA,PETALUMA,-122.64616988,38.238835190000003
7166260,2016,2016-01-25,4908,2016-01-05,0226,2745,10,2,5,5,4908,0,0,0,,0,004,"NORTH MCDOWELL BL","LYNCH CREEK WY",700.00,S,N,C,-,N,,,,,,,,,,N,4,0,1,2,A,-,15,21201,A,N,C,G,A,B,H,-,C,D,0,,Y,Y,,Y,,L,04,0,0,1,0,0,0,1,0,0,"- ","- ",38.253120000000003,-122.63263000000001,SONOMA,PETALUMA,-122.63081062000001,38.251946949999997
7166978,2015,2017-01-28,4907,2015-12-31,1813,SD2310,10701,4,5,2,4907,0,0,0,,0,SO1,"RT 12","WEST SPAIN ST",0.00,,Y,A,-,Y,SON,4,12,-,-,36.490,I,5,E,Y,2,0,3,3,A,-,01,23152,A,N,A,C,A,A,H,-,C,A,0,,,Y,,Y,Y,C,02,1,1,1,0,0,0,0,0,1,"- ","- ",,,SONOMA,SONOMA,-122.47580069999999,38.29462891
7167947,2016,2016-08-26,4908,2016-01-10,2033,2461,,7,5,5,4908,0,0,0,,0,003,"CORONA RD","INDUSTRIAL AV",0.00,,Y,B,-,N,,,,,,,,,,Y,3,0,1,2,A,-,01,23153,,N,D,C,A,A,H,-,C,A,0,,,,,Y,Y,A,01,0,1,0,0,0,0,0,0,0,"- ","- ",38.262149999999998,-122.66034000000001,SONOMA,PETALUMA,-122.66032998999999,38.262159949999997
7170330,2016,2016-01-29,4900,2016-01-17,1733,SD1949,11101,7,5,3,4980,0,0,0,,0,WI1,"OLD REDWOOD HWY","ANNA DR",0.00,,Y,C,-,N,,,,,,,,,,Y,3,0,1,1,A,-,03,22350,,M,E,I,A,B,H,-,C,D,0,,,,,Y,Y,A,01,0,1,0,0,0,0,0,0,0,"- ","- ",,,SONOMA,WINDSOR,-122.78292987,38.530760000000001
7180119,2016,2016-02-11,4908,2016-01-23,1650,3189,1,6,5,5,4908,0,0,0,,0,003,"EAST WASHINGTON ST","LAKEVILLE ST",100.00,W,N,A,-,N,,,,,,,,,,Y,4,0,1,2,A,-,09,21801,A,N,D,C,A,A,H,-,A,D,0,,,,,Y,,A,01,0,0,1,0,0,0,0,0,0,"- ","- ",,,SONOMA,PETALUMA,-122.63622230999999,38.23784225
7180123,2016,2016-02-11,4908,2016-01-28,1408,2747,13,4,5,5,4908,0,0,0,,0,001,"SOUTH MCDOWELL BL","MCKENZIE AV",375.00,N,N,C,-,N,,,,,,,,,,Y,4,0,3,2,A,-,09,21804,A,N,D,C,A,B,H,-,A,D,0,,,,,Y,,A,07,0,0,3,0,0,0,0,0,0,"- ","- ",,,SONOMA,PETALUMA,-122.62348726,38.24788496
7183133,2016,2017-02-07,4902,2016-03-01,1558,343,,2,5,2,4902,0,0,0,,0,,"RT 116",MADRONE,18.00,W,N,B,-,Y,SON,4,116,-,-,34.280,I,5,W,Y,3,0,1,2,A,-,09,21804,A,N,D,C,A,A,H,-,A,D,0,,,,,Y,Y,D,22,0,1,0,0,0,0,0,0,0,"- ","- ",,,SONOMA,COTATI,-122.72648203,38.333015410000002
7184034,2016,2016-02-16,4908,2016-01-27,2300,2926,6,3,5,5,4908,0,0,0,,0,003,"EAST WASHINGTON ST","PAYRAN ST",50.00,E,N,A,-,N,,,,,,,,,,N,4,0,1,2,A,-,03,22350,,F,C,C,A,A,H,-,A,A,0,,,,,Y,,A,01,0,0,1,0,0,0,0,0,0,"- ","- ",38.242010000000001,-122.63252,SONOMA,PETALUMA,-122.63242597,38.242140149999997
7192786,2016,2016-02-29,4908,2016-02-16,1637,2747,14,2,5,5,4908,0,0,0,,0,001,"BAYWOOD DR","DANIEL DR",150.00,E,N,A,-,N,,,,,,,,,,Y,4,0,1,2,A,-,08,22107,,N,B,E,A,A,H,-,A,D,0,,,,,Y,,A,01,0,0,1,0,0,0,0,0,0,"- ","- ",,,SONOMA,PETALUMA,-122.60932004999999,38.241317430000002
7195388,2016,2016-02-29,4908,2016-02-17,1429,2926,6,3,5,5,4908,0,0,0,,0,003,"PETALLUMA BLVD N","SHASTA WY",150.00,N,N,B,-,N,,,,,,,,,,N,4,0,1,3,A,-,03,22350,,N,C,C,A,B,H,-,A,A,0,,,,,Y,,A,01,0,0,1,0,0,0,0,0,0,"- ","- ",,,SONOMA,PETALUMA,-122.64533889,38.247002979999998
7198444,2016,2016-03-09,4908,2016-02-19,2043,1685,10,5,5,5,4908,0,0,0,,0,004,"EAST WASHINGTON ST","NORTH MCDOWELL BL",20.00,E,N,A,-,N,,,,,,,,,,N,4,0,1,2,A,-,03,22350,,N,C,C,A,A,H,-,C,-,0,,,,,Y,,A,01,0,0,1,0,0,0,0,0,0,"- ","- ",38.249180000000003,-122.62573999999999,SONOMA,PETALUMA,-122.625803,38.249236549999999
7201185,2016,2016-03-21,4904,2016-02-01,0740,368,,1,5,4,4904,0,0,0,,0,001,"SANTA DOROTEA CIR","COUNTRY CLUB DR NORTH",92.00,W,N,A,-,N,,,,,,,,,,N,3,0,1,2,A,-,07,21658,A,N,C,E,A,A,H,-,A,D,0,,,,,Y,,A,01,0,1,0,0,0,0,0,0,0,"- ","- ",38.3551,-122.69404,SONOMA,"ROHNERT PARK",-122.69595753999999,38.35198664
7204870,2016,2016-03-15,4900,2016-03-01,0629,SD1941,11101,2,5,3,4980,0,0,0,,0,WI1,"SHILOH RD","GOLF COURSE DR",359.00,E,N,A,-,N,,,,,,,,,,Y,3,0,2,2,A,-,09,21801,A,N,A,C,A,A,H,-,B,D,0,,,,,Y,,A,01,0,1,1,0,0,0,0,0,0,"- ","- ",,,SONOMA,WINDSOR,-122.79907483,38.525805640000002
7205381,2016,2016-03-11,4908,2016-02-29,1505,2747,4,1,5,5,4908,0,0,0,,0,002,"HOWARD ST","STANLEY ST",80.00,S,N,A,-,N,,,,,,,,,,Y,4,0,1,2,A,-,17,22517,,N,B,E,A,-,H,-,A,D,0,,,,,Y,,A,01,0,0,1,0,0,0,0,0,0,"- ","- ",,,SONOMA,PETALUMA,-122.64536984999999,38.233845719999998
7208697,2016,2016-03-17,4908,2016-03-04,0114,2676,2,5,5,5,4908,0,0,0,,0,003,"EAST D ST","VALLEJO ST",150.00,W,N,C,-,N,,,,,,,,,,Y,4,0,1,1,A,-,01,23152,A,N,A,I,A,B,H,-,C,-,0,,,,,Y,Y,D,22,0,0,1,0,0,0,0,0,0,"- ","- ",38.239849999999997,-122.63135,SONOMA,PETALUMA,-122.63164218,38.239523869999999
7209229,2016,2016-03-22,4908,2016-03-02,1553,2926,1,3,5,5,4908,0,0,0,,0,002,"LAKEVILLE ST","EAST D ST",0.00,,Y,A,-,N,,,,,,,,,,N,4,0,1,2,A,-,03,22350,,N,C,C,A,A,H,-,A,A,0,,,,,Y,,D,22,0,0,1,0,0,0,0,0,0,"- ","- ",,,SONOMA,PETALUMA,-122.63399999000001,38.236959939999998
7209653,2016,2016-03-25,4908,2016-02-23,1658,2747,10,2,5,5,4908,0,0,0,,0,004,"PROFESSIONAL DR","NORTH MCDOWELL BL",0.00,,Y,A,-,N,,,,,,,,,,N,2,0,1,2,A,-,05,21650,1,N,D,G,A,A,H,-,A,A,0,,Y,,,Y,,L,04,1,0,0,0,0,0,1,0,0,"- ","- ",,,SONOMA,PETALUMA,-122.63459992999999,38.254129910000003
8002040,2016,2016-03-30,4905,2016-03-05,2117,SR422,10603,6,5,6,4905,0,0,0,,0,003,"MARLOW RD","ZINFANDEL AV",210.00,N,N,C,-,N,,,,,,,,,,Y,4,0,1,1,A,-,03,22350,,N,E,I,A,B,H,-,C,D,0,,,,,Y,,D,22,0,0,1,0,0,0,0,0,0,"- ","- ",,,SONOMA,"SANTA ROSA",-122.75133549,38.45103684