CASE_ID,ACCIDENT_YEAR,PROC_DATE,JURIS,COLLISION_DATE,COLLISION_TIME,OFFICER_ID,REPORTING_DISTRICT,DAY_OF_WEEK,CHP_SHIFT,POPULATION,CNTY_CITY_LOC,SPECIAL_COND,BEAT_TYPE,CHP_BEAT_TYPE,CITY_DIVISION_LAPD,CHP_BEAT_CLASS,BEAT_NUMBER,PRIMARY_RD,SECONDARY_RD,DISTANCE,DIRECTION,INTERSECTION,WEATHER_1,WEATHER_2,STATE_HWY_IND,CALTRANS_COUNTY,CALTRANS_DISTRICT,STATE_ROUTE,ROUTE_SUFFIX,POSTMILE_PREFIX,POSTMILE,LOCATION_TYPE,RAMP_INTERSECTION,SIDE_OF_HWY,TOW_AWAY,COLLISION_SEVERITY,NUMBER_KILLED,NUMBER_INJURED,PARTY_COUNT,PRIMARY_COLL_FACTOR,PCF_CODE_OF_VIOL,PCF_VIOL_CATEGORY,PCF_VIOLATION,PCF_VIOL_SUBSECTION,HIT_AND_RUN,TYPE_OF_COLLISION,MVIW,PED_ACTION,ROAD_SURFACE,ROAD_COND_1,ROAD_COND_2,LIGHTING,CONTROL_DEVICE,CHP_ROAD_TYPE,PEDESTRIAN_ACCIDENT,BICYCLE_ACCIDENT,MOTORCYCLE_ACCIDENT,TRUCK_ACCIDENT,NOT_PRIVATE_PROPERTY,ALCOHOL_INVOLVED,STWD_VEHTYPE_AT_FAULT,CHP_VEHTYPE_AT_FAULT,COUNT_SEVERE_INJ,COUNT_VISIBLE_INJ,COUNT_COMPLAINT_PAIN,COUNT_PED_KILLED,COUNT_PED_INJURED,COUNT_BICYCLIST_KILLED,COUNT_BICYCLIST_INJURED,COUNT_MC_KILLED,COUNT_MC_INJURED,PRIMARY_RAMP,SECONDARY_RAMP,LATITUDE,LONGITUDE,COUNTY,CITY,POINT_X,POINT_Y
8188894,2016,2016-12-14,4905,2016-10-04,2042,SR422,10609,2,5,6,4905,0,0,0,,0,009,"COLLEGE AV","ORCHARD ST",125.00,E,N,A,-,N,,,,,,,,,,Y,3,0,1,2,A,-,01,23152,A,N,C,E,A,A,H,-,C,D,0,,,,,Y,Y,A,01,0,1,0,0,0,0,0,0,0,"- ","- ",,,SONOMA,"SANTA ROSA",-122.71306361000001,38.445529180000001
8188898,2016,2016-12-14,4905,2016-10-25,0907,SR455,10609,2,5,6,4905,0,0,0,,0,009,"B ST","7TH ST",0.00,,Y,C,-,N,,,,,,,,,,Y,4,0,1,2,A,-,09,21801,A,N,D,C,A,B,H,-,A,A,0,,,,,Y,,A,01,0,0,1,0,0,0,0,0,0,"- ","- ",,,SONOMA,"SANTA ROSA",-122.71731998,38.441989890000002
8188933,2016,2016-12-14,4905,2016-10-03,1110,SR8703,10603,1,5,6,4905,0,0,0,,0,003,"GUERNEVILLE RD","MARLOW RD",136.00,E,N,C,-,N,,,,,,,,,,Y,4,0,1,1,A,-,03,22350,,N,E,I,A,B,H,-,A,A,0,,,,,Y,,A,01,0,0,1,0,0,0,0,0,0,"- ","- ",,,SONOMA,"SANTA ROSA",-122.75091492999999,38.452650009999999
8188941,2016,2016-12-14,4905,2016-10-13,1747,SR284,10607,4,5,6,4905,0,0,0,,0,007,"SEBASTOPOL RD","KENMORE LN",210.00,E,N,B,-,N,,,,,,,,,,Y,3,0,2,2,A,-,09,21804,A,N,D,C,A,A,H,-,A,A,0,,,Y,,Y,,A,01,0,1,1,0,0,0,0,0,1,"- ","- ",,,SONOMA,"SANTA ROSA",-122.74231945,38.426799950000003
8188945,2016,2016-12-14,4905,2016-10-03,1909,SR8708,10608,1,5,6,4905,0,0,0,,0,008,"CITRINE WY","GLEENWELL DR",200.00,N,N,B,-,N,,,,,,,,,,N,4,0,1,2,A,-,01,23152,A,N,E,I,A,A,H,-,C,D,0,,,,,Y,Y,A,07,0,0,1,0,0,0,0,0,0,"- ","- ",,,SONOMA,"SANTA ROSA",-122.69919301,38.423648610000001
8188954,2016,2016-12-14,4905,2016-10-30,2339,SR469,10607,7,5,6,4905,0,0,0,,0,007,"STONY POINT RD","PEARBLOSSOM DR",0.00,,Y,A,-,N,,,,,,,,,,Y,4,0,1,2,A,-,09,21801,A,N,A,C,A,A,D,-,C,A,0,,,,,Y,,A,01,0,0,1,0,0,0,0,0,0,"- ","- ",,,SONOMA,"SANTA ROSA",-122.74098986,38.413079979999999
8188964,2016,2016-12-15,4905,2016-09-13,1622,SR474,10601,2,5,6,4905,0,0,0,,0,001,"PINER RD","RANGE AV",160.00,W,N,A,-,N,,,,,,,,,,Y,4,0,2,3,A,-,03,22350,,N,C,C,A,A,H,-,A,D,0,,,,,Y,,A,07,0,0,2,0,0,0,0,0,0,"- ","- ",,,SONOMA,"SANTA ROSA",-122.73307894,38.472039019999997
8188984,2016,2016-12-15,4905,2016-09-07,1426,SR8906,10602,3,5,6,4905,0,0,0,,0,002,"FOUNTAINGROVE PKWY","ROUND BARN BL",0.00,,Y,A,-,N,,,,,,,,,,Y,4,0,2,2,A,-,09,21801,A,N,D,C,A,A,H,-,A,D,0,,,,,Y,,A,01,0,0,2,0,0,0,0,0,0,"- ","- ",,,SONOMA,"SANTA ROSA",-122.72617995,38.475449939999997
8188991,2016,2017-03-04,4905,2016-09-25,0304,SR504,10604,7,5,6,4905,0,0,0,,0,004,"RT 12","FARMERS LN",300.00,E,N,A,-,Y,SON,4,12,-,-,17.760,H,-,E,Y,3,0,1,1,A,-,01,23152,A,M,E,I,A,A,H,-,D,D,0,,,,,Y,Y,A,01,0,1,0,0,0,0,0,0,0,"- ","- ",,,SONOMA,"SANTA ROSA",-122.6874309,38.449884570000002
8188995,2016,2016-12-15,4905,2016-09-07,0749,SR215,10602,3,5,6,4905,0,0,0,,0,002,"MENDOCINO AV","FOUNTAINGROVE PKWY",30.00,S,N,A,-,N,,,,,,,,,,N,4,0,1,2,A,-,09,21804,A,N,D,G,A,A,H,-,A,A,0,,Y,,,Y,,L,04,0,0,1,0,0,0,1,0,0,"- ","- ",,,SONOMA,"SANTA ROSA",-122.72858683,38.474669839999997
8189008,2016,2016-12-15,4905,2016-09-11,0621,SR525,10607,7,5,6,4905,0,0,0,,0,007,"STONY POINT RD","NORTH POINT PKWY",360.00,S,N,B,-,N,,,,,,,,,,Y,3,0,1,1,A,-,08,22107,,M,E,I,A,A,D,-,C,A,0,,,,,Y,,A,01,0,1,0,0,0,0,0,0,0,"- ","- ",,,SONOMA,"SANTA ROSA",-122.73993194000001,38.415072850000001
8189016,2016,2016-12-15,4905,2016-09-24,1144,SR8707,10609,6,5,6,4905,0,0,0,,0,009,"COLLEGE AV","KING ST",0.00,,Y,A,-,N,,,,,,,,,,Y,3,0,3,2,A,-,09,21801,A,N,D,C,A,A,H,-,A,A,0,,,,,Y,,A,01,0,2,1,0,0,0,0,0,0,"- ","- ",,,SONOMA,"SANTA ROSA",-122.71087996,38.445469899999999
8189019,2016,2016-12-15,4905,2016-09-01,0704,SR215,10606,4,5,6,4905,0,0,0,,0,006,"YULUPA AV","MONTGOMERY DR",2.00,S,N,E,-,N,,,,,,,,,,N,2,0,1,2,A,-,09,21804,A,N,D,G,A,A,H,-,A,A,0,,Y,,,Y,,L,04,1,0,0,0,0,0,1,0,0,"- ","- ",,,SONOMA,"SANTA ROSA",-122.67925637,38.449435309999998
8189032,2016,2016-12-15,4905,2016-09-18,1238,SR8917,10609,7,5,6,4905,0,0,0,,0,009,"BROOKWOOD AV","COLLEGE AV",15.00,S,N,A,-,N,,,,,,,,,,Y,4,0,1,3,A,-,03,22350,,N,C,C,A,A,H,-,A,A,0,,,,,Y,,A,01,0,0,1,0,0,0,0,0,0,"- ","- ",,,SONOMA,"SANTA ROSA",-122.70806872999999,38.445359760000002
81890826,2022,2022-10-17,4904,2022-09-27,1414,1040573,RPDPS,2,5,4,4904,0,0,0,,0,001,"SNYDER LN","MEDICAL CENTER DR",0.00,,Y,A,-,N,,,,,,,,,,N,4,0,1,2,A,-,04,21703,,N,C,C,A,A,H,-,A,A,0,,,,,Y,,A,01,0,0,1,0,0,0,0,0,0,"- ","- ",38.347209930419922,-122.68540191650391,SONOMA,"ROHNERT PARK",-122.68553924560547,38.347568511962891
8189401,2016,2016-12-15,4905,2016-08-29,1226,SR5959,10602,1,5,6,4905,0,0,0,,0,002,"MENDOCINO AV","STEELE LN",150.00,S,N,A,-,N,,,,,,,,,,N,4,0,1,2,A,-,03,22350,,N,C,C,A,A,H,-,A,D,0,,,Y,,Y,,C,02,0,0,1,0,0,0,0,0,1,"- ","- ",,,SONOMA,"SANTA ROSA",-122.71714605,38.460600710000001
8189409,2016,2016-12-15,4905,2016-08-28,2225,SR469,10603,7,5,6,4905,0,0,0,,0,003,"SAN MIGUEL AV","ERIKA ST",250.00,W,N,A,-,N,,,,,,,,,,Y,4,0,1,3,A,-,00,23154,A,N,C,E,A,A,H,-,C,A,0,,,,,Y,Y,A,01,0,0,1,0,0,0,0,0,0,"- ","- ",,,SONOMA,"SANTA ROSA",-122.75801632,38.474356110000002
81895784,2022,2022-10-21,4905,2022-09-21,1527,1060422,,3,5,6,4905,0,0,0,,0,005,"STONY POINT RD","COLLEGE AV",540.00,S,N,A,-,N,,,,,,,,,,Y,3,0,1,2,C,-,18,,,N,A,C,A,A,H,-,A,D,0,,,,,Y,,-,"- ",0,1,0,0,0,0,0,0,0,"- ","- ",,,SONOMA,"SANTA ROSA",-122.75107574462891,38.443798065185547
81895788,2022,2022-10-21,4905,2022-10-06,1648,541,,4,5,6,4905,0,0,0,,0,006,"MONTGOMERY DR","JACQUELINE DR",730.00,E,N,A,-,N,,,,,,,,,,Y,3,0,1,4,A,-,03,22350,,N,C,E,A,A,H,-,A,D,0,,,,,Y,,A,01,0,1,0,0,0,0,0,0,0,"- ","- ",,,SONOMA,"SANTA ROSA",-122.67435455322266,38.452590942382812
81895789,2022,2022-10-21,4905,2022-10-07,0756,1060513,,5,5,6,4905,0,0,0,,0,005,"SEBASTOPOL RD","ROSELAND AV",600.00,E,N,A,-,N,,,,,,,,,,N,4,0,1,2,A,-,03,22350,,N,C,C,A,A,H,-,A,D,0,,,,,Y,,A,01,0,0,1,0,0,0,0,0,0,"- ","- ",,,SONOMA,"SANTA ROSA",-122.73033142089844,38.429435729980469
8189599,2016,2016-12-19,4905,2016-09-02,2221,SR50,10609,5,5,6,4905,0,0,0,,0,009,"3RD ST","BROOKWOOD AV",0.00,,Y,A,-,N,,,,,,,,,,Y,4,0,1,2,A,-,12,21453,A,N,B,C,A,A,H,-,C,A,0,,,,,Y,,A,01,0,0,1,0,0,0,0,0,0,"- ","- ",,,SONOMA,"SANTA ROSA",-122.70670998999999,38.442679900000002
81897158,2022,2022-10-24,4904,2022-10-11,2038,1040418,,2,5,4,4904,0,0,0,,0,,"STATE FARM DR","CLASSIC CT",263.00,S,N,A,-,N,,,,,,,,,,Y,3,0,1,2,A,-,01,23153,A,N,B,C,A,A,H,-,C,A,0,,,,,Y,Y,A,01,0,1,0,0,0,0,0,0,0,"- ","- ",38.356918334960938,-122.70942687988281,SONOMA,"ROHNERT PARK",-122.70914459228516,38.356483459472656
81898196,2022,2022-10-25,4904,2022-10-06,0649,1040514,,4,5,4,4904,0,0,0,,0,,"ADRIAN DR","BURTON AVE",5.00,E,N,A,-,N,,,,,,,,,,N,4,0,1,2,A,-,10,21950,A,N,G,B,B,A,H,-,B,D,0,Y,,,,Y,,A,01,0,0,1,0,1,0,0,0,0,"- ","- ",38.331211090087891,-122.69803619384766,SONOMA,"ROHNERT PARK",-122.69798278808594,38.331470489501953
81898235,2022,2022-10-25,4905,2022-10-11,1313,1060284,,2,5,6,4905,0,0,0,,0,008,"SANTA ROSA AV","BAKER OV (N)",0.00,,Y,A,-,Y,,,,,,,,,,Y,4,0,1,2,A,-,12,21453,A,N,D,C,A,A,H,-,A,A,0,,,,,Y,,-,"- ",0,0,1,0,0,0,0,0,0,"- ","- ",,,SONOMA,"SANTA ROSA",-122.71355438232422,38.421169281005859
81898237,2022,2022-10-25,4905,2022-10-12,1159,1060422,,3,5,6,4905,0,0,0,,0,002,"COLLEGE AV","E ST",35.00,W,N,B,-,N,,,,,,,,,,N,4,0,1,2,A,-,01,23152,A,N,C,C,A,A,H,-,A,A,0,,,,,Y,Y,A,01,0,0,1,0,0,0,0,0,0,"- ","- ",,,SONOMA,"SANTA ROSA",,
81904938,2022,2022-10-31,4905,2022-10-17,1427,1060597,,1,5,6,4905,0,0,0,,0,008,"PETALUMA HILL RD","FRAZIER AV",50.00,S,N,A,-,N,,,,,,,,,,N,3,0,1,2,A,-,00,24604,A,N,D,G,A,A,H,-,A,A,0,,Y,,,Y,,D,22,0,1,0,0,0,0,1,0,0,"- ","- ",,,SONOMA,"SANTA ROSA",-122.70977783203125,38.426567077636719
81910623,2022,2022-11-07,4905,2022-10-25,1113,1060337,,2,5,6,4905,0,0,0,,0,008,"BROOKWOOD AV","MAPLE AV",50.00,S,N,A,-,Y,,,,,,,,,,N,4,0,1,2,A,-,03,22350,,N,C,C,A,A,H,-,A,A,0,,,,,Y,,D,22,0,0,1,0,0,0,0,0,0,"- ","- ",,,SONOMA,"SANTA ROSA",-122.69933319091797,38.433834075927734
81915868,2022,2022-11-14,4905,2022-10-27,0826,1060513,,4,5,6,4905,0,0,0,,0,,"CORBY AV","COTTONWOOD DR",155.00,S,N,A,-,N,,,,,,,,,,N,4,0,2,2,A,-,09,21804,A,N,D,C,A,A,H,-,A,D,0,,,,,Y,,A,01,0,0,2,0,0,0,0,0,0,"- ","- ",,,SONOMA,"SANTA ROSA",-122.71749877929688,38.416713714599609
81916188,2022,2022-11-14,4913,2022-10-20,1150,1101496,,4,5,3,4980,0,0,0,,0,,"WINDSOR RD","REIMAN LN",50.00,S,N,A,-,N,,,,,,,,,,Y,3,0,2,2,A,-,08,22107,,N,D,C,A,A,H,-,A,D,0,,,,,Y,,A,01,0,1,1,0,0,0,0,0,0,"- ","- ",,,SONOMA,WINDSOR,-122.81675720214844,38.536170959472656
81917625,2022,2022-11-15,4904,2022-10-15,1635,1040578,4904,6,5,4,4904,0,0,0,,0,002,"REDWOOD DR","J ROGERS LN",875.00,S,N,A,-,N,,,,,,,,,,Y,3,0,1,2,A,-,03,22350,,N,D,C,A,A,H,-,A,D,0,,,,,Y,,A,01,0,1,0,0,0,0,0,0,0,"- ","- ",38.353279113769531,-122.71379852294922,SONOMA,"ROHNERT PARK",-122.71379852294922,38.353191375732422
81921068,2022,2022-11-18,4902,2022-10-28,0613,105347,,5,5,2,4902,0,0,0,,0,,"HWY 116","SB HWY 116 OFFRAMP",0.00,,Y,A,-,Y,,,,,,,,,,Y,4,0,1,2,D,-,00,,,N,D,C,A,A,H,-,C,A,0,,,,Y,Y,,-,"- ",0,0,1,0,0,0,0,0,0,"- ","- ",,,SONOMA,COTATI,-122.71382141113281,38.320526123046875
8192279,2016,2016-12-22,4904,2016-12-05,1428,443,,1,5,4,4904,0,0,0,,0,,"VERDE CIR","CORTE ROSA",155.00,E,N,B,-,N,,,,,,,,,,N,3,0,1,1,A,-,08,22107,,N,E,I,A,A,H,-,A,D,0,,,,,Y,,A,01,0,1,0,0,0,0,0,0,0,"- ","- ",,,SONOMA,"ROHNERT PARK",,
81926722,2022,2022-11-28,4905,2022-11-12,0134,1060392,,6,5,6,4905,0,0,0,,0,004,"MENDOCINO AV","COLLEGE AV",0.00,,Y,B,-,N,,,,,,,,,,Y,3,0,3,2,A,-,12,21453,A,F,D,C,A,B,H,-,C,A,0,,,,,Y,Y,A,01,0,3,0,0,0,0,0,0,0,"- ","- ",,,SONOMA,"SANTA ROSA",-122.71773529052734,38.445659637451172
81927249,2022,2022-11-28,4907,2022-11-07,1845,1102775,,1,5,2,4907,0,0,0,,0,SO1,"5TH ST WEST","MACARTHUR ST",0.00,,Y,A,B,N,,,,,,,,,,N,4,0,1,2,A,-,10,21950,A,F,B,G,A,A,H,-,C,A,0,,Y,,,Y,,-,99,0,0,1,0,0,0,1,0,0,"- ","- ",,,SONOMA,SONOMA,-122.46921539306641,38.2857666015625
81929706,2022,2022-11-30,4904,2022-11-10,2359,1040573,RPDPS,4,5,4,4904,0,0,0,,0,001,"ROBERTS LAKE RD","GOLF COURSE DR",540.00,N,N,A,-,N,,,,,,,,,,N,4,0,1,2,A,-,10,21950,A,F,G,B,C,A,H,-,C,D,0,Y,,,,Y,Y,-,99,0,0,1,0,1,0,0,0,0,"- ","- ",38.363430023193359,-122.71060943603516,SONOMA,"ROHNERT PARK",-122.71112060546875,38.364692687988281
81930879,2022,2022-12-01,4904,2022-11-06,1359,1040514,,7,5,4,4904,0,0,0,,0,,"ROHNERT PARK EXPY",TRACKS,203.00,E,N,A,-,N,,,,,,,,,,N,4,0,3,3,A,-,22,23123,,N,C,C,A,A,H,-,A,D,0,,,,,Y,,A,01,0,0,3,0,0,0,0,0,0,"- ","- ",38.348358154296875,-122.70168304443359,SONOMA,"ROHNERT PARK",-122.73128509521484,38.350040435791016
8193653,2016,2016-12-28,4908,2016-12-12,2339,3184,5,1,5,5,4908,0,0,0,,0,003,"PETALLUMA BLVD N","SYCAMORE LN",0.00,,Y,A,-,N,,,,,,,,,,Y,4,0,1,1,A,-,08,22107,,N,E,I,A,A,H,-,C,A,0,,,,,Y,,A,01,0,0,1,0,0,0,0,0,0,"- ","- ",38.246589999999998,-122.64521999999999,SONOMA,PETALUMA,-122.64522985000001,38.246599940000003
81939310,2022,2022-12-12,4905,2022-10-11,0456,1060553,,2,5,6,4905,0,0,0,,0,007,"SEBASTOPOL RD","CORPORATE CENTER PW",0.00,,Y,A,-,N,,,,,,,,,,Y,3,0,3,2,A,-,08,22107,,N,D,C,A,A,H,-,C,A,0,,,,,Y,,D,22,0,1,2,0,0,0,0,0,0,"- ","- ",,,SONOMA,"SANTA ROSA",-122.75335693359375,38.425941467285156
81940458,2022,2022-12-13,4905,2022-10-13,1542,1060550,,4,5,6,4905,0,0,0,,0,005,"DUTTON AV","255 DUTTON AV",0.00,,Y,A,-,N,,,,,,,,,,N,4,0,1,2,A,-,08,22107,,N,D,J,A,A,H,-,A,A,0,,,,,Y,,A,01,0,0,1,0,0,0,0,0,0,"- ","- ",,,SONOMA,"SANTA ROSA",-122.72418212890625,38.420551300048828
81940460,2022,2022-12-13,4905,2022-10-28,0552,1060513,,5,5,6,4905,0,0,0,,0,008,"SANTA ROSA AV","BELLEVUE AV",0.00,,Y,A,-,N,,,,,,,,,,N,4,0,1,2,A,-,09,21802,A,N,D,G,A,A,H,-,C,D,0,,Y,,,Y,,A,07,0,0,1,0,0,0,1,0,0,"- ","- ",,,SONOMA,"SANTA ROSA",-122.71350860595703,38.401866912841797
81940473,2022,2022-12-13,4905,2022-11-26,2157,1060550,,6,5,6,4905,0,0,0,,0,002,"LOMITAS AV","LEWIS RD",150.00,N,N,A,-,N,,,,,,,,,,N,3,0,1,2,A,-,21,22106,,N,B,C,A,A,H,-,C,D,0,,,,,Y,,A,01,0,1,0,0,0,0,0,0,0,"- ","- ",,,SONOMA,"SANTA ROSA",-122.71652221679688,38.461643218994141
81951785,2022,2022-12-26,4904,2022-12-06,1528,1040575,,2,5,4,4904,0,0,0,,0,,"ROHNERT PARK EXPY","E REDWOOD DR",504.00,E,N,A,-,Y,,,,,,,,,,N,4,0,2,2,A,-,03,22350,,N,C,C,A,A,H,-,A,A,0,,,,Y,Y,,F,26,0,0,2,0,0,0,0,0,0,"- ","- ",38.345928192138672,-122.67057037353516,SONOMA,"ROHNERT PARK",-122.66889953613281,38.345924377441406
81952001,2022,2022-12-26,4905,2022-11-30,1544,1060473,,3,5,6,4905,0,0,0,,0,,"SONOMA AV","SANTA ROSA AV",10.00,W,N,A,-,N,,,,,,,,,,N,4,0,1,2,A,-,08,22107,,N,D,G,A,A,H,-,A,A,0,,Y,,,Y,,L,04,0,0,1,0,0,0,1,0,0,"- ","- ",,,SONOMA,"SANTA ROSA",-122.71235656738281,38.436653137207031
81952006,2022,2022-12-26,4905,2022-12-03,1527,1068926,,6,5,6,4905,0,0,0,,0,005,"WEST 3RD ST","WESTBROOK DR",0.00,,Y,B,C,N,,,,,,,,,,Y,3,0,2,2,A,-,05,21651,B,N,A,C,A,B,H,-,A,D,0,,,,,Y,,A,01,0,1,1,0,0,0,0,0,0,"- ","- ",,,SONOMA,"SANTA ROSA",-122.73980712890625,38.433628082275391
81952019,2022,2022-12-26,4905,2022-12-10,0815,1068714,,6,5,6,4905,0,0,0,,0,001,"GUERNEVILLE RD","RANGE AV",0.00,,Y,B,C,N,,,,,,,,,,Y,4,0,1,2,D,-,00,,,N,D,C,A,B,H,-,A,A,0,,,,,Y,,-,"- ",0,0,1,0,0,0,0,0,0,"- ","- ",,,SONOMA,"SANTA ROSA",-122.73256683349609,38.45880126953125
81956037,2022,2022-12-30,4905,2022-11-30,1533,1068911,4905,3,5,6,4905,0,0,0,,0,007,"SENDERO LN","SEBASTOPOL RD",345.00,N,N,B,-,N,,,,,,,,,,N,4,0,1,2,A,-,09,21801,A,N,D,C,A,A,H,-,A,D,0,,,,,Y,,A,01,0,0,1,0,0,0,0,0,0,"- ","- ",,,SONOMA,"SANTA ROSA",,
81956040,2022,2022-12-30,4905,2022-12-06,0914,1060600,,2,5,6,4905,0,0,0,,0,,"RANGE AV","STEELE LN",0.00,,Y,A,-,N,,,,,,,,,,Y,4,0,1,2,A,-,12,21453,A,N,D,C,A,B,H,-,A,A,0,,,,,Y,,-,"- ",0,0,1,0,0,0,0,0,0,"- ","- ",,,SONOMA,"SANTA ROSA",-122.73256683349609,38.459980010986328
81957166,2022,2023-01-02,4905,2022-08-25,1511,1060422,,4,5,6,4905,0,0,0,,0,008,"SANTA ROSA AV","POWDERHORN AV",370.00,N,N,A,-,N,,,,,,,,,,Y,2,0,2,2,A,-,09,21801,A,N,D,C,A,A,H,-,A,D,0,,,Y,,Y,,A,01,1,1,0,0,0,0,0,0,2,"- ","- ",,,SONOMA,"SANTA ROSA",-122.71347808837891,38.403865814208984
81967363,2022,2023-01-13,4905,2022-12-23,1415,1060541,,5,5,6,4905,0,0,0,,0,006,"SONOMA AV","HAHMAN DR",90.00,W,N,A,-,N,,,,,,,,,,N,4,0,1,2,A,-,08,22107,,N,B,C,A,A,H,-,A,D,0,,,,,Y,,I,20,0,0,1,0,0,0,0,0,0,"- ","- ",,,SONOMA,"SANTA ROSA",-122.68596649169922,38.444988250732422
81983614,2023,2023-02-01,4904,2023-01-14,"835 ",1040598,4904,6,5,4,4904,0,0,0,,0,001,"FAIRWAY DR","GOLF COURSE DR",78.00,N,N,B,-,N,,,,,,,,,,Y,4,0,1,2,A,-,00,22110,A,N,B,E,A,B,H,-,A,A,0,,,,,Y,,A,01,0,0,1,0,0,0,0,0,0,"- ","- ",38.362350463867188,-122.70735931396484,SONOMA,"ROHNERT PARK",-122.70711517333984,38.362583160400391
81985531,2023,2023-02-03,4905,2023-01-09,1241,1068920,,1,5,6,4905,0,0,0,,0,,"MAPLE AV","SOUTH E ST",0.00,,Y,B,-,N,,,,,,,,,,Y,3,0,2,2,A,-,12,21453,A,N,D,C,A,A,H,-,A,A,0,,,,,Y,,-,"- ",0,2,0,0,0,0,0,0,0,"- ","- ",,,SONOMA,"SANTA ROSA",-122.70437622070312,38.433124542236328
81992180,2023,2023-02-13,4905,2023-01-27,1212,1060550,,5,5,6,4905,0,0,0,,0,008,"SANTA ROSA AV","HEARN AV",0.00,,Y,A,-,N,,,,,,,,,,N,4,0,1,2,A,-,07,21658,A,N,B,C,A,A,H,-,A,A,0,,,,,Y,,D,22,0,0,1,0,0,0,0,0,0,"- ","- ",,,SONOMA,"SANTA ROSA",-122.71355438232422,38.415229797363281
81992181,2023,2023-02-13,4905,2023-01-27,1154,1068708,,5,5,6,4905,0,0,0,,0,,"NORTH DUTTON AV","MAXWELL DR",150.00,S,N,A,-,N,,,,,,,,,,Y,4,0,2,2,A,-,09,21801,A,N,D,C,A,A,H,-,A,D,0,,,,,Y,,A,01,0,0,2,0,0,0,0,0,0,"- ","- ",,,SONOMA,"SANTA ROSA",-122.72908020019531,38.442371368408203
81992183,2023,2023-02-13,4905,2023-01-31,"639 ",1060337,,2,5,6,4905,0,0,0,,0,004,"HWY 12","BRUSH CREEK RD",0.00,,Y,A,-,Y,,,,,,,,,,Y,3,0,3,2,A,-,12,21453,A,N,A,C,A,A,H,-,B,A,0,,,,,Y,,A,01,0,1,2,0,0,0,0,0,0,"- ","- ",,,SONOMA,"SANTA ROSA",-122.68076324462891,38.454418182373047
81996678,2023,2023-02-17,4905,2023-01-30,2030,1068714,,1,5,6,4905,0,0,0,,0,008,"SANTA ROSA AV","YOLANDA AV",40.00,N,N,A,-,N,,,,,,,,,,N,4,0,1,2,A,-,03,22350,,F,C,C,A,A,H,-,C,A,0,,,,,Y,,-,99,0,0,1,0,0,0,0,0,0,"- ","- ",,,SONOMA,"SANTA ROSA",-122.71353912353516,38.413318634033203
81996686,2023,2023-02-17,4905,2023-02-05,1655,1060480,,7,5,6,4905,0,0,0,,0,005,"STONY POINT RD","HWY 12 W OFF RAMP",0.00,,Y,B,-,N,,,,,,,,,,N,4,0,1,2,A,-,08,22107,,N,B,C,A,B,H,-,A,A,0,,,,Y,Y,,F,26,0,0,1,0,0,0,0,0,0,"- ","- ",,,SONOMA,"SANTA ROSA",-122.7418212890625,38.430694580078125
81997633,2023,2023-02-20,4905,2023-02-02,"939 ",1068911,,4,5,6,4905,0,0,0,,0,009,"E ST","4TH ST",0.00,,Y,B,-,N,,,,,,,,,,Y,4,0,2,2,D,-,00,,,N,D,C,A,A,H,-,A,A,0,,,,,Y,,-,"- ",0,0,2,0,0,0,0,0,0,"- ","- ",,,SONOMA,"SANTA ROSA",-122.71073913574219,38.441970825195312
82001845,2023,2023-02-24,4905,2023-02-12,1108,1068926,,7,5,6,4905,0,0,0,,0,003,"FULTON RD","GUERNEVILLE RD",0.00,,Y,A,-,N,,,,,,,,,,N,4,0,1,2,A,-,09,21453,C,N,D,C,A,A,H,-,A,A,0,,,,,Y,,A,01,0,0,1,0,0,0,0,0,0,"- ","- ",,,SONOMA,"SANTA ROSA",-122.76963043212891,38.452552795410156
82002742,2023,2023-02-27,4913,2023-02-04,1802,1102927,,6,5,3,4980,0,0,0,,0,,"OLD REDWOOD HW","CONDE LN",0.00,,Y,C,-,N,,,,,,,,,,Y,4,0,2,2,D,-,00,,,N,D,C,A,B,H,-,C,A,0,,,,,Y,,-,"- ",0,0,2,0,0,0,0,0,0,"- ","- ",,,SONOMA,WINDSOR,-122.81089019775391,38.547397613525391
82008515,2023,2023-03-03,4905,2023-02-13,"15  ",1060594,,1,5,6,4905,0,0,0,,0,004,"4TH ST","FARMERS LN",0.00,,Y,A,-,N,,,,,,,,,,N,4,0,1,2,A,-,01,23153,A,N,B,C,A,A,H,-,C,A,0,,,,,Y,Y,D,22,0,0,1,0,0,0,0,0,0,"- ","- ",,,SONOMA,"SANTA ROSA",-122.68849182128906,38.449630737304688
82011063,2023,2023-03-07,4905,2023-02-17,"114 ",1060422,,5,5,6,4905,0,0,0,,0,003,"WEST STEELE LN","NORTHCOAST ST",50.00,E,N,A,-,N,,,,,,,,,,Y,2,0,1,1,A,-,01,23152,A,N,E,I,A,A,H,-,C,D,0,,,,,Y,Y,A,01,1,0,0,0,0,0,0,0,0,"- ","- ",,,SONOMA,"SANTA ROSA",-122.7413330078125,38.459907531738281
8201531,2017,2017-03-27,4900,2017-03-08,2008,SD2252,,3,5,3,4980,0,0,0,,0,WI1,"BROOKS RD SOUTH","GLENN MILLER DR",0.00,,Y,A,-,N,,,,,,,,,,Y,2,0,1,2,A,-,00,21453,,N,A,C,A,A,H,-,C,A,0,,,,,Y,,A,01,1,0,0,0,0,0,0,0,0,"- ","- ",,,SONOMA,WINDSOR,-122.80742991,38.55130999
82026217,2022,2023-03-23,4908,2022-02-01,0342,3509,11,2,5,5,4908,0,0,0,,0,004,"TURTLE CREEK WY","RAVEN WY",71.00,W,N,A,-,N,,,,,,,,,,N,2,0,1,1,A,-,01,23152,A,N,E,I,A,A,H,-,C,D,0,,,,,Y,Y,A,01,1,0,0,0,0,0,0,0,0,"- ","- ",38.259860992431641,-122.62238311767578,SONOMA,PETALUMA,-122.62251281738281,38.259719848632812