CASE_ID,ACCIDENT_YEAR,PROC_DATE,JURIS,COLLISION_DATE,COLLISION_TIME,OFFICER_ID,REPORTING_DISTRICT,DAY_OF_WEEK,CHP_SHIFT,POPULATION,CNTY_CITY_LOC,SPECIAL_COND,BEAT_TYPE,CHP_BEAT_TYPE,CITY_DIVISION_LAPD,CHP_BEAT_CLASS,BEAT_NUMBER,PRIMARY_RD,SECONDARY_RD,DISTANCE,DIRECTION,INTERSECTION,WEATHER_1,WEATHER_2,STATE_HWY_IND,CALTRANS_COUNTY,CALTRANS_DISTRICT,STATE_ROUTE,ROUTE_SUFFIX,POSTMILE_PREFIX,POSTMILE,LOCATION_TYPE,RAMP_INTERSECTION,SIDE_OF_HWY,TOW_AWAY,COLLISION_SEVERITY,NUMBER_KILLED,NUMBER_INJURED,PARTY_COUNT,PRIMARY_COLL_FACTOR,PCF_CODE_OF_VIOL,PCF_VIOL_CATEGORY,PCF_VIOLATION,PCF_VIOL_SUBSECTION,HIT_AND_RUN,TYPE_OF_COLLISION,MVIW,PED_ACTION,ROAD_SURFACE,ROAD_COND_1,ROAD_COND_2,LIGHTING,CONTROL_DEVICE,CHP_ROAD_TYPE,PEDESTRIAN_ACCIDENT,BICYCLE_ACCIDENT,MOTORCYCLE_ACCIDENT,TRUCK_ACCIDENT,NOT_PRIVATE_PROPERTY,ALCOHOL_INVOLVED,STWD_VEHTYPE_AT_FAULT,CHP_VEHTYPE_AT_FAULT,COUNT_SEVERE_INJ,COUNT_VISIBLE_INJ,COUNT_COMPLAINT_PAIN,COUNT_PED_KILLED,COUNT_PED_INJURED,COUNT_BICYCLIST_KILLED,COUNT_BICYCLIST_INJURED,COUNT_MC_KILLED,COUNT_MC_INJURED,PRIMARY_RAMP,SECONDARY_RAMP,LATITUDE,LONGITUDE,COUNTY,CITY,POINT_X,POINT_Y
8294178,2017,2017-02-01,4903,2017-01-23,0940,1165,3,1,5,3,4903,0,0,0,,0,,"PIPER ST","PIPER CT",0.00,,Y,A,-,N,,,,,,,,,,N,4,0,2,2,A,-,12,21453,A,N,A,C,A,A,H,-,A,A,0,,,,,Y,,A,01,0,0,2,0,0,0,0,0,0,"- ","- ",38.614280000000001,-122.87188,SONOMA,HEALDSBURG,-122.87188989000001,38.614269899999996
8299776,2017,2017-02-23,4908,2017-02-14,2114,2140,10,2,5,5,4908,0,0,0,,0,004,"LAUREN DR","MARIA DR",110.00,E,N,A,-,N,,,,,,,,,,Y,3,0,2,3,A,-,01,23152,A,N,D,E,A,A,H,-,C,D,0,,,,,Y,Y,A,01,0,1,1,0,0,0,0,0,0,"- ","- ",38.252969999999998,-122.62332000000001,SONOMA,PETALUMA,-122.62319909,38.253216899999998
8302112,2017,2017-02-10,4902,2017-01-28,1647,338,SONOM,6,5,2,4902,0,0,0,,0,,"OLD REDWOOD HWY","WEST SIERRA AV",0.00,,Y,A,-,N,,,,,,,,,,N,4,0,1,2,A,-,03,22350,,F,C,C,A,A,H,-,A,A,0,,,,,Y,Y,-,,0,0,1,0,0,0,0,0,0,"- ","- ",,,SONOMA,COTATI,-122.70632996000001,38.326589929999997
8307292,2016,2017-03-08,4905,2016-12-19,1417,SR8703,10602,1,5,6,4905,0,0,0,,0,002,"MENDOCINO AV","FOUNTAINGROVE PKWY",25.00,N,N,A,-,N,,,,,,,,,,N,4,0,1,3,A,-,06,21750,A,N,B,B,E,A,H,-,A,D,0,Y,,,,Y,,A,01,0,0,1,0,1,0,0,0,0,"- ","- ",,,SONOMA,"SANTA ROSA",-122.72874959000001,38.474748320000003
8309627,2017,2017-02-27,4908,2017-02-02,1347,2736,8,4,5,5,4908,0,0,0,,0,004,"SONOMA MOUNTAIN  PKWY","RIESLING RD W",275.00,S,N,C,-,N,,,,,,,,,,N,4,0,1,2,A,-,03,22350,,F,C,C,A,B,H,-,A,A,0,,,,,Y,,A,01,0,0,1,0,0,0,0,0,0,"- ","- ",38.268619999999999,-122.64057,SONOMA,PETALUMA,-122.63979193999999,38.268199099999997
8314112,2017,2017-03-17,4905,2017-01-17,0807,SR353,10602,2,5,6,4905,0,0,0,,0,002,"MENDOCINO AV","ADMINISTRATION DR",250.00,S,N,B,-,N,,,,,,,,,,N,4,0,1,2,A,-,08,22100,A,N,D,C,A,A,H,-,A,D,0,,,,,Y,,D,23,0,0,1,0,0,0,0,0,0,"- ","- ",,,SONOMA,"SANTA ROSA",-122.71903184,38.464430190000002
8314119,2017,2017-03-10,4905,2017-01-28,0157,SR473,10605,6,5,6,4905,0,0,0,,0,005,"WEST 3RD ST","STONY POINT RD",350.00,E,N,A,-,N,,,,,,,,,,Y,3,0,1,2,A,-,08,22107,,M,C,E,A,A,H,-,C,D,0,,,,,Y,,A,01,0,1,0,0,0,0,0,0,0,"- ","- ",,,SONOMA,"SANTA ROSA",-122.74119392,38.433733400000001
8314137,2017,2017-06-28,4905,2017-01-08,1833,SR501,10607,7,5,6,4905,0,0,0,,0,007,"BAKER AV","CORBY AV",0.00,,Y,C,-,Y,SON,4,101,-,-,18.927,R,4,S,Y,3,0,1,1,A,-,01,23152,A,M,E,I,A,B,H,-,C,A,0,,,,,Y,Y,D,22,0,1,0,0,0,0,0,0,0,"- ",SF,,,SONOMA,"SANTA ROSA",-122.71567333,38.420824969999998
8314139,2017,2017-06-27,4905,2017-02-09,1623,SR474,10606,4,5,6,4905,0,0,0,,0,006,"RT 12","MISSION BL",0.00,,Y,C,-,Y,SON,4,12,-,-,18.830,H,-,W,Y,4,0,1,2,A,-,03,22350,,N,C,C,A,B,H,-,A,A,0,,,,,Y,,D,22,0,0,1,0,0,0,0,0,0,"- ","- ",,,SONOMA,"SANTA ROSA",-122.67350715000001,38.459198610000001
8314143,2016,2017-03-14,4905,2016-12-02,0750,SR8917,10603,5,5,6,4905,0,0,0,,0,003,"WEST STEELE LN","APACHE ST",60.00,E,N,A,-,N,,,,,,,,,,Y,4,0,2,2,A,-,05,21460,A,N,A,C,A,A,H,-,A,D,0,,,,,Y,,A,01,0,0,2,0,0,0,0,0,0,"- ","- ",,,SONOMA,"SANTA ROSA",-122.74509039,38.45975
8314208,2016,2017-05-22,4905,2016-11-22,0805,SR394,10608,2,5,6,4905,0,0,0,,0,008,"BROOKWOOD AV","MAPLE AV",0.00,,Y,A,-,Y,SON,4,12,-,R,17.080,R,4,W,Y,4,0,1,2,D,-,00,,,N,D,C,A,A,H,-,A,A,0,,,,,Y,,-,"- ",0,0,1,0,0,0,0,0,0,"- ","- ",,,SONOMA,"SANTA ROSA",-122.69765039000001,38.433949030000001
8314273,2016,2017-03-15,4905,2016-12-31,1746,SR422,10602,6,5,6,4905,0,0,0,,0,002,"CHANATE RD","MURDOCK DR",20.00,W,N,A,-,N,,,,,,,,,,N,3,0,1,2,A,-,08,22107,,F,C,G,A,A,H,-,C,D,0,,Y,,,Y,,D,22,0,1,0,0,0,0,1,0,0,"- ","- ",,,SONOMA,"SANTA ROSA",-122.71404828999999,38.466464049999999
8314974,2016,2017-03-10,4905,2016-01-27,2300,SR8911,,3,5,6,4905,0,0,0,,0,001,"COFFEY LN","SAN MIGUEL AV",0.00,,Y,B,C,N,,,,,,,,,,N,3,0,1,2,A,-,10,21950,A,F,G,B,B,B,H,-,C,A,0,Y,,,,Y,Y,-,99,0,1,0,0,1,0,0,0,0,"- ","- ",,,SONOMA,"SANTA ROSA",-122.74700989999999,38.474529990000001
8314978,2016,2017-03-10,4905,2016-11-28,0818,SR5959,,1,5,6,4905,0,0,0,,0,008,"SANTA ROSA AV","FLOWER AV",0.00,,Y,A,-,N,,,,,,,,,,Y,4,0,1,3,C,-,18,,,N,D,E,A,A,H,-,A,D,0,,,,,Y,,-,"- ",0,0,1,0,0,0,0,0,0,"- ","- ",,,SONOMA,"SANTA ROSA",-122.71350999000001,38.424239929999999
8315013,2016,2017-03-10,4905,2016-11-12,1531,SR471,,6,5,6,4905,0,0,0,,0,004,"ROCKY POINT WY","RINCON RIDGE RD",0.00,,Y,A,-,N,,,,,,,,,,N,4,0,1,2,A,-,12,22450,A,N,D,G,A,A,H,-,A,D,0,,Y,,,Y,,A,01,0,0,1,0,0,0,1,0,0,"- ","- ",,,SONOMA,"SANTA ROSA",-122.69529991,38.489599939999998
8316023,2016,2017-03-09,4905,2016-12-30,1335,SR8703,10608,5,5,6,4905,0,0,0,,0,008,"ASTON CIR","MIRAS LN",0.00,,Y,A,-,N,,,,,,,,,,N,3,0,2,2,A,-,09,21804,A,N,A,C,A,A,H,-,A,D,0,,,,,Y,,A,01,0,1,1,0,0,0,0,0,0,"- ","- ",,,SONOMA,"SANTA ROSA",-122.70418998,38.424419980000003
8316070,2016,2017-05-22,4905,2016-12-12,0852,SR8911,10608,1,5,6,4905,0,0,0,,0,008,"FARMERS LN","SONOMA AV",20.00,N,N,B,-,Y,SON,4,12,-,T,18.190,H,-,W,Y,4,0,2,2,A,-,03,22350,,N,C,C,A,A,H,-,A,A,0,,,,,Y,,A,01,0,0,2,0,0,0,0,0,0,"- ","- ",,,SONOMA,"SANTA ROSA",-122.68773093999999,38.444636160000002
8317695,2017,2017-03-09,4901,2017-01-24,1634,093,4901,2,5,2,4901,0,0,0,,0,,"E 1ST ST","ASTI RD",0.00,,Y,A,-,N,,,,,,,,,,Y,4,0,2,2,A,-,09,21801,,N,A,C,A,A,H,-,A,D,0,,,,,Y,,A,01,0,0,2,0,0,0,0,0,0,"- ","- ",38.80724,-123.01133,SONOMA,CLOVERDALE,-123.0112999,38.807219959999998
8319056,2017,2017-05-31,4905,2017-01-11,1945,SR512,10607,3,5,6,4905,0,0,0,,0,007,"CORBY AV","CORBY AV EXTENSION",200.00,N,N,B,-,N,,,,,,,,,,N,4,0,1,2,A,-,08,22107,,M,B,C,A,B,H,-,C,D,0,,,,,Y,,A,01,0,0,1,0,0,0,0,0,0,"- ","- ",,,SONOMA,"SANTA ROSA",-122.71782450000001,38.40187778
8319059,2017,2017-03-03,4905,2017-01-02,1849,SR8703,10608,1,5,6,4905,0,0,0,,0,008,"ASTON AV","HENDLEY ST",0.00,,Y,C,-,N,,,,,,,,,,Y,4,0,2,2,A,-,09,21801,B,N,A,C,A,B,H,-,C,A,0,,,,,Y,,A,01,0,0,2,0,0,0,0,0,0,"- ","- ",,,SONOMA,"SANTA ROSA",-122.7024899,38.425829950000001
8319076,2017,2017-03-03,4905,2017-01-14,1754,SR8707,10606,6,5,6,4905,0,0,0,,0,006,"MONTGOMERY DR","SUMMERFIELD RD",280.00,E,N,A,-,N,,,,,,,,,,Y,4,0,2,1,A,-,08,22107,,N,E,I,A,A,H,-,C,D,0,,,,,Y,,A,01,0,0,2,0,0,0,0,0,0,"- ","- ",,,SONOMA,"SANTA ROSA",-122.67201891000001,38.455700469999996
8319079,2017,2017-03-03,4905,2017-01-10,1600,SR215,10607,2,5,6,4905,0,0,0,,0,007,"HEARN AV","VICTORIA DR",40.00,E,N,B,C,N,,,,,,,,,,Y,4,0,2,3,A,-,03,22350,,N,C,C,A,B,H,-,A,D,0,,,,,Y,,A,01,0,0,2,0,0,0,0,0,0,"- ","- ",,,SONOMA,"SANTA ROSA",-122.72225036,38.414341620000002
8319092,2017,2017-03-03,4905,2017-01-11,1856,SR8703,10607,3,5,6,4905,0,0,0,,0,007,"DOUBLES DR","SEBASTOPOL RD",0.00,,Y,B,-,N,,,,,,,,,,Y,4,0,1,2,A,-,09,21801,A,N,D,C,A,B,H,-,C,A,0,,,,,Y,,A,01,0,0,1,0,0,0,0,0,0,"- ","- ",,,SONOMA,"SANTA ROSA",-122.76245991,38.425339909999998
8319284,2017,2017-03-07,4905,2017-02-14,1445,SR353,10606,2,5,6,4905,0,0,0,,0,006,"MONTGOMERY DR","MISSION BL",3223.00,E,N,A,-,N,,,,,,,,,,Y,3,0,2,3,A,-,05,21460,A,N,A,C,A,A,H,-,A,B,0,,,,,Y,,A,07,0,2,0,0,0,0,0,0,0,"- ","- ",,,SONOMA,"SANTA ROSA",-122.66164668,38.461404350000002
8319303,2017,2017-03-07,4905,2017-02-06,1331,SR341,10604,1,5,6,4905,0,0,0,,0,004,"MONTECITO BL","MISSION BL",150.00,E,N,C,-,N,,,,,,,,,,Y,3,0,1,1,A,-,03,22350,,N,E,I,A,B,H,-,A,D,0,,,,,Y,,A,01,0,1,0,0,0,0,0,0,0,"- ","- ",,,SONOMA,"SANTA ROSA",-122.67650537,38.472222189999997
8319343,2017,2017-03-07,4905,2017-02-11,1925,SR499,10603,6,5,6,4905,0,0,0,,0,003,"LANCE DR","WEST COLLEGE AV",190.00,N,N,A,-,N,,,,,,,,,,Y,4,0,1,1,A,-,03,22350,,N,F,A,A,A,H,-,D,D,0,,,,,Y,,A,01,0,0,1,0,0,0,0,0,0,"- ","- ",,,SONOMA,"SANTA ROSA",-122.73832507,38.446010110000003
8319347,2017,2017-03-08,4905,2017-02-09,1731,SR474,10602,4,5,6,4905,0,0,0,,0,002,"STEELE LN","MEYERS DR",0.00,,Y,B,-,N,,,,,,,,,,N,4,0,1,2,A,-,06,21951,,N,G,B,B,B,H,-,B,D,0,Y,,,,Y,,A,01,0,0,1,0,1,0,0,0,0,"- ","- ",,,SONOMA,"SANTA ROSA",-122.72282991,38.460090000000001
8319351,2017,2017-03-07,4905,2017-02-15,1027,SR341,10602,3,5,6,4905,0,0,0,,0,002,"COUNTY CENTER DR","STEELE LN",20.00,N,N,A,-,N,,,,,,,,,,N,4,0,2,2,A,-,03,22350,,N,C,C,A,A,H,-,A,A,0,,,,,Y,,A,01,0,0,2,0,0,0,0,0,0,"- ","- ",,,SONOMA,"SANTA ROSA",-122.7248,38.460084940000002
8319594,2017,2017-03-09,4908,2017-02-10,1536,1543,10,5,5,5,4908,0,0,0,,0,004,"NORTH MCDOWELL BL","RAINIER AV",0.00,,Y,A,-,N,,,,,,,,,,Y,4,0,1,2,A,-,12,21453,A,N,D,C,A,A,H,-,A,A,0,,,,,Y,,A,01,0,0,1,0,0,0,0,0,0,"- ","- ",,,SONOMA,PETALUMA,-122.63840989000001,38.256179940000003
8319921,2016,2017-04-17,4905,2016-12-10,1131,SR8707,10608,6,5,6,4905,0,0,0,,0,008,"GRAND AV","BENNETT VALLEY RD",75.00,S,N,C,-,N,,,,,,,,,,Y,4,0,1,3,A,-,08,22107,,N,D,E,A,B,H,-,A,D,0,,,,,Y,,A,01,0,0,1,0,0,0,0,0,0,"- ","- ",,,SONOMA,"SANTA ROSA",-122.70921409,38.430811579999997
8319925,2016,2017-05-22,4905,2016-12-07,0854,SR292,10606,3,5,6,4905,0,0,0,,0,006,"RT 12","MIDDLE RINCON RD",8.00,E,N,B,-,Y,SON,4,12,-,-,19.450,H,-,W,N,3,0,2,2,A,-,03,22350,,N,C,C,A,A,H,-,A,A,0,,,,,Y,,A,01,0,1,1,0,0,0,0,0,0,"- ","- ",,,SONOMA,"SANTA ROSA",-122.66423032,38.46406503
8319928,2016,2017-03-06,4905,2016-12-13,1457,SR341,10602,2,5,6,4905,0,0,0,,0,002,"BEAVER ST","PACIFIC AV",0.00,,Y,B,-,N,,,,,,,,,,N,4,0,1,2,A,-,05,21650,1,N,D,G,A,A,H,-,A,A,0,,Y,,,Y,,L,04,0,0,1,0,0,0,1,0,0,"- ","- ",,,SONOMA,"SANTA ROSA",-122.71196999999999,38.453229950000001
8319932,2016,2017-03-06,4905,2016-12-13,1711,SR413,10607,2,5,6,4905,0,0,0,,0,007,"LEDDY AV","FINLEY AV",20.00,N,N,B,-,N,,,,,,,,,,N,4,0,1,2,A,-,11,21956,A,N,G,B,E,A,H,-,D,D,0,Y,,,,Y,,N,60,0,0,1,0,1,0,0,0,0,"- ","- ",,,SONOMA,"SANTA ROSA",-122.76608598,38.420034739999998
8319940,2016,2017-03-06,4905,2016-12-02,1744,SR473,10609,5,5,6,4905,0,0,0,,0,009,"CLEVELAND AV","COLLEGE AV",150.00,N,N,A,-,N,,,,,,,,,,N,4,0,2,3,A,-,03,22350,,N,C,C,A,A,H,-,C,A,0,,,,,Y,,A,01,0,0,2,0,0,0,0,0,0,"- ","- ",,,SONOMA,"SANTA ROSA",-122.72660578999999,38.446301599999998
8319980,2016,2017-03-06,4905,2016-12-18,1636,SR8708,10608,7,5,6,4905,0,0,0,,0,008,"KAWANA SPRINGS RD","PETALUMA HILL RD",0.00,,Y,A,-,N,,,,,,,,,,Y,3,0,3,2,A,-,09,21801,A,N,D,C,A,A,H,-,A,A,0,,,,,Y,,A,07,0,1,2,0,0,0,0,0,0,"- ","- ",,,SONOMA,"SANTA ROSA",-122.70426986,38.416499930000001
8321573,2017,2017-03-15,4904,2017-02-27,1804,460,4904,1,5,4,4904,0,0,0,,0,002,"REDWOOD DR","ROHNERT PARK EXPWY",141.00,N,N,A,-,N,,,,,,,,,,N,4,0,1,2,A,-,03,22350,,M,C,C,A,A,H,-,A,D,0,,,,,Y,,A,01,0,0,1,0,0,0,0,0,0,"- ","- ",38.348460000000003,-122.71701,SONOMA,"ROHNERT PARK",-122.71690037,38.348817230000002
8322806,2017,2018-02-06,4907,2017-02-22,1521,SD1440,,3,5,2,4907,0,0,0,,0,SO1,"RT 12","RT 12 19150",0.00,,N,C,-,Y,SON,4,12,-,-,36.110,H,-,W,N,2,0,1,2,D,-,00,,,N,G,G,A,B,H,-,A,D,0,,Y,,,Y,,-,"- ",1,0,0,0,0,0,1,0,0,"- ","- ",,,SONOMA,SONOMA,-122.47492677,38.300598049999998
8323143,2017,2017-08-02,4908,2017-02-24,0913,849,15,5,5,5,4908,0,0,0,,0,001,"LAKEVILLE HWY","BROWNS LN",200.00,W,N,A,-,Y,SON,4,116,-,-,37.610,H,-,E,Y,4,0,2,2,A,-,08,22102,,N,D,C,A,A,H,-,A,D,0,,,,,Y,,A,01,0,0,2,0,0,0,0,0,0,"- ","- ",38.225499999999997,-122.57386,SONOMA,PETALUMA,-122.5743566,38.225746110000003
8343464,2017,2017-04-10,4902,2017-03-16,1159,338,,4,5,2,4902,0,0,0,,0,,"OLD REDWOOD HWY","GRAVENSTEIN HWY",0.00,,Y,A,-,N,,,,,,,,,,N,4,0,1,2,A,-,03,22350,,N,C,C,A,A,H,-,A,A,0,,,,,Y,,-,,0,0,1,0,0,0,0,0,0,"- ","- ",,,SONOMA,COTATI,-122.71054994000001,38.331189950000002
8344534,2017,2017-04-17,4904,2017-03-28,1701,437,,2,5,4,4904,0,0,0,,0,003,"SOUTHWEST BL","COLLEGE VIEW DR",150.00,W,N,A,-,N,,,,,,,,,,Y,4,0,1,2,A,-,03,22350,,N,C,C,A,A,H,-,A,D,0,,,,,Y,,A,01,0,0,1,0,0,0,0,0,0,"- ","- ",38.336109999999998,-122.70777,SONOMA,"ROHNERT PARK",-122.70829311999999,38.33602681
8345461,2017,2017-04-14,4908,2017-03-28,1505,2926,7,2,5,5,4908,0,0,0,,0,003,"PETALUMA BLVD N","INDUSTRIAL AV",0.00,,Y,A,-,N,,,,,,,,,,N,4,0,1,2,A,-,12,21453,A,N,D,C,A,A,H,-,A,A,0,,,,,Y,,D,22,0,0,1,0,0,0,0,0,0,"- ","- ",38.268909999999998,-122.67058,SONOMA,PETALUMA,-122.67061988,38.268989900000001
8345476,2017,2017-04-13,4908,2017-03-20,1246,2926,2,1,5,5,4908,0,0,0,,0,002,"EAST WASHINGTON ST","PAYRAN ST",200.00,W,N,A,C,N,,,,,,,,,,Y,4,0,2,2,A,-,08,22107,,N,B,C,A,B,H,-,A,D,0,,,,,Y,,A,01,0,0,2,0,0,0,0,0,0,"- ","- ",38.242010000000001,-122.63252,SONOMA,PETALUMA,-122.6329391,38.241585329999999
8345881,2017,2017-04-17,4904,2017-03-29,1351,368,4904,3,5,4,4904,0,0,0,,0,003,"EAST COTATI AV","ROMAN DR",0.00,,Y,A,-,N,,,,,,,,,,N,3,0,1,2,A,-,09,21804,,N,H,A,A,A,H,-,A,A,0,,,Y,,Y,,A,07,0,1,0,0,0,0,0,0,1,"- ","- ",38.336269999999999,-122.68182,SONOMA,"ROHNERT PARK",-122.68163993,38.336179899999998
8348206,2017,2017-05-08,4905,2017-03-06,1351,SR439,10601,1,5,6,4905,0,0,0,,0,001,"CLEVELAND AV","EDWARDS AV",250.00,S,N,B,-,N,,,,,,,,,,N,4,0,1,2,A,-,08,22100,B,N,D,C,A,A,H,-,A,D,0,,,,,Y,,A,01,0,0,1,0,0,0,0,0,0,"- ","- ",,,SONOMA,"SANTA ROSA",-122.72639144999999,38.45508349
8348214,2017,2017-05-09,4905,2017-03-13,0820,SR297,10606,1,5,6,4905,0,0,0,,0,006,"MONTGOMERY DR","BREY RD",550.00,E,N,A,-,N,,,,,,,,,,N,3,0,1,2,A,-,10,21950,C,N,H,A,C,A,H,-,A,A,0,Y,,,,Y,,D,22,0,1,0,0,1,0,0,0,0,"- ","- ",,,SONOMA,"SANTA ROSA",-122.64614161999999,38.457417849999999
8348576,2017,2017-05-01,4905,2017-02-27,0750,SR328,10602,1,5,6,4905,0,0,0,,0,002,"PACIFIC AV","SLATER ST",0.00,,Y,A,-,N,,,,,,,,,,N,4,0,2,2,A,-,09,21802,A,N,D,C,A,A,H,-,A,A,0,,,,,Y,,A,01,0,0,2,0,0,0,0,0,0,"- ","- ",,,SONOMA,"SANTA ROSA",-122.71574997,38.453319899999997
8348580,2017,2017-05-02,4905,2017-02-21,0932,SR413,10609,2,5,6,4905,0,0,0,,0,009,"7TH ST","ORCHARD ST",0.00,,Y,B,-,N,,,,,,,,,,Y,4,0,1,2,A,-,12,22450,A,N,D,C,A,B,H,-,A,D,0,,,,,Y,,A,01,0,0,1,0,0,0,0,0,0,"- ","- ",,,SONOMA,"SANTA ROSA",-122.71334985999999,38.443379890000003
83490960,2024,2024-08-05,4905,2024-07-17,1544,1060576,,3,5,6,4905,0,0,0,,0,006,"SUMMERFIELD RD","SONOMA AV",75.00,N,N,A,-,N,,,,,,,,,,Y,3,0,2,3,A,-,03,22350,,N,C,C,A,A,H,-,A,A,0,,,,,Y,,A,01,0,2,0,0,0,0,0,0,0,"- ","- ",,,SONOMA,"SANTA ROSA",-122.66868591308594,38.449954986572266
8349107,2017,2017-06-22,4908,2017-03-20,1259,2926,15,1,5,5,4908,0,0,0,,0,001,"LAKEVILLE HWY","FRATES RD",900.00,E,N,C,-,Y,SON,4,116,-,-,36.530,H,-,W,Y,4,0,1,1,A,-,08,22107,,N,A,I,A,B,H,-,A,D,0,,,,,Y,,A,01,0,0,1,0,0,0,0,0,0,"- ","- ",38.234670000000001,-122.59390999999999,SONOMA,PETALUMA,-122.59102923,38.234697369999999
83491194,2024,2024-08-05,4905,2024-07-16,1435,1068929,,2,5,6,4905,0,0,0,,0,001,"GUERNEVILLE RD","COFFEY LN",160.00,W,N,A,-,N,,,,,,,,,,Y,3,0,2,3,A,-,03,22350,,N,C,C,A,A,H,-,A,D,0,,,,,Y,,A,07,0,1,1,0,0,0,0,0,0,"- ","- ",,,SONOMA,"SANTA ROSA",-122.73672485351562,38.456291198730469
83491196,2024,2024-08-05,4905,2024-07-16,1501,1060474,,2,5,6,4905,0,0,0,,0,001,"CLEVELAND AV","CARRILLO ST",0.00,,Y,A,-,N,,,,,,,,,,Y,3,0,2,2,A,-,09,21801,A,N,A,C,A,A,H,-,A,D,0,,,,,Y,,A,01,0,1,1,0,0,0,0,0,0,"- ","- ",,,SONOMA,"SANTA ROSA",-122.72657012939453,38.446910858154297
83491200,2024,2024-08-05,4905,2024-07-18,1815,1068929,,4,5,6,4905,0,0,0,,0,003,"FULTON RD","PINER RD",0.00,,Y,A,-,N,,,,,,,,,,Y,4,0,2,2,A,-,12,21453,A,N,D,C,A,A,H,-,A,A,0,,,,,Y,,A,01,0,0,2,0,0,0,0,0,0,"- ","- ",,,SONOMA,"SANTA ROSA",-122.76971435546875,38.467105865478516
8351871,2017,2018-04-23,4905,2017-04-19,1051,SR353,10607,3,5,6,4905,0,0,0,,0,007,"FULTON RD","RT 12 E",0.00,,Y,A,-,Y,SON,4,12,-,R,12.940,I,5,W,Y,3,0,1,2,A,-,12,21453,A,M,D,C,A,A,H,-,A,A,0,,,,,Y,,A,01,0,1,0,0,0,0,0,0,0,"- ","- ",,,SONOMA,"SANTA ROSA",-122.76922003999999,38.427682500000003
8351899,2017,2017-06-21,4905,2017-03-17,2058,SR473,10606,5,5,6,4905,0,0,0,,0,006,"RT 12","MISSION BL",0.00,,Y,A,-,Y,SON,4,12,-,-,18.820,I,5,W,Y,4,0,3,2,A,-,12,21453,A,N,D,C,A,A,H,-,C,A,0,,,,,Y,,A,01,0,0,3,0,0,0,0,0,0,"- ","- ",,,SONOMA,"SANTA ROSA",-122.67364557000001,38.459098619999999
8352144,2017,2017-06-13,4905,2017-03-29,1134,SR284,10609,3,5,6,4905,0,0,0,,0,009,"MENDOCINO AV","10TH ST",45.00,N,N,A,-,N,,,,,,,,,,N,4,0,1,2,A,-,09,21804,A,N,D,G,A,A,H,-,A,D,0,,Y,,,Y,,L,04,0,0,1,0,0,0,1,0,0,"- ","- ",,,SONOMA,"SANTA ROSA",-122.71663852,38.443997080000003
8353381,2017,2017-04-28,4905,2017-03-21,2117,SR516,,2,5,6,4905,0,0,0,,0,008,"SANTA ROSA AV","COLGAN AV",0.00,,Y,B,-,N,,,,,,,,,,Y,3,0,3,1,A,-,00,23153,E,N,E,I,A,A,H,-,C,A,0,,,,,Y,,A,01,0,2,1,0,0,0,0,0,0,"- ","- ",,,SONOMA,"SANTA ROSA",-122.71354993,38.421169890000002
8353468,2017,2017-05-01,4905,2017-04-18,1511,SR284,10606,2,5,6,4905,0,0,0,,0,006,"MONTGOMERY DR","FRANQUETTE AV",36.00,E,N,A,-,N,,,,,,,,,,N,4,0,1,2,A,-,03,22350,,N,C,C,A,A,H,-,A,D,0,,,,,Y,,A,01,0,0,1,0,0,0,0,0,0,"- ","- ",,,SONOMA,"SANTA ROSA",-122.68259028,38.448040229999997
8353504,2017,2017-05-02,4905,2017-04-07,1858,SR473,10607,5,5,6,4905,0,0,0,,0,007,"SOUTH WRIGHT RD","PRICE AV",5.00,S,N,C,-,N,,,,,,,,,,Y,4,0,1,2,A,-,09,21802,A,N,C,C,A,B,H,-,B,A,0,,,,,Y,,A,01,0,0,1,0,0,0,0,0,0,"- ","- ",,,SONOMA,"SANTA ROSA",-122.76890989,38.419546269999998
8353516,2017,2017-05-01,4905,2017-04-06,1229,SR486,10603,4,5,6,4905,0,0,0,,0,003,"GUERNEVILLE RD","MARLOW RD",0.00,,Y,C,-,N,,,,,,,,,,Y,4,0,1,2,A,-,12,21453,A,N,D,C,A,B,H,-,A,A,0,,,,,Y,,A,01,0,0,1,0,0,0,0,0,0,"- ","- ",,,SONOMA,"SANTA ROSA",-122.75138999000001,38.452649880000003
8353664,2017,2017-05-02,4905,2017-04-01,1439,SR408,10607,6,5,6,4905,0,0,0,,0,007,"RICKEBACKER DR","MAITLAND AV",50.00,N,N,A,-,N,,,,,,,,,,Y,4,0,1,1,A,-,21,22106,,N,E,I,A,A,H,-,A,D,0,,,,,Y,,D,22,0,0,1,0,0,0,0,0,0,"- ","- ",,,SONOMA,"SANTA ROSA",-122.75814086,38.413877159999998
8355450,2017,2017-04-28,4905,2017-03-14,0751,SR440,10604,2,5,6,4905,0,0,0,,0,004,"4TH ST","ROGERS WY",120.00,W,N,A,-,N,,,,,,,,,,N,4,0,1,2,A,-,03,22350,,N,C,C,A,A,H,-,A,A,0,,,,,Y,,A,01,0,0,1,0,0,0,0,0,0,"- ","- ",,,SONOMA,"SANTA ROSA",-122.69302613000001,38.450239629999999
8355451,2017,2017-05-02,4905,2017-03-02,1827,SR394,10604,4,5,6,4905,0,0,0,,0,004,"FOUNTAINGROVE PKWY","THOMAS LAKE HARRIS DR",0.00,,Y,A,-,N,,,,,,,,,,Y,4,0,1,2,A,-,09,21802,A,N,D,C,A,A,H,-,B,A,0,,,,,Y,,A,01,0,0,1,0,0,0,0,0,0,"- ","- ",,,SONOMA,"SANTA ROSA",-122.72019987,38.479789969999999
8355467,2017,2017-05-02,4905,2017-03-27,1644,SR439,10605,1,5,6,4905,0,0,0,,0,005,"WEST COLLEGE AV","DICKENS DR",0.00,,Y,A,-,N,,,,,,,,,,Y,3,0,1,2,A,-,09,21802,A,N,D,C,A,A,H,-,A,A,0,,,,,Y,,A,01,0,1,0,0,0,0,0,0,0,"- ","- ",,,SONOMA,"SANTA ROSA",-122.76777988000001,38.445319920000003