CASE_ID,ACCIDENT_YEAR,PROC_DATE,JURIS,COLLISION_DATE,COLLISION_TIME,OFFICER_ID,REPORTING_DISTRICT,DAY_OF_WEEK,CHP_SHIFT,POPULATION,CNTY_CITY_LOC,SPECIAL_COND,BEAT_TYPE,CHP_BEAT_TYPE,CITY_DIVISION_LAPD,CHP_BEAT_CLASS,BEAT_NUMBER,PRIMARY_RD,SECONDARY_RD,DISTANCE,DIRECTION,INTERSECTION,WEATHER_1,WEATHER_2,STATE_HWY_IND,CALTRANS_COUNTY,CALTRANS_DISTRICT,STATE_ROUTE,ROUTE_SUFFIX,POSTMILE_PREFIX,POSTMILE,LOCATION_TYPE,RAMP_INTERSECTION,SIDE_OF_HWY,TOW_AWAY,COLLISION_SEVERITY,NUMBER_KILLED,NUMBER_INJURED,PARTY_COUNT,PRIMARY_COLL_FACTOR,PCF_CODE_OF_VIOL,PCF_VIOL_CATEGORY,PCF_VIOLATION,PCF_VIOL_SUBSECTION,HIT_AND_RUN,TYPE_OF_COLLISION,MVIW,PED_ACTION,ROAD_SURFACE,ROAD_COND_1,ROAD_COND_2,LIGHTING,CONTROL_DEVICE,CHP_ROAD_TYPE,PEDESTRIAN_ACCIDENT,BICYCLE_ACCIDENT,MOTORCYCLE_ACCIDENT,TRUCK_ACCIDENT,NOT_PRIVATE_PROPERTY,ALCOHOL_INVOLVED,STWD_VEHTYPE_AT_FAULT,CHP_VEHTYPE_AT_FAULT,COUNT_SEVERE_INJ,COUNT_VISIBLE_INJ,COUNT_COMPLAINT_PAIN,COUNT_PED_KILLED,COUNT_PED_INJURED,COUNT_BICYCLIST_KILLED,COUNT_BICYCLIST_INJURED,COUNT_MC_KILLED,COUNT_MC_INJURED,PRIMARY_RAMP,SECONDARY_RAMP,LATITUDE,LONGITUDE,COUNTY,CITY,POINT_X,POINT_Y
84778558,2025,2025-07-28,4904,2025-05-14,2205,1040607,,3,5,4,4904,0,0,0,,0,,"REDWOOD DR","ROHNERT PARK EXPY",450.00,S,N,A,-,N,,,,,,,,,,Y,3,0,1,2,A,-,09,21804,A,N,D,C,A,A,H,-,C,D,0,,,,,Y,,D,22,0,1,0,0,0,0,0,0,0,"- ","- ",38.348461151123047,-122.71701049804688,SONOMA,"ROHNERT PARK",-122.71683502197266,38.347076416015625
84778559,2025,2025-07-28,4904,2025-06-27,1100,1040472,,5,5,4,4904,0,0,0,,0,,"REDWOOD DR","ENTRANCE TO HOME DEPOT",5.00,E,N,A,-,N,,,,,,,,,,Y,4,0,3,2,A,-,08,22107,,N,A,C,A,A,H,-,A,D,0,,,,,Y,,A,01,0,0,3,0,0,0,0,0,0,"- ","- ",,,SONOMA,"ROHNERT PARK",,
84786716,2025,2025-08-04,4907,2025-07-19,1016,1102499,,6,5,2,4907,0,0,0,,0,,"E. NAPA ST","6TH ST E",275.00,W,N,A,-,N,,,,,,,,,,N,4,0,1,2,A,-,06,21755,A,N,C,C,A,A,H,-,A,D,0,,,Y,,Y,,C,02,0,0,1,0,0,0,0,0,1,"- ","- ",,,SONOMA,SONOMA,-122.44384765625,38.290554046630859
8480387,2017,2017-11-02,4908,2017-10-15,1426,3251,10,7,5,5,4908,0,0,0,,0,004,"NORTH MCDOWELL BL","COMMUNITY CENTER WY",0.00,,Y,A,-,N,,,,,,,,,,N,4,0,2,3,A,-,03,22350,,N,G,B,B,A,H,-,A,A,0,Y,,,,Y,,D,22,0,0,2,0,2,0,0,0,0,"- ","- ",38.250790000000002,-122.62858,SONOMA,PETALUMA,-122.630411,38.251714999999997
8480579,2017,2017-11-07,4908,2017-09-25,1745,2837,14,1,5,5,4908,0,0,0,,0,001,"ELY BL SOUTH","VILLAGE EAST DR",0.00,,Y,A,-,N,,,,,,,,,,Y,4,0,2,2,A,-,03,22350,,N,C,C,A,A,H,-,A,D,0,,,,,Y,,A,08,0,0,2,0,0,0,0,0,0,"- ","- ",38.246670000000002,-122.60142999999999,SONOMA,PETALUMA,-122.60143993,38.246649980000001
8481700,2017,2018-06-28,4907,2017-10-07,1755,SD1922,,6,5,2,4907,0,0,0,,0,SO1,"W NAPA ST",BROADWAY,0.00,,Y,A,-,Y,SON,4,12,-,-,37.570,I,5,W,N,3,0,1,2,A,-,10,21950,A,N,D,B,B,A,H,-,A,A,0,Y,,,,Y,,A,07,0,1,0,0,1,0,0,0,0,"- ","- ",,,SONOMA,SONOMA,-122.45787228,38.291961980000004
84839815,2025,2025-09-11,4904,2025-08-05,1647,1040641,,2,5,4,4904,0,0,0,,0,002,"ROHNERT PARK EXPY","LABATH AVE",0.00,,Y,A,-,N,,,,,,,,,,Y,3,0,1,2,A,-,12,21453,A,N,D,C,A,A,H,-,A,A,0,,,,Y,Y,,F,26,0,1,0,0,0,0,0,0,0,"- ","- ",38.349220275878906,-122.72120666503906,SONOMA,"ROHNERT PARK",-122.72119903564453,38.348945617675781
84845514,2025,2025-09-16,4900,2025-08-08,2001,1102768,,5,5,2,4907,0,0,0,,0,,"HWY 12","WEST SPAIN ST",0.00,,Y,A,-,N,,,,,,,,,,N,3,0,1,1,A,-,01,23152,B,N,E,I,A,A,H,-,A,A,0,,,,,Y,Y,A,01,0,1,0,0,0,0,0,0,0,"- ","- ",38.294078826904297,-122.47776031494141,SONOMA,SONOMA,-122.47569274902344,38.295505523681641
8485311,2017,2017-12-19,4908,2017-11-14,0816,2747,12,2,5,5,4908,0,0,0,,0,001,"ELY BL SOUTH","WEAVERLY DR",60.00,S,N,E,-,N,,,,,,,,,,Y,4,0,1,2,A,-,08,22107,,N,B,C,A,B,H,-,A,D,0,,,Y,,Y,,A,07,0,0,1,0,0,0,0,0,1,"- ","- ",38.251890000000003,-122.61071,SONOMA,PETALUMA,-122.61058912999999,38.251785079999998
84873419,2025,2025-10-06,4913,2025-09-16,1315,1101496,,2,5,3,4980,0,0,0,,0,008,"WINDSOR RD","PRIVATE ROAD F",35.00,N,N,A,-,N,,,,,,,,,,Y,4,0,1,2,A,-,08,22107,,N,D,E,A,A,H,-,A,D,0,,,,,Y,,A,01,0,0,1,0,0,0,0,0,0,"- ","- ",38.543830871582031,-122.81681823730469,SONOMA,WINDSOR,-122.81680297851562,38.543815612792969
8487807,2017,2018-06-29,4908,2017-10-24,1017,2736,15,2,5,5,4908,0,0,0,,0,001,"LAKEVILLE HWY","BAYWOOD DR",0.00,,Y,A,-,Y,SON,4,116,-,-,35.130,H,-,E,Y,4,0,1,2,A,-,03,22350,,N,C,C,A,A,H,-,A,A,0,,,,Y,Y,,F,27,0,0,1,0,0,0,0,0,0,"- ","- ",38.232939999999999,-122.6142,SONOMA,PETALUMA,-122.6149133,38.232857969999998
8488008,2017,2017-11-15,4908,2017-10-25,1333,2926,10,3,5,5,4908,0,0,0,,0,004,"SONOMA MOUNTAIN  PKWY","RAINIER CIR",10.00,S,N,A,-,N,,,,,,,,,,N,4,0,1,2,A,-,03,22350,,N,C,C,A,A,H,-,A,D,0,,,,,Y,,A,07,0,0,1,0,0,0,0,0,0,"- ","- ",38.26247,-122.62957,SONOMA,PETALUMA,-122.63436143,38.26514427
8488016,2017,2017-11-15,4908,2017-10-26,0804,2747,13,4,5,5,4908,0,0,0,,0,001,"SOUTH MCDOWELL BL","EVERGREEN LN",250.00,S,N,A,-,N,,,,,,,,,,N,3,0,1,2,A,-,08,22107,,N,B,G,A,A,H,-,A,D,0,,Y,,,Y,,L,04,0,1,0,0,0,0,1,0,0,"- ","- ",38.238680000000002,-122.60711000000001,SONOMA,PETALUMA,-122.60637686,38.238235060000001
84909905,2025,2025-10-31,4904,2025-08-05,1449,1040453,,2,5,4,4904,0,0,0,,0,,"ENTERPRISE DR","STATE FARM DR",150.00,W,N,A,-,N,,,,,,,,,,N,2,0,1,1,A,-,00,21235,B,N,E,I,A,A,H,-,A,D,0,,,Y,,Y,,C,03,1,0,0,0,0,0,0,0,1,"- ","- ",38.34442138671875,-122.70413208007812,SONOMA,"ROHNERT PARK",-122.70476531982422,38.344577789306641
84909906,2025,2025-10-31,4904,2025-09-17,"523 ",1040630,,3,5,4,4904,0,0,0,,0,002,"GOLF COURSE DR W","SB GOLF COURSE DR W ONRAMP (E)",2.00,S,N,A,-,Y,SON,,101," "," ",14.892,H,,L,N,3,0,1,2,A,-,10,21950,A,N,G,B,B,A,H,-,C,A,0,Y,,,,Y,,A,01,0,1,0,0,1,0,0,0,0,"- ","- ",38.363079071044922,-122.71286010742188,SONOMA,"ROHNERT PARK",-122.71291351318359,38.363082885742188
84909952,2025,2025-10-31,4907,2025-10-18,"604 ",1102981,,6,5,2,4907,0,0,0,,0,009,BROADWAY,"ANDRIEUX ST",0.00,,Y,A,-,N,,,,,,,,,,N,3,0,2,2,A,-,12,22450,A,N,D,C,A,A,H,-,C,D,0,,,,,Y,,A,01,0,2,0,0,0,0,0,0,0,"- ","- ",38.286861419677734,-122.46061706542969,SONOMA,SONOMA,-122.45841217041016,38.288330078125
8491976,2017,2018-05-18,4906,2017-09-23,1552,455,4906,6,5,2,4906,0,0,0,,0,,"SEBASTOPOL AV","PETALUMA AV",513.00,E,N,A,-,Y,SON,4,12,-,-,9.400,H,-,E,N,4,0,1,3,A,-,03,22350,,N,C,C,A,A,H,-,A,A,0,,,Y,,Y,,D,22,0,0,1,0,0,0,0,0,1,"- ","- ",38.402070000000002,-122.82153,SONOMA,SEBASTOPOL,-122.82137145999999,38.402492700000003
84925125,2025,2025-11-12,4904,2025-10-28,1655,1040553,,2,5,4,4904,0,0,0,,0,001,"GOLF COURSE DR","HILLVIEW WAY",0.00,,N,A,-,N,,,,,,,,,,N,4,0,1,2,A,-,10,21950,A,N,G,B,B,A,H,-,A,A,0,Y,,,,Y,,A,01,0,0,1,0,1,0,0,0,0,"- ","- ",38.366870880126953,-122.68914031982422,SONOMA,"ROHNERT PARK",-122.68946838378906,38.367153167724609
84926984,2025,2025-11-13,4904,2025-11-01,1147,1040614,,6,5,4,4904,0,0,0,,0,002,"ROHNERT PARK EXPY","COMMERCE BLVD",75.00,W,N,A,-,Y,,,,,,,,,,N,3,0,1,2,A,-,21,22106,,N,C,C,A,A,H,-,A,A,0,,,,,Y,,A,01,0,1,0,0,0,0,0,0,0,"- ","- ",38.348220825195312,-122.70942687988281,SONOMA,"ROHNERT PARK",-122.70986938476562,38.348522186279297
84927066,2025,2025-11-13,4913,2025-10-22,1713,1101496,,3,5,3,4980,0,0,0,,0,008,"OLD REDWOOD HW","ALDEN LN",0.00,,Y,-,-,N,,,,,,,,,,Y,2,0,2,2,A,-,09,21801,B,N,D,C,A,A,H,-,A,A,0,,,,,Y,,A,01,1,0,1,0,0,0,0,0,0,"- ","- ",38.543460845947266,-122.80050659179688,SONOMA,WINDSOR,-122.80049133300781,38.543472290039062
8493352,2017,2018-06-28,4906,2017-10-29,1753,455,4906,7,5,2,4906,0,0,0,,0,,"RT 116","WALKER AV",262.00,N,N,A,-,Y,SON,4,116,-,R,26.980,H,-,E,Y,3,0,1,4,A,-,01,23153,,N,B,E,A,A,H,-,A,A,0,,,,,Y,Y,A,07,0,1,0,0,0,0,0,0,0,"- ","- ",38.398609999999998,-122.82212,SONOMA,SEBASTOPOL,-122.82235898,38.398755219999998
84946137,2025,2025-11-25,4913,2025-11-06,1414,1101496,,4,5,3,4980,0,0,0,,0,008,"OLD REDWOOD HW","LAKEWOOD DR",91.00,W,N,A,-,N,,,,,,,,,,N,3,0,1,5,A,-,01,23152,F,N,B,C,A,A,H,-,A,D,0,,,,,Y,,A,01,0,1,0,0,0,0,0,0,0,"- ","- ",38.546470642089844,-122.80680847167969,SONOMA,WINDSOR,-122.80711364746094,38.546627044677734
8494623,2017,2018-06-29,4904,2017-10-25,2207,483,,3,5,4,4904,0,0,0,,0,002,"GOLF COURSE DR","RT 101",0.00,,Y,A,-,Y,SON,4,101,-,-,15.371,R,4,S,Y,4,0,2,2,A,-,12,21453,A,N,D,C,A,A,H,-,C,A,0,,,,,Y,,D,22,0,0,2,0,0,0,0,0,0,"- ",SF,,,SONOMA,"ROHNERT PARK",-122.71298413,38.370030229999998
8494627,2017,2017-12-05,4904,2017-11-02,0750,407,,4,5,4,4904,0,0,0,,0,003,"EAST COTATI AV","BODWAY PKWY",10.00,E,N,B,-,N,,,,,,,,,,Y,4,0,1,2,A,-,03,22350,,N,C,C,A,A,H,-,A,A,0,,,,,Y,,D,22,0,0,1,0,0,0,0,0,0,"- ","- ",38.33623,-122.67813,SONOMA,"ROHNERT PARK",-122.67805512,38.336069999999999
84953470,2025,2025-12-02,4907,2025-11-14,1548,1102768,,5,5,2,4907,0,0,0,,0,,"LEVERONI RD",BROADWAY,154.00,W,N,A,-,N,,,,,,,,,,Y,3,0,2,2,A,-,09,21804,A,N,A,C,A,A,H,-,A,D,0,,,,Y,Y,Y,F,86,0,2,0,0,0,0,0,0,0,"- ","- ",38.274330139160156,-122.46266937255859,SONOMA,SONOMA,-122.4608154296875,38.275852203369141
8497278,2017,2018-06-29,4905,2017-10-09,0928,SR394,10608,1,5,6,4905,0,0,0,,0,008,"SONOMA AV","RT 12",0.00,,Y,A,-,Y,SON,4,12,-,T,18.180,I,5,W,N,4,0,1,2,A,-,01,23152,G,N,D,C,A,A,H,-,A,A,0,,,,,Y,Y,A,01,0,0,1,0,0,0,0,0,0,"- ","- ",,,SONOMA,"SANTA ROSA",-122.68770889,38.444493790000003
84976791,2025,2025-12-18,4904,2025-11-26,1437,1040642,,3,5,4,4904,0,0,0,,0,002,"ROHNERT PARK EXPY","STATE FARM DR",387.00,W,N,A,-,N,,,,,,,,,,N,4,0,1,2,A,-,04,21703,,N,C,C,A,A,H,-,A,A,0,,,,,Y,,A,01,0,0,1,0,0,0,0,0,0,"- ","- ",38.348171234130859,-122.70587158203125,SONOMA,"ROHNERT PARK",-122.70735931396484,38.348407745361328
84986227,2025,2025-12-25,4904,2025-10-28,1753,1040632,,2,5,4,4904,0,0,0,,0,003,"BETH CT","BONITA AVE (N)",210.00,S,N,A,-,N,,,,,,,,,,Y,3,0,1,2,A,-,08,22107,,N,C,E,A,A,H,-,B,D,0,,,,,Y,,A,07,0,1,0,0,0,0,0,0,0,"- ","- ",38.336170196533203,-122.69589996337891,SONOMA,"ROHNERT PARK",-122.69590759277344,38.336441040039062
84986228,2025,2025-12-25,4904,2025-11-03,1849,1040613,,1,5,4,4904,0,0,0,,0,,"E COTATI AVE","CAMINO COLEGIO",0.00,,Y,A,-,N,,,,,,,,,,N,4,0,1,2,A,-,08,22107,,N,A,C,A,A,H,-,C,A,0,,,,,Y,,A,01,0,0,1,0,0,0,0,0,0,"- ","- ",38.333999633789062,-122.68804931640625,SONOMA,"ROHNERT PARK",-122.68803405761719,38.334312438964844
8499015,2017,2017-12-11,4904,2017-11-10,1745,502,,5,5,4,4904,0,0,0,,0,,"REDWOOD DR","GOLF COURSE DR W",60.00,N,N,A,-,N,,,,,,,,,,N,4,0,1,3,A,-,03,22350,,M,C,C,A,A,H,-,C,A,0,,,,,Y,Y,B,01,0,0,1,0,0,0,0,0,0,"- ","- ",38.363399999999999,-122.71514999999999,SONOMA,"ROHNERT PARK",-122.7151461,38.363434750000003
84994804,2025,2026-01-01,4907,2025-11-25,1223,1103100,,2,5,2,4907,0,0,0,,0,,"ROBINSON RD","ARGUELLO CT",0.00,,Y,B,-,N,,,,,,,,,,N,3,0,1,2,A,-,12,22450,A,N,D,C,A,A,H,-,A,A,0,,,Y,,Y,,C,03,0,1,0,0,0,0,0,0,1,"- ","- ",38.299079895019531,-122.47501373291016,SONOMA,SONOMA,-122.47293090820312,38.300518035888672
8499585,2017,2017-12-05,4905,2017-08-22,0915,SR455,10607,2,5,6,4905,0,0,0,,0,007,"BELLEVUE RANCH","ARABIAN LN",20.00,W,N,A,-,N,,,,,,,,,,Y,3,0,1,2,A,-,08,22107,,N,C,E,A,A,H,-,A,D,0,,,,,Y,,A,01,0,1,0,0,0,0,0,0,0,"- ","- ",,,SONOMA,"SANTA ROSA",-122.73789982,38.40849
8499606,2017,2017-12-07,4905,2017-11-05,1538,SR8708,1060,7,5,6,4905,0,0,0,,0,009,"3RD ST","D ST",0.00,,Y,A,-,N,,,,,,,,,,N,4,0,1,2,A,-,09,21801,A,N,D,G,A,A,H,-,A,A,0,,Y,,,Y,,D,22,0,0,1,0,0,0,0,0,0,"- ","- ",,,SONOMA,"SANTA ROSA",-122.71177991,38.440389920000001
8499623,2017,2017-12-06,4905,2017-09-27,0851,SR8709,10609,3,5,6,4905,0,0,0,,0,009,"COLLEGE AV","GLENN ST",0.00,,Y,A,-,N,,,,,,,,,,Y,4,0,3,3,A,-,03,22350,,F,C,C,A,A,H,-,A,D,0,,,,,Y,,D,22,0,0,3,0,0,0,0,0,0,"- ","- ",,,SONOMA,"SANTA ROSA",-122.72040997000001,38.445729929999999
8499627,2017,2017-12-05,4905,2017-09-24,1621,SR469,10608,7,5,6,4905,0,0,0,,0,008,"PETALUMA HILL RD","KAWANA SPRINGS RD",265.00,N,N,A,-,N,,,,,,,,,,Y,4,0,1,2,A,-,08,22107,,N,B,C,A,A,H,-,A,D,0,,,,,Y,,A,01,0,0,1,0,0,0,0,0,0,"- ","- ",,,SONOMA,"SANTA ROSA",-122.70428,38.417227889999999
8499631,2017,2017-12-05,4905,2017-09-29,1943,SR469,10606,5,5,6,4905,0,0,0,,0,006,"MONTGOMERY DR","SOTOYOME ST",0.00,,Y,A,-,N,,,,,,,,,,Y,4,0,1,2,A,-,09,21801,A,N,A,C,A,A,H,-,C,A,0,,,,,Y,Y,A,07,0,0,1,0,0,0,0,0,0,"- ","- ",,,SONOMA,"SANTA ROSA",-122.70169994,38.442849989999999
8499651,2017,2017-12-06,4905,2017-09-09,0227,SR524,10601,6,5,6,4905,0,0,0,,0,001,"AIRWAY DR","HOPPER AV",40.00,S,N,A,-,N,,,,,,,,,,Y,3,0,1,4,A,-,03,22350,,N,C,E,A,A,H,-,C,D,0,,,,,Y,Y,D,22,0,1,0,0,0,0,0,0,0,"- ","- ",,,SONOMA,"SANTA ROSA",-122.73810962,38.479610129999998
84999900,2025,2026-01-06,4907,2025-12-21,1733,1103100,,7,5,2,4907,0,0,0,,0,,"HWY 12","RIVERSIDE DR",325.00,N,N,C,-,Y,,,,,,,,,,N,3,0,1,2,A,-,11,21954,A,N,G,B,D,B,H,-,C,D,0,Y,,,,Y,,N,60,0,1,0,0,1,0,0,0,0,"- ","- ",38.291519165039062,-122.47876739501953,SONOMA,SONOMA,-122.475830078125,38.294570922851562
8500120,2017,2017-12-01,4905,2017-10-15,0839,SR440,10606,7,5,6,4905,0,0,0,,0,006,"SUMMERFIELD RD","SONOMA AV",24.00,N,N,A,-,N,,,,,,,,,,Y,4,0,1,2,A,-,01,23152,A,N,C,C,A,A,H,-,A,A,0,,,,,Y,Y,A,01,0,0,1,0,0,0,0,0,0,"- ","- ",,,SONOMA,"SANTA ROSA",-122.66860776,38.449828859999997
8500149,2017,2017-12-06,4905,2017-09-19,2001,SR505,1060,2,5,6,4905,0,0,0,,0,005,"3RD ST","STONY POINT RD",0.00,,Y,A,-,N,,,,,,,,,,N,4,0,1,2,A,-,12,21453,A,N,D,G,A,A,H,-,C,A,0,,Y,,,Y,Y,L,04,0,0,1,0,0,0,1,0,0,"- ","- ",,,SONOMA,"SANTA ROSA",-122.74240992,38.43383
8500158,2017,2017-12-11,4905,2017-11-20,1323,SR440,10601,1,5,6,4905,0,0,0,,0,001,"MCBRIDE LN","TERRY LN",0.00,,Y,B,C,N,,,,,,,,,,Y,4,0,2,2,A,-,09,21804,A,N,D,C,A,B,H,-,A,D,0,,,,,Y,,A,01,0,0,2,0,0,0,0,0,0,"- ","- ",,,SONOMA,"SANTA ROSA",-122.73022997,38.464209920000002
8500413,2017,2017-12-04,4905,2017-09-26,1921,SR353,10605,2,5,6,4905,0,0,0,,0,005,"FULTON RD","SAN SEBASTIAN AV",15.00,N,N,A,-,N,,,,,,,,,,Y,4,0,2,2,A,-,08,22107,,N,E,I,A,A,H,-,C,D,0,,,,,Y,,A,01,0,0,2,0,0,0,0,0,0,"- ","- ",,,SONOMA,"SANTA ROSA",-122.76961473,38.431461030000001
8500536,2017,2017-12-05,4905,2017-11-17,0930,SR215,10603,5,5,6,4905,0,0,0,,0,003,"WEST COLLEGE AV","NORTH DUTTON AV",430.00,W,N,A,-,N,,,,,,,,,,N,3,0,1,2,A,-,08,22107,,M,D,G,A,A,H,-,A,D,0,,Y,,,Y,,A,01,0,1,0,0,0,0,1,0,0,"- ","- ",,,SONOMA,"SANTA ROSA",-122.73194924000001,38.445739619999998
8501356,2017,2017-12-18,4908,2017-11-27,1039,2926,13,1,5,5,4908,0,0,0,,0,001,"CAULFIELD LN","SAINT FRANCIS DR",0.00,,Y,B,-,N,,,,,,,,,,N,4,0,1,2,A,-,05,21650,1,N,D,G,A,A,H,-,A,A,0,,Y,,,Y,,L,04,0,0,1,0,0,0,1,0,0,"- ","- ",38.23977,-122.61823,SONOMA,PETALUMA,-122.61820985999999,38.239769979999998
85030296,2025,2026-01-27,4907,2025-12-30,1442,1103100,,2,5,2,4907,0,0,0,,0,,"PATTEN ST","OAK LN",0.00,,Y,B,-,N,,,,,,,,,,N,3,0,1,3,A,-,07,21658,A,N,B,E,A,B,H,-,A,D,0,,,,Y,Y,,F,26,0,1,0,0,0,0,0,0,0,"- ","- ",38.287971496582031,-122.45420074462891,SONOMA,SONOMA,-122.45201110839844,38.289482116699219
8503852,2017,2018-07-06,4907,2017-11-01,2213,SD2272,10701,3,5,2,4907,0,0,0,,0,S01,"W NAPA ST","W NAPA ST 850",74.00,E,N,A,-,Y,SON,4,12,-,-,36.660,H,-,E,Y,4,0,1,1,A,-,17,21367,C,N,H,A,A,A,A,H,C,B,0,,,,,Y,,A,01,0,0,1,0,0,0,0,0,0,"- ","- ",,,SONOMA,SONOMA,-122.47391851,38.293495190000002
8504180,2018,2018-08-08,4902,2018-01-01,2228,105344,AREA,1,5,2,4902,0,0,0,,0,AREA,"RT 116","RT 101",0.00,,Y,A,-,Y,SON,4,101,-,-,12.565,R,4,N,Y,4,0,2,2,A,-,12,21453,A,N,D,C,A,A,H,-,C,A,0,,,,,Y,,A,01,0,0,2,0,0,0,0,0,0,"- ",NF,,,SONOMA,COTATI,-122.712646484375,38.329399108886719
8504626,2017,2018-06-08,4905,2017-11-18,1433,SR408,10608,6,5,6,4905,0,0,0,,0,008,"BAKER AV","SANTA ROSA AV",650.00,W,N,A,-,N,,,,,,,,,,N,3,0,1,2,A,-,11,21954,A,N,G,B,D,A,H,-,A,D,0,Y,,,,Y,,N,60,0,1,0,0,1,0,0,0,0,"- ","- ",,,SONOMA,"SANTA ROSA",-122.71533332,38.420746719999997
8504630,2017,2018-07-02,4905,2017-12-15,0336,SR445,10607,5,5,6,4905,0,0,0,,0,007,"RT 12","FULTON RD",1200.00,W,N,B,E,Y,SON,4,12,-,R,12.710,H,-,E,Y,3,0,1,1,A,-,01,23152,A,N,E,I,A,A,H,-,C,D,0,,,,,Y,Y,A,01,0,1,0,0,0,0,0,0,0,"- ","- ",,,SONOMA,"SANTA ROSA",-122.77218431,38.425425820000001
8504786,2017,2018-01-25,4905,2017-12-07,1712,SR440,10606,4,5,6,4905,0,0,0,,0,006,"MONTGOMERY DR","HAHMAN DR",0.00,,Y,A,-,N,,,,,,,,,,N,4,0,1,2,A,-,09,21453,B,N,D,C,A,A,H,-,C,A,0,,,,,Y,,A,01,0,0,1,0,0,0,0,0,0,"- ","- ",,,SONOMA,"SANTA ROSA",-122.6863699,38.447009950000002
8505284,2017,2017-12-12,4905,2017-11-04,1305,SR8917,1060,6,5,6,4905,0,0,0,,0,006,"SONOMA AV","BROOKWOOD AV",0.00,,Y,A,-,N,,,,,,,,,,Y,4,0,2,2,A,-,01,23152,A,N,A,C,A,A,H,-,A,A,0,,,,,Y,Y,A,01,0,0,2,0,0,0,0,0,0,"- ","- ",,,SONOMA,"SANTA ROSA",-122.70282987,38.440379960000001
8505286,2017,2017-11-30,4905,2017-10-03,0940,SR473,10603,2,5,6,4905,0,0,0,,0,003,"GUERNEVILLE RD","FULTON RD",578.00,W,N,A,-,N,,,,,,,,,,Y,2,0,3,2,A,-,03,22350,,M,D,C,A,A,H,-,A,A,0,,,Y,,Y,,C,02,1,0,2,0,0,0,0,0,1,"- ","- ",,,SONOMA,"SANTA ROSA",-122.77164892,38.452532609999999
8505312,2017,2017-12-12,4905,2017-11-01,1336,SR215,1060,3,5,6,4905,0,0,0,,0,005,"STONY POINT RD","STONY POINT",0.00,,Y,A,-,N,,,,,,,,,,N,3,0,1,2,A,-,"- ",,,N,D,C,A,A,H,-,A,A,0,,,,,Y,,-,"- ",0,1,0,0,0,0,0,0,0,"- ","- ",,,SONOMA,"SANTA ROSA",-122.75135991000001,38.445069920000002
8507016,2017,2017-12-08,4904,2017-09-02,1459,368,4904,6,5,4,4904,0,0,0,,0,003,"SANTA ALICIA DR","SEED FARM DR",290.00,W,N,A,-,N,,,,,,,,,,N,3,0,1,3,A,-,03,22350,,N,C,E,A,A,H,-,A,D,0,,,Y,,Y,,C,02,0,1,0,0,0,0,0,0,1,"- ","- ",38.342860000000002,-122.69855,SONOMA,"ROHNERT PARK",-122.69942134999999,38.342414099999999
8509135,2017,2018-07-30,4908,2017-11-22,1747,2173,10,3,5,5,4908,0,0,0,,0,004,"EAST WASHINGTON ST","RT 101 N",0.00,,Y,B,-,Y,SON,4,101,-,-,4.665,R,4,N,Y,4,0,1,2,A,-,08,22107,,N,A,C,A,A,H,-,C,A,0,,,,,Y,,A,01,0,0,1,0,0,0,0,0,0,"- ","- ",38.24689,-122.6275,SONOMA,PETALUMA,-122.62617705,38.246152789999996
8509256,2017,2017-12-05,4905,2017-10-18,1231,SR215,,3,5,6,4905,0,0,0,,0,002,"MENDOCINO AV","ELLIOTT AV",150.00,N,N,A,-,N,,,,,,,,,,Y,3,0,3,3,A,-,03,22350,,N,C,C,A,A,H,-,A,A,0,,,,,Y,,A,01,0,1,2,0,0,0,0,0,0,"- ","- ",,,SONOMA,"SANTA ROSA",-122.7172527,38.458021809999998
8509264,2017,2017-12-05,4905,2017-10-25,1858,SR473,,3,5,6,4905,0,0,0,,0,007,"STONY POINT RD","HEARN AV",10.00,S,N,A,-,N,,,,,,,,,,N,4,0,1,2,A,-,03,22350,,M,C,C,A,A,H,-,C,A,0,,,,,Y,,A,01,0,0,1,0,0,0,0,0,0,"- ","- ",,,SONOMA,"SANTA ROSA",-122.74138125,38.412062550000002
8511124,2017,2017-12-21,4908,2017-12-06,0944,2926,11,3,5,5,4908,0,0,0,,0,004,"MATZEN RANCH CIR","RAINIER CIR S",0.00,,Y,A,-,N,,,,,,,,,,N,4,0,1,2,A,-,10,21950,A,N,G,B,B,A,H,-,A,A,0,Y,,,,Y,,A,08,0,0,1,0,1,0,0,0,0,"- ","- ",38.264580000000002,-122.62817,SONOMA,PETALUMA,-122.62915991,38.266629899999998
8512729,2017,2018-01-11,4908,2017-12-15,1743,1685,5,5,5,5,4908,0,0,0,,0,003,"PETALLUMA BLVD N","MARY ST",200.00,N,N,A,-,N,,,,,,,,,,N,4,0,1,3,A,-,03,22350,,N,C,C,A,A,H,-,C,D,0,,,,,Y,,A,01,0,0,1,0,0,0,0,0,0,"- ","- ",38.236220000000003,-122.64153,SONOMA,PETALUMA,-122.64183883,38.236750020000002
8514741,2017,2018-06-08,4902,2017-12-02,1155,105344,,6,5,2,4902,0,0,0,,0,,"EAST COTATI AV","CHARLES ST",0.00,,Y,A,-,N,,,,,,,,,,N,4,0,1,2,A,-,03,22350,,N,C,C,A,A,H,-,A,D,0,,,,,Y,,A,01,0,0,1,0,0,0,0,0,0,"- ","- ",,,SONOMA,COTATI,-122.70398989,38.326939930000002
8516230,2017,2017-12-28,4908,2017-10-01,0851,3188,13,7,5,5,4908,0,0,0,,0,001,"SOUTH MCDOWELL BL","CAULFIELD LN",0.00,,Y,A,-,N,,,,,,,,,,Y,4,0,1,2,A,-,12,21453,A,N,D,C,A,A,H,-,A,A,0,,,,,Y,,A,07,0,0,1,0,0,0,0,0,0,"- ","- ",,,SONOMA,PETALUMA,-122.61514999000001,38.243169950000002