CASE_ID,ACCIDENT_YEAR,PROC_DATE,JURIS,COLLISION_DATE,COLLISION_TIME,OFFICER_ID,REPORTING_DISTRICT,DAY_OF_WEEK,CHP_SHIFT,POPULATION,CNTY_CITY_LOC,SPECIAL_COND,BEAT_TYPE,CHP_BEAT_TYPE,CITY_DIVISION_LAPD,CHP_BEAT_CLASS,BEAT_NUMBER,PRIMARY_RD,SECONDARY_RD,DISTANCE,DIRECTION,INTERSECTION,WEATHER_1,WEATHER_2,STATE_HWY_IND,CALTRANS_COUNTY,CALTRANS_DISTRICT,STATE_ROUTE,ROUTE_SUFFIX,POSTMILE_PREFIX,POSTMILE,LOCATION_TYPE,RAMP_INTERSECTION,SIDE_OF_HWY,TOW_AWAY,COLLISION_SEVERITY,NUMBER_KILLED,NUMBER_INJURED,PARTY_COUNT,PRIMARY_COLL_FACTOR,PCF_CODE_OF_VIOL,PCF_VIOL_CATEGORY,PCF_VIOLATION,PCF_VIOL_SUBSECTION,HIT_AND_RUN,TYPE_OF_COLLISION,MVIW,PED_ACTION,ROAD_SURFACE,ROAD_COND_1,ROAD_COND_2,LIGHTING,CONTROL_DEVICE,CHP_ROAD_TYPE,PEDESTRIAN_ACCIDENT,BICYCLE_ACCIDENT,MOTORCYCLE_ACCIDENT,TRUCK_ACCIDENT,NOT_PRIVATE_PROPERTY,ALCOHOL_INVOLVED,STWD_VEHTYPE_AT_FAULT,CHP_VEHTYPE_AT_FAULT,COUNT_SEVERE_INJ,COUNT_VISIBLE_INJ,COUNT_COMPLAINT_PAIN,COUNT_PED_KILLED,COUNT_PED_INJURED,COUNT_BICYCLIST_KILLED,COUNT_BICYCLIST_INJURED,COUNT_MC_KILLED,COUNT_MC_INJURED,PRIMARY_RAMP,SECONDARY_RAMP,LATITUDE,LONGITUDE,COUNTY,CITY,POINT_X,POINT_Y
8865615,2019,2019-06-04,4905,2019-04-06,0526,SR531,10602,6,5,6,4905,0,0,0,,0,002,"MENDOCINO AV","STEELE LN",250.00,S,N,C,-,N,,,,,,,,,,Y,2,0,1,2,A,-,01,23153,A,N,A,C,A,B,H,-,C,D,0,,,,,Y,Y,D,22,1,0,0,0,0,0,0,0,0,"- ","- ",,,SONOMA,"SANTA ROSA",-122.71714782714844,38.4603271484375
8865693,2019,2019-06-03,4905,2019-04-28,1837,SR496,10603,7,5,6,4905,0,0,0,,0,003,"GUERNEVILLE RD","RIDLEY AV",0.00,,Y,A,-,N,,,,,,,,,,Y,4,0,1,2,A,-,09,21801,A,N,D,C,A,A,H,-,A,A,0,,,,,Y,,A,01,0,0,1,0,0,0,0,0,0,"- ","- ",,,SONOMA,"SANTA ROSA",-122.74626159667969,38.452548980712891
8865718,2019,2019-06-03,4905,2019-04-07,1642,SR407,10604,7,5,6,4905,0,0,0,,0,004,"FOUNTAINGROVE PKWY","DAYBREAK CT",25.00,S,N,A,-,N,,,,,,,,,,N,3,0,1,1,A,-,08,22107,,N,E,I,A,A,H,-,A,A,0,,,Y,,Y,,C,02,0,1,0,0,0,0,0,0,1,"- ","- ",,,SONOMA,"SANTA ROSA",-122.68963623046875,38.477573394775391
8865724,2019,2019-06-03,4905,2019-05-03,1159,SR545,10606,5,5,6,4905,0,0,0,,0,006,"SOTOYOME ST","MONTGOMERY DR",9.00,S,N,A,-,N,,,,,,,,,,N,3,0,1,2,A,-,08,22107,,N,B,G,A,A,H,-,A,D,0,,Y,,,Y,,L,04,0,1,0,0,0,0,1,0,0,"- ","- ",,,SONOMA,"SANTA ROSA",-122.70169067382812,38.442825317382812
8865744,2019,2019-06-03,4905,2019-04-25,1637,SR473,10601,4,5,6,4905,0,0,0,,0,001,"HOPPER AV","AIRWAY DR",5.00,S,N,A,-,N,,,,,,,,,,N,4,0,1,2,A,-,05,21460,A,N,B,C,A,A,H,-,A,A,0,,,,,Y,,A,01,0,0,1,0,0,0,0,0,0,"- ","- ",,,SONOMA,"SANTA ROSA",-122.73811340332031,38.479721069335938
8868568,2019,2019-06-06,4908,2019-05-03,0813,3389,13,5,5,5,4908,0,0,0,,0,001,"EAST WASHINGTON ST","MARIA DR",0.00,,Y,A,-,N,,,,,,,,,,N,3,0,1,2,A,-,10,21950,A,N,G,B,B,A,H,-,A,A,0,Y,,,,Y,,D,22,0,1,0,0,1,0,0,0,0,"- ","- ",38.252651214599609,-122.62287139892578,SONOMA,PETALUMA,-122.62277221679688,38.252620697021484
8870006,2019,2019-08-22,4905,2019-03-29,1416,SR459,10600,5,5,6,4905,0,0,0,,0,006,"HOEN FRONTAGE RD","RT 12",35.00,S,N,A,-,Y,SON,4,12,-,T,11.530,I,6,E,Y,4,0,2,3,A,-,03,22350,,N,C,C,A,A,H,-,A,A,0,,,,,Y,,A,07,0,0,2,0,0,0,0,0,0,"- ",WO,,,SONOMA,"SANTA ROSA",-122.79129791259766,38.413852691650391
8870058,2019,2019-08-27,4905,2019-05-01,1509,SR441,10604,3,5,6,4905,0,0,0,,0,004,"RT 12","PROSPECT AV",5.00,E,N,A,-,Y,SON,4,12,-,-,18.940,H,-,W,Y,4,0,1,2,A,-,01,23152,F,N,C,C,A,A,H,-,A,A,0,,,,,Y,,A,07,0,0,1,0,0,0,0,0,0,"- ","- ",,,SONOMA,"SANTA ROSA",-122.67196655273438,38.460289001464844
8876057,2019,2019-06-11,4908,2019-05-17,1400,3389,11,5,5,5,4908,0,0,0,,0,004,"SONOMA MOUNTAIN  PKWY","TURTLE CREEK LN",0.00,,Y,A,-,N,,,,,,,,,,Y,3,0,1,2,A,-,09,21802,A,N,D,C,A,A,H,-,A,D,0,,,,,Y,,A,01,0,1,0,0,0,0,0,0,0,"- ","- ",38.258930206298828,-122.62342834472656,SONOMA,PETALUMA,-122.62335968017578,38.259071350097656
8877870,2019,2019-07-18,4908,2019-06-04,0619,3384,6,2,5,5,4908,0,0,0,,0,003,"EAST WASHINGTON ST","PAYRAN ST",0.00,,Y,A,-,N,,,,,,,,,,Y,4,0,1,2,A,-,12,21453,A,N,D,C,A,A,H,-,A,A,0,,,,Y,Y,,G,25,0,0,1,0,0,0,0,0,0,"- ","- ",38.242008209228516,-122.63252258300781,SONOMA,PETALUMA,-122.63253021240234,38.242031097412109
8878789,2019,2019-06-25,4908,2019-06-02,2030,3185,6,7,5,5,4908,0,0,0,,0,003,"EAST WASHINGTON ST","COPELAND ST",16.00,E,N,A,-,N,,,,,,,,,,Y,3,0,3,2,A,-,01,23152,A,N,C,C,A,A,H,-,B,A,0,,,,,Y,Y,A,01,0,1,2,0,0,0,0,0,0,"- ","- ",38.23699951171875,-122.63715362548828,SONOMA,PETALUMA,-122.63716125488281,38.23699951171875
8879783,2019,2019-06-18,4908,2019-05-30,1810,3385,11,4,5,5,4908,0,0,0,,0,004,"SONOMA MOUNTAIN  PKWY","RAINIER AV",30.00,S,N,A,-,N,,,,,,,,,,Y,4,0,3,3,A,-,03,22350,,N,C,C,A,A,H,-,A,A,0,,,,,Y,,A,01,0,0,3,0,0,0,0,0,0,"- ","- ",38.262470245361328,-122.62957000732422,SONOMA,PETALUMA,-122.62953186035156,38.262443542480469
8880606,2019,2019-07-19,4902,2019-06-11,1856,105350,COTAT,2,5,2,4902,0,0,0,,0,,"OLD REDWOOD HWY","RT 116",208.00,S,N,A,-,N,,,,,,,,,,Y,3,0,6,2,A,-,04,21703,,N,C,C,A,A,H,-,A,A,0,,,,,Y,,A,01,0,1,5,0,0,0,0,0,0,"- ","- ",,,SONOMA,COTATI,-122.99703979492188,38.480339050292969
8888785,2019,2019-07-19,4908,2019-06-26,1416,2747,7,3,5,5,4908,0,0,0,,0,004,"PETALUMA BLVD N","PETALUMA BLVD N SB OFF RAMP",0.00,,Y,A,-,N,,,,,,,,,,Y,4,0,1,2,A,-,12,21453,A,N,D,C,A,A,H,-,A,A,0,,,,,Y,,D,22,0,0,1,0,0,0,0,0,0,"- ",SF,38.270401000976562,-122.67027282714844,SONOMA,PETALUMA,-122.670261,38.270632999999997
8890862,2019,2019-07-12,4908,2019-06-25,1234,3301,12,2,5,5,4908,0,0,0,,0,001,"CASA GRANDE RD","ALLEN ST",0.00,,Y,A,-,N,,,,,,,,,,N,2,0,1,1,A,-,07,21658,A,N,E,I,A,A,H,-,A,B,0,,,Y,,Y,,C,02,1,0,0,0,0,0,0,0,1,"- ","- ",38.247318267822266,-122.59246063232422,SONOMA,PETALUMA,-122.59239959716797,38.247310638427734
8893833,2019,2019-08-07,4908,2019-07-12,1633,3384,3,5,5,5,4908,0,0,0,,0,002,"D ST","10TH ST",64.00,W,N,A,-,N,,,,,,,,,,N,4,0,1,2,A,-,03,22350,,N,C,C,A,A,H,-,A,D,0,,,,,Y,,A,01,0,0,1,0,0,0,0,0,0,"- ","- ",38.225830078125,-122.6409912109375,SONOMA,PETALUMA,-122.64109802246094,38.225662231445312
8894980,2019,2019-07-30,4908,2019-07-03,1522,1944,12,3,5,5,4908,0,0,0,,0,004,"ELY BL SOUTH","PRESCOTT WY",60.00,S,N,A,-,N,,,,,,,,,,Y,4,0,1,2,A,-,03,22350,,N,C,C,A,A,H,-,A,D,0,,,,,Y,,A,01,0,0,1,0,0,0,0,0,0,"- ","- ",38.254318237304688,-122.61509704589844,SONOMA,PETALUMA,-122.61490631103516,38.254196166992188
8895347,2019,2019-07-23,4908,2019-06-30,2325,3384,13,7,5,5,4908,0,0,0,,0,001,"CAULFIELD LN","SOUTH MCDOWELL BL",398.00,W,N,A,-,N,,,,,,,,,,Y,3,0,1,1,A,-,"- ",,,N,E,I,A,A,H,-,C,D,0,,,,,Y,Y,-,"- ",0,1,0,0,0,0,0,0,0,"- ","- ",38.243160247802734,-122.61512756347656,SONOMA,PETALUMA,-122.61595916748047,38.242279052734375
8896219,2019,2019-07-25,4905,2019-06-17,1403,SR8921,10603,1,5,6,4905,0,0,0,,0,003,"MARLOW RD","JENNINGS AV",40.00,S,-,A,-,N,,,,,,,,,,N,3,0,2,3,A,-,01,23153,F,N,C,C,A,A,H,-,A,A,0,,,,,Y,,A,01,0,2,0,0,0,0,0,0,0,"- ","- ",,,SONOMA,"SANTA ROSA",-122.7513427734375,38.449501037597656
8897773,2019,2019-08-13,4908,2019-07-10,0842,1944,7,3,5,5,4908,0,0,0,,0,004,"NORTH MCDOWELL BL","OLD REDWOOD HWY",300.00,S,N,A,-,N,,,,,,,,,,Y,4,0,2,4,C,-,18,,,N,C,C,A,A,H,-,A,A,0,,,,,Y,,-,"- ",0,0,2,0,0,0,0,0,0,"- ","- ",38.275539398193359,-122.66929626464844,SONOMA,PETALUMA,-122.66844940185547,38.275150299072266
8898466,2019,2019-07-29,4905,2019-06-12,1806,SR549,10609,3,5,6,4905,0,0,0,,0,009,"COLLEGE AV","RT 101",230.00,W,N,A,-,N,,,,,,,,,,Y,4,0,1,2,A,-,08,22107,,N,D,C,A,A,H,-,A,A,0,,,,,Y,,A,08,0,0,1,0,0,0,0,0,0,"- ",SO,,,SONOMA,"SANTA ROSA",-122.72495269775391,38.445911407470703
8898756,2019,2019-07-25,4905,2019-06-22,1736,SR8712,10608,6,5,6,4905,0,0,0,,0,008,"FARMERS LN","PATIO CT",0.00,,Y,A,-,N,,,,,,,,,,N,3,0,4,2,A,-,04,21703,,N,C,C,A,A,H,-,A,A,0,,,,,Y,,A,01,0,3,1,0,0,0,0,0,0,"- ","- ",,,SONOMA,"SANTA ROSA",-122.68727111816406,38.441699981689453
8898764,2019,2019-07-25,4905,2019-06-27,2147,SR445,10604,4,5,6,4905,0,0,0,,0,004,"MOUNTAIN HAWK","EVENING WY",75.00,W,N,A,-,N,,,,,,,,,,Y,4,0,1,1,A,-,08,22107,,N,E,I,A,A,H,-,C,D,0,,,,,Y,,A,01,0,0,1,0,0,0,0,0,0,"- ","- ",,,SONOMA,"SANTA ROSA",-122.64334106445312,38.464038848876953
8898766,2019,2019-07-22,4905,2019-05-26,1433,SR8917,10603,7,5,6,4905,0,0,0,,0,003,"APPLETREE DR","FULTON RD",0.00,,Y,A,-,N,,,,,,,,,,Y,3,0,2,2,A,-,12,21453,A,N,D,C,A,A,H,-,A,A,0,,,,,Y,,A,01,0,1,1,0,0,0,0,0,0,"- ","- ",,,SONOMA,"SANTA ROSA",-122.76966094970703,38.454921722412109
8898774,2019,2019-07-22,4905,2019-05-28,1033,SR474,10609,2,5,6,4905,0,0,0,,0,009,"SANTA ROSA AV","MAPLE AV",0.00,,Y,A,-,N,,,,,,,,,,Y,4,0,1,2,A,-,09,21801,A,N,A,C,A,A,H,-,A,A,0,,,,,Y,,A,01,0,0,1,0,0,0,0,0,0,"- ","- ",,,SONOMA,"SANTA ROSA",-122.71128082275391,38.431461334228516
8898781,2019,2019-07-19,4905,2019-05-16,0927,SR8911,10601,4,5,6,4905,0,0,0,,0,001,"CLEVELAND AV","FRANCES ST",0.00,,Y,B,C,N,,,,,,,,,,Y,4,0,1,2,A,-,17,21451,A,N,D,C,A,B,H,-,A,A,0,,,,,Y,,A,01,0,0,1,0,0,0,0,0,0,"- ","- ",,,SONOMA,"SANTA ROSA",-122.72648620605469,38.450279235839844
8898785,2019,2019-07-19,4905,2019-05-12,1303,SR419,10605,7,5,6,4905,0,0,0,,0,005,"WEST 9TH ST","SIMPSON PL",150.00,E,N,A,-,N,,,,,,,,,,Y,4,0,1,1,C,-,18,,,N,E,I,A,A,H,-,A,D,0,,,,,Y,,-,"- ",0,0,1,0,0,0,0,0,0,"- ","- ",,,SONOMA,"SANTA ROSA",-122.73719024658203,38.441581726074219
8898787,2019,2019-07-22,4905,2019-06-03,1159,SR408,10602,1,5,6,4905,0,0,0,,0,002,"COLLEGE AV","MORGAN ST",340.00,E,N,A,-,N,,,,,,,,,,Y,4,0,1,3,A,-,03,22350,,N,C,C,A,A,H,-,A,A,0,,,,,Y,,A,01,0,0,1,0,0,0,0,0,0,"- ","- ",,,SONOMA,"SANTA ROSA",-122.72134399414062,38.445747375488281
8898791,2019,2019-07-22,4905,2019-06-05,1103,SR413,10608,3,5,6,4905,0,0,0,,0,008,"CITRINE WY","GLENWELL DR",125.00,S,N,A,-,N,,,,,,,,,,Y,4,0,1,1,A,-,08,22107,,N,E,I,A,A,H,-,A,D,0,,,,,Y,,A,01,0,0,1,0,0,0,0,0,0,"- ","- ",,,SONOMA,"SANTA ROSA",-122.69924926757812,38.422756195068359
8898795,2019,2019-07-22,4905,2019-06-06,1657,SR8921,10606,4,5,6,4905,0,0,0,,0,006,"BENNETT VALLEY RD","TACHEVAH DR",1320.00,W,N,A,-,N,,,,,,,,,,Y,3,0,1,1,A,-,03,22350,,N,F,A,A,A,H,-,A,D,0,,,Y,,Y,,C,02,0,1,0,0,0,0,0,0,1,"- ","- ",,,SONOMA,"SANTA ROSA",-122.6800537109375,38.431316375732422
8898797,2019,2019-07-19,4905,2019-05-22,0749,SR474,10603,3,5,6,4905,0,0,0,,0,003,"MARLOW RD","JENNINGS AV",10.00,N,N,A,-,N,,,,,,,,,,N,3,0,1,2,A,-,10,21950,A,N,G,B,B,A,H,-,A,A,0,Y,,,,Y,,A,01,0,1,0,0,1,0,0,0,0,"- ","- ",,,SONOMA,"SANTA ROSA",-122.7513427734375,38.449638366699219
8899654,2019,2019-07-31,4902,2019-07-07,1901,105350,COTAT,7,5,2,4902,0,0,0,,0,,"OLD REDWOOD HWY","VALPARAISO AV",91.00,S,N,A,-,N,,,,,,,,,,Y,3,0,2,3,A,-,01,23152,A,N,C,C,A,A,H,-,A,A,0,,,,,Y,Y,A,01,0,1,1,0,0,0,0,0,0,"- ","- ",,,SONOMA,COTATI,-122.70201110839844,38.321090698242188
8900714,2019,2019-07-26,4908,2019-06-24,1653,3341,13,1,5,5,4908,0,0,0,,0,001,"BAYWOOD DR","ASHWOOD CT",45.00,W,N,A,-,N,,,,,,,,,,Y,4,0,1,2,A,-,09,21804,A,N,D,C,A,A,H,-,A,D,0,,,,,Y,,A,01,0,0,1,0,0,0,0,0,0,"- ","- ",38.236629486083984,-122.61277008056641,SONOMA,PETALUMA,-122.6129150390625,38.236591339111328
8902473,2019,2019-07-25,4903,2019-06-12,1739,1567,1,3,5,3,4903,0,0,0,,0,,"HEALDSBURG AV","POWELL AV",0.00,,Y,A,-,N,,,,,,,,,,N,4,0,1,2,A,-,"- ",,,N,C,C,A,A,H,-,A,A,0,,,,,Y,,-,,0,0,1,0,0,0,0,0,0,"- ","- ",38.621120452880859,-122.87214660644531,SONOMA,HEALDSBURG,-122.87220001220703,38.620639801025391
8906787,2019,2019-08-07,4908,2019-07-24,1128,2747,3,3,5,5,4908,0,0,0,,0,002,"D ST","6TH ST",80.00,W,N,A,-,N,,,,,,,,,,N,4,0,1,2,A,-,03,22350,,N,C,C,A,A,H,-,A,A,0,,,,,Y,,A,01,0,0,1,0,0,0,0,0,0,"- ","- ",38.229961395263672,-122.63841247558594,SONOMA,PETALUMA,-122.63853454589844,38.229808807373047
8907031,2019,2019-08-09,4908,2019-07-02,1506,2747,2,2,5,5,4908,0,0,0,,0,002,"LAKEVILLE ST","EAST CT",5.00,N,N,A,-,N,,,,,,,,,,Y,2,0,1,2,A,-,09,21804,A,N,D,G,A,A,H,-,A,D,0,,Y,,,Y,,L,04,1,0,0,0,0,0,1,0,0,"- ","- ",38.235561370849609,-122.62711334228516,SONOMA,PETALUMA,-122.62703704833984,38.235561370849609
8908286,2019,2019-08-12,4904,2019-07-14,1611,555,,7,5,4,4904,0,0,0,,0,002,"ROHNERT PARK EXPWY","COMMERCE BL",451.00,W,N,A,-,N,,,,,,,,,,,4,0,2,2,A,-,03,22350,,N,C,C,A,A,H,-,A,A,0,,,Y,,Y,,A,07,0,0,2,0,0,0,0,0,2,"- ","- ",38.34844970703125,-122.70960998535156,SONOMA,"ROHNERT PARK",-122.711181640625,38.3485107421875
8909783,2019,2019-08-09,4908,2019-07-31,0930,2747,10,3,5,5,4908,0,0,0,,0,004,"MCDOWELL BL","WASHINGTON ST",10.00,N,N,A,-,N,,,,,,,,,,N,4,0,1,2,A,-,07,21658,A,N,B,C,A,A,H,-,A,A,0,,,,,Y,,A,01,0,0,1,0,0,0,0,0,0,"- ","- ",38.249179840087891,-122.62574005126953,SONOMA,PETALUMA,-122.62586975097656,38.24920654296875
8919364,2019,2019-08-22,4908,2019-08-06,1006,1944,4,2,5,5,4908,0,0,0,,0,002,"OXFORD CT","WINDSOR DR",550.00,W,N,A,-,N,,,,,,,,,,N,4,0,1,2,A,-,09,21801,A,N,D,C,A,A,H,-,A,D,0,,,,,Y,,A,01,0,0,1,0,0,0,0,0,0,"- ","- ",38.220779418945312,-122.65294647216797,SONOMA,PETALUMA,-122.65287780761719,38.219516754150391
8921817,2019,2020-02-10,4906,2019-08-01,0000,445,4906,4,5,2,4906,0,0,0,,0,,"RT 116","PITT AV",0.00,,Y,A,-,Y,SON,4,116,-,-,26.380,H,-,E,N,3,0,1,2,A,-,03,22350,,N,C,C,A,A,H,-,A,A,0,,,,,Y,,D,22,0,1,0,0,0,0,0,0,0,"- ","- ",38.405529022216797,-122.82836151123047,SONOMA,SEBASTOPOL,-122.82820892333984,38.405265808105469
8923455,2019,2019-09-05,4905,2019-06-24,1614,SR408,,1,5,6,4905,0,0,0,,0,007,"CORBY AV","SMOKEWOOD DR",110.00,S,N,A,-,N,,,,,,,,,,N,4,0,1,2,A,-,08,22107,,N,B,C,A,A,H,-,A,D,0,,,,,Y,,D,22,0,0,1,0,0,0,0,0,0,"- ","- ",,,SONOMA,"SANTA ROSA",-122.71749877929688,38.417526245117188
8923461,2019,2019-08-27,4905,2019-08-01,1529,SR413,10603,4,5,6,4905,0,0,0,,0,003,"FULTON RD","JENES LN",150.00,N,N,A,-,N,,,,,,,,,,N,4,0,1,4,A,-,03,22350,,N,C,C,A,A,H,-,A,A,0,,,,,Y,,D,22,0,0,1,0,0,0,0,0,0,"- ","- ",,,SONOMA,"SANTA ROSA",-122.76964569091797,38.459552764892578
8923466,2019,2020-01-29,4905,2019-07-26,0808,SR413,10606,5,5,6,4905,0,0,0,,0,006,"FARMERS LN","MONTGOMERY DR",200.00,N,N,A,-,Y,SON,4,12,-,T,18.360,H,-,W,Y,4,0,1,2,A,-,09,21801,A,N,D,C,A,A,H,-,A,D,0,,,,,Y,,D,22,0,0,1,0,0,0,0,0,0,"- ","- ",,,SONOMA,"SANTA ROSA",-122.68811798095703,38.447074890136719
8923473,2019,2019-08-27,4905,2019-08-06,1331,SR353,10608,2,5,6,4905,0,0,0,,0,008,"PETALUMA HILL RD","PRESSLEY ST",0.00,,Y,A,-,N,,,,,,,,,,Y,4,0,1,2,A,-,09,21802,A,N,D,C,A,A,H,-,A,D,0,,,,,Y,,D,22,0,0,1,0,0,0,0,0,0,"- ","- ",,,SONOMA,"SANTA ROSA",-122.71038818359375,38.427608489990234
8923489,2019,2019-08-26,4905,2019-07-28,1421,SR8921,10605,7,5,6,4905,0,0,0,,0,005,"STONY POINT RD","STONY POINT PLAZA",0.00,,Y,A,-,N,,,,,,,,,,Y,4,0,1,3,A,-,12,21453,A,N,D,C,A,A,H,-,A,A,0,,,,,Y,,D,22,0,0,1,0,0,0,0,0,0,"- ","- ",,,SONOMA,"SANTA ROSA",-122.75135803222656,38.445068359375
8923607,2019,2019-08-26,4905,2019-06-17,1723,SR524,10605,1,5,6,4905,0,0,0,,0,007,"DUTTON AV","SEBASTOPOL RD",430.00,N,N,A,-,N,,,,,,,,,,N,4,0,1,2,A,-,03,22350,,N,C,C,A,A,H,-,A,D,0,,,,,Y,,A,01,0,0,1,0,0,0,0,0,0,"- ","- ",,,SONOMA,"SANTA ROSA",-122.7257080078125,38.431755065917969
8923635,2019,2019-08-26,4905,2019-06-14,0922,SR8911,10606,5,5,6,4905,0,0,0,,0,006,"BROOKWOOD AV","SONOMA AV",0.00,,Y,A,-,N,,,,,,,,,,Y,4,0,1,3,A,-,12,21453,A,N,D,C,A,A,H,-,A,A,0,,,,,Y,,A,01,0,0,1,0,0,0,0,0,0,"- ","- ",,,SONOMA,"SANTA ROSA",-122.70282745361328,38.440380096435547
8923640,2019,2019-08-23,4905,2019-07-15,1248,SR394,10607,1,5,6,4905,0,0,0,,0,007,"HEARN AV","DUTTON MEADOW",0.00,,Y,A,-,N,,,,,,,,,,,3,0,2,2,A,-,01,23152,A,N,C,C,A,A,H,-,A,A,0,,,,,Y,Y,A,01,0,1,1,0,0,0,0,0,0,"- ","- ",,,SONOMA,"SANTA ROSA",-122.72928619384766,38.414241790771484
8923656,2019,2019-08-23,4905,2019-07-02,1306,SR413,10607,2,5,6,4905,0,0,0,,0,007,"DUTTON AV","FUNSTON DR",60.00,S,N,A,-,N,,,,,,,,,,Y,4,0,1,2,A,-,08,22107,,N,C,E,A,A,H,-,A,D,0,,,,,Y,,A,01,0,0,1,0,0,0,0,0,0,"- ","- ",,,SONOMA,"SANTA ROSA",-122.72429656982422,38.421585083007812
8923660,2019,2019-08-23,4905,2019-07-05,1420,SR8712,10607,5,5,6,4905,0,0,0,,0,007,"SEBASTOPOL RD","WEST AV",300.00,W,N,A,-,N,,,,,,,,,,N,4,0,1,2,A,-,03,22350,,N,C,C,A,A,H,-,A,A,0,,,,,Y,,A,01,0,0,1,0,0,0,0,0,0,"- ","- ",,,SONOMA,"SANTA ROSA",-122.72991180419922,38.429538726806641
8923714,2019,2019-08-28,4905,2019-08-05,1121,SR284,10602,1,5,6,4905,0,0,0,,0,002,"CHANATE RD","LOMITAS AV",0.00,,Y,A,-,N,,,,,,,,,,Y,3,0,2,2,A,-,09,21802,A,N,D,C,A,A,H,-,A,A,0,,,,,Y,,A,01,0,1,1,0,0,0,0,0,0,"- ","- ",,,SONOMA,"SANTA ROSA",-122.71640014648438,38.465400695800781
8923734,2019,2019-08-28,4905,2019-08-01,1540,SR498,10607,4,5,6,4905,0,0,0,,0,007,"CORPORATE CENTER  PKWY","CHALLENGER WY",0.00,,Y,A,-,N,,,,,,,,,,Y,4,0,1,2,A,-,09,21804,A,N,D,C,A,A,H,-,A,D,0,,,,,Y,,A,01,0,0,1,0,0,0,0,0,0,"- ","- ",,,SONOMA,"SANTA ROSA",-122.75330352783203,38.424911499023438
8923738,2019,2019-08-28,4905,2019-08-13,1018,SR284,10607,2,5,6,4905,0,0,0,,0,007,"HEARN AV","DOWD DR",0.00,,Y,A,-,N,,,,,,,,,,N,4,0,2,2,A,-,03,22350,,N,C,C,A,A,H,-,A,A,0,,,,,Y,,A,01,0,0,2,0,0,0,0,0,0,"- ","- ",,,SONOMA,"SANTA ROSA",-122.71946716308594,38.414409637451172
8923857,2019,2020-01-29,4905,2019-07-30,0953,SR474,10608,2,5,6,4905,0,0,0,,0,008,"RT 101","SANTA ROSA AV",0.00,,Y,A,-,Y,SON,4,101,-,-,18.912,R,4,N,Y,4,0,1,2,A,-,12,21453,A,N,A,C,A,A,H,-,A,D,0,,,,,Y,,A,01,0,0,1,0,0,0,0,0,0,NF,"- ",,,SONOMA,"SANTA ROSA",-122.71543884277344,38.420761108398438
8923877,2019,2020-01-06,4905,2019-07-16,1203,SR551,10601,2,5,6,4905,0,0,0,,0,001,"WEST STEELE LN","RT 101",0.00,,Y,A,-,Y,SON,4,101,-,-,21.558,R,4,S,Y,4,0,1,2,A,-,09,21453,C,N,D,C,A,A,H,-,A,A,0,,,,,Y,,A,01,0,0,1,0,0,0,0,0,0,"- ",SO,,,SONOMA,"SANTA ROSA",-122.72614288330078,38.457050323486328
8924640,2019,2019-12-02,4904,2019-06-14,1258,532,,5,5,4,4904,0,0,0,,0,,"GOLF COURSE DR W","LABATH AV",83.00,E,N,A,-,N,,,,,,,,,,,4,0,3,5,A,-,03,22350,,N,C,C,A,A,H,-,A,A,0,,,,,Y,,A,01,0,0,3,0,0,0,0,0,0,"- ","- ",,,SONOMA,"ROHNERT PARK",-122.72096252441406,38.363262176513672
8925479,2019,2019-09-05,4904,2019-08-08,2030,552,,4,5,4,4904,0,0,0,,0,,"SOUTHWEST BL","COUNTRY CLUB DR",0.00,,Y,A,-,N,,,,,,,,,,N,3,0,2,2,A,-,09,21453,C,N,D,C,A,A,H,-,B,A,0,,,,,Y,,A,01,0,2,0,0,0,0,0,0,0,"- ","- ",38.341449737548828,-122.6949462890625,SONOMA,"ROHNERT PARK",-122.69486999511719,38.341331481933594
8933007,2019,2019-09-23,4907,2019-08-28,0855,SD2310,10701,3,5,2,4907,0,0,0,,0,SO1,"WEST SPAIN ST","5TH ST WEST",0.00,,Y,A,-,N,,,,,,,,,,N,3,0,1,2,A,-,09,21804,A,N,D,G,A,A,H,-,A,A,0,,Y,,,Y,,L,04,0,1,0,0,0,0,1,0,0,"- ","- ",,,SONOMA,SONOMA,-122.46781158447266,38.294731140136719
8934762,2019,2019-10-29,4904,2019-08-03,1811,553,,6,5,4,4904,0,0,0,,0,003,"SOUTHWEST BL","ALMOND ST",0.00,,Y,-,-,N,,,,,,,,,,N,4,0,1,2,A,-,01,23152,A,N,F,C,A,A,H,-,A,D,0,,,,,Y,Y,D,72,0,0,1,0,0,0,0,0,0,"- ","- ",38.338710784912109,-122.70127105712891,SONOMA,"ROHNERT PARK",-122.70142364501953,38.338970184326172
8938926,2019,2019-12-06,4904,2019-07-17,0954,553,RPDPS,3,5,4,4904,0,0,0,,0,BEATS1,"ROHNERT PARK EXPWY","KNIGHT RD",0.00,,Y,A,-,N,,,,,,,,,,N,4,0,1,2,A,-,12,21453,A,N,D,C,A,A,H,-,A,A,0,,,,,Y,,A,01,0,0,1,0,0,0,0,0,0,"- ","- ",,,SONOMA,"ROHNERT PARK",-122.67066,38.346040000000002
8938963,2019,2019-12-04,4904,2019-08-26,1145,514,,1,5,4,4904,0,0,0,,0,,"SNYDER LN","COPELAND CREEK TRL",0.00,,Y,A,-,N,,,,,,,,,,N,4,0,1,2,A,-,06,21951,,N,H,G,A,A,H,-,A,A,0,,Y,,,Y,,A,01,0,0,1,0,0,0,1,0,0,"- ","- ",38.343219757080078,-122.68553161621094,SONOMA,"ROHNERT PARK",-122.685507,38.343125999999998
8940610,2019,2019-10-28,4908,2019-08-30,1228,3410,1,5,5,5,4908,0,0,0,,0,002,"COPELAND ST","EAST D ST",0.00,,Y,A,-,N,,,,,,,,,,N,4,0,1,2,A,-,09,21802,A,N,B,C,A,A,H,-,A,D,0,,,,,Y,,A,07,0,0,1,0,0,0,0,0,0,"- ","- ",38.235790252685547,-122.63504028320312,SONOMA,PETALUMA,-122.63507843017578,38.23577880859375