CASE_ID,ACCIDENT_YEAR,PROC_DATE,JURIS,COLLISION_DATE,COLLISION_TIME,OFFICER_ID,REPORTING_DISTRICT,DAY_OF_WEEK,CHP_SHIFT,POPULATION,CNTY_CITY_LOC,SPECIAL_COND,BEAT_TYPE,CHP_BEAT_TYPE,CITY_DIVISION_LAPD,CHP_BEAT_CLASS,BEAT_NUMBER,PRIMARY_RD,SECONDARY_RD,DISTANCE,DIRECTION,INTERSECTION,WEATHER_1,WEATHER_2,STATE_HWY_IND,CALTRANS_COUNTY,CALTRANS_DISTRICT,STATE_ROUTE,ROUTE_SUFFIX,POSTMILE_PREFIX,POSTMILE,LOCATION_TYPE,RAMP_INTERSECTION,SIDE_OF_HWY,TOW_AWAY,COLLISION_SEVERITY,NUMBER_KILLED,NUMBER_INJURED,PARTY_COUNT,PRIMARY_COLL_FACTOR,PCF_CODE_OF_VIOL,PCF_VIOL_CATEGORY,PCF_VIOLATION,PCF_VIOL_SUBSECTION,HIT_AND_RUN,TYPE_OF_COLLISION,MVIW,PED_ACTION,ROAD_SURFACE,ROAD_COND_1,ROAD_COND_2,LIGHTING,CONTROL_DEVICE,CHP_ROAD_TYPE,PEDESTRIAN_ACCIDENT,BICYCLE_ACCIDENT,MOTORCYCLE_ACCIDENT,TRUCK_ACCIDENT,NOT_PRIVATE_PROPERTY,ALCOHOL_INVOLVED,STWD_VEHTYPE_AT_FAULT,CHP_VEHTYPE_AT_FAULT,COUNT_SEVERE_INJ,COUNT_VISIBLE_INJ,COUNT_COMPLAINT_PAIN,COUNT_PED_KILLED,COUNT_PED_INJURED,COUNT_BICYCLIST_KILLED,COUNT_BICYCLIST_INJURED,COUNT_MC_KILLED,COUNT_MC_INJURED,PRIMARY_RAMP,SECONDARY_RAMP,LATITUDE,LONGITUDE,COUNTY,CITY,POINT_X,POINT_Y
90167649,2016,2016-04-28,9360,2016-04-19,1455,018667,,2,2,9,4900,0,1,3,,1,051,"SR-12 W/B","LLANO RD",509.00,W,N,A,-,Y,,,12,,,,,,W,Y,2,0,1,3,A,-,03,22350,,N,C,C,A,A,H,-,A,D,0,,,Y,,Y,,C,02,1,0,0,0,0,0,0,0,1,"- ","- ",38.411769999999997,-122.7953,SONOMA,UNINCORPORATED,-122.79518516,38.411582039999999
90172156,2016,2016-05-03,9350,2016-04-22,1835,019678,,5,2,9,4900,0,1,3,,2,237,"SR-37 E/B","NOBLE RD",1062.00,E,N,A,-,Y,,,37,,,,,,E,Y,4,0,3,3,A,-,03,22350,,N,C,C,A,A,H,-,A,D,0,,,,,Y,,A,01,0,0,3,0,0,0,0,0,0,"- ","- ",38.155169999999998,-122.41838,SONOMA,UNINCORPORATED,-122.41838313,38.155202289999998
90172668,2016,2016-05-04,9360,2016-02-14,0145,020819,,7,3,9,4900,0,1,3,,1,063,SR-1,"DORAN PARK RD",265.00,N,N,A,-,Y,,,1,,,,,,,Y,1,2,0,1,A,-,01,23152,,N,E,I,A,A,H,-,D,D,0,,,,,Y,Y,A,01,0,0,0,0,0,0,0,0,0,"- ","- ",38.317570000000003,-123.03003,SONOMA,UNINCORPORATED,-123.03003471,38.317550619999999
90172688,2016,2016-05-04,9350,2016-04-23,1115,019150,,6,1,9,4900,0,1,3,,2,137,"SR-37 E/B",SR-121,4224.00,W,N,A,-,Y,,,37,,,,,,E,Y,4,0,6,2,A,-,03,22350,,N,C,C,A,A,H,-,A,D,0,,,,,Y,,A,08,0,0,6,0,0,0,0,0,0,"- ","- ",38.143500000000003,-122.46061,SONOMA,UNINCORPORATED,-122.46059454,38.143474650000002
90173562,2016,2016-05-05,9360,2016-04-27,1650,018667,,3,2,6,4905,0,1,2,,2,040,"US-101 NB","COLLEGE AVE",25.00,N,N,A,-,Y,,,101,,,,,,N,Y,4,0,1,3,A,-,03,22350,,N,C,C,A,A,H,-,A,D,0,,,,,Y,,D,22,0,0,1,0,0,0,0,0,0,"- ","- ",38.445529999999998,-122.72342,SONOMA,"SANTA ROSA",-122.72355795,38.445434859999999
90173591,2016,2016-05-05,9360,2016-04-27,1720,016652,,3,2,9,4900,0,2,4,,1,032,"RIVER RD","MIRABEL RD",0.00,,Y,A,-,N,,,,,,,,,,Y,4,0,1,2,A,-,09,21802,A,N,D,C,A,A,H,-,A,D,0,,,,,Y,,A,08,0,0,1,0,0,0,0,0,0,"- ","- ",,,SONOMA,UNINCORPORATED,-122.89531993,38.493399910000001
90175014,2016,2016-05-09,9360,2016-04-09,1820,019794,,6,2,9,4900,0,1,3,,1,063,SR-1,"COLEMAN VALLEY RD",1056.00,N,N,E,-,Y,,,1,,,,,,,Y,2,0,1,1,A,-,01,23152,A,N,F,I,A,B,H,-,B,D,0,,,,,Y,Y,A,07,1,0,0,0,0,0,0,0,0,"- ","- ",38.37097,-123.0746,SONOMA,UNINCORPORATED,-123.07460804999999,38.370969369999997
90175380,2016,2016-05-09,9360,2016-04-29,1511,014377,,5,2,6,4905,0,1,2,,2,040,"US-101 S/B","COLLEGE AVE U/C",1056.00,N,N,A,-,Y,,,101,,,,,,S,Y,4,0,4,5,A,-,03,22350,,N,C,C,A,A,H,-,A,D,0,,,,,Y,,A,07,0,0,4,0,0,0,0,0,0,"- ","- ",38.446959999999997,-122.72501,SONOMA,"SANTA ROSA",-122.72491526,38.447019449999999
90176057,2016,2016-05-10,9360,2016-05-01,0525,017693,,7,3,9,4900,0,2,4,,1,038,"BODEGA HWY","FURLONG RD",500.00,W,N,A,-,Y,,,,,,,,,,Y,3,0,1,2,A,-,01,23152,A,N,B,C,A,A,H,-,A,D,0,,,Y,,Y,Y,A,01,0,1,0,0,0,0,0,0,1,"- ","- ",38.38935,-122.88661999999999,SONOMA,UNINCORPORATED,-122.88667171,38.389373810000002
90176182,2016,2016-05-10,9360,2016-05-01,1220,019824,,7,1,9,4900,0,1,3,,1,053,SR-116,"WOODWORTH LN",75.00,E,N,A,-,Y,,,116,,,,,,,Y,3,0,1,2,A,-,03,22350,,N,C,C,A,A,H,-,A,D,0,,,,,Y,,A,01,0,1,0,0,0,0,0,0,0,"- ","- ",38.349049999999998,-122.76257,SONOMA,UNINCORPORATED,-122.76260412000001,38.349017519999997
90176493,2016,2016-05-10,9360,2016-05-02,0830,011932,9360,1,1,9,4900,0,1,2,,2,040,"US-101 N/B","TODD RD",3696.00,N,N,B,-,Y,,,101,,,,,,N,N,4,0,1,3,A,-,04,21703,,N,C,C,A,A,H,-,A,D,0,,,,,Y,,A,01,0,0,1,0,0,0,0,0,0,"- ","- ",38.394080000000002,-122.71606,SONOMA,UNINCORPORATED,-122.71601397000001,38.394079650000002
90176546,2016,2016-05-10,9360,2016-05-01,1400,018881,,7,2,9,4900,0,1,3,,1,061,SR-1,"KRUSE RANCH ROAD",1584.00,N,N,A,-,Y,,,1,,,,,,,Y,3,0,1,1,A,-,08,22107,,N,E,I,A,A,H,-,A,D,0,,,Y,,Y,,C,02,0,1,0,0,0,0,0,0,1,"- ","- ",38.599020000000003,-123.34992,SONOMA,UNINCORPORATED,-123.34979688,38.599148890000002
90178423,2016,2016-05-12,9360,2016-05-07,1700,020085,,6,2,9,4900,0,1,2,,2,030,"US 101 SB","RIVER RD",330.00,N,N,B,-,Y,,,,,,,,,,Y,4,0,3,3,A,-,03,22350,,N,A,C,A,B,H,-,A,D,0,,,,,Y,,D,22,0,0,3,0,0,0,0,0,0,"- ","- ",38.496569999999998,-122.75716,SONOMA,UNINCORPORATED,-122.75726356,38.496779689999997
90178874,2016,2016-05-13,9325,2016-05-03,1700,015447,,2,2,9,4900,0,3,5,,2,006,"RAILROAD AVE","CHERRY AVE",68.00,N,N,A,-,N,,,,,,,,,,Y,4,0,1,2,A,-,08,22107,,N,C,E,A,A,H,-,A,A,0,,,,,Y,,A,01,0,0,1,0,0,0,0,0,0,"- ","- ",38.309530000000002,-122.49052,SONOMA,UNINCORPORATED,-122.49053562,38.309557230000003
90181806,2016,2016-05-18,9360,2016-05-08,1750,018881,,7,2,9,4900,0,1,3,,1,061,"SKAGGS SPRINGS ROAD",SR-1,4224.00,E,N,B,-,N,,,,,,,,,,Y,3,0,1,1,A,-,01,23152,A,N,E,I,A,A,H,-,A,D,0,,,,,Y,Y,A,01,0,1,0,0,0,0,0,0,0,"- ","- ",38.655430000000003,-123.38666000000001,SONOMA,UNINCORPORATED,-123.38601351,38.655264039999999
90182242,2016,2016-05-18,9360,2016-05-11,1630,016045,,3,2,9,4900,0,1,2,,2,040,"U.S.-101 N/B","TODD RD O/C",2640.00,N,N,A,-,Y,,,,,,,,,,N,4,0,1,3,A,-,07,21658,A,F,C,C,A,A,H,-,A,D,0,,,,,Y,,-,99,0,0,1,0,0,0,0,0,0,"- ","- ",38.394399999999997,-122.71602,SONOMA,UNINCORPORATED,-122.71606152,38.393511789999998
90182510,2016,2016-05-18,9360,2016-05-12,1745,015434,,4,2,9,4900,0,1,3,,1,051,"SR-12 TO US-101 N/B",SR-12,1056.00,N,N,A,-,Y,,,,,,,,,,Y,4,0,1,2,A,-,07,21658,A,N,B,C,A,A,H,-,A,A,0,,,Y,,Y,,A,01,0,0,1,0,0,0,0,0,1,"- ","- ",38.434460000000001,-122.7165,SONOMA,UNINCORPORATED,,
90182579,2016,2016-05-18,9360,2016-05-12,1730,015187,,4,2,9,4900,0,1,2,,2,030,"US-101 S/B","SHILOH RD.",1056.00,S,N,A,-,Y,,,101,,,,,,S,Y,4,0,1,2,A,-,03,22350,,N,B,C,A,A,H,-,A,D,0,,,Y,,Y,,C,02,0,0,1,0,0,0,0,0,1,"- ","- ",38.524140000000003,-122.78883,SONOMA,UNINCORPORATED,-122.78874565,38.524215939999998
90182730,2016,2016-05-19,9360,2016-05-11,2129,014883,,3,2,9,4900,0,3,5,,2,005,"PRIMROSE AVE","OASIS DR",528.00,S,N,A,-,N,,,,,,,,,,Y,3,0,1,1,A,-,01,23152,A,N,E,I,A,A,H,-,D,D,0,,,,,Y,Y,A,01,0,1,0,0,0,0,0,0,0,"- ","- ",38.396349999999998,-122.73473,SONOMA,UNINCORPORATED,-122.73481872000001,38.394926009999999
90183220,2016,2016-05-19,9360,2016-04-28,0555,014455,,4,3,6,4905,0,1,S,,2,901,"SR-12 E/B","OAKMONT DR.",0.00,,Y,A,-,Y,,,12,,,,,,E,Y,3,0,3,2,A,-,12,21453,A,N,A,C,A,A,H,-,B,A,0,,,,,Y,,D,22,0,1,2,0,0,0,0,0,0,"- ","- ",38.445140000000002,-122.60481,SONOMA,"SANTA ROSA",-122.60481221000001,38.445135559999997
90183734,2016,2016-05-20,9360,2016-05-17,1755,018828,,2,2,9,4900,0,2,4,,1,024,"MARK WEST SPRINGS ROAD","OLD REDWOOD HWY",466.00,E,N,A,-,N,,,,,,,,,,N,4,0,2,2,A,-,03,22350,,N,C,C,A,A,H,-,A,D,0,,,,,Y,,A,01,0,0,2,0,0,0,0,0,0,"- ","- ",38.497900000000001,-122.74653000000001,SONOMA,UNINCORPORATED,-122.74664411000001,38.497724310000002
90186690,2016,2016-05-25,9360,2016-04-28,1114,011631,,4,1,9,4900,0,1,2,,1,060,"US-101 SOUTHBOUND","THE KASTANIA ROAD OVERCROSSING",3749.00,S,N,A,-,Y,,,101,,,,,,S,Y,4,0,1,2,A,-,08,22107,,N,E,I,A,A,D,-,A,D,0,,,,,Y,,A,01,0,0,1,0,0,0,0,0,0,"- ","- ",38.212620000000001,-122.60174000000001,SONOMA,UNINCORPORATED,-122.60175640999999,38.212611850000002
9018709,2020,2020-03-12,4903,2020-01-01,0356,1402,2,3,5,3,4903,0,0,0,,0,,"PIPER ST","COLLEGE ST",16.00,W,N,A,-,N,,,,,,,,,,Y,3,0,1,2,A,-,01,23152,A,N,C,E,A,A,H,-,C,D,0,,,,,Y,Y,D,22,0,1,0,0,0,0,0,0,0,"- ","- ",,,SONOMA,HEALDSBURG,-122.86585235595703,38.614162445068359
9018740,2019,2020-02-03,4903,2019-12-19,1243,1384,1,4,5,3,4903,0,0,0,,0,,"HEALDSBURG AV","SUNNYVALE DR",0.00,,Y,C,-,N,,,,,,,,,,Y,3,0,3,2,A,-,09,21804,A,N,D,C,A,B,H,-,A,D,0,,,,,Y,,A,01,0,3,0,0,0,0,0,0,0,"- ","- ",38.629798889160156,-122.87252044677734,SONOMA,HEALDSBURG,-122.87261962890625,38.629478454589844
90187671,2016,2016-05-26,9360,2016-05-18,1905,018482,,3,2,9,4900,0,3,5,,2,002,"BROOKS RD","MOUNT WESKE DR",134.00,S,N,A,-,N,,,,,,,,,,Y,3,0,1,1,A,-,01,23152,A,N,E,I,A,A,H,-,A,D,0,,,,,Y,Y,D,22,0,1,0,0,0,0,0,0,0,"- ","- ",38.56729,-122.80019,SONOMA,UNINCORPORATED,-122.79996872,38.567473880000001
90188362,2016,2016-05-26,9360,2016-05-11,0930,014455,,3,1,9,4900,0,1,2,,1,060,"US-101 S/B","KASTANIA RD. O/C",100.00,S,N,A,-,Y,,,101,,,,,,S,N,4,0,1,2,A,-,03,22350,,N,C,C,A,A,D,-,E,D,0,,,,,Y,,A,01,0,0,1,0,0,0,0,0,0,"- ","- ",38.22054,-122.60715,SONOMA,UNINCORPORATED,-122.60720276000001,38.220462519999998
90190457,2016,2016-05-31,9360,2016-05-15,0105,020329,,7,3,9,4900,0,2,4,,1,034,"GUERNEVILLE RD","FREI RD",528.00,E,N,A,-,N,,,,,,,,,,Y,4,0,2,1,A,-,01,23152,F,N,E,I,A,A,H,-,D,D,0,,,,,Y,Y,A,01,0,0,2,0,0,0,0,0,0,"- ","- ",38.451599999999999,-122.84464,SONOMA,UNINCORPORATED,-122.84364732,38.451196080000003
90190651,2016,2016-05-31,9360,2016-05-21,1210,018881,,6,1,9,4900,0,1,3,,1,071,SR-1,"FALLON-TWO ROCK ROAD",150.00,N,N,A,-,Y,,,,,,,,,,Y,3,0,1,1,A,-,08,22107,,N,F,I,A,A,H,-,A,D,0,,,Y,,Y,,C,02,0,1,0,0,0,0,0,0,1,"- ","- ",38.27749,-122.90000000000001,SONOMA,UNINCORPORATED,,
90193468,2016,2016-06-02,9360,2016-05-28,1515,020176,,6,2,9,4900,0,2,4,,1,032,"RIVER RD","BARNES RD",0.00,,Y,A,-,N,,,,,,,,,,N,4,0,1,1,A,-,01,23152,A,N,E,I,A,A,H,-,A,A,0,,,,,Y,Y,D,22,0,0,1,0,0,0,0,0,0,"- ","- ",38.496630000000003,-122.76053,SONOMA,UNINCORPORATED,-122.76059997999999,38.496400000000001
90194714,2016,2016-06-20,9360,2016-05-20,1518,020369,,5,2,9,4900,0,2,4,,1,047,"LAKEVILLE RD","LAKEVILLE RD. #2",2112.00,S,N,A,-,N,,,,,,,,,,Y,3,0,2,3,A,-,03,22350,,N,C,C,A,A,H,-,A,D,0,,,,,Y,Y,A,08,0,2,0,0,0,0,0,0,0,"- ","- ",38.180799999999998,-122.53288000000001,SONOMA,UNINCORPORATED,,
90196586,2016,2016-06-08,9360,2016-05-30,1115,013513,,1,1,9,4900,0,1,3,,1,061,"SR-1 S/B","KRUSE RANCH ROAD",528.00,N,N,A,-,Y,,,1,,,,,,S,Y,2,0,2,1,A,-,08,22107,,N,E,I,A,A,H,-,A,D,0,,,Y,,Y,,C,02,2,0,0,0,0,0,0,0,2,"- ","- ",38.598840000000003,-123.34949,SONOMA,UNINCORPORATED,-123.34944757,38.59890893
90198382,2016,2016-06-09,9360,2016-06-01,1310,014773,,3,1,4,4904,0,1,2,,2,050,"US 101 S/B","GOLF COURSE DR",45.00,N,N,A,-,Y,,,,,,,,,,Y,2,0,1,1,A,-,01,23152,F,N,E,I,A,A,H,-,A,A,0,,,,,Y,Y,A,01,1,0,0,0,0,0,0,0,0,"- ","- ",38.367100000000001,-122.71210000000001,SONOMA,"ROHNERT PARK",-122.71279994,38.363382600000001
90202060,2016,2016-06-15,9360,2016-05-31,1000,013838,,2,1,9,4900,0,1,3,,1,041,"LAWNDALE RD","MARK WEST SPRINGS RD",1056.00,W,N,A,-,N,,,,,,,,,,N,4,0,1,1,A,-,08,22107,,N,E,I,A,A,H,-,A,D,0,,Y,,,Y,,L,04,0,0,1,0,0,0,1,0,0,"- ","- ",38.40117,-122.55562,SONOMA,UNINCORPORATED,,
90203524,2016,2016-06-16,9360,2016-06-06,0750,013838,,1,1,6,4905,0,1,2,,2,040,"US-101 N/B",SR-12,1056.00,S,N,A,-,Y,,,101,,,,,,N,Y,4,0,1,3,A,-,04,21703,,N,C,C,A,A,H,-,A,D,0,,,,,Y,,A,01,0,0,1,0,0,0,0,0,0,"- ","- ",38.428629999999998,-122.71498,SONOMA,"SANTA ROSA",-122.71498333,38.428629899999997
9020553,2019,2020-03-11,4905,2019-10-26,1400,SR353,10604,6,5,6,4905,0,0,0,,0,004,"RT 12","D4TH ST",1038.00,E,N,A,-,Y,SON,4,12,-,-,17.960,H,-,W,Y,4,0,1,1,A,-,03,22350,,N,E,I,A,A,H,-,A,D,0,,,,,Y,,A,07,0,0,1,0,0,0,0,0,0,"- ","- ",,,SONOMA,"SANTA ROSA",-122.68413543701172,38.449676513671875
9020579,2019,2020-03-11,4908,2019-12-18,0039,2674,7,3,5,5,4908,0,0,0,,0,004,"OLD REDWOOD HWY","RT 101",0.00,,Y,C,-,Y,SON,4,101,-,-,7.555,R,4,N,Y,3,0,1,2,A,-,01,23152,A,M,A,C,A,B,H,-,C,A,0,,,,,Y,Y,A,01,0,1,0,0,0,0,0,0,0,"- ",NF,,,SONOMA,PETALUMA,-122.66868591308594,38.271194458007812
90206115,2016,2016-08-31,9325,2016-06-10,1415,017575,,5,2,2,4907,0,3,5,,2,006,"ROBINSON ROAD","VERANO AVE",528.00,S,N,A,-,N,,,,,,,,,,Y,3,0,1,2,A,-,08,22107,,N,E,I,A,A,H,-,A,D,0,,,,,Y,,A,01,0,1,0,0,0,0,0,0,0,"- ","- ",38.301470000000002,-122.47282,SONOMA,SONOMA,-122.47284927,38.301036570000001
90206709,2016,2016-06-21,9350,2016-06-19,1735,019150,,7,2,9,4900,0,1,3,,2,137,"SR-37 E/B",SR-121,800.00,W,N,A,-,Y,,,37,,,,,,E,N,4,0,2,3,A,-,03,22350,,N,C,C,A,A,H,-,A,D,0,,,,,Y,,I,20,0,0,2,0,0,0,0,0,0,"- ","- ",38.150129999999997,-122.45055000000001,SONOMA,UNINCORPORATED,-122.45060137,38.150216239999999
90207014,2016,2016-06-22,9360,2016-06-14,0750,011932,9360,2,1,9,4900,0,1,2,,2,040,"US-101 N/B","TODD RD O/C",170.00,N,N,A,-,Y,,,101,,,,,,N,Y,4,0,1,3,A,-,04,21703,,N,C,C,A,A,H,-,A,D,0,,,,,Y,,D,22,0,0,1,0,0,0,0,0,0,"- ","- ",38.386740000000003,-122.7161,SONOMA,UNINCORPORATED,-122.71606437,38.386739740000003
90212487,2016,2016-06-29,9360,2016-05-24,0750,014455,,2,1,6,4905,1,4,S,,2,901,"STEELE LANE (300 BLOCK)","SALEM AVE.",184.00,W,N,A,-,N,,,,,,,,,,N,4,0,1,2,A,-,21,22106,,N,H,C,A,A,H,-,A,D,0,,,,,Y,,H,17,0,0,1,0,0,0,0,0,0,"- ","- ",38.460509999999999,-122.72087999999999,SONOMA,"SANTA ROSA",-122.72000905,38.460545949999997
90214423,2016,2016-06-30,9360,2016-06-19,1716,019862,,7,2,5,4908,0,1,2,,2,050,"US-101 N/B TO E. WASHINGTON ST.","EAST WASHINGTON ST",10.00,S,N,A,-,Y,,,101,,,,R,,N,Y,4,0,1,2,A,-,03,22350,,N,C,C,A,A,H,-,A,D,0,,,,,Y,,D,22,0,0,1,0,0,0,0,0,0,"- ","- ",38.248260000000002,-122.62647,SONOMA,PETALUMA,-122.62647,38.248260000000002
90214768,2016,2016-07-01,9360,2016-06-22,1715,016045,,3,2,9,4900,0,1,2,,1,060,"U.S.-101 N/B","CAUFIELD LN. O/C",350.00,N,N,A,-,Y,,,,,,,,,,Y,3,0,1,2,A,-,07,21658,A,F,B,C,A,A,H,-,A,D,0,,,Y,,Y,,-,99,0,1,0,0,0,0,0,0,1,"- ","- ",38.239249999999998,-122.62075,SONOMA,UNINCORPORATED,-122.62054616,38.238621449999997
90215037,2016,2016-07-01,9360,2016-06-22,1610,016045,,3,2,9,4900,0,1,2,,2,050,"U.S.-101 N/B","WEST SIERRA AVE.",500.00,N,N,A,-,Y,,,,,,,,,,Y,3,0,1,2,A,-,07,21658,A,N,B,C,A,A,H,-,A,D,0,,,,,Y,,A,01,0,1,0,0,0,0,0,0,0,"- ","- ",38.32246,-122.71314,SONOMA,UNINCORPORATED,-122.71315051000001,38.322683789999999
90216243,2016,2016-07-05,9360,2016-06-18,1820,019794,,6,2,9,4900,0,1,2,,2,030,"US-101 S/B","WINDSOR RIVER RD",1584.00,S,N,A,-,Y,,,,,,,,,,Y,4,0,1,1,A,-,08,22107,,N,E,I,A,A,H,-,A,D,0,,,,,Y,,D,22,0,0,1,0,0,0,0,0,0,"- ","- ",38.542119999999997,-122.8048,SONOMA,UNINCORPORATED,,
90216331,2016,2016-07-05,9360,2016-04-23,1305,018881,,6,1,9,4900,0,1,3,,1,061,SR-1,"PACIFIC AVENUE",8448.00,N,N,A,-,Y,,,1,,,,,,,Y,3,0,1,2,A,-,01,23152,A,F,A,G,A,A,H,-,A,D,0,,Y,,,Y,Y,A,07,0,1,0,0,0,0,1,0,0,"- ","- ",38.45926,-123.13556,SONOMA,UNINCORPORATED,-123.13553951999999,38.459289470000002
90216793,2016,2016-07-06,9360,2016-06-18,1800,018859,,6,2,9,4900,0,1,3,,1,063,SR-1,"CARMET DRIVE",950.00,S,N,A,-,Y,,,1,,,,,,,N,4,0,1,1,A,-,08,22107,,N,E,I,A,A,H,-,A,D,0,,,,,Y,,A,01,0,0,1,0,0,0,0,0,0,"- ","- ",38.370350000000002,-123.07329,SONOMA,UNINCORPORATED,-123.07328352,38.370316520000003
90217138,2016,2016-07-06,9360,2016-06-27,1110,013838,,1,1,9,4900,0,1,3,,1,041,"BENNETT VALLEY RD","ENTERPRISE RD",5280.00,E,N,A,-,Y,,,,,,,,,,Y,4,0,1,1,A,-,08,22107,,N,A,I,A,A,H,-,A,D,0,,,,,Y,,A,01,0,0,1,0,0,0,0,0,0,"- ","- ",38.385800000000003,-122.56149000000001,SONOMA,UNINCORPORATED,-122.56213421,38.386630369999999
90220510,2016,2016-07-12,9325,2016-06-29,1405,015786,,3,2,9,4900,0,2,4,,1,064,"ARNOLD DRIVE","MADRONE RD",50.00,S,N,A,-,N,,,,,,,,,,N,4,0,1,2,A,-,03,22350,,N,C,C,A,A,H,-,A,D,0,,,,,Y,,D,22,0,0,1,0,0,0,0,0,0,"- ","- ",38.339100000000002,-122.5125,SONOMA,UNINCORPORATED,-122.51275172,38.338486009999997
90220796,2016,2016-07-12,9350,2016-07-05,1435,013346,,2,2,9,4900,0,1,3,,2,237,"SR-37 E/B","NOBLE ROAD",800.00,E,N,A,-,Y,,,37,,,,,,E,Y,3,0,1,2,A,-,03,22350,,N,C,C,A,A,H,-,A,D,0,,,,,Y,,D,22,0,1,0,0,0,0,0,0,0,"- ","- ",38.155160000000002,-122.41837,SONOMA,UNINCORPORATED,-122.41837418999999,38.155203159999999
90221330,2016,2016-07-12,9360,2016-07-01,0950,015420,,5,1,9,4900,0,3,5,,2,003,"AIRPORT BLVD","US-101 S/B TO AIRPORT BLVD",0.00,,Y,A,-,N,,,,,,,,,,Y,4,0,1,2,A,-,12,21453,A,N,D,C,A,A,H,-,A,A,0,,,,Y,Y,,G,27,0,0,1,0,0,0,0,0,0,"- ","- ",38.511249999999997,-122.77804999999999,SONOMA,UNINCORPORATED,-122.7778995,38.511195600000001
90221342,2016,2016-07-12,9360,2016-07-01,1530,020234,,5,2,5,4908,0,1,2,,1,060,"US-101 N/B","CAULFIELD LN. O/C",730.00,S,N,A,-,Y,,,101,,,,,,N,Y,2,0,1,2,A,-,07,21658,A,N,B,C,A,A,H,-,A,D,0,,,Y,,Y,,D,22,1,0,0,0,0,0,0,0,1,"- ","- ",38.235779999999998,-122.61904,SONOMA,PETALUMA,-122.61906354,38.235767690000003
90221575,2016,2016-07-13,9360,2016-06-14,0850,014455,,2,1,9,4900,0,1,2,,2,050,"US-101 N/B","TODD RD. O/C",528.00,S,N,A,-,Y,,,101,,,,,,N,N,3,0,2,2,A,-,03,22350,,N,C,C,A,A,H,-,A,D,0,,,,,Y,,A,01,0,1,1,0,0,0,0,0,0,"- ","- ",38.384120000000003,-122.71611,SONOMA,UNINCORPORATED,-122.71608263,38.384119820000002
90222027,2016,2016-07-13,9360,2016-07-04,1735,018667,,1,2,9,4900,0,3,5,,2,003,"TRENTON-HEALDSBURG RD","RIVER ROAD",5280.00,N,N,A,-,N,,,,,,,,,,Y,4,0,1,1,A,-,08,22107,,N,E,I,A,A,H,-,A,D,0,,,,,Y,,A,01,0,0,1,0,0,0,0,0,0,"- ","- ",38.496600000000001,-122.85561,SONOMA,UNINCORPORATED,-122.85744766000001,38.500359760000002
90225808,2016,2016-07-19,9360,2016-06-20,0332,020234,,1,3,6,4905,0,1,2,,2,030,"US-101 N/B","MENDOCINO AVE. O/C",94.00,S,N,A,-,Y,,,101,,,,,,N,N,2,0,1,2,A,-,11,21954,A,N,G,B,E,A,H,-,D,D,0,Y,,,Y,Y,,N,60,1,0,0,0,1,0,0,0,0,"- ","- ",38.474299999999999,-122.73084,SONOMA,"SANTA ROSA",-122.73085267,38.47429477
90225848,2016,2016-07-19,9360,2016-07-04,1533,018828,,1,2,9,4900,0,3,5,,2,004,"SANTA ROSA AVE","TODD RD",155.00,N,N,A,-,N,,,,,,,,,,Y,3,0,1,2,A,-,04,21703,,N,C,C,A,A,H,-,A,D,0,,,Y,,Y,,A,01,0,1,0,0,0,0,0,0,1,"- ","- ",38.387619999999998,-122.71378,SONOMA,UNINCORPORATED,-122.71361,38.38753577
90226618,2016,2016-07-20,9360,2016-06-16,2149,018520,9360,4,2,9,4900,0,2,4,,1,046,"BENNETT VALLEY RD","SONOMA MOUNTAIN RD",1282.00,E,N,A,-,N,,,,,,,,,,Y,3,0,1,1,A,-,01,23152,E,N,E,I,A,A,H,-,D,D,0,,,,,Y,,A,01,0,1,0,0,0,0,0,0,0,"- ","- ",38.398890000000002,-122.62307,SONOMA,UNINCORPORATED,-122.62047919,38.399063490000003
90226651,2016,2016-07-20,9360,2016-06-24,1835,020369,,5,2,9,4900,0,3,5,,2,005,"D ST.","WINDSOR DR",2640.00,W,N,A,-,N,,,,,,,,,,N,2,0,2,2,A,-,08,22107,,N,F,A,A,A,H,-,A,D,0,,Y,,,Y,,L,04,2,0,0,0,0,0,2,0,0,"- ","- ",38.211950000000002,-122.64306999999999,SONOMA,UNINCORPORATED,-122.64225906,38.212660939999999
90226915,2016,2016-07-20,9360,2016-05-11,1517,015240,,3,2,9,4900,0,3,5,,2,001,"ARMSTRONG WOODS RD","BROOKDALE DR",122.00,S,N,A,-,N,,,,,,,,,,Y,1,1,0,1,A,-,03,22350,,N,E,I,A,A,H,-,A,D,0,,,,,Y,,D,22,0,0,0,0,0,0,0,0,0,"- ","- ",38.518160000000002,-122.99578,SONOMA,UNINCORPORATED,-122.9959619,38.517875179999997
90227258,2016,2016-07-21,9360,2016-07-08,0350,020819,,5,3,6,4905,0,1,2,,2,040,"US-101 S/B","SANTA ROSA CREEK",100.00,S,N,A,-,Y,,,101,,,,,,S,N,2,0,1,2,A,-,11,21954,A,N,G,B,E,A,H,-,C,D,0,Y,,,,Y,,N,60,1,0,0,0,1,0,0,0,0,"- ","- ",38.435450000000003,-122.71720000000001,SONOMA,"SANTA ROSA",-122.71721924000001,38.435440509999999
90228327,2016,2016-07-22,9360,2016-07-11,0955,013916,,1,1,9,4900,0,1,3,,1,051,SR-12,"MERCED AVE",0.00,,Y,A,-,Y,,,12,,,,,,,Y,4,0,1,2,A,-,09,21802,A,N,D,C,A,A,H,-,A,A,0,,,,,Y,,A,01,0,0,1,0,0,0,0,0,0,"- ","- ",38.421100000000003,-122.77873,SONOMA,UNINCORPORATED,-122.77873441,38.421107429999999