CASE_ID,ACCIDENT_YEAR,PROC_DATE,JURIS,COLLISION_DATE,COLLISION_TIME,OFFICER_ID,REPORTING_DISTRICT,DAY_OF_WEEK,CHP_SHIFT,POPULATION,CNTY_CITY_LOC,SPECIAL_COND,BEAT_TYPE,CHP_BEAT_TYPE,CITY_DIVISION_LAPD,CHP_BEAT_CLASS,BEAT_NUMBER,PRIMARY_RD,SECONDARY_RD,DISTANCE,DIRECTION,INTERSECTION,WEATHER_1,WEATHER_2,STATE_HWY_IND,CALTRANS_COUNTY,CALTRANS_DISTRICT,STATE_ROUTE,ROUTE_SUFFIX,POSTMILE_PREFIX,POSTMILE,LOCATION_TYPE,RAMP_INTERSECTION,SIDE_OF_HWY,TOW_AWAY,COLLISION_SEVERITY,NUMBER_KILLED,NUMBER_INJURED,PARTY_COUNT,PRIMARY_COLL_FACTOR,PCF_CODE_OF_VIOL,PCF_VIOL_CATEGORY,PCF_VIOLATION,PCF_VIOL_SUBSECTION,HIT_AND_RUN,TYPE_OF_COLLISION,MVIW,PED_ACTION,ROAD_SURFACE,ROAD_COND_1,ROAD_COND_2,LIGHTING,CONTROL_DEVICE,CHP_ROAD_TYPE,PEDESTRIAN_ACCIDENT,BICYCLE_ACCIDENT,MOTORCYCLE_ACCIDENT,TRUCK_ACCIDENT,NOT_PRIVATE_PROPERTY,ALCOHOL_INVOLVED,STWD_VEHTYPE_AT_FAULT,CHP_VEHTYPE_AT_FAULT,COUNT_SEVERE_INJ,COUNT_VISIBLE_INJ,COUNT_COMPLAINT_PAIN,COUNT_PED_KILLED,COUNT_PED_INJURED,COUNT_BICYCLIST_KILLED,COUNT_BICYCLIST_INJURED,COUNT_MC_KILLED,COUNT_MC_INJURED,PRIMARY_RAMP,SECONDARY_RAMP,LATITUDE,LONGITUDE,COUNTY,CITY,POINT_X,POINT_Y
90481635,2017,2017-06-20,9360,2017-06-15,1538,020266,,4,2,6,4905,0,1,2,,2,040,"US-101 SB",SR-12,1100.00,N,N,A,-,Y,,,101,,,,,,S,N,4,0,2,3,A,-,03,22350,,N,C,C,A,A,H,-,A,D,0,,,,,Y,,A,01,0,0,2,0,0,0,0,0,0,"- ","- ",38.434710000000003,-122.71681,SONOMA,"SANTA ROSA",-122.7168941,38.43467356
90483392,2017,2017-06-22,9360,2017-06-17,0930,019862,,6,1,9,4900,0,2,4,,1,032,"RIVER RD","MIRABEL RD",792.00,E,N,A,-,N,,,,,,,,,,Y,3,0,2,2,A,-,03,22350,,N,C,C,A,A,H,-,A,D,0,,,,,Y,,A,01,0,1,1,0,0,0,0,0,0,"- ","- ",38.492919999999998,-122.89033999999999,SONOMA,UNINCORPORATED,-122.89260965,38.49306
90483824,2017,2017-06-22,9360,2017-06-20,0655,013838,,2,1,6,4905,0,1,3,,1,051,SR-12,"IRWIN LN",1584.00,E,N,B,-,Y,,,,,,,,,,Y,4,0,1,3,A,-,03,22350,,N,C,C,A,A,H,-,A,D,0,,,,,Y,,A,01,0,0,1,0,0,0,0,0,0,"- ","- ",38.416150000000002,-122.78746,SONOMA,"SANTA ROSA",-122.78842353,38.415517180000002
90487870,2017,2017-06-26,9360,2017-06-20,2035,014883,,2,2,9,4900,0,1,3,,1,041,SR-12,"DUNBAR RD",3696.00,W,N,A,-,Y,,,12,,,,,,,Y,3,0,2,2,A,-,05,21460,A,F,B,C,A,A,H,-,B,D,0,,,,,Y,,-,99,0,2,0,0,0,0,0,0,0,"- ","- ",38.399189999999997,-122.53789,SONOMA,UNINCORPORATED,-122.53787982999999,38.399196779999997
90487910,2017,2017-06-26,9360,2017-06-15,1550,020329,,4,2,9,4900,0,1,3,,1,045,"LAKEVILLE HWY (SR-116)","LAKEVILLE RD",0.00,,Y,A,-,Y,,,116,,,,,,,Y,4,0,1,3,A,-,09,21802,A,N,D,C,A,A,H,-,A,A,0,,,,Y,Y,,A,08,0,0,1,0,0,0,0,0,0,"- ","- ",38.211950000000002,-122.54908,SONOMA,UNINCORPORATED,-122.54914521000001,38.212097
90488515,2017,2017-06-27,9350,2017-06-18,1340,017978,,7,1,9,4900,0,1,3,,2,237,"SR-37 W/B","NOBLE RD",1500.00,W,N,A,-,Y,,,37,,,,,,W,Y,3,0,2,2,A,-,03,22350,,N,C,C,A,A,H,-,A,D,0,,,,,Y,,A,01,0,2,0,0,0,0,0,0,0,"- ","- ",38.154580000000003,-122.42646999999999,SONOMA,UNINCORPORATED,-122.42645443000001,38.154419900000001
90488688,2017,2017-06-27,9360,2017-06-22,1145,015187,,4,1,9,4900,0,1,2,,2,030,"US-101 N/B","MENDOCINO AVE",1584.00,N,N,A,-,Y,,,101,,,,,,N,Y,3,0,1,2,A,-,07,21658,A,N,C,C,A,A,H,-,A,D,0,,,Y,Y,Y,,F,26,0,1,0,0,0,0,0,0,1,"- ","- ",38.481360000000002,-122.73542,SONOMA,UNINCORPORATED,-122.73534436,38.48146697
90489787,2017,2017-06-28,9360,2017-06-24,1305,020326,,6,1,9,4900,0,1,2,,2,040,US-101,"TODD RD",2112.00,N,N,A,-,Y,,,101,,,,,,,Y,4,0,1,3,A,-,03,22350,,N,C,C,A,A,H,-,A,D,0,,,,,Y,,A,01,0,0,1,0,0,0,0,0,0,"- ","- ",38.391289999999998,-122.71608000000001,SONOMA,UNINCORPORATED,-122.71603139,38.391289649999997
90491188,2017,2017-06-30,9325,2017-06-15,0530,019590,,4,3,9,4900,0,1,3,,1,051,SR-121,"WAGNER RD",700.00,N,N,A,-,Y,,,121,,,,,,,Y,3,0,1,2,A,-,09,21804,A,F,B,C,A,A,H,-,B,D,0,,,,,Y,,-,99,0,1,0,0,0,0,0,0,0,"- ","- ",38.22983,-122.45914,SONOMA,UNINCORPORATED,-122.45914852999999,38.229826969999998
90493529,2017,2017-07-04,9360,2017-06-25,1508,019703,,7,2,9,4900,0,2,4,,1,022,"OLD REDWOOD HIGHWAY","COLONIAL PARK DR",32.00,N,N,A,-,N,,,,,,,,,,Y,3,0,3,1,A,-,08,22107,,N,E,I,A,A,H,-,A,D,0,,,,,Y,,A,01,0,1,2,0,0,0,0,0,0,"- ","- ",38.519039999999997,-122.77328,SONOMA,UNINCORPORATED,-122.77322447,38.519085599999997
90493532,2017,2017-07-04,9360,2017-06-24,2200,021614,,6,3,9,4900,0,2,4,,1,042,"PETALUMA HILL ROAD","WOODWARD AVE",130.00,N,N,B,-,N,,,,,,,,,,Y,3,0,1,2,A,-,01,23152,A,N,C,C,A,A,H,-,C,D,0,,,,,Y,Y,A,01,0,1,0,0,0,0,0,0,0,"- ","- ",38.297350000000002,-122.6664,SONOMA,UNINCORPORATED,-122.66644700000001,38.297566000000003
90493634,2017,2017-07-05,9325,2017-06-23,1450,021439,,5,2,9,4900,0,2,4,,1,055,"NAPA RD",SR-121,350.00,N,N,A,-,N,,,,,,,,,,Y,4,0,2,2,A,-,03,22350,,N,C,C,A,A,H,-,A,A,0,,,,,Y,,A,07,0,0,2,0,0,0,0,0,0,"- ","- ",38.254480000000001,-122.39417,SONOMA,UNINCORPORATED,-122.39399,38.254334999999998
90495898,2017,2017-07-07,9350,2017-06-25,0414,021391,,7,3,9,4900,0,1,3,,2,137,"SR-37 W/B","LAKEVILLE ROAD",0.00,,Y,B,-,Y,,,37,,,,,,W,Y,3,0,1,2,A,-,12,21453,A,N,D,C,A,A,H,-,C,A,0,,,,Y,Y,,A,07,0,1,0,0,0,0,0,0,0,"- ","- ",38.134149999999998,-122.47642999999999,SONOMA,UNINCORPORATED,-122.47642077,38.134062630000003
90496259,2017,2017-07-07,9360,2017-06-29,1651,016577,,4,2,9,4900,0,2,4,,1,044,"ADOBE RD.","JACOBSEN LN.",528.00,N,N,A,-,N,,,,,,,,,,Y,3,0,3,3,A,-,01,23152,A,F,C,C,A,A,H,-,A,D,0,,,,,Y,Y,A,01,0,1,2,0,0,0,0,0,0,"- ","- ",38.293590000000002,-122.65298,SONOMA,UNINCORPORATED,-122.6533022,38.293757880000001
90500795,2017,2017-07-14,9360,2017-07-08,1715,020038,,6,2,9,4900,0,2,4,,1,024,"MARK WEST SPRINGS RD","MICHELE WAY",0.00,,Y,A,-,N,,,,,,,,,,Y,3,0,1,2,A,-,03,22350,,N,C,A,A,A,H,-,A,D,0,,,,,Y,,M,47,0,1,0,0,0,0,0,0,0,"- ","- ",38.517569999999999,-122.72058,SONOMA,UNINCORPORATED,-122.72060992,38.517589960000002
90501152,2017,2017-07-14,9360,2017-07-11,0620,011631,,2,1,9,4900,0,1,2,,1,060,"US-101 SOUTHBOUND","THE KASTANIA ROAD OVERCROSSING",1346.00,S,N,A,-,Y,,,101,,,,,,S,N,4,0,1,2,A,-,07,21658,A,N,B,C,A,A,H,-,A,D,0,,,Y,,Y,,A,01,0,0,1,0,0,0,0,0,1,"- ","- ",38.217779999999998,-122.6044,SONOMA,UNINCORPORATED,-122.60429393,38.217854320000001
90501157,2017,2017-07-14,9360,2017-07-11,1730,016045,,2,2,9,4900,0,1,2,,2,040,"U.S.-101 N/B","HEARN AVE. O/C",5280.00,S,N,A,-,Y,,,,,,,,,,N,4,0,1,2,A,-,03,22350,,N,C,C,A,A,H,-,A,D,0,,,,,Y,,A,01,0,0,1,0,0,0,0,0,0,"- ","- ",38.404789999999998,-122.71604000000001,SONOMA,UNINCORPORATED,-122.71602047,38.400116500000003
90501166,2017,2017-07-14,9360,2017-07-12,0950,019046,,3,1,4,4904,0,1,2,,2,050,"N/B US-101","ROHNERT PARK EXPY",500.00,S,N,A,-,Y,,,101,,,,,,,Y,4,0,1,3,A,-,03,22350,,N,C,C,A,A,H,-,A,D,0,,,,,Y,,D,22,0,0,1,0,0,0,0,0,0,"- ","- ",38.343989999999998,-122.71284,SONOMA,"ROHNERT PARK",-122.71284344,38.343989929999999
90505086,2017,2017-07-20,9360,2017-07-15,1715,020038,,6,2,9,4900,0,3,5,,2,005,"LYNCH RD","ENOS AVE",110.00,W,N,A,-,N,,,,,,,,,,Y,3,0,2,2,A,-,03,22350,,N,D,C,A,A,H,-,A,D,0,,,,,Y,,D,22,0,2,0,0,0,0,0,0,0,"- ","- ",38.387410000000003,-122.82769,SONOMA,UNINCORPORATED,-122.8276347,38.38740018
90505487,2017,2017-07-21,9360,2017-07-14,1700,019546,,5,2,9,4900,0,1,2,,2,020,"US-101 S/B","HEALDSBURG AVE",528.00,N,N,A,-,Y,,,101,,,,,,S,Y,4,0,1,2,A,-,08,22107,,N,B,C,A,A,H,-,A,D,0,,,,,Y,,A,01,0,0,1,0,0,0,0,0,0,"- ","- ",38.615389999999998,-122.87855999999999,SONOMA,UNINCORPORATED,-122.87885544,38.615367550000002
90505523,2017,2017-07-21,9360,2017-07-15,1257,015420,,6,1,9,4900,0,1,3,,1,021,SR-128,"PINE FLAT RD",0.00,,Y,A,-,N,,,128,,,,,,,Y,4,0,2,2,A,-,09,21801,A,N,D,C,A,A,H,-,A,D,0,,,,,Y,,A,08,0,0,2,0,0,0,0,0,0,"- ","- ",38.671579999999999,-122.81301000000001,SONOMA,UNINCORPORATED,-122.81301492999999,38.671564979999999
90508333,2017,2017-07-25,9360,2017-07-19,1800,016045,,3,2,9,4900,0,1,2,,1,060,"U.S.-101 N/B","KASTANIA RD O/C",1056.00,N,N,A,-,Y,,,,,,,,,,N,4,0,1,2,A,-,03,22350,,N,C,C,A,A,H,-,A,D,0,,,,,Y,,A,01,0,0,1,0,0,0,0,0,0,"- ","- ",38.224620000000002,-122.61287,SONOMA,UNINCORPORATED,,
90510338,2017,2017-07-27,9360,2017-07-26,1115,019218,,3,1,5,4908,0,1,2,,2,050,"US-101 S/B","PETALUMA BLVDN",524.00,N,N,A,-,Y,,,101,,,,,,S,Y,4,0,1,2,A,-,03,22350,,N,C,C,A,A,H,-,A,D,0,,,,,Y,,A,01,0,0,1,0,0,0,0,0,0,"- ","- ",38.273290000000003,-122.67158999999999,SONOMA,PETALUMA,-122.671637,38.273228860000003
90511659,2017,2017-07-28,9325,2017-07-19,0615,018789,,3,1,9,4900,0,1,3,,1,072,SR-121,SR-12,260.00,S,N,A,-,Y,,,121,,,,,,,Y,4,0,1,2,A,-,04,21703,,N,C,C,A,A,H,-,A,A,0,,,,,Y,,A,01,0,0,1,0,0,0,0,0,0,"- ","- ",38.242370000000001,-122.44896,SONOMA,UNINCORPORATED,-122.44897103,38.242382229999997
90515297,2017,2017-08-02,9360,2017-07-23,1835,019359,,7,2,9,4900,0,2,4,,1,034,"GUERNEVILLE ROAD","OLIVET RD",0.00,,Y,A,-,N,,,,,,,,,,Y,4,0,1,2,A,-,01,23152,A,N,D,C,A,A,H,-,A,D,0,,,,,Y,Y,A,01,0,0,1,0,0,0,0,0,0,"- ","- ",38.45234,-122.81595,SONOMA,UNINCORPORATED,-122.81591998,38.45241
90518857,2017,2017-08-08,9350,2017-07-28,1655,021075,,5,2,9,4900,0,1,3,,2,137,"SR-37 EASTBOUND","SEARS POINT ROAD",500.00,W,N,A,-,Y,,,37,,,,,,E,Y,3,0,1,3,A,-,03,22350,,N,C,C,A,A,H,-,A,D,0,,,,,Y,,A,01,0,1,0,0,0,0,0,0,0,"- ","- ",38.123519999999999,-122.4937,SONOMA,UNINCORPORATED,-122.49368753,38.123499420000002
90519239,2017,2017-08-08,9360,2017-08-01,1610,015812,,2,2,4,4904,0,1,2,,2,050,"US-101 N/B","ROHNERT PARK EXPRESSWAY (O/C)",2640.00,N,N,A,-,Y,,,101,,,,,,N,Y,4,0,1,3,A,-,03,22350,,N,C,C,A,A,H,-,A,D,0,,,,,Y,,D,22,0,0,1,0,0,0,0,0,0,"- ","- ",38.35642,-122.71313000000001,SONOMA,"ROHNERT PARK",-122.71299343,38.356420909999997
90519261,2017,2017-08-08,9360,2017-08-01,1650,018196,,2,2,9,4900,0,2,4,,1,022,"OLD REDWOOD HWY","AIRPORT BLVD",50.00,S,N,A,-,N,,,,,,,,,,N,4,0,1,2,A,-,03,22350,,N,C,C,A,A,H,-,A,D,0,,,,,Y,,A,01,0,0,1,0,0,0,0,0,0,"- ","- ",38.511040000000001,-122.76335,SONOMA,UNINCORPORATED,-122.76352481000001,38.511124150000001
90520090,2017,2017-08-09,9360,2017-07-18,1916,020285,,2,2,6,4905,0,1,2,,2,030,"US-101 N/B","MENDOCINO AVE O/C",1929.00,N,N,A,-,Y,,,101,,,,,,N,Y,2,0,1,2,A,-,08,22107,,N,C,C,A,A,H,-,A,D,0,,,,,Y,,A,01,1,0,0,0,0,0,0,0,0,"- ","- ",38.480170000000001,-122.73352,SONOMA,"SANTA ROSA",-122.73371029,38.480013919999998
90521390,2017,2017-08-11,9360,2017-08-05,0215,020905,,6,3,9,4900,0,2,4,,1,024,"CALISTOGA ROAD","PLUM RANCH RD",450.00,N,N,A,-,N,,,,,,,,,,Y,4,0,1,1,A,-,08,22107,,N,E,I,A,A,H,-,D,D,0,,,,,Y,,A,01,0,0,1,0,0,0,0,0,0,"- ","- ",38.498390000000001,-122.65246,SONOMA,UNINCORPORATED,-122.65252371,38.498315089999998
90521787,2017,2017-08-11,9360,2017-08-05,1322,020266,,6,1,9,4900,0,3,5,,2,004,"SANTA ROSA AVE","TODD RD",1050.00,S,N,A,-,N,,,,,,,,,,Y,4,0,1,2,A,-,03,22350,,N,D,C,A,A,H,-,A,A,0,,,,,Y,,A,01,0,0,1,0,0,0,0,0,0,"- ","- ",38.38364,-122.71346,SONOMA,UNINCORPORATED,-122.71357088000001,38.384225899999997
90521954,2017,2017-08-11,9325,2017-08-04,1615,020563,,5,2,9,4900,0,2,4,,2,054,"ARNOLD DR","LEVERONI RD",940.00,N,N,A,-,N,,,,,,,,,,Y,4,0,1,1,A,-,08,22107,,N,E,I,A,A,H,-,A,D,0,,,,,Y,Y,A,01,0,0,1,0,0,0,0,0,0,"- ","- ",38.274850000000001,-122.49021,SONOMA,UNINCORPORATED,-122.49033,38.274727439999999
90527006,2017,2017-08-21,9360,2017-08-11,2300,020905,,5,3,6,4905,0,1,3,,1,051,"SR-12 W/B","FULTON ROAD",6.00,E,N,A,-,Y,,,12,,,,,,W,Y,4,0,4,2,A,-,01,23152,F,N,B,C,A,A,H,-,C,A,0,,,,,Y,,A,01,0,0,4,0,0,0,0,0,0,"- ","- ",38.427439999999997,-122.76936000000001,SONOMA,"SANTA ROSA",-122.76942774,38.42758637
90527032,2017,2017-08-21,9360,2017-08-12,2300,020779,,6,3,9,4900,0,2,4,,1,034,"FULTON RD","PARNELL RD",645.00,S,N,A,-,N,,,,,,,,,,Y,3,0,2,2,A,-,05,21460,A,N,D,C,A,A,H,-,D,D,0,,,,,Y,,D,22,0,1,1,0,0,0,0,0,0,"- ","- ",38.48762,-122.77011,SONOMA,UNINCORPORATED,-122.77011029000001,38.487458269999998
9052848,2019,2020-02-27,4905,2019-10-15,0743,SR422,10607,2,5,6,4905,0,0,0,,0,007,"SOUTH WRIGHT RD","PRICE AV",0.00,,Y,B,-,N,,,,,,,,,,Y,2,0,2,2,A,-,09,21802,A,N,D,C,A,A,H,-,A,A,0,,,,,Y,,A,01,1,0,1,0,0,0,0,0,0,"- ","- ",,,SONOMA,"SANTA ROSA",-122.76891326904297,38.419559478759766
90528881,2017,2017-08-23,9360,2017-08-15,1230,019129,,2,1,9,4900,0,3,5,,2,004,"LAWNDALE RD","THOMPSON RD",1056.00,N,N,A,-,N,,,,,,,,,,N,3,0,1,1,B,-,22,,,N,F,A,A,A,A,B,A,D,0,,Y,,,Y,,L,04,0,1,0,0,0,0,1,0,0,"- ","- ",38.414239999999999,-122.57517,SONOMA,UNINCORPORATED,-122.57309709,38.412171039999997
90529507,2017,2017-08-23,9360,2017-08-21,1720,015434,,1,2,9,4900,0,1,2,,2,030,"US 101 N/B","MENDOCINO AVE",200.00,N,N,A,-,Y,,,,,,,,,,Y,4,0,1,4,A,-,03,22350,,N,C,C,A,A,H,-,A,D,0,,,,,Y,,A,01,0,0,1,0,0,0,0,0,0,"- ","- ",38.475360000000002,-122.73125,SONOMA,UNINCORPORATED,,
90529523,2017,2017-08-23,9360,2017-08-21,1845,015434,,1,2,9,4900,0,2,4,,1,046,"WARM SPRINGS RD","BENNETT VALLEY RD",2640.00,S,N,A,-,N,,,,,,,,,,Y,4,0,1,2,A,-,05,21460,A,M,F,A,A,A,H,-,A,D,0,,,,,Y,,-,99,0,0,1,0,0,0,0,0,0,"- ","- ",38.373579999999997,-122.54724,SONOMA,UNINCORPORATED,-122.54940083,38.374697220000002
90529534,2017,2017-08-23,9325,2017-08-15,1356,016609,,2,1,9,4900,0,1,3,,1,072,SR-121,"NAPA RD",3168.00,S,N,A,-,Y,,,121,,,,,,,Y,4,0,4,1,A,-,08,22107,,N,E,I,A,A,H,-,A,D,0,,,,,Y,,M,47,0,0,4,0,0,0,0,0,0,"- ","- ",38.252740000000003,-122.40277,SONOMA,UNINCORPORATED,-122.40277057,38.252732590000001
90529715,2017,2017-08-23,9325,2017-08-17,1640,021334,,4,2,9,4900,0,2,4,,1,055,"NAPA RD","8TH ST  E",450.00,W,N,A,-,N,,,,,,,,,,N,4,0,1,4,A,-,03,22350,,N,C,C,A,A,H,-,A,A,0,,,,,Y,,A,07,0,0,1,0,0,0,0,0,0,"- ","- ",38.272820000000003,-122.44001,SONOMA,UNINCORPORATED,-122.44002562,38.272835090000001
90530609,2017,2017-08-24,9360,2017-08-20,1643,020266,,7,2,5,4908,0,1,2,,1,060,"US-101 SB","KASTANIA RD",850.00,N,N,A,-,Y,,,101,,,,,,S,Y,4,0,2,2,A,-,03,22350,,N,C,C,A,A,H,-,A,D,0,,,,,Y,,A,07,0,0,2,0,0,0,0,0,0,"- ","- ",38.227310000000003,-122.61493,SONOMA,PETALUMA,-122.6149475,38.227300810000003
90534361,2017,2017-08-25,9360,2017-08-20,1945,020038,,7,2,9,4900,0,3,5,,2,003,"EASTSIDE RD","FONTANA RD",528.00,S,N,A,-,N,,,,,,,,,,Y,3,0,1,1,A,-,01,23152,A,N,E,I,A,A,H,-,B,D,0,,,,,Y,Y,D,22,0,1,0,0,0,0,0,0,0,"- ","- ",38.553809999999999,-122.84706,SONOMA,UNINCORPORATED,-122.846949,38.553216999999997
90535855,2017,2017-08-29,9360,2017-08-23,0225,014883,,3,3,6,4905,0,1,3,,1,051,"SR-12 W/B TO STONY POINT RD","STONY POINT RD",252.00,E,N,B,-,Y,,,12,,,,R,,W,Y,4,0,1,1,A,-,08,22107,,N,E,I,A,A,H,-,D,D,0,,,,,Y,,A,01,0,0,1,0,0,0,0,0,0,"- ","- ",38.431570000000001,-122.74033,SONOMA,"SANTA ROSA",-122.74033,38.431570000000001
90536411,2017,2017-08-29,9360,2017-08-21,0750,015812,,1,1,9,4900,0,3,5,,2,002,"PLEASANT AVENUE","CHALK HILL ROAD",1056.00,W,N,B,-,N,,,,,,,,,,Y,3,0,1,1,A,-,08,22107,,N,E,I,A,A,D,-,A,D,0,,,,,Y,,A,01,0,1,0,0,0,0,0,0,0,"- ","- ",38.54034,-122.77932,SONOMA,UNINCORPORATED,-122.77817305000001,38.540323170000001
90536465,2017,2017-08-29,9360,2017-08-27,0545,019824,,7,3,9,4900,0,1,3,,1,021,SR-128,"MASON RANCH RD",2640.00,W,N,A,-,N,,,128,,,,,,,Y,2,0,1,1,A,-,08,22107,,N,E,I,A,A,H,-,B,D,0,,,,,Y,,A,01,1,0,0,0,0,0,0,0,0,"- ","- ",38.648240000000001,-122.74092,SONOMA,UNINCORPORATED,-122.74093468,38.648259299999999
90538123,2017,2017-08-31,9360,2017-08-23,0820,015812,,3,1,9,4900,0,2,4,,1,024,"MARK WEST SPRINGS ROAD E/B","OLD REDWOOD HIGHWAY",20.00,W,N,B,-,N,,,,,,,,,,N,4,0,1,2,A,-,21,22106,,N,C,C,A,A,H,-,A,A,0,,,,,Y,,A,07,0,0,1,0,0,0,0,0,0,"- ","- ",38.496989999999997,-122.74834,SONOMA,UNINCORPORATED,-122.74814283000001,38.497095909999999
90540431,2017,2017-09-05,9360,2017-08-29,0840,019129,,2,1,2,4902,0,1,2,,2,050,"US-101 S/B","GRAVENSTEIN HWY",1584.00,N,N,A,-,Y,,,101,,,,,,S,Y,4,0,1,4,A,-,03,22350,,N,C,C,A,A,H,-,A,D,0,,,,Y,Y,,A,01,0,0,1,0,0,0,0,0,0,"- ","- ",38.337209999999999,-122.71299,SONOMA,COTATI,-122.71290655999999,38.337211259999997
90541190,2017,2017-09-05,9350,2017-08-26,1530,021075,,6,2,9,4900,0,1,3,,2,237,"SR-37 WESTBOUND","NOBLE ROAD",4200.00,E,N,A,-,Y,,,37,,,,,,W,Y,4,0,2,3,A,-,03,22350,,N,C,C,A,A,H,-,A,D,0,,,,,Y,,D,22,0,0,2,0,0,0,0,0,0,"- ","- ",38.155740000000002,-122.40752999999999,SONOMA,UNINCORPORATED,-122.40753153999999,38.1557131
90541324,2017,2017-09-06,9360,2017-08-26,1317,020266,,6,1,9,4900,0,3,5,,2,001,"EASTSIDE ROAD","WOHLER ROAD",22.00,E,N,A,-,N,,,,,,,,,,N,2,0,1,1,A,-,03,22350,,N,E,I,A,A,H,-,A,A,0,,Y,,,Y,,L,04,1,0,0,0,0,0,1,0,0,"- ","- ",38.496839999999999,-122.87761999999999,SONOMA,UNINCORPORATED,-122.87771461,38.496908099999999
90541618,2017,2017-09-06,9360,2017-08-31,1610,018196,,4,2,6,4905,0,1,3,,1,051,"SR-12 W/B","FULTON RD",528.00,E,N,A,-,Y,,,12,,,,,,W,Y,4,0,1,4,A,-,03,22350,,N,C,C,A,A,H,-,A,A,0,,,,,Y,,A,01,0,0,1,0,0,0,0,0,0,"- ","- ",38.428280000000001,-122.76694999999999,SONOMA,"SANTA ROSA",-122.76695377999999,38.428307580000002
90541700,2017,2017-09-06,9360,2017-09-01,1240,021567,,5,1,9,4900,0,2,4,,1,034,"GUERNEVILLE RD","ABRAMSON RD",638.00,E,N,A,-,N,,,,,,,,,,Y,2,0,1,1,A,-,08,22107,,N,E,I,A,A,H,-,A,A,0,,,,,Y,,A,01,1,0,0,0,0,0,0,0,0,"- ","- ",38.45261,-122.78155,SONOMA,UNINCORPORATED,-122.78135134,38.45256002
90542942,2017,2017-09-07,9360,2017-09-05,1645,016045,,2,2,9,4900,0,1,3,,1,053,SR-116,"LLANO RD",0.00,,Y,A,-,Y,,,116,,,,,,,Y,3,0,2,2,A,-,09,21801,A,N,D,C,A,A,H,-,A,D,0,,,,,Y,,A,01,0,1,1,0,0,0,0,0,0,"- ","- ",38.358020000000003,-122.76966,SONOMA,UNINCORPORATED,-122.76967632,38.357998639999998
90544377,2017,2017-09-11,9360,2017-09-02,2152,020225,,6,2,3,4980,0,1,2,,2,030,"US-101 S/B","SHILOH RD",2006.00,S,N,A,-,Y,,,101,,,,,,S,Y,3,0,3,1,A,-,01,23152,A,N,F,A,A,A,H,-,C,D,0,,,,,Y,Y,D,22,0,2,1,0,0,0,0,0,0,"- ","- ",38.521259999999998,-122.78617,SONOMA,WINDSOR,-122.78609628,38.521327839999998
90544520,2017,2017-09-11,9360,2017-09-03,1545,019359,,7,2,9,4900,0,3,5,,2,003,"SLUSSER RD","RIVER ROAD",5280.00,N,N,A,-,N,,,,,,,,,,Y,3,0,2,1,A,-,08,22107,,N,E,I,A,A,H,-,A,D,0,,,,,Y,,A,01,0,1,1,0,0,0,0,0,0,"- ","- ",38.494489999999999,-122.8259,SONOMA,UNINCORPORATED,-122.8267843,38.497215689999997
90546181,2017,2017-09-12,9360,2017-09-03,1340,020234,,7,1,6,4905,0,1,2,,2,040,"US-101 S/B",SR-12,600.00,N,N,A,-,Y,,,101,,,,,,S,Y,3,0,1,1,A,-,01,23152,A,N,E,I,A,A,H,-,A,D,0,,,,,Y,Y,D,22,0,1,0,0,0,0,0,0,0,"- ","- ",38.432989999999997,-122.71613000000001,SONOMA,"SANTA ROSA",-122.71622499,38.432953349999998
90546277,2017,2017-09-12,9360,2017-09-07,1550,020326,,4,2,6,4905,0,1,2,,2,040,"US-101 N/B","COLLEGE AVENUE",132.00,N,N,B,-,Y,,,101,,,,,,N,Y,4,0,1,2,A,-,03,22350,,N,C,C,A,A,H,-,A,D,0,,,,,Y,,A,01,0,0,1,0,0,0,0,0,0,"- ","- ",38.446300000000001,-122.72418999999999,SONOMA,"SANTA ROSA",-122.72417033000001,38.446313869999997
90547457,2017,2017-09-14,9360,2017-09-09,0300,021354,,6,3,9,4900,0,1,3,,1,061,SR-1,"WINDY LN",600.00,N,N,B,-,Y,,,1,,,,,,,Y,4,0,1,1,A,-,03,22350,,N,E,I,A,A,H,-,D,D,0,,,,,Y,,A,01,0,0,1,0,0,0,0,0,0,"- ","- ",38.335610000000003,-123.04553,SONOMA,UNINCORPORATED,-123.04557429,38.335609460000001
90548164,2017,2017-09-14,9360,2017-09-12,2000,018196,,2,2,9,4900,0,2,4,,2,056,"STONY POINT ROAD","MEACHAM RD",50.00,N,N,B,-,N,,,,,,,,,,Y,4,0,1,3,A,-,01,23152,A,N,C,C,A,A,H,-,C,A,0,,,,,Y,Y,D,22,0,0,1,0,0,0,0,0,0,"- ","- ",38.31109,-122.73508,SONOMA,UNINCORPORATED,-122.73482362999999,38.310894159999997
90551547,2017,2017-09-19,9360,2017-09-14,1615,015240,,4,2,9,4900,0,1,2,,2,050,"US 101, N/B","GOLF COURSE DR",528.00,N,N,A,-,Y,,,,,,,,,,Y,3,0,2,3,A,-,03,22350,,N,C,C,A,A,H,-,A,D,0,,,,,Y,,D,22,0,2,0,0,0,0,0,0,0,"- ","- ",38.3643,-122.71241999999999,SONOMA,UNINCORPORATED,-122.71242479999999,38.364690410000001