CASE_ID,ACCIDENT_YEAR,PROC_DATE,JURIS,COLLISION_DATE,COLLISION_TIME,OFFICER_ID,REPORTING_DISTRICT,DAY_OF_WEEK,CHP_SHIFT,POPULATION,CNTY_CITY_LOC,SPECIAL_COND,BEAT_TYPE,CHP_BEAT_TYPE,CITY_DIVISION_LAPD,CHP_BEAT_CLASS,BEAT_NUMBER,PRIMARY_RD,SECONDARY_RD,DISTANCE,DIRECTION,INTERSECTION,WEATHER_1,WEATHER_2,STATE_HWY_IND,CALTRANS_COUNTY,CALTRANS_DISTRICT,STATE_ROUTE,ROUTE_SUFFIX,POSTMILE_PREFIX,POSTMILE,LOCATION_TYPE,RAMP_INTERSECTION,SIDE_OF_HWY,TOW_AWAY,COLLISION_SEVERITY,NUMBER_KILLED,NUMBER_INJURED,PARTY_COUNT,PRIMARY_COLL_FACTOR,PCF_CODE_OF_VIOL,PCF_VIOL_CATEGORY,PCF_VIOLATION,PCF_VIOL_SUBSECTION,HIT_AND_RUN,TYPE_OF_COLLISION,MVIW,PED_ACTION,ROAD_SURFACE,ROAD_COND_1,ROAD_COND_2,LIGHTING,CONTROL_DEVICE,CHP_ROAD_TYPE,PEDESTRIAN_ACCIDENT,BICYCLE_ACCIDENT,MOTORCYCLE_ACCIDENT,TRUCK_ACCIDENT,NOT_PRIVATE_PROPERTY,ALCOHOL_INVOLVED,STWD_VEHTYPE_AT_FAULT,CHP_VEHTYPE_AT_FAULT,COUNT_SEVERE_INJ,COUNT_VISIBLE_INJ,COUNT_COMPLAINT_PAIN,COUNT_PED_KILLED,COUNT_PED_INJURED,COUNT_BICYCLIST_KILLED,COUNT_BICYCLIST_INJURED,COUNT_MC_KILLED,COUNT_MC_INJURED,PRIMARY_RAMP,SECONDARY_RAMP,LATITUDE,LONGITUDE,COUNTY,CITY,POINT_X,POINT_Y
91710938,2022,2022-02-28,9360,2022-02-16,2230,022333,,3,3,9,4900,0,1,2,,2,020,"US-101 N/B","LIMERICK LANE",4752.00,S,N,A,-,Y,SON,,101,,,31.911,H,,R,Y,3,0,1,2,A,-,01,23152,A,F,C,C,A,A,H,-,D,D,0,,,,,Y,Y,A,07,0,1,0,0,0,0,0,0,0,"- ","- ",38.576560974121094,-122.83551025390625,SONOMA,UNINCORPORATED,-122.83563995361328,38.576503753662109
91711399,2022,2022-02-28,9360,2022-02-18,1731,022656,,5,2,9,4900,0,2,4,,1,047,"LAKEVILLE ROAD",SR-37,1795.00,N,N,A,-,Y,,,,,,,,,,Y,4,0,1,2,A,-,05,21460,A,N,B,C,A,A,H,-,A,D,0,,,,,Y,,A,08,0,0,1,0,0,0,0,0,0,"- ","- ",38.138519287109375,-122.47969818115234,SONOMA,UNINCORPORATED,-122.47960662841797,38.138412475585938
91711456,2022,2022-02-28,9360,2022-02-18,1940,020905,,5,2,5,4908,0,3,5,,2,005,"WESTERN AVENUE","BANTAM WAY",16.00,W,N,A,-,N,,,,,,,,,,N,4,0,1,1,A,-,08,22107,,N,E,I,A,A,H,-,D,D,0,,,,,Y,,D,22,0,0,1,0,0,0,0,0,0,"- ","- ",38.230869293212891,-122.65865325927734,SONOMA,PETALUMA,-122.65857696533203,38.230762481689453
91712410,2022,2022-03-01,9360,2022-02-18,2045,021893,,5,2,9,4900,0,1,3,,1,051,SR-12,"LLANO ROAD",150.00,W,N,A,-,Y,SON,,12,,,10.995,H,,R,N,4,0,1,2,A,-,03,22350,,F,C,C,A,A,H,-,C,A,0,,,,,Y,,A,01,0,0,1,0,0,0,0,0,0,"- ","- ",38.411369323730469,-122.79546356201172,SONOMA,UNINCORPORATED,-122.79544067382812,38.411350250244141
91712916,2021,2022-03-02,9360,2021-12-17,0035,020201,,5,3,9,4900,0,1,2,,2,020,"US-101 SOUTHBOUND","CHIQUITA ROAD",205.00,N,N,A,-,Y,,,101,,,,,,S,Y,1,1,0,1,A,-,01,23152,A,N,E,I,A,A,H,-,D,D,0,,,,,Y,Y,A,01,0,0,0,0,0,0,0,0,0,"- ","- ",38.636760711669922,-122.8775634765625,SONOMA,UNINCORPORATED,-122.87746429443359,38.636734008789062
9171664,2020,2021-01-12,4908,2020-10-24,0909,2754,3,6,5,5,4908,0,0,0,,0,002,"SUNNYSLOPE AV","I ST",4.00,N,N,E,-,N,,,,,,,,,,,3,0,1,2,A,-,10,21950,A,N,G,B,B,A,H,-,A,A,0,Y,,,,Y,,D,22,0,1,0,0,1,0,0,0,0,"- ","- ",38.223098754882812,-122.63401794433594,SONOMA,PETALUMA,-122.63400268554688,38.223129272460938
9171668,2020,2021-01-12,4908,2020-10-21,1432,1944,13,3,5,5,4908,0,0,0,,0,001,"EAST WASHINGTON ST","MARIA DR",600.00,W,N,A,-,N,,,,,,,,,,,3,0,1,2,A,-,09,21804,A,N,B,G,A,A,H,-,A,D,0,,Y,,,Y,,L,04,0,1,0,0,0,0,1,0,0,"- ","- ",38.252571105957031,-122.62261962890625,SONOMA,PETALUMA,-122.62400054931641,38.251289367675781
91717811,2022,2022-03-08,9360,2022-02-24,1543,019366,,4,2,5,4908,0,1,2,,1,060,"US-101 N/B","EAST WASHINGTON ST",400.00,S,N,A,-,Y,SON,,101,,,4.651,H,,R,N,3,0,1,2,A,-,03,22350,,N,C,C,A,A,H,-,A,A,0,,,Y,,Y,,C,02,0,1,0,0,0,0,0,0,1,"- ","- ",38.246040344238281,-122.6259765625,SONOMA,PETALUMA,-122.62598419189453,38.246040344238281
9171830,2020,2020-12-11,4908,2020-10-21,1444,3572,6,3,5,5,4908,0,0,0,,0,003,"EAST WASHINGTON ST","GREY ST",514.00,W,N,A,-,N,,,,,,,,,,N,4,0,1,2,A,-,03,22350,,N,C,C,A,A,H,-,A,A,0,,,,,Y,,A,01,0,0,1,0,0,0,0,0,0,"- ","- ",38.236461639404297,-122.63887786865234,SONOMA,PETALUMA,-122.64064025878906,38.235893249511719
91721011,2022,2022-03-11,9360,2022-02-28,1505,020828,,1,2,9,4900,0,2,4,,1,038,"OCCIDENTAL RD","MILL STATION RD",0.00,,Y,A,-,N,,,,,,,,,,Y,3,0,2,2,A,-,12,22450,A,N,D,C,A,A,H,-,A,A,0,,,,,Y,,A,01,0,2,0,0,0,0,0,0,0,"- ","- ",38.420040130615234,-122.87471008300781,SONOMA,UNINCORPORATED,-122.87473297119141,38.420047760009766
9172276,2020,2020-12-07,4905,2020-08-14,1930,1060422,,5,5,6,4905,0,0,0,,0,,"RT 12","FULTON RD",0.00,,Y,A,-,Y,SON,4,12,-,R,12.940,I,5,W,Y,3,0,4,3,A,-,09,21800,D,N,D,C,A,A,H,-,A,B,0,,,,,Y,,A,01,0,1,3,0,0,0,0,0,0,"- ","- ",,,SONOMA,"SANTA ROSA",-122.76921844482422,38.427680969238281
91722965,2022,2022-03-15,9360,2022-03-02,0220,022370,,3,3,9,4900,0,1,2,,2,020,"US-101 N/B","MILL ST",2640.00,S,N,E,-,Y,SON,,101,,,34.395,H,,R,Y,3,0,1,1,A,-,08,22107,,N,E,I,A,A,H,-,C,D,0,,,,,Y,,A,01,0,1,0,0,0,0,0,0,0,"- ","- ",38.602649688720703,-122.86602020263672,SONOMA,UNINCORPORATED,-122.86613464355469,38.602546691894531
91724353,2022,2022-03-16,9360,2022-03-06,0616,017693,,7,1,9,4900,0,1,2,,2,050,"US-101 N/B","PETALUMA BLVD NORTH",1848.00,N,N,A,-,Y,SON,,101,,,8.034,H,,R,N,3,0,1,1,A,-,01,23152,G,M,E,I,A,A,H,-,A,D,0,,,,,Y,Y,A,01,0,1,0,0,0,0,0,0,0,"- ","- ",38.276088714599609,-122.67494201660156,SONOMA,UNINCORPORATED,-122.67499542236328,38.276046752929688
91724432,2022,2022-03-16,9360,2022-03-07,1845,020731,,1,2,6,4905,0,1,2,,2,040,"US-101 N/B TO STEELE LN","STEELE LANE",400.00,S,N,A,-,Y,SON,,101,,,21.596,H,,R,N,4,0,1,2,A,-,03,22350,,N,C,C,A,A,H,-,D,D,0,,,,,Y,,A,01,0,0,1,0,0,0,0,0,0,"- ","- ",38.457691192626953,-122.72582244873047,SONOMA,"SANTA ROSA",-122.72599792480469,38.457683563232422
91724434,2022,2022-03-16,9360,2022-03-06,1240,020386,,7,1,9,4900,0,1,3,,1,051,SR-12,"DUER RD",1584.00,W,N,A,-,Y,SON,,12,,,10.638,H,,R,Y,4,0,6,3,A,-,03,22350,,N,C,C,A,A,H,-,A,D,0,,,,,Y,,A,01,0,0,6,0,0,0,0,0,0,"- ","- ",38.409088134765625,-122.80010223388672,SONOMA,UNINCORPORATED,-122.80009460449219,38.409076690673828
91725134,2022,2022-03-17,9360,2022-03-09,0130,019092,,3,3,9,4900,0,2,4,,1,032,"RIVER ROAD","MIRABEL RD",25.00,E,N,A,-,N,,,,,,,,,,N,3,0,1,1,A,-,01,23152,F,N,E,I,A,A,H,-,C,D,0,,,,,Y,,A,01,0,1,0,0,0,0,0,0,0,"- ","- ",34.493221282958984,-122.89521026611328,SONOMA,UNINCORPORATED,-122.89524078369141,38.493377685546875
91725208,2022,2022-03-17,9360,2022-03-09,1630,020731,,3,2,4,4904,0,1,2,,2,050,"US-101 N/B","ROHNERT PARK EXPRESSWAY O/C",1000.00,S,N,A,-,Y,SON,,101,,,13.678,H,,R,N,4,0,1,3,A,-,03,22350,,N,C,C,A,A,H,-,A,D,0,,,,,Y,,D,22,0,0,1,0,0,0,0,0,0,"- ","- ",38.34552001953125,-122.71286773681641,SONOMA,"ROHNERT PARK",-122.71288299560547,38.34552001953125
91725269,2022,2022-03-17,9360,2022-03-10,1518,018828,,4,2,9,4900,0,2,4,,1,022,"OLD REDWOOD HWY","ST JAMES DRIVE",200.00,S,N,A,-,N,,,,,,,,,,N,4,0,1,2,A,-,09,21804,A,N,D,C,A,A,H,-,A,D,0,,,,,Y,,D,22,0,0,1,0,0,0,0,0,0,"- ","- ",38.501491546630859,-122.75203704833984,SONOMA,UNINCORPORATED,-122.75226593017578,38.501388549804688
9172766,2021,2021-01-25,4908,2021-01-09,1755,3550,15,6,5,5,4908,0,0,0,,0,001,"LAKEVILLE HWY","MCDOWELL BL",622.00,W,N,A,-,N,,,116,,,,,,,N,3,0,2,2,A,-,03,22350,,N,C,C,A,A,H,-,C,A,0,,,,,Y,,A,01,0,1,1,0,0,0,0,0,0,"- ","- ",38.23419189453125,-122.59998321533203,SONOMA,PETALUMA,-122.5999755859375,38.234176635742188
91729664,2022,2022-03-23,9360,2022-03-14,2330,020201,,1,3,9,4900,0,1,3,,1,061,SR-1,"YARDARM DRIVE",5280.00,S,N,B,C,Y,SON,,1,,,48.911,H,,R,Y,3,0,1,1,A,-,08,22107,,N,F,A,A,B,H,-,D,D,0,,,,,Y,,A,07,0,1,0,0,0,0,0,0,0,"- ","- ",38.662220001220703,-123.40518188476562,SONOMA,UNINCORPORATED,-123.40516662597656,38.662227630615234
91730614,2022,2022-03-24,9360,2022-03-16,1722,018828,,3,2,9,4900,0,3,5,,2,003,"EASTSIDE ROAD","OLD REDWOOD HWY",1742.00,S,N,A,-,N,,,,,,,,,,Y,3,0,1,1,A,-,08,22107,,N,E,I,A,A,H,-,A,D,0,,,,,Y,,A,07,0,1,0,0,0,0,0,0,0,"- ","- ",38.568878173828125,-122.84306335449219,SONOMA,UNINCORPORATED,-122.84315490722656,38.568901062011719
91730621,2022,2022-03-24,9360,2022-03-17,1505,018828,,4,2,9,4900,0,2,4,,1,022,"OLD REDWOOD HWY","PACIFIC HEIGHTS DRIVE",351.00,N,N,A,-,N,,,,,,,,,,N,3,0,1,2,A,-,09,21804,A,N,F,A,A,A,H,-,A,D,0,,,Y,,Y,,D,22,0,1,0,0,0,0,0,0,1,"- ","- ",38.500701904296875,-122.75039672851562,SONOMA,UNINCORPORATED,-122.75042724609375,38.50054931640625
9173501,2020,2020-11-04,4905,2020-07-01,0307,SR531,10609,3,5,6,4905,0,0,0,,0,009,"WEST COLLEGE AV","NORTH DUTTON AV",0.00,,Y,A,-,N,,,,,,,,,,Y,3,0,1,2,D,-,00,,,N,D,C,A,A,H,-,C,A,0,,,,,Y,,-,"- ",0,1,0,0,0,0,0,0,0,"- ","- ",,,SONOMA,"SANTA ROSA",-122.73045349121094,38.445808410644531
91736598,2022,2022-03-29,9360,2022-03-23,1448,018828,,3,2,9,4900,0,2,4,,1,024,"PETRIFIED FOREST ROAD","PORTER CREEK ROAD",5808.00,E,N,A,-,N,,,,,,,,,,Y,2,0,1,2,A,-,09,21804,A,N,D,C,A,A,H,-,A,D,0,,,Y,,Y,,A,01,1,0,0,0,0,0,0,0,1,"- ","- ",38.559261322021484,-122.63350677490234,SONOMA,UNINCORPORATED,-122.63365936279297,38.559192657470703
91737909,2022,2022-03-31,9360,2022-03-24,0150,020201,,4,3,9,4900,0,1,2,,2,030,"US-101 NB TO MARK WEST SPRINGS ROAD","MARK WEST SPRINGS RD",350.00,S,N,A,-,Y,,,,,,,,,,Y,2,0,1,1,A,-,01,23152,A,N,F,A,A,A,H,-,D,D,0,,,Y,,Y,Y,C,02,1,0,0,0,0,0,0,0,1,"- ","- ",38.495189666748047,-122.75386810302734,SONOMA,UNINCORPORATED,-122.75386810302734,38.495189666748047
91742347,2021,2022-04-06,9360,2021-12-11,1750,021445,,6,2,9,4900,0,1,2,,1,060,"US-101 S/B","SONOMA/MARIN COUNTY LINE",4224.00,N,N,A,-,Y,,,101,,,,,,S,Y,1,1,2,3,A,-,03,22350,,N,C,C,A,A,H,-,B,D,0,,,,,Y,,D,22,1,0,1,0,0,0,0,0,0,"- ","- ",38.195388793945312,-122.59999084472656,SONOMA,UNINCORPORATED,-122.5997314453125,38.1953125
91748367,2022,2022-04-14,9360,2022-04-05,1645,019359,,2,2,9,4900,0,3,5,,2,001,"WESTSIDE RD","KINLEY RD",0.00,,Y,A,-,N,,,,,,,,,,Y,4,0,2,2,A,-,09,21800,A,N,D,C,A,A,H,-,A,A,0,,,,,Y,,A,07,0,0,2,0,0,0,0,0,0,"- ","- ",38.606830596923828,-122.87461090087891,SONOMA,UNINCORPORATED,-122.87461853027344,38.606830596923828
91749912,2022,2022-04-18,9360,2022-04-06,2025,019359,,3,2,9,4900,0,3,5,,2,003,"EASTSIDE ROAD","WINDSOR RIVER ROAD",1100.00,N,N,A,-,N,,,,,,,,,,Y,3,0,1,1,A,-,08,22107,,N,E,I,A,A,H,-,D,D,0,,,,,Y,,A,01,0,1,0,0,0,0,0,0,0,"- ","- ",38.550479888916016,-122.84658813476562,SONOMA,UNINCORPORATED,-122.84648132324219,38.550537109375
91752404,2022,2022-04-20,9360,2022-04-07,0945,019366,,4,1,9,4900,0,2,4,,1,034,"FULTON ROAD","FRANCISCO AVENUE",238.00,S,N,A,-,N,,,,,,,,,,Y,4,0,1,1,A,-,08,22107,,N,E,I,A,A,H,-,A,A,0,,,,,Y,,A,07,0,0,1,0,0,0,0,0,0,"- ","- ",38.482509613037109,-122.76979827880859,SONOMA,UNINCORPORATED,-122.76983642578125,38.482177734375
91752823,2022,2022-04-20,9360,2022-04-08,0330,019092,,5,3,9,4900,0,1,2,,2,050,"US-101 SOUTHBOUND","SR-116 (GRAVENSTEIN HWY)",1056.00,S,N,A,-,Y,SON,,101,,,12.452,H,,L,N,4,0,1,2,A,-,01,23152,F,M,C,C,A,A,H,-,C,D,0,,,,,Y,,A,07,0,0,1,0,0,0,0,0,0,"- ","- ",38.327751159667969,-122.71299743652344,SONOMA,UNINCORPORATED,-122.71284484863281,38.327747344970703
91756422,2022,2022-04-26,9325,2022-04-14,1210,015674,,4,1,9,4900,0,2,4,,2,054,"ARNOLD DRIVE",SR116,90.00,N,N,B,C,N,,,,,,,,,,Y,4,0,1,4,A,-,03,22350,,N,B,C,A,B,H,-,A,D,0,,,,,Y,,D,22,0,0,1,0,0,0,0,0,0,"- ","- ",38.255298614501953,-122.48014831542969,SONOMA,UNINCORPORATED,-122.47848510742188,38.254375457763672
91756456,2022,2022-04-26,9360,2022-04-08,1740,021893,,5,2,6,4905,0,1,3,,1,051,"SR-12 E/B","DUTTON AVE",10.00,E,N,A,-,Y,SON,,12,,R,15.315,H,,R,Y,4,0,2,3,A,-,03,22350,,N,C,C,A,A,H,-,A,D,0,,,,,Y,,A,01,0,0,2,0,0,0,0,0,0,"- ","- ",38.432941436767578,-122.72614288330078,SONOMA,"SANTA ROSA",-122.72614288330078,38.432949066162109
91756987,2022,2022-04-26,9360,2022-04-14,1735,020828,,4,2,9,4900,0,2,4,,1,046,"BENNETT VALLEY RD","MITCHELL RD",2290.00,E,N,B,-,N,,,,,,,,,,Y,4,0,1,2,A,-,08,22107,,N,A,C,A,B,H,-,A,D,0,,,,,Y,,D,22,0,0,1,0,0,0,0,0,0,"- ","- ",38.412399291992188,-122.65091705322266,SONOMA,UNINCORPORATED,-122.65145111083984,38.412643432617188
91757112,2022,2022-04-26,9360,2022-04-15,0525,017693,,5,3,9,4900,0,1,2,,2,040,"US-101 S/B","TODD ROAD O/C",1100.00,N,N,B,-,Y,SON,,101,,,16.756,H,,L,N,3,0,1,1,A,-,08,22107,,N,E,I,A,A,H,-,D,D,0,,,,,Y,,A,01,0,1,0,0,0,0,0,0,0,"- ","- ",38.389419555664062,-122.71620941162109,SONOMA,UNINCORPORATED,-122.71628570556641,38.389419555664062
91757154,2022,2022-04-26,9360,2022-04-09,0105,021904,,6,3,4,4904,0,2,4,,1,042,"PETALUMA HILL ROAD","HUNTER LANE",1395.00,N,N,G,-,N,,,,,,,,,,N,4,0,1,1,A,-,08,22107,,N,E,J,A,A,H,-,D,D,0,,,,,Y,,A,01,0,0,1,0,0,0,0,0,0,"- ","- ",38.387809753417969,-122.689697265625,SONOMA,"ROHNERT PARK",-122.68963623046875,38.387779235839844
91761872,2022,2022-05-02,9360,2022-04-09,1725,021893,,6,2,9,4900,0,1,3,,1,037,SR-116,"ROSS STATION RD",0.00,,Y,A,-,Y,SON,,116,,,20.673,H,,R,N,3,0,1,2,A,-,08,22107,,N,D,C,A,A,H,-,A,A,0,,,Y,,Y,,C,02,0,1,0,0,0,0,0,0,1,"- ","- ",38.462688446044922,-122.87850189208984,SONOMA,UNINCORPORATED,-122.87854766845703,38.462657928466797
91761906,2022,2022-05-02,9360,2022-04-09,0432,021989,,6,3,9,4900,0,1,2,,2,020,"US-101 S/B","ARATA LN.",2000.00,N,N,A,-,Y,SON,,101,,,32.029,H,,L,Y,2,0,2,2,A,-,05,21651,C,N,A,C,A,A,H,-,D,D,0,,,,,Y,,A,01,1,1,0,0,0,0,0,0,0,"- ","- ",38.577980041503906,-122.83704376220703,SONOMA,UNINCORPORATED,-122.83701324462891,38.577991485595703
91763022,2022,2022-05-03,9360,2022-04-12,0840,016660,,2,1,9,4900,0,1,2,,2,040,"US 101 N/B","HEARN AVE O/C",2904.00,S,N,A,-,Y,SON,,101,,,17.932,H,,R,Y,4,0,1,2,A,-,03,22350,,N,C,C,A,A,H,-,A,D,0,,,,,Y,,A,01,0,0,1,0,0,0,0,0,0,"- ","- ",38.406490325927734,-122.71598815917969,SONOMA,UNINCORPORATED,-122.71595764160156,38.406490325927734
91764577,2022,2022-05-04,9360,2022-04-25,0815,015434,,1,1,9,4900,0,1,2,,2,050,"US 101 NB","TODD RD",100.00,S,N,A,-,Y,SON,,101,,,16.577,H,,R,N,4,0,1,3,A,-,03,22350,,N,C,C,A,A,H,-,A,D,0,,,,,Y,,D,22,0,0,1,0,0,0,0,0,0,"- ","- ",38.386821746826172,-122.71595764160156,SONOMA,UNINCORPORATED,-122.716064453125,38.386821746826172
91765431,2022,2022-05-05,9360,2022-04-29,1745,021567,,5,2,9,4900,0,3,5,,2,003,"OCCIDENTAL RD","IRWIN LN",15.00,E,N,A,-,N,,,,,,,,,,N,3,0,1,2,A,-,09,21802,A,N,C,C,A,A,H,-,A,A,0,,,Y,,Y,,A,01,0,1,0,0,0,0,0,0,1,"- ","- ",38.423320770263672,-122.78804779052734,SONOMA,UNINCORPORATED,-122.78801727294922,38.423332214355469
91767167,2022,2022-05-09,9360,2022-04-25,1345,021567,,1,1,5,4908,0,2,4,,1,054,"EASTMAN LN","BODEGA AVE",20.00,S,N,A,-,N,,,,,,,,,,Y,2,0,1,2,C,-,18,,,N,F,A,A,A,H,-,A,D,0,,,Y,,Y,,-,"- ",1,0,0,0,0,0,0,0,1,"- ","- ",38.235458374023438,-122.66982269287109,SONOMA,PETALUMA,-122.66947174072266,38.235439300537109
91769662,2022,2022-05-11,9360,2022-05-05,1359,020731,,4,1,9,4900,0,1,3,,1,013,SR-116,"RIVERSIDE DRIVE",900.00,W,N,B,-,Y,SON,,116,,,10.471,H,,R,N,3,0,1,3,A,-,03,22350,,N,C,C,A,A,H,-,A,D,0,,,,,Y,,A,01,0,1,0,0,0,0,0,0,0,"- ","- ",38.488010406494141,-123.01602935791016,SONOMA,UNINCORPORATED,-123.01598358154297,38.488018035888672
9177119,2020,2020-11-16,4905,2020-09-13,1639,1060535,,7,5,6,4905,0,0,0,,0,10606,"YULUPA AV","HOEN AV",10.00,N,N,A,-,N,,,,,,,,,,Y,3,0,1,3,A,-,01,23152,A,N,C,C,A,A,H,-,A,A,0,,,,,Y,Y,-,,0,1,0,0,0,0,0,0,0,"- ","- ",37.439548492431641,-122.67157745361328,SONOMA,"SANTA ROSA",-122.67163848876953,38.439563751220703
91773058,2022,2022-05-16,9360,2022-05-12,2140,021904,,4,2,9,4900,0,3,5,,2,004,"LUDWIG AVE","SOUTH WRIGHT RD",2058.00,W,N,A,-,N,,,,,,,,,,N,3,0,1,2,A,-,03,22350,,N,D,C,A,A,H,-,D,D,0,,,,,Y,,A,07,0,1,0,0,0,0,0,0,0,"- ","- ",38.402740478515625,-122.77606964111328,SONOMA,UNINCORPORATED,-122.77578735351562,38.403038024902344
91774049,2022,2022-05-17,9360,2022-05-13,1028,020092,,5,1,9,4900,0,2,4,,1,054,"BODEGA AVE","LOHRMAN LN",0.00,,Y,A,-,N,,,,,,,,,,N,4,0,1,2,A,-,09,21802,A,N,D,C,A,A,H,-,A,D,0,,,,,Y,,A,08,0,0,1,0,0,0,0,0,0,"- ","- ",38.236061096191406,-122.67034912109375,SONOMA,UNINCORPORATED,-122.67034912109375,38.236049652099609
91779315,2022,2022-05-24,9360,2022-05-17,1440,018881,,2,2,9,4900,0,1,3,,1,061,SR-1,"FORT ROSS ROAD",5280.00,S,N,A,-,Y,SON,,1,,,32.153,H,,R,Y,4,0,2,1,A,-,08,22107,,N,E,I,A,A,H,-,A,D,0,,,,,Y,,A,01,0,0,2,0,0,0,0,0,0,"- ","- ",38.514858245849609,-123.23811340332031,SONOMA,UNINCORPORATED,-123.23811340332031,38.514839172363281
9177954,2020,2020-12-03,4907,2020-10-22,0733,1102430,,4,5,2,4907,0,0,0,,0,,BROADWAY,"ANDRIEUX ST",0.00,,Y,A,-,Y,SON,4,12,-,-,37.810,I,5,E,Y,3,0,1,2,A,-,09,21801,A,N,D,C,A,A,H,-,A,A,0,,,,,Y,,A,01,0,1,0,0,0,0,0,0,0,"- ","- ",,,SONOMA,SONOMA,-122.45839691162109,38.288505554199219
91781342,2022,2022-05-26,9360,2022-05-12,1214,013838,,4,1,9,4900,0,1,3,,1,041,SR-12,"PYTHIAN ROAD",1056.00,E,N,A,-,Y,SON,,12,,,24.802,H,,R,Y,4,0,1,1,A,-,08,22107,,N,E,I,A,A,H,-,A,D,0,,,,,Y,,A,07,0,0,1,0,0,0,0,0,0,"- ","- ",38.434181213378906,-122.57501220703125,SONOMA,UNINCORPORATED,-122.57505035400391,38.434123992919922
91784165,2022,2022-05-30,9360,2022-05-18,1705,021326,,3,2,6,4905,0,1,2,,2,040,"US-101 SOUTHBOUND","STEELE LN",2200.00,S,N,A,-,Y,SON,,101,,,21.336,H,,L,N,4,0,1,2,A,-,03,22350,,N,C,C,A,A,H,-,A,D,0,,,,,Y,,D,22,0,0,1,0,0,0,0,0,0,"- ","- ",38.453868865966797,-122.72618103027344,SONOMA,"SANTA ROSA",-122.72616577148438,38.453868865966797
91785043,2022,2022-05-31,9360,2022-05-21,1520,021567,,6,2,9,4900,0,2,4,,1,038,"BOHEMIAN HWY","MARKET ST",2112.00,N,N,A,-,N,,,,,,,,,,Y,2,0,1,2,A,-,05,21460,A,N,B,C,A,A,H,-,A,A,0,,,Y,,Y,,C,02,1,0,0,0,0,0,0,0,1,"- ","- ",38.430351257324219,-122.96225738525391,SONOMA,UNINCORPORATED,-122.96207427978516,38.430095672607422
91788136,2022,2022-06-03,9360,2022-05-08,0955,019083,,7,1,9,4900,0,1,3,,1,053,SR-116,"FREDRICKS RD",0.00,,Y,A,-,Y,SON,,116,,,29.513,H,,R,Y,4,0,1,2,A,-,03,22350,,N,C,C,A,A,H,-,A,D,0,,,,,Y,,A,01,0,0,1,0,0,0,0,0,0,"- ","- ",38.374298095703125,-122.79132080078125,SONOMA,UNINCORPORATED,-122.79130554199219,38.374313354492188
91789664,2022,2022-06-07,9360,2022-05-27,1540,021326,,5,2,9,4900,0,2,4,,1,034,"FULTON ROAD","B ST",30.00,S,N,A,-,N,,,,,,,,,,Y,4,0,2,3,A,-,03,22350,,N,C,C,A,A,H,-,A,D,0,,,,,Y,,D,22,0,0,2,0,0,0,0,0,0,"- ","- ",38.495479583740234,-122.77007293701172,SONOMA,UNINCORPORATED,-122.77008819580078,38.495555877685547
91790259,2022,2022-06-07,9360,2022-05-26,0602,016660,,4,1,9,4900,0,2,4,,1,047,"LAKEVILLE RD","OLD LAKEVILLE RD NO 3",2112.00,S,N,B,-,N,,,,,,,,,,Y,3,0,2,1,A,-,08,22107,,N,E,I,A,A,H,-,B,D,0,,,,,Y,,D,22,0,2,0,0,0,0,0,0,0,"- ","- ",38.154918670654297,-122.49503326416016,SONOMA,UNINCORPORATED,-122.51736450195312,38.169700622558594
91794289,2022,2022-06-13,9360,2022-06-05,1050,021195,,7,1,9,4900,0,1,3,,1,061,SR-1,"KRUSE RANCH ROAD",15312.00,S,N,B,-,Y,SON,,1,,,39.647,H,,R,Y,2,0,1,1,A,-,03,22350,,N,F,0,A,B,H,-,A,D,0,,,Y,,Y,,C,02,1,0,0,0,0,0,0,0,1,"- ","- ",38.568050384521484,-123.31925964355469,SONOMA,UNINCORPORATED,-123.31925201416016,38.568050384521484
91795658,2022,2022-06-15,9360,2022-06-08,1440,018828,,3,2,9,4900,0,3,5,,2,002,"PLEASANT AVE","EMMERSON STREET",2640.00,E,N,A,-,N,,,,,,,,,,N,4,0,1,2,D,-,00,,,N,B,C,A,A,H,-,A,D,0,,,,,Y,,-,"- ",0,0,1,0,0,0,0,0,0,"- ","- ",38.540340423583984,-122.77999114990234,SONOMA,UNINCORPORATED,-122.77933502197266,38.540332794189453
91796415,2022,2022-06-16,9325,2022-06-07,0648,015176,,2,1,9,4900,0,1,3,,1,053,SR-116,"ARNOLD DR",610.00,W,N,A,-,Y,,,,,,,,,,Y,2,0,2,3,C,-,18,,,N,C,2,A,A,H,-,A,A,0,,,,,Y,,-,"- ",1,1,0,0,0,0,0,0,0,"- ","- ",38.254310607910156,-122.48210906982422,SONOMA,UNINCORPORATED,-122.48220062255859,38.254585266113281