CASE_ID,ACCIDENT_YEAR,PROC_DATE,JURIS,COLLISION_DATE,COLLISION_TIME,OFFICER_ID,REPORTING_DISTRICT,DAY_OF_WEEK,CHP_SHIFT,POPULATION,CNTY_CITY_LOC,SPECIAL_COND,BEAT_TYPE,CHP_BEAT_TYPE,CITY_DIVISION_LAPD,CHP_BEAT_CLASS,BEAT_NUMBER,PRIMARY_RD,SECONDARY_RD,DISTANCE,DIRECTION,INTERSECTION,WEATHER_1,WEATHER_2,STATE_HWY_IND,CALTRANS_COUNTY,CALTRANS_DISTRICT,STATE_ROUTE,ROUTE_SUFFIX,POSTMILE_PREFIX,POSTMILE,LOCATION_TYPE,RAMP_INTERSECTION,SIDE_OF_HWY,TOW_AWAY,COLLISION_SEVERITY,NUMBER_KILLED,NUMBER_INJURED,PARTY_COUNT,PRIMARY_COLL_FACTOR,PCF_CODE_OF_VIOL,PCF_VIOL_CATEGORY,PCF_VIOLATION,PCF_VIOL_SUBSECTION,HIT_AND_RUN,TYPE_OF_COLLISION,MVIW,PED_ACTION,ROAD_SURFACE,ROAD_COND_1,ROAD_COND_2,LIGHTING,CONTROL_DEVICE,CHP_ROAD_TYPE,PEDESTRIAN_ACCIDENT,BICYCLE_ACCIDENT,MOTORCYCLE_ACCIDENT,TRUCK_ACCIDENT,NOT_PRIVATE_PROPERTY,ALCOHOL_INVOLVED,STWD_VEHTYPE_AT_FAULT,CHP_VEHTYPE_AT_FAULT,COUNT_SEVERE_INJ,COUNT_VISIBLE_INJ,COUNT_COMPLAINT_PAIN,COUNT_PED_KILLED,COUNT_PED_INJURED,COUNT_BICYCLIST_KILLED,COUNT_BICYCLIST_INJURED,COUNT_MC_KILLED,COUNT_MC_INJURED,PRIMARY_RAMP,SECONDARY_RAMP,LATITUDE,LONGITUDE,COUNTY,CITY,POINT_X,POINT_Y
91967638,2023,2023-01-13,9360,2023-01-10,1200,016660,,2,1,9,4900,0,1,2,,1,060,"US 101 N/B","SAN ANTONIO CREEK",214.00,N,N,B,-,Y,SON,,101," ",R,0.058,H,,R,N,4,0,1,1,A,-,03,22350,,N,E,8,A,B,H,-,A,D,0,,,,,Y,,A,01,0,0,1,0,0,0,0,0,0,"- ","- ",38.185420989990234,-122.60143280029297,SONOMA,UNINCORPORATED,-122.60150146484375,38.185409545898438
91972187,2023,2023-01-19,9325,2023-01-06,"350 ",023148,,5,3,9,4900,0,2,4,,1,055,"NAPA RD","DAVITTO ROAD",400.00,W,N,C,-,N,,,,,,,,,,Y,3,0,1,1,A,-,03,22350,,N,F,A,A,B,H,-,D,D,0,,,,Y,Y,,F,21,0,1,0,0,0,0,0,0,0,"- ","- ",38.264289855957031,-122.40686798095703,SONOMA,UNINCORPORATED,,
91974639,2023,2023-01-23,9360,2023-01-13,1625,017761,,5,2,6,4905,0,1,2,,2,040,"US101 NORTHBOUND",SR-12,1344.00,S,N,C,-,Y,SON,,101," "," ",19.370,H,,R,Y,3,0,1,1,A,-,04,21703,,N,F,A,A,B,H,-,A,D,0,,,Y,,Y,,C,02,0,1,0,0,0,0,0,0,1,"- ","- ",38.427230834960938,-122.71486663818359,SONOMA,"SANTA ROSA",-122.71494293212891,38.427230834960938
91983875,2023,2023-02-01,9360,2023-01-20,"100 ",022241,,5,3,9,4900,0,2,4,,1,044,"ADOBE ROAD","CORONA RD",1584.00,S,N,A,-,N,,,,,,,,,,Y,2,0,3,2,A,-,01,23152,A,N,A,C,A,A,H,-,D,D,0,,,,,Y,Y,A,01,1,2,0,0,0,0,0,0,0,"- ","- ",38.283340454101562,-122.63478088378906,SONOMA,UNINCORPORATED,-122.63495635986328,38.283432006835938
91984728,2023,2023-02-02,9360,2023-01-21,2235,022257,,6,3,9,4900,0,1,3,,1,013,"SR-116 GRAVENSTEIN HIGHWAY NORTH","MAYS CANYON ROAD",1300.00,E,N,B,-,Y,SON,,116," "," ",15.225,H,,R,Y,3,0,1,1,A,-,01,23152,A,N,E,I,A,B,H,-,D,D,0,,,,,Y,Y,D,22,0,1,0,0,0,0,0,0,0,"- ","- ",38.482440948486328,-122.96186065673828,SONOMA,UNINCORPORATED,-122.96183013916016,38.482460021972656
91985289,2023,2023-02-02,9360,2023-01-14,1330,017761,,6,1,9,4900,0,2,4,,1,042,"SNYDER LANE","PETALUMA HILL RD",0.00,,Y,B,-,N,,,,,,,,,,Y,3,0,1,4,A,-,01,23152,A,N,B,C,A,B,H,-,A,A,0,,,,,Y,Y,D,22,0,1,0,0,0,0,0,0,0,"- ","- ",38.381938934326172,-122.68576049804688,SONOMA,UNINCORPORATED,-122.68565368652344,38.382003784179688
91986313,2023,2023-02-03,9350,2023-01-28,1210,022108,,6,1,9,4900,0,1,3,,2,237,SR-37,"NOBLE RD",20.00,E,N,A,-,Y,SON,,37," "," ",5.424,H,,R,N,2,0,2,2,A,-,06,21755,,N,D,C,A,A,H,-,A,D,0,,,Y,,Y,,O,05,1,1,0,0,0,0,0,0,2,"- ","- ",38.154918670654297,-122.42204284667969,SONOMA,UNINCORPORATED,-122.42202758789062,38.154842376708984
91987817,2023,2023-02-06,9360,2023-01-26,2045,020731,,4,2,9,4900,0,2,4,,1,052,"STONY POINT ROAD","BUTLER AVE",1000.00,S,N,A,-,N,,,,,,,,,,N,3,0,1,2,A,-,06,21750,A,N,D,C,A,A,H,-,D,D,0,,,Y,,Y,,C,02,0,1,0,0,0,0,0,0,1,"- ","- ",38.396099090576172,-122.74152374267578,SONOMA,UNINCORPORATED,-122.74151611328125,38.396507263183594
91987909,2023,2023-02-06,9360,2023-01-25,2225,022241,,3,3,4,4904,0,1,2,,2,050,"US-101 N/B","GOLF COURSE DRIVE UNDERCROSSING",1122.00,S,N,A,-,Y,SON,,101," "," ",14.681,H,,R,Y,2,0,1,1,A,-,08,22107,,N,E,I,A,A,H,-,C,D,0,,,,,Y,,A,01,1,0,0,0,0,0,0,0,0,"- ","- ",38.359989166259766,-122.71286773681641,SONOMA,"ROHNERT PARK",-122.71304321289062,38.359992980957031
91989038,2023,2023-02-07,9325,2023-01-27,1930,021521,,5,2,9,4900,0,1,3,,1,052,SR-121,SR-116,0.00,,Y,A,-,Y,SON,,116," "," ",46.693,H,,R,Y,3,0,1,2,A,-,01,23152,A,N,D,C,A,A,H,-,C,A,0,,,,Y,Y,Y,A,01,0,1,0,0,0,0,0,0,0,"- ","- ",38.236221313476562,-122.46140289306641,SONOMA,UNINCORPORATED,-122.46150970458984,38.236183166503906
91992080,2023,2023-02-10,9360,2023-02-01,"829 ",018497,,3,1,9,4900,0,1,3,,1,053,SR-116,"HESSEL ROAD",0.00,,Y,A,-,Y,SON,,116," "," ",30.558,H,,R,Y,4,0,2,2,A,-,09,21802,A,N,D,C,A,A,H,-,A,A,0,,,,,Y,,D,22,0,0,2,0,0,0,0,0,0,"- ","- ",38.362281799316406,-122.77815246582031,SONOMA,UNINCORPORATED,-122.77814483642578,38.362281799316406
91993985,2023,2023-02-14,9360,2023-02-05,1005,020386,,7,1,6,4905,0,1,3,,1,051,"SR-12 E/B TO DUTTON AVE","DUTTON AVE",50.00,W,N,B,C,Y,,,,,,,,,,N,4,0,1,4,A,-,03,22350,,M,C,C,A,B,H,-,A,A,0,,,,,Y,,-,99,0,0,1,0,0,0,0,0,0,"- ","- ",38.432598114013672,-122.72654724121094,SONOMA,"SANTA ROSA",-122.72654724121094,38.432598114013672
91994264,2023,2023-02-14,9360,2023-02-06,1540,018790,,1,2,9,4900,0,2,4,,1,012,"CANYON ROAD","WALLING ROAD",0.00,,Y,A,-,N,,,,,,,,,,Y,4,0,1,2,A,-,03,22350,,N,C,C,A,A,H,-,A,D,0,,,,,Y,,E,22,0,0,1,0,0,0,0,0,0,"- ","- ",38.704200744628906,-122.93746185302734,SONOMA,UNINCORPORATED,-122.93724822998047,38.704219818115234
91996356,2023,2023-02-22,9360,2023-02-08,1230,016660,,3,1,9,4900,0,2,4,,1,042,"PETALUMA HILL RD","OLD PETALUMA HILL RD",370.00,S,N,A,-,N,,,,,,,,,,N,4,0,1,2,A,-,03,22350,,N,C,C,A,A,H,-,A,D,0,,,,,Y,,D,22,0,0,1,0,0,0,0,0,0,"- ","- ",38.400039672851562,-122.6956787109375,SONOMA,UNINCORPORATED,-122.70383453369141,38.410346984863281
91998038,2023,2023-02-20,9325,2023-02-10,2120,022333,,5,2,9,4900,0,1,3,,1,072,SR-121,"RAMAL RD",1811.00,N,N,B,-,Y,SON,,121," "," ",9.893,H,,R,N,2,0,3,1,A,-,01,23152,A,N,E,9,A,B,H,-,D,D,0,,,,,Y,Y,D,22,1,2,0,0,0,0,0,0,0,"- ","- ",38.2510986328125,-122.40885162353516,SONOMA,UNINCORPORATED,-122.40863037109375,38.250953674316406
91998298,2023,2023-02-20,9360,2023-02-12,"546 ",020266,,7,3,9,4900,0,2,4,,1,024,"PORTER CREEK ROAD","SCHLICTMAN ROAD",995.00,E,N,A,-,N,,,,,,,,,,Y,4,0,1,1,A,-,01,23152,F,N,E,I,A,A,H,-,D,D,0,,,,,Y,,A,01,0,0,1,0,0,0,0,0,0,"- ","- ",38.556098937988281,-122.68441772460938,SONOMA,UNINCORPORATED,-122.68431854248047,38.556125640869141
91998667,2023,2023-02-21,9360,2023-02-14,1807,020828,,2,2,6,4905,0,1,2,,2,040,"US-101 S/B","3RD ST",220.00,N,N,A,-,Y,SON,,101," "," ",20.160,H,,L,Y,4,0,1,2,A,-,03,22350,,N,C,C,A,A,H,-,A,D,0,,,,,Y,,A,01,0,0,1,0,0,0,0,0,0,"- ","- ",38.438068389892578,-122.71871185302734,SONOMA,"SANTA ROSA",-122.71873474121094,38.438060760498047
91998923,2023,2023-02-21,9360,2023-02-16,1120,018497,,4,1,9,4900,0,2,4,,1,046,"BENNETT VALLEY ROAD","WALKER ROAD",10.00,E,N,A,-,N,,,,,,,,,,Y,4,0,1,1,A,-,08,22107,,N,E,8,A,A,H,-,A,D,0,,,,,Y,,D,22,0,0,1,0,0,0,0,0,0,"- ","- ",38.395801544189453,-122.60938262939453,SONOMA,UNINCORPORATED,,
91999947,2023,2023-02-22,9360,2023-02-17,2055,019359,,5,2,9,4900,0,3,5,,2,005,"TODD ROAD","LLANO RD",2904.00,W,N,A,-,N,,,,,,,,,,Y,3,0,1,1,A,-,01,23152,F,N,E,I,A,A,H,-,D,D,0,,,,,Y,,D,22,0,1,0,0,0,0,0,0,0,"- ","- ",38.385978698730469,-122.779541015625,SONOMA,UNINCORPORATED,-122.77943420410156,38.385910034179688
92000306,2023,2023-02-22,9360,2023-02-09,"630 ",016660,,4,1,9,4900,0,2,4,,1,046,"BENNETT VALLEY RD","GRANGE RD",2112.00,W,N,B,-,N,,,,,,,,,,N,4,0,1,2,A,-,06,21750,A,N,B,C,A,A,H,-,B,D,0,,,,,Y,,A,07,0,0,1,0,0,0,0,0,0,"- ","- ",38.403190612792969,-122.64109802246094,SONOMA,UNINCORPORATED,-122.64116668701172,38.403297424316406
92001010,2023,2023-02-23,9360,2023-02-15,1225,016524,,3,1,9,4900,0,2,4,,1,032,"RIVER RD.","TRENTON RD",100.00,W,N,A,-,N,,,,,,,,,,Y,2,0,1,1,A,-,08,22107,,N,E,I,A,A,H,-,A,D,0,,,,Y,Y,,F,24,1,0,0,0,0,0,0,0,0,"- ","- ",38.490470886230469,-122.87941741943359,SONOMA,UNINCORPORATED,-122.89955902099609,38.495906829833984
92002593,2023,2023-02-24,9325,2023-02-14,2150,023123,,2,2,9,4900,0,2,4,,1,055,"NAPA ROAD",DENMARK,314.00,W,N,A,-,N,,,,,,,,,,Y,3,0,1,1,A,-,01,23152,A,N,E,I,A,A,H,-,D,D,0,,,,,Y,Y,A,07,0,1,0,0,0,0,0,0,0,"- ","- ",38.271541595458984,-122.42439270019531,SONOMA,UNINCORPORATED,-122.42432403564453,38.271553039550781
92004237,2023,2023-02-27,9360,2023-02-17,1845,022471,,5,2,9,4900,0,2,4,,1,038,"OCCIDENTAL RD","MILL STATION RD",0.00,,Y,A,-,N,,,,,,,,,,Y,2,0,1,2,A,-,09,21804,A,N,D,C,A,A,H,-,D,A,0,,,Y,,Y,,A,01,1,0,0,0,0,0,0,0,1,"- ","- ",38.419998168945312,-122.87471008300781,SONOMA,UNINCORPORATED,-122.87473297119141,38.420047760009766
9200849,2020,2021-01-14,4905,2020-10-21,2312,1060482,,3,5,6,4905,0,0,0,,0,BEAT,"SOUTH WRIGHT RD","KIRBY LN",200.00,S,N,A,-,N,,,,,,,,,,Y,4,0,1,1,A,-,08,22107,,N,E,I,A,A,H,-,C,A,0,,,,,Y,,A,01,0,0,1,0,0,0,0,0,0,"- ","- ",38.422359466552734,-122.76891326904297,SONOMA,"SANTA ROSA",-122.76883697509766,38.411540985107422
92009316,2023,2023-03-03,9360,2023-02-21,1715,015434,,2,2,9,4900,0,2,4,,1,046,"GRANGE RD","GUENZA RD",2640.00,S,N,B,-,N,,,,,,,,,,N,4,0,4,2,A,-,09,21804,A,N,D,C,A,A,H,-,A,D,0,,,,,Y,,A,01,0,0,4,0,0,0,0,0,0,"- ","- ",38.374900817871094,-122.63877868652344,SONOMA,UNINCORPORATED,-122.63867950439453,38.372791290283203
92010059,2023,2023-03-06,9360,2023-02-12,2212,023017,,7,3,9,4900,0,1,2,,1,010,"US-101 SB","N REDWOOD HIGHWAY",1056.00,N,N,A,-,Y,SON,,101," ",R,54.382,H,,L,Y,4,0,1,1,A,-,08,22107,,N,E,I,A,A,H,-,D,D,0,,,,,Y,,A,01,0,0,1,0,0,0,0,0,0,"- ","- ",38.830520629882812,-123.01476287841797,SONOMA,UNINCORPORATED,-123.01467132568359,38.830543518066406
92010880,2023,2023-03-06,9360,2023-02-21,2320,021458,,2,3,9,4900,0,3,5,,2,004,"ROBERTS LAKE ROAD","SANTA ROSA AVENUE",360.00,S,N,A,-,N,,,,,,,,,,N,3,0,1,2,A,-,11,21950,B,N,G,B,E,A,H,-,D,D,0,Y,,,,Y,,N,60,0,1,0,0,1,0,0,0,0,"- ","- ",38.371360778808594,-122.71311187744141,SONOMA,UNINCORPORATED,-122.71327972412109,38.371574401855469
9201092,2020,2021-01-26,4905,2020-10-30,1112,1060474,,5,5,6,4905,0,0,0,,0,005,"STONY CIR","WEST 9TH ST",380.00,S,N,A,-,N,,,,,,,,,,Y,2,0,3,2,C,-,18,,,N,A,C,A,A,H,-,A,D,0,,,,,Y,,-,"- ",1,2,0,0,0,0,0,0,0,"- ","- ",38.44036865234375,-122.74462127685547,SONOMA,"SANTA ROSA",-122.743568,38.439726
92011222,2023,2023-03-07,9360,2023-02-22,"758 ",015187,,3,1,9,4900,0,1,2,,2,030,"US-101 N/B","RIVER RD.",5280.00,S,N,A,-,Y,SON,,101," "," ",23.898,H,,R,Y,3,0,1,3,A,-,03,22350,,N,C,C,A,A,H,-,A,D,0,,,,,Y,,D,22,0,1,0,0,0,0,0,0,0,"- ","- ",38.486930847167969,-122.74301147460938,SONOMA,UNINCORPORATED,-122.74302673339844,38.486915588378906
92011749,2023,2023-03-07,9360,2023-02-24,1545,018828,,5,2,9,4900,0,3,5,,2,002,"LYTTON STATION RD","HASSETT LN",1200.00,W,N,A,-,N,,,,,,,,,,Y,4,0,1,2,A,-,09,21801,A,N,A,C,A,A,H,-,A,D,0,,,,,Y,,D,22,0,0,1,0,0,0,0,0,0,"- ","- ",38.663101196289062,-122.86772918701172,SONOMA,UNINCORPORATED,-122.86737823486328,38.663112640380859
92013413,2023,2023-03-09,9360,2023-02-27,"845 ",020285,,1,1,5,4908,0,1,2,,1,060,"US-101 N/B","SR-116 (LAKEVILLE HWY)",20.00,N,N,C,-,Y,SON,,101," "," ",3.669,H,,R,Y,4,0,1,1,A,-,03,22350,,N,E,I,A,B,H,-,A,D,0,,,,,Y,,A,08,0,0,1,0,0,0,0,0,0,"- ","- ",38.233440399169922,-122.61792755126953,SONOMA,PETALUMA,-122.61804962158203,38.233406066894531
92013433,2023,2023-03-09,9360,2023-02-27,1040,020266,,1,1,9,4900,0,2,4,,1,038,"BODEGA HWY","WAGNON RD",245.00,W,N,C,-,N,,,,,,,,,,N,4,0,1,2,A,-,05,21460,A,M,E,I,A,B,H,-,A,D,0,,,,,Y,,-,99,0,0,1,0,0,0,0,0,0,"- ","- ",38.384201049804688,-122.89096069335938,SONOMA,UNINCORPORATED,-122.89105987548828,38.384120941162109
92015769,2023,2023-03-13,9360,2023-02-27,2155,023017,,1,2,6,4905,0,1,2,,2,040,"US-101 S/B","HEARN AVE",350.00,S,N,B,-,Y,SON,,101," "," ",18.426,H,,L,Y,4,0,1,2,A,-,01,23152,A,N,C,C,A,B,H,-,C,D,0,,,,,Y,Y,A,01,0,0,1,0,0,0,0,0,0,"- ","- ",38.413600921630859,-122.71610260009766,SONOMA,"SANTA ROSA",-122.71614837646484,38.413600921630859
92015791,2023,2023-03-13,9360,2023-02-09,1250,019794,,4,1,9,4900,0,3,5,,2,004,"WEST RAILROAD AVE","POPLAR AVE",35.00,W,N,A,-,N,,,,,,,,,,Y,3,0,1,2,A,-,05,21460,A,N,A,C,A,A,H,-,A,D,0,,,Y,,Y,,-,"- ",0,1,0,0,0,0,0,0,1,"- ","- ",38.307849884033203,-122.70413208007812,SONOMA,UNINCORPORATED,-122.70410919189453,38.307838439941406
9201748,2020,2021-02-24,4905,2020-12-02,0908,1060408,,3,5,6,4905,0,0,0,,0,007,"DUTTON AV","FREITAS CT",180.00,S,N,A,-,N,,,,,,,,,,Y,4,0,1,3,A,-,01,23152,A,M,C,C,A,A,H,-,A,D,0,,,,,Y,Y,A,01,0,0,1,0,0,0,0,0,0,"- ","- ",38.430591583251953,-122.72531127929688,SONOMA,"SANTA ROSA",-122.72492218017578,38.427177429199219
9201861,2020,2021-01-22,4905,2020-11-03,0841,1060474,,2,5,6,4905,0,0,0,,0,008,"SANTA ROSA AV","POWDERHORN AV",0.00,,Y,B,-,N,,,,,,,,,,N,4,0,1,2,A,-,05,21650,1,N,D,D,A,A,A,-,E,H,0,,Y,,,Y,,L,04,0,0,1,0,0,0,1,0,0,"- ","- ",38.402851104736328,-122.71346282958984,SONOMA,"SANTA ROSA",-122.71349334716797,38.402851104736328
9201918,2020,2021-01-21,4905,2020-11-20,2320,1060566,,5,5,6,4905,0,0,0,,0,001,"RANGE AV","KATY CT",300.00,S,N,A,-,N,,,,,,,,,,Y,3,0,1,1,A,-,01,23152,A,N,E,I,A,A,H,-,C,D,0,,,,,Y,Y,A,07,0,1,0,0,0,0,0,0,0,"- ","- ",38.464340209960938,-122.73336791992188,SONOMA,"SANTA ROSA",-122.73265838623047,38.464176177978516
92020894,2023,2023-03-17,9360,2023-03-08,1005,015187,,3,1,9,4900,0,2,4,,1,024,"PORTER CREEK RD","LOCH HAVEN DR",100.00,E,N,A,-,N,,,,,,,,,,N,4,0,3,3,A,-,03,22350,,N,C,C,A,A,H,-,A,D,0,,,,,Y,,D,22,0,0,3,0,0,0,0,0,0,"- ","- ",38.549541473388672,-122.71228790283203,SONOMA,UNINCORPORATED,-122.71275329589844,38.549674987792969
92021364,2023,2023-03-17,9325,2023-02-27,"825 ",022562,,1,1,9,4900,0,2,4,,2,054,"ARNOLD DR","SPERRING RD",300.00,S,N,B,C,N,,,,,,,,,,Y,4,0,1,3,A,-,08,22107,,N,B,C,A,B,H,-,A,D,0,,,,,Y,,-,"- ",0,0,1,0,0,0,0,0,0,"- ","- ",38.277248382568359,-122.49089813232422,SONOMA,UNINCORPORATED,-122.4908447265625,38.277275085449219
92023258,2023,2023-03-21,9360,2023-03-13,"710 ",020266,,1,1,9,4900,0,1,2,,1,060,"US-101 SB","SONOMA/MARIN COUNTY LINE",1900.00,N,N,B,-,Y,SON,,101," ",R,0.357,H,,L,Y,4,0,2,2,A,-,03,22350,,N,C,C,A,A,H,-,A,D,0,,,,,Y,,A,01,0,0,2,0,0,0,0,0,0,"- ","- ",38.189468383789062,-122.60170745849609,SONOMA,UNINCORPORATED,-122.60171508789062,38.189472198486328
9202422,2020,2021-02-19,4902,2020-12-05,1313,105342,,6,5,2,4902,0,0,0,,0,,"EAST COTATI AV","CHARLES ST",0.00,,Y,A,-,N,,,,,,,,,,Y,4,0,2,2,A,-,21,22106,,N,C,C,A,A,H,-,A,A,0,,,,,Y,,A,01,0,0,2,0,0,0,0,0,0,"- ","- ",,,SONOMA,COTATI,-122.70398712158203,38.326938629150391
92027964,2023,2023-03-24,9360,2023-03-11,"125 ",022362,,6,3,4,4904,0,1,2,,2,050,"US-101 SOUTHBOUND FROM GOLF COURSE DRIVE","GOLF COURSE DRIVE",19.00,S,N,A,-,Y,SON,,101," "," ",14.888,H,,L,Y,4,0,1,1,A,-,08,22107,,M,E,I,A,A,H,-,C,A,0,,,,,Y,,A,01,0,0,1,0,0,0,0,0,0,"- ","- ",38.363040924072266,-122.71321105957031,SONOMA,"ROHNERT PARK",-122.71292114257812,38.363014221191406
9203010,2020,2021-02-11,4908,2020-12-15,1534,2747,1,2,5,5,4908,0,0,0,,0,002,"PETALYMA BL N","WESTERN AV",40.00,N,N,A,-,N,,,,,,,,,,Y,4,0,1,2,A,-,03,22350,,M,C,C,A,A,H,-,A,D,0,,,,,Y,,A,07,0,0,1,0,0,0,0,0,0,"- ","- ",38.234088897705078,-122.64026641845703,SONOMA,PETALUMA,-122.64031982421875,38.234130859375
92030710,2023,2023-03-28,9360,2023-03-20,"955 ",020092,,1,1,9,4900,0,1,3,,1,053,SR-116,"STONY POINT RD",30.00,W,N,B,-,Y,SON,,116," "," ",33.591,H,,R,N,4,0,1,2,A,-,21,22106,,N,C,C,A,A,H,-,A,D,0,,,,,Y,,A,07,0,0,1,0,0,0,0,0,0,"- ","- ",38.334571838378906,-122.7386474609375,SONOMA,UNINCORPORATED,-122.7386474609375,38.3345947265625
92032001,2023,2023-03-29,9360,2023-03-25,2240,022370,,6,3,3,4903,0,1,2,,2,020,"US-101 N/B","DRY CREEK RD",3205.00,N,N,A,-,Y,SON,,101," "," ",36.901,H,,R,Y,3,0,3,1,A,-,08,22107,,N,E,I,A,A,H,-,C,D,0,,,,,Y,,A,07,0,1,2,0,0,0,0,0,0,"- ","- ",38.635101318359375,-122.87750244140625,SONOMA,HEALDSBURG,-122.87754821777344,38.635101318359375
92032008,2023,2023-03-29,9360,2023-03-28,1010,015434,,2,1,9,4900,0,3,5,,2,005,"STANDISH AVE","W. ROBLES AVE.",528.00,N,N,B,C,N,,,,,,,,,,N,4,0,1,1,A,-,03,22350,,N,E,I,A,B,H,-,A,D,0,,,,,Y,,-,"- ",0,0,1,0,0,0,0,0,0,"- ","- ",38.391910552978516,-122.72313690185547,SONOMA,UNINCORPORATED,-122.72312164306641,38.394428253173828
92036242,2023,2023-04-04,9325,2023-03-10,2225,023241,,5,3,9,4900,0,3,5,,2,005,"OLD WINERY RD","LOVALL VALLEY RD",1056.00,N,N,A,-,N,,,,,,,,,,Y,3,0,1,1,A,-,01,23152,A,N,E,I,A,A,H,-,D,D,0,,,,,Y,Y,A,01,0,1,0,0,0,0,0,0,0,"- ","- ",38.294269561767578,-122.43087005615234,SONOMA,UNINCORPORATED,-122.43022918701172,38.294700622558594
92039433,2023,2023-04-07,9360,2023-03-27,1530,020803,,1,2,9,4900,0,1,3,,1,037,SR-116,"MAYS CANYON RD",305.00,N,N,A,-,Y,SON,,116," "," ",14.910,H,,R,Y,3,0,2,2,A,-,05,21460,A,N,A,C,A,A,H,-,A,D,0,,,,,Y,,A,01,0,2,0,0,0,0,0,0,0,"- ","- ",38.486740112304688,-122.96227264404297,SONOMA,UNINCORPORATED,-122.96224212646484,38.486747741699219
92040347,2023,2023-04-10,9360,2023-03-24,1830,023271,,5,2,6,4905,0,1,2,,2,040,"US-101 SB","STEELE LN",665.00,S,N,A,-,Y,SON,,101," "," ",21.623,H,,L,Y,4,0,3,2,A,-,03,22350,,N,C,C,A,A,H,-,A,A,0,,,,,Y,,A,01,0,0,3,0,0,0,0,0,0,"- ","- ",38.458080291748047,-122.72624969482422,SONOMA,"SANTA ROSA",-122.72621917724609,38.458080291748047
92043112,2023,2023-04-12,9360,2023-04-02,1800,020731,,7,2,9,4900,0,3,5,,2,005,"BARNETT VALLEY ROAD","LYNN ROAD",678.00,E,N,B,-,N,,,,,,,,,,Y,2,0,3,1,C,-,18,,,N,E,I,A,A,H,-,A,D,0,,,,,Y,,-,"- ",2,1,0,0,0,0,0,0,0,"- ","- ",38.367679595947266,-122.86000061035156,SONOMA,UNINCORPORATED,-122.85987091064453,38.367599487304688
92046214,2023,2023-04-17,9360,2023-04-02,1645,017761,,7,2,9,4900,0,3,5,,2,002,"RIVER ROAD","CEDAR LN",720.00,N,N,B,-,N,,,,,,,,,,Y,2,0,1,1,A,-,01,23152,A,N,E,I,A,A,H,-,A,D,0,,,,,Y,Y,A,01,1,0,0,0,0,0,0,0,0,"- ","- ",38.776199340820312,-122.97583770751953,SONOMA,UNINCORPORATED,-122.97572326660156,38.776153564453125
92046561,2023,2023-04-17,9360,2023-04-08,1306,020266,,6,1,9,4900,0,3,5,,2,003,"DYER AVE","GRATON ROAD",55.00,S,N,A,-,N,,,,,,,,,,Y,4,0,1,1,A,-,01,23152,A,N,E,I,A,A,H,-,A,D,0,,,,,Y,Y,A,07,0,0,1,0,0,0,0,0,0,"- ","- ",38.435970306396484,-122.87644958496094,SONOMA,UNINCORPORATED,-122.87645721435547,38.435997009277344
92047720,2023,2023-04-18,9360,2023-04-10,1700,020731,,1,2,9,4900,0,3,5,,2,003,"WILLOWSIDE ROAD","GUERNEVILLE ROAD",2640.00,S,N,A,-,N,,,,,,,,,,N,2,0,1,1,A,-,03,22350,,N,E,J,A,A,H,-,A,D,0,,,Y,,Y,,C,02,1,0,0,0,0,0,0,0,1,"- ","- ",38.444950103759766,-122.80686187744141,SONOMA,UNINCORPORATED,-122.80673980712891,38.445289611816406
92049204,2023,2023-04-20,9360,2023-04-11,1705,020285,,2,2,9,4900,0,3,5,,2,003,"WESTSIDE RD","MANGINI RD",1584.00,N,N,A,-,N,,,,,,,,,,Y,2,0,1,1,A,-,01,23152,A,N,E,I,A,A,H,-,A,D,0,,,,,Y,Y,A,01,1,0,0,0,0,0,0,0,0,"- ","- ",38.569499969482422,-122.87399291992188,SONOMA,UNINCORPORATED,,
92050319,2023,2023-04-21,9350,2023-04-19,2310,021686,,3,3,9,4900,0,1,3,,2,137,"SR-37 EASTBOUND","LAKEVILLE HIGHWAY",1500.00,E,N,A,-,Y,SON,,37," "," ",2.347,H,,R,Y,3,0,2,1,A,-,08,22107,,N,F,A,A,A,H,-,D,D,0,,,,,Y,,A,01,0,2,0,0,0,0,0,0,0,"- ","- ",38.136608123779297,-122.47209930419922,SONOMA,UNINCORPORATED,-122.47206115722656,38.136569976806641
92051630,2023,2023-04-24,9360,2023-04-14,2130,022370,,5,2,9,4900,0,2,4,,1,024,"CALISTOGA RD","ALPINE RD",3720.00,N,N,A,-,N,,,,,,,,,,Y,2,0,2,1,A,-,08,22107,,N,E,8,A,A,H,-,D,D,0,,,,,Y,,A,01,2,0,0,0,0,0,0,0,0,"- ","- ",38.528659820556641,-122.65202331542969,SONOMA,UNINCORPORATED,-122.65210723876953,38.528457641601562