CASE_ID,ACCIDENT_YEAR,PROC_DATE,JURIS,COLLISION_DATE,COLLISION_TIME,OFFICER_ID,REPORTING_DISTRICT,DAY_OF_WEEK,CHP_SHIFT,POPULATION,CNTY_CITY_LOC,SPECIAL_COND,BEAT_TYPE,CHP_BEAT_TYPE,CITY_DIVISION_LAPD,CHP_BEAT_CLASS,BEAT_NUMBER,PRIMARY_RD,SECONDARY_RD,DISTANCE,DIRECTION,INTERSECTION,WEATHER_1,WEATHER_2,STATE_HWY_IND,CALTRANS_COUNTY,CALTRANS_DISTRICT,STATE_ROUTE,ROUTE_SUFFIX,POSTMILE_PREFIX,POSTMILE,LOCATION_TYPE,RAMP_INTERSECTION,SIDE_OF_HWY,TOW_AWAY,COLLISION_SEVERITY,NUMBER_KILLED,NUMBER_INJURED,PARTY_COUNT,PRIMARY_COLL_FACTOR,PCF_CODE_OF_VIOL,PCF_VIOL_CATEGORY,PCF_VIOLATION,PCF_VIOL_SUBSECTION,HIT_AND_RUN,TYPE_OF_COLLISION,MVIW,PED_ACTION,ROAD_SURFACE,ROAD_COND_1,ROAD_COND_2,LIGHTING,CONTROL_DEVICE,CHP_ROAD_TYPE,PEDESTRIAN_ACCIDENT,BICYCLE_ACCIDENT,MOTORCYCLE_ACCIDENT,TRUCK_ACCIDENT,NOT_PRIVATE_PROPERTY,ALCOHOL_INVOLVED,STWD_VEHTYPE_AT_FAULT,CHP_VEHTYPE_AT_FAULT,COUNT_SEVERE_INJ,COUNT_VISIBLE_INJ,COUNT_COMPLAINT_PAIN,COUNT_PED_KILLED,COUNT_PED_INJURED,COUNT_BICYCLIST_KILLED,COUNT_BICYCLIST_INJURED,COUNT_MC_KILLED,COUNT_MC_INJURED,PRIMARY_RAMP,SECONDARY_RAMP,LATITUDE,LONGITUDE,COUNTY,CITY,POINT_X,POINT_Y
9282115,2021,2021-07-15,4904,2021-06-14,0117,1040546,CENTR,1,5,4,4904,0,0,0,,0,,"GOLF COURSE DR","ROBERTS LAKE RD",250.00,E,N,A,-,N,,,,,,,,,,N,4,0,1,1,A,-,03,22350,,N,E,I,A,A,H,-,C,A,0,,,,,Y,,A,01,0,0,1,0,0,0,0,0,0,"- ","- ",38.363430023193359,-122.71060943603516,SONOMA,"ROHNERT PARK",-122.70973968505859,38.363357543945312
9282116,2021,2021-07-15,4904,2021-06-12,0040,1040546,,6,5,4,4904,0,0,0,,0,003,"ADRIAN DR","BRUCE AV",291.00,S,N,A,-,N,,,,,,,,,,N,4,0,1,3,A,-,01,23152,F,N,C,E,A,A,H,-,C,A,0,,,,,Y,,A,01,0,0,1,0,0,0,0,0,0,"- ","- ",38.332618713378906,-122.70246124267578,SONOMA,"ROHNERT PARK",-122.70153045654297,38.332275390625
9282253,2021,2021-07-13,4904,2021-06-02,1112,1040528,,3,5,4,4904,0,0,0,,0,,"ROHNERT PARK EXPWY","STATE FARM DR",0.00,,Y,A,-,N,,,,,,,,,,,4,0,2,3,A,-,04,21703,,N,C,C,A,A,H,-,A,A,0,,,,Y,Y,,F,26,0,0,2,0,0,0,0,0,0,"- ","- ",38.348400115966797,-122.70603942871094,SONOMA,"ROHNERT PARK",-122.70600891113281,38.348369598388672
9287083,2021,2021-09-08,4904,2021-07-23,2112,1040546,,5,5,4,4904,0,0,0,,0,,"ROHNERT PARK EXPWY","LABATH AV",112.00,E,N,A,-,N,,,,,,,,,,Y,4,0,1,2,A,-,08,22107,,N,D,G,A,A,H,-,C,A,0,,Y,,,Y,Y,L,04,0,0,1,0,0,0,1,0,0,"- ","- ",38.349220275878906,-122.27211761474609,SONOMA,"ROHNERT PARK",-122.72080993652344,38.348930358886719
9288517,2021,2021-08-24,4904,2021-06-17,0557,1040544,CENTR,4,5,4,4904,0,0,0,,0,002,"SEED FARM DR","SANTA ALICIA DR",405.00,N,N,A,-,N,,,,,,,,,,N,3,0,1,4,A,-,01,23152,A,N,C,E,A,A,H,-,A,A,0,,,,,Y,Y,A,01,0,1,0,0,0,0,0,0,0,"- ","- ",38.342861175537109,-122.69854736328125,SONOMA,"ROHNERT PARK",-122.69916534423828,38.343784332275391
9291991,2021,2021-07-28,4907,2021-06-23,1434,1102267,,3,5,2,4907,0,0,0,,0,SO1,"NAPA ST","5TH ST WEST",76.00,E,N,A,-,Y,SON,4,12,-,-,37.040,H,-,W,Y,4,0,1,2,A,-,08,22107,,N,B,C,A,A,H,-,A,A,0,,,,,Y,,D,22,0,0,1,0,0,0,0,0,0,"- ","- ",38.292919158935547,-122.46804809570312,SONOMA,SONOMA,-122.46721649169922,38.292850494384766
9297222,2021,2021-08-23,4905,2021-04-27,1736,1060562,,2,5,6,4905,0,0,0,,0,004,"FOUNTAINGROVE PKWY","BOULDER POINT PL",396.00,S,N,A,-,N,,,,,,,,,,Y,2,0,1,1,A,-,03,22350,,N,H,I,A,A,H,-,A,D,0,,,Y,,Y,,C,02,1,0,0,0,0,0,0,0,1,"- ","- ",38.486011505126953,-122.69254302978516,SONOMA,"SANTA ROSA",-122.69188690185547,38.485042572021484
9297376,2021,2021-08-30,4905,2021-05-24,1531,1060548,,1,5,6,4905,0,0,0,,0,006,"RT 12","MISSION BL",0.00,,Y,A,-,Y,SON,4,12,-,-,18.790,H,-,E,Y,4,0,1,2,A,-,01,23152,,N,C,C,A,A,H,-,A,A,0,,,,,Y,Y,D,22,0,0,1,0,0,0,0,0,0,"- ","- ",38.458728790283203,-122.67436981201172,SONOMA,"SANTA ROSA",-122.67411041259766,38.458740234375
9297403,2021,2021-08-12,4905,2021-04-14,1000,1060337,,3,5,6,4905,0,0,0,,0,003,"GUERNEVILLE RD","RIDLEY AV",0.00,,Y,A,-,N,,,,,,,,,,Y,4,0,1,2,A,-,12,21453,A,M,D,C,A,A,H,-,A,A,0,,,,,Y,Y,D,22,0,0,1,0,0,0,0,0,0,"- ","- ",38.452590942382812,-122.74623870849609,SONOMA,"SANTA ROSA",-122.74626159667969,38.452552795410156
9297439,2021,2021-08-23,4905,2021-04-29,1620,1060383,,4,5,6,4905,0,0,0,,0,009,"NORTH DUTTON AV","WEST 9TH ST",0.00,,Y,A,-,N,,,,,,,,,,Y,4,0,1,3,A,-,09,21801,A,N,D,C,A,A,H,-,A,A,0,,,,,Y,,-,,0,0,1,0,0,0,0,0,0,"- ","- ",38.441608428955078,-122.72895812988281,SONOMA,"SANTA ROSA",-122.72898101806641,38.441608428955078
9297594,2021,2021-08-06,4905,2021-05-28,1610,1060383,,5,5,6,4905,0,0,0,,0,005,"STONY POINT RD","RT 12",400.00,S,Y,A,-,N,,,,,,,,,,N,4,0,1,3,A,-,03,22350,,F,C,C,A,A,H,-,A,A,0,,,,,Y,,-,"- ",0,0,1,0,0,0,0,0,0,"- ",EO,38.429008483886719,-122.74109649658203,SONOMA,"SANTA ROSA",-122.74169158935547,38.429595947265625
9297595,2021,2021-08-06,4905,2021-05-16,1713,1060507,,7,5,6,4905,0,0,0,,0,10608,"HEARN AV","DUTTON MEADOW",50.00,W,N,A,-,N,,,,,,,,,,Y,4,0,1,2,A,-,01,23152,A,N,C,C,A,A,H,-,A,D,0,,,,,Y,Y,-,,0,0,1,0,0,0,0,0,0,"- ","- ",38.415180206298828,-122.71351623535156,SONOMA,"SANTA ROSA",-122.72946166992188,38.414241790771484
9297721,2021,2021-08-11,4905,2021-05-04,0000,1060323,,2,5,6,4905,0,0,0,,0,,"COFFEY LN","WEST STEELE LN",0.00,,Y,A,-,N,,,,,,,,,,N,4,0,2,2,A,-,09,21801,A,N,D,C,A,A,H,-,A,A,0,,,,,Y,,A,81,0,0,2,0,0,0,0,0,0,"- ","- ",,,SONOMA,"SANTA ROSA",-122.74028778076172,38.459968566894531
9297780,2021,2021-10-19,4905,2021-07-08,1610,570,4905,4,5,6,4905,0,0,0,,0,009,"COLLEGE AV","MENDOCINO AV",300.00,E,N,A,-,N,,,,,,,,,,Y,4,0,2,3,A,-,03,22350,,N,A,C,A,A,H,-,A,D,0,,,,,Y,,A,01,0,0,2,0,0,0,0,0,0,"- ","- ",,,SONOMA,"SANTA ROSA",-122.71668243408203,38.445640563964844
9298171,2021,2021-08-13,4905,2021-06-29,1315,1068925,,2,5,6,4905,0,0,0,,0,005,"SEABASTOPOL RD","SENDERO LN",264.00,W,N,A,-,N,,,,,,,,,,Y,4,0,2,2,A,-,09,21804,A,N,D,C,A,A,H,-,A,D,0,,,,,Y,,A,01,0,0,2,0,0,0,0,0,0,"- ","- ",38.427299499511719,-122.73989105224609,SONOMA,"SANTA ROSA",-122.739885,38.427101
9298698,2021,2021-08-13,4908,2021-07-28,1220,3572,3,3,5,5,4908,0,0,0,,0,002,"2ND ST","E ST",0.00,,Y,A,-,N,,,,,,,,,,N,4,0,2,2,A,-,12,22450,A,N,A,C,A,A,H,-,A,C,0,,,,,Y,,A,01,0,0,2,0,0,0,0,0,0,"- ","- ",38.232730865478516,-122.63533782958984,SONOMA,PETALUMA,-122.63533782958984,38.232711791992188
9300894,2021,2021-08-27,4908,2021-07-14,1220,3341,6,3,5,5,4908,0,0,0,,0,003,"EAST WASHINGTON ST","RT 101",0.00,,Y,A,-,Y,SON,4,101,-,-,4.843,R,4,S,Y,4,0,2,2,A,-,12,21453,A,N,D,C,A,A,H,-,A,A,0,,,,,Y,,A,01,0,0,2,0,0,0,0,0,0,"- ",SF,38.245540618896484,-122.62931823730469,SONOMA,PETALUMA,-122.62909698486328,38.247463226318359
9300897,2021,2021-08-19,4908,2021-07-23,1409,2754,3,5,5,5,4908,0,0,0,,0,002,"2ND ST","E ST",0.00,,Y,A,-,N,,,,,,,,,,Y,3,0,1,2,A,-,09,21802,A,N,D,C,A,A,H,-,A,A,0,,,,,Y,,A,01,0,1,0,0,0,0,0,0,0,"- ","- ",38.232730865478516,-122.63533782958984,SONOMA,PETALUMA,-122.63533782958984,38.232711791992188
9300996,2021,2021-08-16,4908,2021-07-21,1200,3572,2,3,5,5,4908,0,0,0,,0,002,"EAST WASHINGTON ST","VALLEJO ST",157.00,E,N,A,-,N,,,,,,,,,,Y,4,0,2,2,A,-,21,22106,,N,D,C,A,A,H,-,A,D,0,,,,,Y,,A,01,0,0,2,0,0,0,0,0,0,"- ","- ",38.241031646728516,-122.6334228515625,SONOMA,PETALUMA,-122.63312530517578,38.241378784179688
9301073,2021,2021-08-12,4905,2021-04-05,1727,1060398,,1,5,6,4905,0,0,0,,0,003,"PINER RD","WALTZER RD",0.00,,Y,A,-,N,,,,,,,,,,Y,4,0,2,2,A,-,03,22350,,N,D,C,A,A,-,-,A,A,0,,,,,Y,,A,01,0,0,2,0,0,0,0,0,0,"- ","- ",38.467140197753906,-122.75627899169922,SONOMA,"SANTA ROSA",-122.75627899169922,38.467144012451172
9301099,2021,2021-08-16,4905,2021-06-03,2240,383,4905,4,5,6,4905,0,0,0,,0,005,"RT 12","FULTON RD",0.00,,Y,A,-,Y,SON,4,12,-,R,12.940,I,5,W,N,4,0,1,2,A,-,11,21453,D,N,G,B,B,A,H,-,C,A,0,Y,,,,Y,Y,N,60,0,0,1,0,1,0,0,0,0,"- ","- ",,,SONOMA,"SANTA ROSA",-122.76921844482422,38.427680969238281
9301113,2021,2021-08-16,4905,2021-07-12,0043,1060484,,1,5,6,4905,0,0,0,,0,006,"RT 12","MIDDLE RINCON RD",390.00,W,N,-,-,Y,SON,4,12,-,-,19.360,H,-,E,Y,3,0,1,1,A,-,08,22107,,N,E,I,A,-,H,-,-,D,0,,,,,Y,,-,,0,1,0,0,0,0,0,0,0,"- ","- ",38.462261199951172,-122.66896057128906,SONOMA,"SANTA ROSA",-122.66574859619141,38.463596343994141
9303376,2021,2022-02-18,4905,2021-06-29,2345,1060494,,2,5,6,4905,0,0,0,,0,001,"STATE FARM DR","RANGE AV",0.00,,Y,A,-,N,,,,,,,,,,N,3,0,1,4,A,-,01,23152,,N,C,E,A,A,H,-,C,D,0,,,,,Y,Y,A,01,0,1,0,0,0,0,0,0,0,"- ","- ",38.466239929199219,-122.73264312744141,SONOMA,"SANTA ROSA",-122.73265075683594,38.466243743896484
9312711,2021,2021-09-13,4904,2021-07-17,1519,1040573,,6,5,4,4904,0,0,0,,0,003,"SOUTHWEST BL","NO NAME ST",378.00,W,N,A,-,N,,,,,,,,,,Y,2,0,1,2,A,-,08,22107,,F,D,C,A,A,H,-,A,D,0,,,Y,Y,Y,,F,26,1,0,0,0,0,0,0,0,0,"- ","- ",38.335838317871094,-122.70938110351562,SONOMA,"ROHNERT PARK",-122.71073150634766,38.336009979248047
9313047,2021,2021-09-30,4904,2021-08-02,1814,1040573,4904,1,5,4,4904,0,0,0,,0,003,"SOUTHWEST BL","ADRIAN DR",0.00,,Y,A,-,N,,,,,,,,,,N,4,0,1,2,A,-,12,22450,A,N,D,C,A,A,H,-,A,A,0,,,,,Y,,A,01,0,0,1,0,0,0,0,0,0,"- ","- ",38.335880279541016,-122.70516967773438,SONOMA,"ROHNERT PARK",-122.70516967773438,38.336074829101562
9314312,2021,2021-09-07,4905,2021-04-14,2051,1060422,,3,5,6,4905,0,0,0,,0,004,"RT 12","BOAS DR",0.00,,Y,A,-,Y,SON,4,12,-,-,19.830,I,5,W,Y,4,0,2,2,A,-,09,21802,A,N,D,C,A,A,H,-,C,A,0,,,,,Y,,A,01,0,0,2,0,0,0,0,0,0,"- ","- ",38.465049743652344,-122.65782928466797,SONOMA,"SANTA ROSA",-122.65784454345703,38.465057373046875
9314317,2021,2021-08-28,4905,2021-04-03,2157,1060473,,6,5,6,4905,0,0,0,,0,002,"13TH ST","MONROE ST",190.00,E,N,-,-,N,,,,,,,,,,N,4,0,1,3,A,-,22,23123,A,N,A,E,A,A,-,-,C,D,0,,,,,Y,Y,A,01,0,0,1,0,0,0,0,0,0,"- ","- ",38.447048187255859,-122.70628356933594,SONOMA,"SANTA ROSA",-122.70478057861328,38.447250366210938
9315126,2021,2021-09-01,4904,2021-06-24,1618,1040528,,4,5,4,4904,0,0,0,,0,,"COMMERCE BL","ROHNERT PARK EXPWY",440.00,N,N,A,-,N,,,,,,,,,,N,4,0,1,2,A,-,09,21804,A,N,D,C,A,A,H,-,A,D,0,,,,,Y,,A,07,0,0,1,0,0,0,0,0,0,"- ","- ",38.34844970703125,-122.70960998535156,SONOMA,"ROHNERT PARK",-122.70961761474609,38.349739074707031
93243600,2024,2024-08-01,9350,2024-07-07,1325,022577,,7,1,9,4900,0,1,3,,2,237,"SR-37 EASTBOUND","NOBLE ROAD",11.50,W,N,A,-,Y,SON,,37," "," ",5.414,H,,R,Y,2,0,1,2,A,-,06,21755,A,N,D,C,A,A,H,-,A,D,0,,,Y,,Y,,C,02,1,0,0,0,0,0,0,0,1,"- ","- ",38.154758453369141,-122.42220306396484,SONOMA,UNINCORPORATED,-122.42221069335938,38.154827117919922
9326070,2021,2021-10-22,4904,2021-09-20,1826,1040525,4904,1,5,4,4904,0,0,0,,0,002,"ROHNERT PARK EXPWY","RT 101 S",0.00,,Y,A,-,N,,,101,,,,,,,N,4,0,1,2,A,-,04,21703,,N,C,C,A,A,H,-,A,A,0,,,,,Y,,A,01,0,0,1,0,0,0,0,0,0,"- ","- ",38.348419189453125,-122.71320343017578,SONOMA,"ROHNERT PARK",-122.71318054199219,38.348419189453125
9339336,2021,2021-12-10,4908,2021-10-05,2006,2932,2,2,5,5,4908,0,0,0,,0,002,"WASHINGTON ST","KELLER ST",0.00,,Y,A,-,N,,,,,,,,,,Y,4,0,1,2,A,-,08,22107,,N,D,C,A,A,H,-,C,D,0,,,,,Y,Y,I,20,0,0,1,0,0,0,0,0,0,"- ","- ",38.235141754150391,-122.64292907714844,SONOMA,PETALUMA,-122.64298248291016,38.235176086425781
9342949,2021,2021-11-03,4904,2021-09-07,0808,1040350,,2,5,4,4904,0,0,0,,0,,"GOLF COURSE DR","COMMERCE BL",59.00,E,N,A,-,N,,,,,,,,,,N,4,0,1,2,A,-,21,22106,,N,C,C,A,A,H,-,A,A,0,,,,,Y,,A,01,0,0,1,0,0,0,0,0,0,"- ","- ",38.363300323486328,-122.71208953857422,SONOMA,"ROHNERT PARK",-122.71188354492188,38.363231658935547
9346779,2021,2021-11-04,4908,2021-09-02,1748,2932,3,4,5,5,4908,0,0,0,,0,002,"PETALUMA BL SOUTH","CRYSTAL LN",70.00,W,N,A,-,N,,,,,,,,,,Y,3,0,1,1,A,-,03,22350,,N,E,I,A,A,H,-,A,A,0,,,Y,,Y,,C,02,0,1,0,0,0,0,0,0,1,"- ","- ",38.227428436279297,-122.61798858642578,SONOMA,PETALUMA,-122.61813354492188,38.227310180664062
9350017,2021,2021-11-30,4900,2021-09-14,1557,1101496,,2,5,3,4980,0,0,0,,0,WI1,"FIREWEED CT","LAKEWOOD DR",0.00,,Y,A,-,N,,,,,,,,,,Y,3,0,2,1,A,-,08,22107,,N,A,I,A,A,H,-,A,D,0,,,,,Y,,A,01,0,1,1,0,0,0,0,0,0,"- ","- ",38.549339294433594,-122.80046844482422,SONOMA,WINDSOR,-122.80048370361328,38.549350738525391
9351907,2021,2021-11-19,4905,2021-08-25,1540,1068911,,3,5,6,4905,0,0,0,,0,003,"RIDLEY AV","GUERNEVILLE RD",50.00,W,N,A,-,N,,,,,,,,,,Y,3,0,3,3,A,-,03,22350,,N,C,C,A,A,H,-,A,A,0,,,,,Y,,D,22,0,1,2,0,0,0,0,0,0,"- ","- ",38.453090667724609,-122.74653625488281,SONOMA,"SANTA ROSA",-122.74626159667969,38.452548980712891
9353844,2021,2021-11-12,4907,2021-10-19,1000,1102267,,2,5,2,4907,0,0,0,,0,SO1,"WEST SPAIN ST","3RD ST W",5.00,E,N,A,-,N,,,,,,,,,,N,3,0,1,2,A,-,10,21950,A,N,G,B,B,A,H,-,A,A,0,Y,,,,Y,,A,07,0,1,0,0,1,0,0,0,0,"- ","- ",38.294258117675781,-122.46315002441406,SONOMA,SONOMA,-122.46314239501953,38.294246673583984
9354735,2021,2021-11-10,4904,2021-10-08,1227,1040556,4904,5,5,4,4904,0,0,0,,0,003,"CAMINO COLEGIO","MAPLE DR",300.00,S,N,A,-,N,,,,,,,,,,Y,3,0,1,3,A,-,08,22107,,N,C,E,A,A,H,-,A,D,0,,,,,Y,,A,01,0,1,0,0,0,0,0,0,0,"- ","- ",,,SONOMA,"ROHNERT PARK",-122.68480682373047,38.325740814208984
9354772,2021,2021-11-03,4904,2021-09-27,1032,1040525,4904,1,5,4,4904,0,0,0,,0,002,"COMMERCE BL","COMMERCE BL 6255",10.00,W,N,A,-,N,,,,,,,,,,N,4,0,1,2,A,-,10,21950,A,N,H,G,A,A,H,-,A,D,0,,Y,,,Y,,A,01,0,0,1,0,0,0,1,0,0,"- ","- ",,,SONOMA,"ROHNERT PARK",,
9355011,2021,2021-11-04,4904,2021-07-04,2131,140483,,7,5,4,4904,0,0,0,,0,,"GOLF COURSE DR","HACIENDA WY",0.00,,Y,A,-,N,,,,,,,,,,Y,4,0,1,2,A,-,03,22350,,N,B,C,A,A,H,-,C,D,0,,,,,Y,,A,01,0,0,1,0,0,0,0,0,0,"- ","- ",38.362720489501953,-122.6934814453125,SONOMA,"ROHNERT PARK",-122.69347381591797,38.362689971923828
9355383,2021,2021-12-16,4903,2021-10-08,0825,1476,2,5,5,3,4903,0,0,0,,0,,"HEALDSBURG AV","MILL ST / VINE ST",0.00,,Y,A,-,N,,,,,,,,,,N,2,0,1,2,A,-,10,21950,C,N,G,B,B,A,H,-,A,A,0,Y,,,,Y,,D,22,1,0,0,0,1,0,0,0,0,"- ","- ",38.611728668212891,-122.87077331542969,SONOMA,HEALDSBURG,-122.87004852294922,38.608169555664062
9355909,2021,2021-11-10,4908,2021-10-05,1610,3383,15,2,5,5,4908,0,0,0,,0,001,"LAKEVILLE HWY","PINE VIEW WY",0.00,,Y,A,-,Y,SON,4,116,-,-,36.920,I,5,E,Y,4,0,2,2,A,-,09,21802,A,N,D,C,A,A,H,-,A,A,0,,,,,Y,,A,01,0,0,2,0,0,0,0,0,0,"- ","- ",38.231239318847656,-122.58432006835938,SONOMA,PETALUMA,-122.5849609375,38.231662750244141
93589300,2024,2024-08-05,9360,2024-07-21,1620,020961,,7,2,2,4907,0,1,2,,1,060,"US-101 S/B","KASTANIA RD",10560.00,S,N,A,-,Y,SON,,101," ",R,0.612,H,,L,Y,4,0,1,4,A,-,03,22350,,N,C,C,A,A,H,-,A,D,0,,,,,Y,,A,07,0,0,1,0,0,0,0,0,0,"- ","- ",38.193031311035156,-122.60070037841797,SONOMA,SONOMA,-122.60062408447266,38.193016052246094
9358983,2021,2021-12-28,4905,2021-07-09,0000,1060526,,5,5,6,4905,0,0,0,,0,10607,"SEBASTOPOL RD","KENMORE LN",245.00,W,N,A,-,N,,,,,,,,,,Y,2,0,1,2,A,-,03,22350,,N,D,C,A,A,H,-,A,D,0,,,Y,Y,Y,Y,C,02,1,0,0,0,0,0,0,0,1,"- ","- ",38.426849365234375,-122.74131774902344,SONOMA,"SANTA ROSA",-122.74395751953125,38.426677703857422
9358991,2021,2021-11-22,4905,2021-10-25,0000,1060513,,1,5,6,4905,0,0,0,,0,10609,"MORGAN ST","6TH ST",0.00,,Y,A,-,N,,,,,,,,,,Y,4,0,1,2,A,-,12,21453,A,M,D,C,A,B,H,-,A,A,0,,,,,Y,,D,22,0,0,1,0,0,0,0,0,0,"- ","- ",38.439929962158203,-122.71938323974609,SONOMA,"SANTA ROSA",-122.71939849853516,38.439891815185547
9360818,2021,2021-11-22,4908,2021-10-19,1021,3557,14,2,5,5,4908,0,0,0,,0,001,"ADOBE CREEK DR","CLUB HOUSE DR",300.00,W,N,A,-,N,,,,,,,,,,N,3,0,1,1,B,-,22,,,N,E,J,A,A,H,-,A,D,0,,,,,Y,,A,01,0,1,0,0,0,0,0,0,0,"- ","- ",38.245071411132812,-122.58616638183594,SONOMA,PETALUMA,-122.58673095703125,38.244430541992188
9361397,2021,2021-12-01,4908,2021-10-22,0839,3367,15,5,5,5,4908,0,0,0,,0,001,"SOUTH MCDOWELL BL","CASA GRANDE RD",0.00,,Y,B,C,N,,,,,,,,,,N,4,0,1,2,A,-,21,22106,,N,D,C,A,B,H,-,A,A,0,,,,,Y,,A,01,0,0,1,0,0,0,0,0,0,"- ","- ",,,SONOMA,PETALUMA,-122.60254669189453,38.236087799072266
9361507,2021,2021-11-16,4908,2021-10-23,1538,3367,12,6,5,5,4908,0,0,0,,0,001,"GARFIELD DR","WILLOW DR",227.00,S,N,B,C,N,,,,,,,,,,N,4,0,1,2,A,-,05,21650,,N,A,C,A,B,H,-,A,D,0,,,,,Y,,A,07,0,0,1,0,0,0,0,0,0,"- ","- ",38.256931304931641,-122.61216735839844,SONOMA,PETALUMA,-122.61122131347656,38.257171630859375
9361508,2021,2022-01-11,4908,2021-10-15,1646,3383,4,5,5,5,4908,0,0,0,,0,002,"D ST","MICHELLE LN",59.00,W,N,A,-,N,,,,,,,,,,Y,3,0,2,2,A,-,09,21804,A,F,D,C,A,A,H,-,A,D,0,,,,,Y,,A,01,0,2,0,0,0,0,0,0,0,"- ","- ",,,SONOMA,PETALUMA,-122.64300537109375,38.2218017578125
9361547,2021,2021-11-19,4905,2021-10-30,0159,1060570,,6,5,6,4905,0,0,0,,0,006,"MONTGOMERY DR","FARMERS LN",10.00,W,N,A,-,N,,,,,,,,,,Y,4,0,1,1,A,-,01,23152,A,N,A,I,A,A,H,-,C,A,0,,,,,Y,Y,A,01,0,0,1,0,0,0,0,0,0,"- ","- ",38.446739196777344,-122.68830108642578,SONOMA,"SANTA ROSA",-122.68807220458984,38.446529388427734
9364026,2021,2021-12-29,4903,2021-11-13,0216,1768,,6,5,3,4903,0,0,0,,0,00R,"HEALDSBURG AV","EXCHANGE AV",225.00,N,N,A,-,N,,,,,,,,,,N,3,0,2,1,A,-,03,22350,,N,E,I,A,A,H,-,C,A,0,,,,,Y,Y,A,01,0,1,1,0,0,0,0,0,0,"- ","- ",38.605678558349609,-122.86904907226562,SONOMA,HEALDSBURG,-122.86886596679688,38.605602264404297
9366371,2021,2021-11-23,4905,2021-08-27,2123,1060473,,5,5,6,4905,0,0,0,,0,006,"SONOMA AV","BROOKWOOD AV",15.00,W,N,B,-,N,,,,,,,,,,Y,4,0,1,2,A,-,01,23152,A,N,C,C,A,A,H,-,C,A,0,,,,,Y,,-,,0,0,1,0,0,0,0,0,0,"- ","- ",38.440361022949219,-122.70281982421875,SONOMA,"SANTA ROSA",-122.702880859375,38.44036865234375
9366372,2021,2021-11-23,4905,2021-08-24,1821,1060494,,2,5,6,4905,0,0,0,,0,001,"CLEVELAND AV","COLLEGE AV",15.00,S,N,A,-,N,,,,,,,,,,Y,4,0,1,2,A,-,01,23152,,F,H,C,A,A,H,-,A,A,0,,,,,Y,Y,A,07,0,0,1,0,0,0,0,0,0,"- ","- ",38.450248718261719,-122.72647094726562,SONOMA,"SANTA ROSA",-122.72663116455078,38.445850372314453
9366373,2021,2021-11-23,4905,2021-08-21,2249,1060558,,6,5,6,4905,0,0,0,,0,007,"TIMOTHY RD","SEBASTOPOL RD",700.00,S,N,A,-,N,,,,,,,,,,N,4,0,1,2,A,-,03,22350,,M,A,B,E,A,H,-,D,A,0,Y,,,,Y,,A,01,0,0,1,0,1,0,0,0,0,"- ","- ",38.431289672851562,-122.722412109375,SONOMA,"SANTA ROSA",-122.72226715087891,38.429374694824219
9366693,2021,2022-01-14,4907,2021-12-09,1740,1102768,,4,5,2,4907,0,0,0,,0,SO1,"3RD ST W","SPAIN ST",0.00,,Y,A,-,N,,,,,,,,,,N,2,0,1,2,A,-,10,21950,A,N,G,B,B,A,H,-,D,D,0,Y,,,,Y,,-,,1,0,0,0,1,0,0,0,0,"- ","- ",38.294258117675781,-122.46315002441406,SONOMA,SONOMA,-122.46316528320312,38.294254302978516
9367030,2021,2021-11-16,4905,2021-09-15,2020,585,,3,5,6,4905,0,0,0,,0,008,"PETALUMA HILL RD","BREEZE WY",0.00,,Y,A,-,N,,,,,,,,,,N,3,0,1,2,A,-,09,21802,A,N,D,G,A,A,H,-,C,A,0,,Y,,,Y,,-,,0,1,0,0,0,0,1,0,0,"- ","- ",,,SONOMA,"SANTA ROSA",-122.7060546875,38.421028137207031
9367140,2021,2021-12-07,4908,2021-10-22,1221,3383,15,5,5,5,4908,0,0,0,,0,001,"LAKEVILLE HWY","PINE VIEW WY",0.00,,Y,A,-,Y,SON,4,116,-,-,36.920,I,5,E,Y,4,0,2,2,A,-,09,21802,A,N,D,C,A,A,H,-,A,A,0,,,,,Y,,A,07,0,0,2,0,0,0,0,0,0,"- ","- ",38.231239318847656,-122.58432006835938,SONOMA,PETALUMA,-122.5849609375,38.231662750244141
93692467,2024,2024-08-06,9325,2024-07-29,"700 ",017538,,1,1,9,4900,0,2,4,,1,055,"NAPA RD.","ARROWHEAD MOUNTAIN RD.",120.00,W,N,A,-,Y,,,,,,,,,,Y,4,0,1,1,A,-,08,22107,,N,F,J,A,A,H,-,A,D,0,,,,,Y,,A,01,0,0,1,0,0,0,0,0,0,"- ","- ",38.261688232421875,-122.39890289306641,SONOMA,UNINCORPORATED,-122.39958953857422,38.261928558349609
93706789,2024,2024-08-06,9360,2024-07-27,1420,023359,,6,2,9,4900,0,2,4,,1,034,SR-116,"GRATON ROAD",25.00,N,N,A,-,N,,,,,,,,,,N,4,0,2,2,A,-,03,22350,,N,C,C,A,A,H,-,A,A,0,,,,,Y,,A,01,0,0,2,0,0,0,0,0,0,"- ","- ",38.437191009521484,-122.85784912109375,SONOMA,UNINCORPORATED,-122.85768127441406,38.437030792236328